timestamp,index,memory_used_mib,gpu_utilization_pct,memory_utilization_pct,power_draw_w
2026/09/15 01:24:15.499, 0, 0, 0, 0, 167.11
2026/09/15 01:24:15.536, 1, 0, 0, 0, 164.69
2026/09/15 01:24:15.544, 2, 0, 0, 0, 155.43
2026/09/15 01:24:15.550, 3, 0, 0, 0, 169.29
2026/09/15 01:24:16.556, 0, 0, 0, 0, 167.10
2026/09/15 01:24:16.560, 1, 0, 0, 0, 162.21
2026/09/15 01:24:16.563, 2, 0, 0, 0, 154.40
2026/09/15 01:24:16.565, 3, 0, 0, 0, 169.29
2026/09/15 01:24:17.568, 0, 0, 0, 0, 167.11
2026/09/15 01:24:17.571, 1, 0, 0, 0, 162.21
2026/09/15 01:24:17.573, 2, 0, 0, 0, 154.39
2026/09/15 01:24:17.576, 3, 0, 0, 0, 169.29
2026/09/15 01:24:18.578, 0, 1, 0, 0, 167.11
2026/09/15 01:24:18.626, 1, 1, 0, 0, 162.22
2026/09/15 01:24:18.629, 2, 1, 0, 0, 154.37
2026/09/15 01:24:18.632, 3, 1, 0, 0, 169.29
2026/09/15 01:24:19.635, 0, 3, 0, 0, 170.16
2026/09/15 01:24:19.713, 1, 3, 0, 0, 182.50
2026/09/15 01:24:19.724, 2, 3, 0, 0, 160.80
2026/09/15 01:24:19.737, 3, 3, 0, 0, 173.62
2026/09/15 01:24:20.748, 0, 3, 0, 0, 167.11
2026/09/15 01:24:20.751, 1, 3, 0, 0, 189.43
2026/09/15 01:24:20.754, 2, 3, 0, 0, 169.76
2026/09/15 01:24:20.756, 3, 3, 0, 0, 206.69
2026/09/15 01:24:21.759, 0, 3, 0, 0, 167.11
2026/09/15 01:24:21.762, 1, 3, 0, 0, 166.08
2026/09/15 01:24:21.765, 2, 3, 0, 0, 159.97
2026/09/15 01:24:21.767, 3, 3, 0, 0, 191.76
2026/09/15 01:24:22.770, 0, 3, 0, 0, 167.11
2026/09/15 01:24:22.773, 1, 3, 0, 0, 164.41
2026/09/15 01:24:22.775, 2, 3, 0, 0, 154.36
2026/09/15 01:24:22.778, 3, 3, 0, 0, 172.00
2026/09/15 01:24:23.780, 0, 3, 0, 0, 167.11
2026/09/15 01:24:23.784, 1, 3, 0, 0, 162.22
2026/09/15 01:24:23.786, 2, 3, 0, 0, 154.37
2026/09/15 01:24:23.789, 3, 3, 0, 0, 169.74
2026/09/15 01:24:24.791, 0, 3, 0, 0, 167.11
2026/09/15 01:24:24.795, 1, 3, 0, 0, 162.22
2026/09/15 01:24:24.798, 2, 3, 0, 0, 154.38
2026/09/15 01:24:24.800, 3, 3, 0, 0, 169.29
2026/09/15 01:24:25.803, 0, 3, 0, 0, 167.11
2026/09/15 01:24:25.806, 1, 3, 0, 0, 162.22
2026/09/15 01:24:25.809, 2, 3, 0, 0, 154.37
2026/09/15 01:24:25.811, 3, 3, 0, 0, 169.29
2026/09/15 01:24:26.814, 0, 3, 0, 0, 167.11
2026/09/15 01:24:26.817, 1, 3, 0, 0, 162.21
2026/09/15 01:24:26.819, 2, 3, 0, 0, 154.39
2026/09/15 01:24:26.822, 3, 3, 0, 0, 169.29
2026/09/15 01:24:27.824, 0, 3, 0, 0, 167.11
2026/09/15 01:24:27.828, 1, 3, 0, 0, 162.22
2026/09/15 01:24:27.830, 2, 3, 0, 0, 154.37
2026/09/15 01:24:27.833, 3, 3, 0, 0, 169.29
2026/09/15 01:24:28.835, 0, 3, 0, 0, 167.11
2026/09/15 01:24:28.838, 1, 3, 0, 0, 162.22
2026/09/15 01:24:28.840, 2, 3, 0, 0, 154.37
2026/09/15 01:24:28.843, 3, 3, 0, 0, 169.29
2026/09/15 01:24:29.845, 0, 3, 0, 0, 167.11
2026/09/15 01:24:29.848, 1, 3, 0, 0, 162.21
2026/09/15 01:24:29.851, 2, 3, 0, 0, 154.36
2026/09/15 01:24:29.853, 3, 3, 0, 0, 169.29
2026/09/15 01:24:30.856, 0, 3, 0, 0, 167.11
2026/09/15 01:24:30.858, 1, 3, 0, 0, 162.21
2026/09/15 01:24:30.861, 2, 3, 0, 0, 154.36
2026/09/15 01:24:30.863, 3, 3, 0, 0, 169.29
2026/09/15 01:24:31.866, 0, 3, 0, 0, 167.11
2026/09/15 01:24:31.869, 1, 3, 0, 0, 162.22
2026/09/15 01:24:31.871, 2, 3, 0, 0, 154.37
2026/09/15 01:24:31.874, 3, 3, 0, 0, 169.29
2026/09/15 01:24:32.876, 0, 3, 0, 0, 167.11
2026/09/15 01:24:32.880, 1, 3, 0, 0, 162.21
2026/09/15 01:24:32.883, 2, 3, 0, 0, 154.36
2026/09/15 01:24:32.886, 3, 3, 0, 0, 169.29
2026/09/15 01:24:33.889, 0, 3, 0, 0, 167.10
2026/09/15 01:24:33.893, 1, 3, 0, 0, 162.19
2026/09/15 01:24:33.895, 2, 3, 0, 0, 154.13
2026/09/15 01:24:33.898, 3, 3, 0, 0, 169.28
2026/09/15 01:24:34.901, 0, 3, 0, 0, 167.11
2026/09/15 01:24:34.904, 1, 3, 0, 0, 162.17
2026/09/15 01:24:34.907, 2, 3, 0, 0, 154.36
2026/09/15 01:24:34.910, 3, 3, 0, 0, 169.29
2026/09/15 01:24:35.912, 0, 3, 0, 0, 167.11
2026/09/15 01:24:35.928, 1, 3, 0, 0, 162.15
2026/09/15 01:24:35.941, 2, 3, 0, 0, 154.36
2026/09/15 01:24:35.954, 3, 3, 0, 0, 169.29
2026/09/15 01:24:36.978, 0, 3, 0, 0, 167.11
2026/09/15 01:24:36.982, 1, 3, 0, 0, 162.41
2026/09/15 01:24:36.984, 2, 3, 0, 0, 154.37
2026/09/15 01:24:36.987, 3, 3, 0, 0, 169.29
2026/09/15 01:24:37.989, 0, 3, 0, 0, 167.10
2026/09/15 01:24:37.994, 1, 3, 0, 0, 162.10
2026/09/15 01:24:37.996, 2, 3, 0, 0, 153.43
2026/09/15 01:24:38.000, 3, 3, 0, 0, 169.26
2026/09/15 01:24:39.003, 0, 3, 0, 0, 167.10
2026/09/15 01:24:39.006, 1, 3, 0, 0, 162.20
2026/09/15 01:24:39.009, 2, 3, 0, 0, 154.36
2026/09/15 01:24:39.012, 3, 3, 0, 0, 169.29
2026/09/15 01:24:40.014, 0, 3, 0, 0, 167.11
2026/09/15 01:24:40.019, 1, 3, 0, 0, 162.19
2026/09/15 01:24:40.022, 2, 3, 0, 0, 154.36
2026/09/15 01:24:40.026, 3, 3, 0, 0, 169.29
2026/09/15 01:24:41.029, 0, 3, 0, 0, 167.04
2026/09/15 01:24:41.033, 1, 3, 0, 0, 162.19
2026/09/15 01:24:41.035, 2, 3, 0, 0, 154.36
2026/09/15 01:24:41.038, 3, 3, 0, 0, 169.29
2026/09/15 01:24:42.041, 0, 3, 0, 0, 167.11
2026/09/15 01:24:42.045, 1, 3, 0, 0, 162.17
2026/09/15 01:24:42.047, 2, 3, 0, 0, 154.36
2026/09/15 01:24:42.050, 3, 3, 0, 0, 169.29
2026/09/15 01:24:43.053, 0, 3, 0, 0, 167.11
2026/09/15 01:24:43.056, 1, 3, 0, 0, 162.15
2026/09/15 01:24:43.058, 2, 3, 0, 0, 154.36
2026/09/15 01:24:43.061, 3, 3, 0, 0, 169.29
2026/09/15 01:24:44.064, 0, 3, 0, 0, 167.11
2026/09/15 01:24:44.067, 1, 3, 0, 0, 162.15
2026/09/15 01:24:44.070, 2, 3, 0, 0, 154.36
2026/09/15 01:24:44.072, 3, 3, 0, 0, 169.29
2026/09/15 01:24:45.075, 0, 3, 0, 0, 167.11
2026/09/15 01:24:45.079, 1, 3, 0, 0, 162.16
2026/09/15 01:24:45.081, 2, 3, 0, 0, 154.36
2026/09/15 01:24:45.084, 3, 3, 0, 0, 169.29
2026/09/15 01:24:46.086, 0, 3, 0, 0, 167.11
2026/09/15 01:24:46.090, 1, 3, 0, 0, 162.18
2026/09/15 01:24:46.093, 2, 3, 0, 0, 154.36
2026/09/15 01:24:46.095, 3, 3, 0, 0, 169.29
2026/09/15 01:24:47.098, 0, 3, 0, 0, 167.11
2026/09/15 01:24:47.103, 1, 3, 0, 0, 162.18
2026/09/15 01:24:47.105, 2, 3, 0, 0, 154.36
2026/09/15 01:24:47.109, 3, 3, 0, 0, 169.29
2026/09/15 01:24:48.112, 0, 3, 0, 0, 167.11
2026/09/15 01:24:48.116, 1, 3, 0, 0, 162.17
2026/09/15 01:24:48.118, 2, 720, 0, 0, 177.91
2026/09/15 01:24:48.121, 3, 720, 0, 0, 193.65
2026/09/15 01:24:49.123, 0, 720, 0, 0, 217.32
2026/09/15 01:24:49.128, 1, 824, 0, 0, 214.57
2026/09/15 01:24:49.130, 2, 824, 0, 0, 215.64
2026/09/15 01:24:49.133, 3, 720, 0, 0, 232.76
2026/09/15 01:24:50.135, 0, 922, 0, 0, 228.41
2026/09/15 01:24:50.141, 1, 922, 0, 0, 227.19
2026/09/15 01:24:50.150, 2, 922, 0, 0, 215.87
2026/09/15 01:24:50.162, 3, 922, 0, 0, 232.72
2026/09/15 01:24:51.173, 0, 2202, 0, 0, 228.48
2026/09/15 01:24:51.177, 1, 2234, 0, 0, 227.20
2026/09/15 01:24:51.180, 2, 2234, 0, 0, 216.10
2026/09/15 01:24:51.183, 3, 2074, 0, 0, 232.68
2026/09/15 01:24:52.185, 0, 2298, 6, 0, 228.41
2026/09/15 01:24:52.190, 1, 3204, 6, 0, 227.27
2026/09/15 01:24:52.193, 2, 16904, 5, 0, 215.54
2026/09/15 01:24:52.195, 3, 16744, 5, 0, 232.63
2026/09/15 01:24:53.198, 0, 44244, 1, 0, 228.91
2026/09/15 01:24:53.202, 1, 44276, 1, 0, 227.27
2026/09/15 01:24:53.205, 2, 44276, 0, 0, 216.38
2026/09/15 01:24:53.207, 3, 44116, 0, 0, 233.30
2026/09/15 01:24:54.210, 0, 44244, 0, 0, 228.41
2026/09/15 01:24:54.214, 1, 44276, 0, 0, 227.27
2026/09/15 01:24:54.218, 2, 44276, 0, 0, 215.54
2026/09/15 01:24:54.221, 3, 44116, 0, 0, 232.63
2026/09/15 01:24:55.224, 0, 44244, 0, 0, 228.41
2026/09/15 01:24:55.229, 1, 44276, 1, 0, 227.27
2026/09/15 01:24:55.232, 2, 44276, 1, 0, 215.54
2026/09/15 01:24:55.235, 3, 44116, 0, 0, 232.63
2026/09/15 01:24:56.238, 0, 44244, 1, 0, 228.41
2026/09/15 01:24:56.243, 1, 44276, 1, 0, 227.19
2026/09/15 01:24:56.247, 2, 44276, 2, 0, 215.62
2026/09/15 01:24:56.250, 3, 44116, 0, 0, 232.66
2026/09/15 01:24:57.253, 0, 44244, 1, 0, 228.41
2026/09/15 01:24:57.258, 1, 44276, 1, 0, 227.27
2026/09/15 01:24:57.261, 2, 44276, 1, 0, 215.55
2026/09/15 01:24:57.265, 3, 44116, 0, 0, 232.64
2026/09/15 01:24:58.269, 0, 44244, 1, 0, 228.41
2026/09/15 01:24:58.274, 1, 44276, 1, 0, 227.27
2026/09/15 01:24:58.278, 2, 44276, 2, 0, 215.54
2026/09/15 01:24:58.282, 3, 44116, 1, 0, 232.65
2026/09/15 01:24:59.286, 0, 44244, 1, 0, 228.41
2026/09/15 01:24:59.291, 1, 44276, 1, 0, 227.27
2026/09/15 01:24:59.294, 2, 44276, 1, 0, 215.54
2026/09/15 01:24:59.297, 3, 44116, 1, 0, 232.64
2026/09/15 01:25:00.301, 0, 44244, 1, 0, 228.41
2026/09/15 01:25:00.307, 1, 44276, 1, 0, 227.27
2026/09/15 01:25:00.311, 2, 44276, 1, 0, 215.54
2026/09/15 01:25:00.315, 3, 44116, 0, 0, 232.65
2026/09/15 01:25:01.319, 0, 44244, 1, 0, 228.41
2026/09/15 01:25:01.323, 1, 44276, 0, 0, 227.27
2026/09/15 01:25:01.326, 2, 44276, 1, 0, 215.62
2026/09/15 01:25:01.329, 3, 44116, 0, 0, 232.64
2026/09/15 01:25:02.332, 0, 44244, 1, 0, 228.41
2026/09/15 01:25:02.338, 1, 44276, 1, 0, 227.27
2026/09/15 01:25:02.342, 2, 44276, 1, 0, 215.54
2026/09/15 01:25:02.346, 3, 44116, 0, 0, 232.64
2026/09/15 01:25:03.350, 0, 44244, 2, 0, 228.41
2026/09/15 01:25:03.355, 1, 44276, 1, 0, 227.27
2026/09/15 01:25:03.359, 2, 44276, 2, 0, 215.54
2026/09/15 01:25:03.362, 3, 44116, 2, 0, 232.65
2026/09/15 01:25:04.366, 0, 44244, 1, 0, 228.41
2026/09/15 01:25:04.370, 1, 44276, 1, 0, 227.20
2026/09/15 01:25:04.373, 2, 44276, 1, 0, 215.54
2026/09/15 01:25:04.376, 3, 44116, 1, 0, 232.64
2026/09/15 01:25:05.379, 0, 44244, 1, 0, 228.41
2026/09/15 01:25:05.383, 1, 44276, 1, 0, 227.27
2026/09/15 01:25:05.386, 2, 44276, 0, 0, 215.54
2026/09/15 01:25:05.390, 3, 44116, 0, 0, 232.64
2026/09/15 01:25:06.393, 0, 44244, 1, 0, 228.41
2026/09/15 01:25:06.398, 1, 44276, 1, 0, 227.27
2026/09/15 01:25:06.401, 2, 44276, 1, 0, 215.54
2026/09/15 01:25:06.404, 3, 44116, 0, 0, 232.64
2026/09/15 01:25:07.407, 0, 44244, 1, 0, 228.41
2026/09/15 01:25:07.412, 1, 44276, 1, 0, 227.27
2026/09/15 01:25:07.416, 2, 44276, 1, 0, 215.62
2026/09/15 01:25:07.420, 3, 44116, 0, 0, 232.66
2026/09/15 01:25:08.423, 0, 44244, 1, 0, 228.41
2026/09/15 01:25:08.429, 1, 44276, 1, 0, 227.27
2026/09/15 01:25:08.432, 2, 44276, 1, 0, 215.55
2026/09/15 01:25:08.435, 3, 44116, 0, 0, 232.68
2026/09/15 01:25:09.439, 0, 44244, 1, 0, 228.41
2026/09/15 01:25:09.444, 1, 44276, 1, 0, 227.27
2026/09/15 01:25:09.448, 2, 44276, 2, 0, 215.54
2026/09/15 01:25:09.452, 3, 44116, 1, 0, 232.65
2026/09/15 01:25:10.456, 0, 44244, 1, 0, 228.41
2026/09/15 01:25:10.461, 1, 44276, 1, 0, 227.27
2026/09/15 01:25:10.464, 2, 44276, 1, 0, 215.55
2026/09/15 01:25:10.467, 3, 44116, 0, 0, 232.65
2026/09/15 01:25:11.470, 0, 44244, 1, 0, 228.41
2026/09/15 01:25:11.475, 1, 44276, 1, 0, 227.27
2026/09/15 01:25:11.479, 2, 44276, 1, 0, 215.55
2026/09/15 01:25:11.483, 3, 44116, 0, 0, 232.67
2026/09/15 01:25:12.487, 0, 44244, 1, 0, 228.41
2026/09/15 01:25:12.492, 1, 44276, 1, 0, 227.27
2026/09/15 01:25:12.495, 2, 44276, 1, 0, 215.54
2026/09/15 01:25:12.498, 3, 44116, 3, 0, 232.66
2026/09/15 01:25:13.502, 0, 44244, 1, 0, 228.41
2026/09/15 01:25:13.506, 1, 44276, 1, 0, 227.27
2026/09/15 01:25:13.510, 2, 44276, 1, 0, 215.54
2026/09/15 01:25:13.513, 3, 44116, 0, 0, 232.66
2026/09/15 01:25:14.517, 0, 44244, 1, 0, 228.41
2026/09/15 01:25:14.521, 1, 44276, 1, 0, 227.27
2026/09/15 01:25:14.524, 2, 44276, 1, 0, 215.55
2026/09/15 01:25:14.527, 3, 44116, 0, 0, 232.65
2026/09/15 01:25:15.530, 0, 44244, 1, 0, 228.41
2026/09/15 01:25:15.535, 1, 44276, 1, 0, 227.27
2026/09/15 01:25:15.538, 2, 44276, 1, 0, 215.54
2026/09/15 01:25:15.542, 3, 44116, 0, 0, 232.65
2026/09/15 01:25:16.546, 0, 44244, 1, 0, 228.41
2026/09/15 01:25:16.551, 1, 44276, 1, 0, 227.27
2026/09/15 01:25:16.554, 2, 44276, 1, 0, 215.54
2026/09/15 01:25:16.558, 3, 44116, 2, 0, 232.65
2026/09/15 01:25:17.561, 0, 44244, 2, 0, 228.41
2026/09/15 01:25:17.566, 1, 44276, 1, 0, 227.27
2026/09/15 01:25:17.570, 2, 44276, 2, 0, 215.54
2026/09/15 01:25:17.574, 3, 44116, 1, 0, 232.66
2026/09/15 01:25:18.577, 0, 44244, 1, 0, 228.41
2026/09/15 01:25:18.582, 1, 44276, 1, 0, 227.27
2026/09/15 01:25:18.585, 2, 44276, 1, 0, 215.54
2026/09/15 01:25:18.588, 3, 44116, 0, 0, 232.66
2026/09/15 01:25:19.591, 0, 44244, 1, 0, 228.41
2026/09/15 01:25:19.597, 1, 44276, 1, 0, 227.27
2026/09/15 01:25:19.600, 2, 44276, 1, 0, 215.54
2026/09/15 01:25:19.604, 3, 44116, 0, 0, 232.64
2026/09/15 01:25:20.607, 0, 44244, 1, 0, 228.41
2026/09/15 01:25:20.613, 1, 44276, 1, 0, 227.27
2026/09/15 01:25:20.617, 2, 44276, 1, 0, 215.54
2026/09/15 01:25:20.620, 3, 44116, 0, 0, 232.64
2026/09/15 01:25:21.624, 0, 44244, 1, 0, 228.41
2026/09/15 01:25:21.628, 1, 44276, 1, 0, 227.27
2026/09/15 01:25:21.632, 2, 44276, 1, 0, 215.54
2026/09/15 01:25:21.636, 3, 44116, 2, 0, 232.67
2026/09/15 01:25:22.640, 0, 44244, 1, 0, 228.41
2026/09/15 01:25:22.645, 1, 44276, 1, 0, 227.27
2026/09/15 01:25:22.649, 2, 44276, 1, 0, 215.54
2026/09/15 01:25:22.652, 3, 44116, 0, 0, 232.64
2026/09/15 01:25:23.655, 0, 44244, 1, 0, 228.41
2026/09/15 01:25:23.660, 1, 44276, 1, 0, 227.27
2026/09/15 01:25:23.664, 2, 44276, 1, 0, 215.55
2026/09/15 01:25:23.668, 3, 44116, 0, 0, 232.65
2026/09/15 01:25:24.672, 0, 44244, 1, 0, 228.41
2026/09/15 01:25:24.676, 1, 44276, 1, 0, 227.27
2026/09/15 01:25:24.679, 2, 44276, 1, 0, 215.55
2026/09/15 01:25:24.682, 3, 44116, 1, 0, 232.67
2026/09/15 01:25:25.686, 0, 44244, 2, 0, 228.41
2026/09/15 01:25:25.691, 1, 44276, 1, 0, 227.27
2026/09/15 01:25:25.694, 2, 44276, 2, 0, 215.54
2026/09/15 01:25:25.699, 3, 44116, 0, 0, 232.65
2026/09/15 01:25:26.702, 0, 44244, 1, 0, 228.41
2026/09/15 01:25:26.707, 1, 44276, 1, 0, 227.27
2026/09/15 01:25:26.710, 2, 44276, 2, 0, 215.54
2026/09/15 01:25:26.712, 3, 44116, 0, 0, 232.65
2026/09/15 01:25:27.716, 0, 44244, 1, 0, 228.41
2026/09/15 01:25:27.721, 1, 44276, 1, 0, 227.27
2026/09/15 01:25:27.724, 2, 44276, 1, 0, 215.54
2026/09/15 01:25:27.727, 3, 44116, 0, 0, 232.64
2026/09/15 01:25:28.730, 0, 44244, 1, 0, 228.41
2026/09/15 01:25:28.734, 1, 44276, 1, 0, 227.27
2026/09/15 01:25:28.738, 2, 44276, 1, 0, 215.55
2026/09/15 01:25:28.742, 3, 44116, 0, 0, 232.68
2026/09/15 01:25:29.745, 0, 44244, 1, 0, 228.41
2026/09/15 01:25:29.750, 1, 44276, 1, 0, 227.27
2026/09/15 01:25:29.754, 2, 44276, 1, 0, 215.54
2026/09/15 01:25:29.757, 3, 44116, 2, 0, 232.67
2026/09/15 01:25:30.761, 0, 44244, 1, 0, 228.41
2026/09/15 01:25:30.765, 1, 44276, 1, 0, 227.27
2026/09/15 01:25:30.769, 2, 44276, 1, 0, 215.63
2026/09/15 01:25:30.772, 3, 44116, 0, 0, 232.65
2026/09/15 01:25:31.776, 0, 44244, 1, 0, 228.41
2026/09/15 01:25:31.781, 1, 44276, 1, 0, 227.27
2026/09/15 01:25:31.784, 2, 44276, 1, 0, 215.54
2026/09/15 01:25:31.787, 3, 44116, 1, 0, 232.65
2026/09/15 01:25:32.790, 0, 44244, 1, 0, 228.41
2026/09/15 01:25:32.795, 1, 44276, 1, 0, 227.27
2026/09/15 01:25:32.798, 2, 44276, 1, 0, 215.54
2026/09/15 01:25:32.801, 3, 44116, 0, 0, 232.64
2026/09/15 01:25:33.804, 0, 44244, 1, 0, 228.41
2026/09/15 01:25:33.810, 1, 44276, 1, 0, 227.27
2026/09/15 01:25:33.813, 2, 44276, 1, 0, 215.54
2026/09/15 01:25:33.816, 3, 44116, 0, 0, 232.65
2026/09/15 01:25:34.820, 0, 44244, 1, 0, 228.41
2026/09/15 01:25:34.825, 1, 44276, 1, 0, 227.27
2026/09/15 01:25:34.828, 2, 44276, 1, 0, 215.54
2026/09/15 01:25:34.832, 3, 44116, 1, 0, 232.65
2026/09/15 01:25:35.836, 0, 44244, 1, 0, 228.41
2026/09/15 01:25:35.841, 1, 44276, 1, 0, 227.27
2026/09/15 01:25:35.845, 2, 44276, 1, 0, 215.54
2026/09/15 01:25:35.848, 3, 44116, 1, 0, 232.64
2026/09/15 01:25:36.852, 0, 44244, 1, 0, 228.41
2026/09/15 01:25:36.856, 1, 44276, 1, 0, 227.27
2026/09/15 01:25:36.859, 2, 44276, 1, 0, 215.54
2026/09/15 01:25:36.862, 3, 44116, 0, 0, 232.66
2026/09/15 01:25:37.866, 0, 44244, 1, 0, 228.41
2026/09/15 01:25:37.871, 1, 44276, 1, 0, 227.27
2026/09/15 01:25:37.875, 2, 44276, 1, 0, 215.62
2026/09/15 01:25:37.878, 3, 44116, 0, 0, 232.65
2026/09/15 01:25:38.882, 0, 44244, 1, 0, 228.41
2026/09/15 01:25:38.887, 1, 44276, 1, 0, 227.27
2026/09/15 01:25:38.890, 2, 44276, 1, 0, 215.54
2026/09/15 01:25:38.893, 3, 44116, 1, 0, 232.66
2026/09/15 01:25:39.897, 0, 44244, 1, 0, 228.41
2026/09/15 01:25:39.902, 1, 44276, 1, 0, 227.27
2026/09/15 01:25:39.906, 2, 44276, 1, 0, 215.54
2026/09/15 01:25:39.910, 3, 44116, 2, 0, 232.65
2026/09/15 01:25:40.914, 0, 44244, 1, 0, 228.41
2026/09/15 01:25:40.919, 1, 44276, 1, 0, 227.27
2026/09/15 01:25:40.922, 2, 44276, 1, 0, 215.62
2026/09/15 01:25:40.925, 3, 44116, 0, 0, 232.66
2026/09/15 01:25:41.929, 0, 44244, 1, 0, 228.41
2026/09/15 01:25:41.934, 1, 44276, 1, 0, 227.27
2026/09/15 01:25:41.938, 2, 44276, 1, 0, 215.55
2026/09/15 01:25:41.941, 3, 44116, 0, 0, 232.65
2026/09/15 01:25:42.945, 0, 44244, 1, 0, 228.41
2026/09/15 01:25:42.950, 1, 44276, 1, 0, 227.27
2026/09/15 01:25:42.953, 2, 44276, 1, 0, 215.54
2026/09/15 01:25:42.957, 3, 44116, 1, 0, 232.64
2026/09/15 01:25:43.961, 0, 44244, 1, 0, 228.41
2026/09/15 01:25:43.967, 1, 44276, 1, 0, 227.27
2026/09/15 01:25:43.970, 2, 44276, 1, 0, 215.54
2026/09/15 01:25:43.973, 3, 44116, 0, 0, 232.65
2026/09/15 01:25:44.977, 0, 44244, 1, 0, 228.41
2026/09/15 01:25:44.981, 1, 44276, 1, 0, 227.27
2026/09/15 01:25:44.984, 2, 44276, 1, 0, 215.61
2026/09/15 01:25:44.986, 3, 44116, 0, 0, 232.65
2026/09/15 01:25:45.990, 0, 44244, 1, 0, 228.41
2026/09/15 01:25:45.995, 1, 44276, 1, 0, 227.27
2026/09/15 01:25:45.999, 2, 44276, 1, 0, 215.54
2026/09/15 01:25:46.002, 3, 44116, 0, 0, 232.64
2026/09/15 01:25:47.006, 0, 44244, 1, 0, 228.41
2026/09/15 01:25:47.011, 1, 44276, 1, 0, 227.27
2026/09/15 01:25:47.015, 2, 44276, 1, 0, 215.54
2026/09/15 01:25:47.018, 3, 44116, 0, 0, 232.65
2026/09/15 01:25:48.021, 0, 44244, 1, 0, 228.41
2026/09/15 01:25:48.027, 1, 44276, 1, 0, 227.27
2026/09/15 01:25:48.031, 2, 44276, 1, 0, 215.54
2026/09/15 01:25:48.034, 3, 44116, 2, 0, 232.64
2026/09/15 01:25:49.038, 0, 44244, 1, 0, 228.41
2026/09/15 01:25:49.043, 1, 44276, 2, 0, 227.27
2026/09/15 01:25:49.047, 2, 44276, 1, 0, 215.54
2026/09/15 01:25:49.050, 3, 44116, 0, 0, 232.64
2026/09/15 01:25:50.054, 0, 44244, 1, 0, 228.41
2026/09/15 01:25:50.059, 1, 44276, 1, 0, 227.27
2026/09/15 01:25:50.063, 2, 44276, 2, 0, 215.56
2026/09/15 01:25:50.066, 3, 44116, 0, 0, 232.68
2026/09/15 01:25:51.070, 0, 44244, 2, 0, 228.41
2026/09/15 01:25:51.076, 1, 44276, 1, 0, 227.27
2026/09/15 01:25:51.080, 2, 44276, 2, 0, 215.55
2026/09/15 01:25:51.084, 3, 44116, 0, 0, 232.70
2026/09/15 01:25:52.087, 0, 44244, 1, 0, 228.41
2026/09/15 01:25:52.093, 1, 44276, 1, 0, 227.27
2026/09/15 01:25:52.097, 2, 44276, 1, 0, 215.55
2026/09/15 01:25:52.100, 3, 44116, 1, 0, 232.64
2026/09/15 01:25:53.104, 0, 44244, 1, 0, 228.41
2026/09/15 01:25:53.109, 1, 44276, 1, 0, 227.27
2026/09/15 01:25:53.113, 2, 44276, 1, 0, 215.54
2026/09/15 01:25:53.116, 3, 44116, 0, 0, 232.63
2026/09/15 01:25:54.120, 0, 44244, 1, 0, 228.41
2026/09/15 01:25:54.125, 1, 44276, 1, 0, 227.27
2026/09/15 01:25:54.128, 2, 44276, 1, 0, 215.62
2026/09/15 01:25:54.131, 3, 44116, 0, 0, 232.65
2026/09/15 01:25:55.134, 0, 44244, 1, 0, 228.41
2026/09/15 01:25:55.139, 1, 44276, 1, 0, 227.27
2026/09/15 01:25:55.143, 2, 44276, 1, 0, 215.56
2026/09/15 01:25:55.147, 3, 44116, 0, 0, 232.67
2026/09/15 01:25:56.151, 0, 44244, 1, 0, 228.41
2026/09/15 01:25:56.156, 1, 44276, 1, 0, 227.27
2026/09/15 01:25:56.159, 2, 44276, 2, 0, 215.63
2026/09/15 01:25:56.163, 3, 44116, 3, 0, 232.66
2026/09/15 01:25:57.166, 0, 44244, 1, 0, 228.41
2026/09/15 01:25:57.171, 1, 44276, 1, 0, 227.27
2026/09/15 01:25:57.174, 2, 44276, 1, 0, 215.56
2026/09/15 01:25:57.178, 3, 44116, 0, 0, 232.67
2026/09/15 01:25:58.182, 0, 44244, 1, 0, 228.41
2026/09/15 01:25:58.186, 1, 44276, 1, 0, 227.27
2026/09/15 01:25:58.190, 2, 44276, 1, 0, 215.54
2026/09/15 01:25:58.194, 3, 44116, 3, 0, 232.64
2026/09/15 01:25:59.197, 0, 44244, 1, 0, 228.41
2026/09/15 01:25:59.202, 1, 44276, 1, 0, 227.27
2026/09/15 01:25:59.205, 2, 44276, 1, 0, 215.55
2026/09/15 01:25:59.208, 3, 44116, 0, 0, 232.65
2026/09/15 01:26:00.212, 0, 44244, 1, 0, 228.41
2026/09/15 01:26:00.217, 1, 44276, 1, 0, 227.27
2026/09/15 01:26:00.220, 2, 44276, 1, 0, 215.57
2026/09/15 01:26:00.224, 3, 44116, 0, 0, 232.69
2026/09/15 01:26:01.228, 0, 44244, 1, 0, 228.41
2026/09/15 01:26:01.233, 1, 44276, 1, 0, 227.27
2026/09/15 01:26:01.237, 2, 44276, 1, 0, 215.55
2026/09/15 01:26:01.241, 3, 44116, 0, 0, 232.67
2026/09/15 01:26:02.245, 0, 44244, 1, 0, 228.41
2026/09/15 01:26:02.250, 1, 44276, 1, 0, 227.27
2026/09/15 01:26:02.254, 2, 44276, 2, 0, 215.55
2026/09/15 01:26:02.258, 3, 44116, 2, 0, 232.66
2026/09/15 01:26:03.261, 0, 44244, 1, 0, 228.41
2026/09/15 01:26:03.266, 1, 44276, 1, 0, 227.27
2026/09/15 01:26:03.270, 2, 44276, 1, 0, 215.61
2026/09/15 01:26:03.273, 3, 44116, 0, 0, 232.66
2026/09/15 01:26:04.277, 0, 44244, 1, 0, 228.41
2026/09/15 01:26:04.282, 1, 44276, 1, 0, 227.27
2026/09/15 01:26:04.285, 2, 44276, 1, 0, 215.62
2026/09/15 01:26:04.289, 3, 44116, 0, 0, 232.65
2026/09/15 01:26:05.293, 0, 44244, 1, 0, 228.41
2026/09/15 01:26:05.297, 1, 44276, 1, 0, 227.27
2026/09/15 01:26:05.301, 2, 44276, 1, 0, 215.54
2026/09/15 01:26:05.304, 3, 44116, 1, 0, 232.64
2026/09/15 01:26:06.308, 0, 44244, 1, 0, 228.41
2026/09/15 01:26:06.313, 1, 44276, 1, 0, 227.27
2026/09/15 01:26:06.317, 2, 44276, 1, 0, 215.63
2026/09/15 01:26:06.320, 3, 44116, 2, 0, 232.64
2026/09/15 01:26:07.324, 0, 44244, 1, 0, 228.41
2026/09/15 01:26:07.329, 1, 44276, 1, 0, 227.27
2026/09/15 01:26:07.332, 2, 44276, 1, 0, 215.54
2026/09/15 01:26:07.336, 3, 44116, 0, 0, 232.64
2026/09/15 01:26:08.339, 0, 44244, 1, 0, 228.41
2026/09/15 01:26:08.344, 1, 44276, 1, 0, 227.27
2026/09/15 01:26:08.347, 2, 44276, 1, 0, 215.54
2026/09/15 01:26:08.351, 3, 44116, 0, 0, 232.65
2026/09/15 01:26:09.354, 0, 44244, 1, 0, 228.41
2026/09/15 01:26:09.359, 1, 44276, 1, 0, 227.27
2026/09/15 01:26:09.363, 2, 44276, 1, 0, 215.54
2026/09/15 01:26:09.366, 3, 44116, 2, 0, 232.65
2026/09/15 01:26:10.370, 0, 44244, 1, 0, 228.41
2026/09/15 01:26:10.375, 1, 44276, 1, 0, 227.27
2026/09/15 01:26:10.378, 2, 44276, 1, 0, 215.54
2026/09/15 01:26:10.382, 3, 44116, 0, 0, 232.65
2026/09/15 01:26:11.386, 0, 44244, 1, 0, 228.41
2026/09/15 01:26:11.390, 1, 44276, 1, 0, 227.20
2026/09/15 01:26:11.393, 2, 44276, 1, 0, 215.54
2026/09/15 01:26:11.397, 3, 44116, 0, 0, 232.64
2026/09/15 01:26:12.400, 0, 44244, 1, 0, 228.41
2026/09/15 01:26:12.405, 1, 44276, 1, 0, 227.27
2026/09/15 01:26:12.409, 2, 44276, 1, 0, 215.55
2026/09/15 01:26:12.412, 3, 44116, 0, 0, 232.63
2026/09/15 01:26:13.415, 0, 44244, 1, 0, 228.41
2026/09/15 01:26:13.421, 1, 44276, 1, 0, 227.27
2026/09/15 01:26:13.424, 2, 44276, 1, 0, 215.54
2026/09/15 01:26:13.428, 3, 44116, 1, 0, 232.65
2026/09/15 01:26:14.432, 0, 44244, 1, 0, 228.41
2026/09/15 01:26:14.437, 1, 44276, 1, 0, 227.27
2026/09/15 01:26:14.441, 2, 44276, 1, 0, 215.55
2026/09/15 01:26:14.444, 3, 44116, 0, 0, 232.65
2026/09/15 01:26:15.447, 0, 44244, 1, 0, 228.41
2026/09/15 01:26:15.452, 1, 44276, 1, 0, 227.27
2026/09/15 01:26:15.456, 2, 44276, 1, 0, 215.55
2026/09/15 01:26:15.460, 3, 44116, 0, 0, 232.67
2026/09/15 01:26:16.463, 0, 44244, 1, 0, 228.41
2026/09/15 01:26:16.469, 1, 44276, 1, 0, 227.27
2026/09/15 01:26:16.472, 2, 44276, 1, 0, 215.55
2026/09/15 01:26:16.476, 3, 44116, 1, 0, 232.66
2026/09/15 01:26:17.480, 0, 44244, 1, 0, 228.41
2026/09/15 01:26:17.485, 1, 44276, 1, 0, 227.27
2026/09/15 01:26:17.489, 2, 44276, 1, 0, 215.62
2026/09/15 01:26:17.493, 3, 44116, 2, 0, 232.68
2026/09/15 01:26:18.496, 0, 44244, 1, 0, 228.41
2026/09/15 01:26:18.501, 1, 44276, 1, 0, 227.27
2026/09/15 01:26:18.506, 2, 44276, 1, 0, 215.55
2026/09/15 01:26:18.509, 3, 44116, 0, 0, 232.67
2026/09/15 01:26:19.513, 0, 44244, 1, 0, 228.41
2026/09/15 01:26:19.518, 1, 44276, 1, 0, 227.27
2026/09/15 01:26:19.521, 2, 44276, 2, 0, 215.63
2026/09/15 01:26:19.524, 3, 44116, 0, 0, 232.66
2026/09/15 01:26:20.527, 0, 44244, 1, 0, 228.41
2026/09/15 01:26:20.533, 1, 44276, 1, 0, 227.27
2026/09/15 01:26:20.536, 2, 44276, 1, 0, 215.64
2026/09/15 01:26:20.539, 3, 44116, 0, 0, 232.66
2026/09/15 01:26:21.543, 0, 44244, 1, 0, 228.41
2026/09/15 01:26:21.548, 1, 44276, 1, 0, 227.27
2026/09/15 01:26:21.551, 2, 44276, 1, 0, 215.63
2026/09/15 01:26:21.554, 3, 44116, 2, 0, 232.65
2026/09/15 01:26:22.558, 0, 44244, 1, 0, 228.41
2026/09/15 01:26:22.563, 1, 44276, 1, 0, 227.27
2026/09/15 01:26:22.567, 2, 44276, 1, 0, 215.55
2026/09/15 01:26:22.571, 3, 44116, 1, 0, 232.65
2026/09/15 01:26:23.574, 0, 44244, 1, 0, 228.41
2026/09/15 01:26:23.578, 1, 44276, 1, 0, 227.27
2026/09/15 01:26:23.582, 2, 44276, 1, 0, 215.54
2026/09/15 01:26:23.586, 3, 44116, 0, 0, 232.65
2026/09/15 01:26:24.589, 0, 44244, 1, 0, 228.41
2026/09/15 01:26:24.594, 1, 44276, 1, 0, 227.27
2026/09/15 01:26:24.597, 2, 44276, 1, 0, 215.54
2026/09/15 01:26:24.600, 3, 44116, 0, 0, 232.65
2026/09/15 01:26:25.603, 0, 44244, 1, 0, 228.41
2026/09/15 01:26:25.608, 1, 44276, 1, 0, 227.27
2026/09/15 01:26:25.612, 2, 44276, 1, 0, 215.54
2026/09/15 01:26:25.615, 3, 44116, 0, 0, 232.65
2026/09/15 01:26:26.619, 0, 44244, 1, 0, 228.41
2026/09/15 01:26:26.624, 1, 44276, 1, 0, 227.27
2026/09/15 01:26:26.628, 2, 44276, 1, 0, 215.54
2026/09/15 01:26:26.631, 3, 44116, 0, 0, 232.64
2026/09/15 01:26:27.634, 0, 44244, 1, 0, 228.41
2026/09/15 01:26:27.638, 1, 44276, 1, 0, 227.27
2026/09/15 01:26:27.643, 2, 44276, 1, 0, 215.62
2026/09/15 01:26:27.646, 3, 44116, 2, 0, 232.64
2026/09/15 01:26:28.650, 0, 44244, 1, 0, 228.41
2026/09/15 01:26:28.655, 1, 44276, 1, 0, 227.27
2026/09/15 01:26:28.658, 2, 44276, 1, 0, 215.55
2026/09/15 01:26:28.661, 3, 44116, 0, 0, 232.68
2026/09/15 01:26:29.665, 0, 44244, 1, 0, 228.41
2026/09/15 01:26:29.669, 1, 44276, 1, 0, 227.27
2026/09/15 01:26:29.673, 2, 44276, 1, 0, 215.58
2026/09/15 01:26:29.677, 3, 44116, 0, 0, 232.68
2026/09/15 01:26:30.681, 0, 44244, 1, 0, 228.41
2026/09/15 01:26:30.686, 1, 44276, 1, 0, 227.27
2026/09/15 01:26:30.690, 2, 44276, 1, 0, 215.54
2026/09/15 01:26:30.693, 3, 44116, 2, 0, 232.65
2026/09/15 01:26:31.698, 0, 44244, 1, 0, 228.41
2026/09/15 01:26:31.702, 1, 44276, 1, 0, 227.27
2026/09/15 01:26:31.706, 2, 44276, 1, 0, 215.62
2026/09/15 01:26:31.709, 3, 44116, 0, 0, 232.65
2026/09/15 01:26:32.713, 0, 44244, 1, 0, 228.41
2026/09/15 01:26:32.718, 1, 44276, 1, 0, 227.27
2026/09/15 01:26:32.722, 2, 44276, 1, 0, 215.63
2026/09/15 01:26:32.725, 3, 44116, 0, 0, 232.65
2026/09/15 01:26:33.729, 0, 44244, 1, 0, 228.41
2026/09/15 01:26:33.733, 1, 44276, 1, 0, 227.27
2026/09/15 01:26:33.736, 2, 44276, 1, 0, 215.54
2026/09/15 01:26:33.739, 3, 44116, 0, 0, 232.66
2026/09/15 01:26:34.742, 0, 44244, 1, 0, 228.41
2026/09/15 01:26:34.748, 1, 44276, 1, 0, 227.27
2026/09/15 01:26:34.752, 2, 44276, 2, 0, 215.54
2026/09/15 01:26:34.755, 3, 44116, 0, 0, 232.65
2026/09/15 01:26:35.758, 0, 44244, 1, 0, 228.41
2026/09/15 01:26:35.763, 1, 44276, 1, 0, 227.27
2026/09/15 01:26:35.767, 2, 44276, 1, 0, 215.54
2026/09/15 01:26:35.771, 3, 44116, 2, 0, 232.65
2026/09/15 01:26:36.775, 0, 44244, 1, 0, 228.41
2026/09/15 01:26:36.779, 1, 44276, 2, 0, 227.27
2026/09/15 01:26:36.783, 2, 44276, 2, 0, 215.55
2026/09/15 01:26:36.787, 3, 44116, 0, 0, 232.66
2026/09/15 01:26:37.790, 0, 44244, 1, 0, 228.41
2026/09/15 01:26:37.795, 1, 44276, 1, 0, 227.27
2026/09/15 01:26:37.798, 2, 44276, 1, 0, 215.55
2026/09/15 01:26:37.802, 3, 44116, 0, 0, 232.65
2026/09/15 01:26:38.805, 0, 44244, 1, 0, 228.41
2026/09/15 01:26:38.810, 1, 44276, 1, 0, 227.27
2026/09/15 01:26:38.813, 2, 44276, 1, 0, 215.54
2026/09/15 01:26:38.817, 3, 44116, 0, 0, 232.64
2026/09/15 01:26:39.821, 0, 44244, 1, 0, 228.41
2026/09/15 01:26:39.825, 1, 44276, 1, 0, 227.27
2026/09/15 01:26:39.828, 2, 44276, 2, 0, 215.54
2026/09/15 01:26:39.832, 3, 44116, 0, 0, 232.64
2026/09/15 01:26:40.835, 0, 44244, 2, 0, 228.41
2026/09/15 01:26:40.840, 1, 44276, 2, 0, 227.27
2026/09/15 01:26:40.843, 2, 44276, 2, 0, 215.54
2026/09/15 01:26:40.847, 3, 44116, 2, 0, 232.64
2026/09/15 01:26:41.851, 0, 44244, 1, 0, 228.41
2026/09/15 01:26:41.855, 1, 44276, 1, 0, 227.27
2026/09/15 01:26:41.858, 2, 44276, 1, 0, 215.62
2026/09/15 01:26:41.862, 3, 44116, 0, 0, 232.65
2026/09/15 01:26:42.865, 0, 44244, 1, 0, 228.41
2026/09/15 01:26:42.869, 1, 44276, 1, 0, 227.27
2026/09/15 01:26:42.873, 2, 44276, 1, 0, 215.55
2026/09/15 01:26:42.876, 3, 44116, 0, 0, 232.64
2026/09/15 01:26:43.879, 0, 44244, 1, 0, 228.41
2026/09/15 01:26:43.883, 1, 44276, 1, 0, 227.27
2026/09/15 01:26:43.886, 2, 44276, 1, 0, 215.54
2026/09/15 01:26:43.889, 3, 44116, 2, 0, 232.63
2026/09/15 01:26:44.892, 0, 44244, 1, 0, 228.41
2026/09/15 01:26:44.897, 1, 44276, 1, 0, 227.27
2026/09/15 01:26:44.902, 2, 44276, 1, 0, 215.54
2026/09/15 01:26:44.905, 3, 44116, 3, 0, 232.64
2026/09/15 01:26:45.909, 0, 44244, 2, 0, 228.41
2026/09/15 01:26:45.914, 1, 44276, 2, 0, 227.27
2026/09/15 01:26:45.918, 2, 44276, 1, 0, 215.54
2026/09/15 01:26:45.921, 3, 44498, 3, 0, 236.16
2026/09/15 01:26:46.925, 0, 44244, 1, 0, 228.41
2026/09/15 01:26:46.930, 1, 44276, 1, 0, 227.27
2026/09/15 01:26:46.933, 2, 44276, 1, 0, 215.61
2026/09/15 01:26:46.936, 3, 44714, 5, 0, 235.36
2026/09/15 01:26:47.939, 0, 44244, 1, 0, 228.41
2026/09/15 01:26:47.943, 1, 44276, 1, 0, 227.27
2026/09/15 01:26:47.946, 2, 44276, 1, 0, 215.54
2026/09/15 01:26:47.948, 3, 44714, 18, 0, 237.66
2026/09/15 01:26:48.951, 0, 44244, 1, 0, 228.41
2026/09/15 01:26:48.956, 1, 44276, 1, 0, 227.27
2026/09/15 01:26:48.959, 2, 44276, 1, 0, 215.54
2026/09/15 01:26:48.962, 3, 44714, 19, 0, 237.44
2026/09/15 01:26:49.965, 0, 44244, 1, 0, 228.41
2026/09/15 01:26:49.969, 1, 44276, 1, 0, 227.27
2026/09/15 01:26:49.972, 2, 44276, 1, 0, 215.54
2026/09/15 01:26:49.976, 3, 44714, 19, 0, 237.05
2026/09/15 01:26:50.979, 0, 44244, 1, 0, 228.41
2026/09/15 01:26:50.984, 1, 44276, 1, 0, 227.27
2026/09/15 01:26:50.987, 2, 44276, 1, 0, 215.54
2026/09/15 01:26:50.990, 3, 44714, 19, 0, 236.69
2026/09/15 01:26:51.992, 0, 44244, 1, 0, 228.41
2026/09/15 01:26:51.997, 1, 44276, 1, 0, 227.27
2026/09/15 01:26:52.000, 2, 44276, 1, 0, 215.70
2026/09/15 01:26:52.003, 3, 44174, 0, 0, 234.62
2026/09/15 01:26:53.006, 0, 44244, 1, 0, 228.41
2026/09/15 01:26:53.010, 1, 44276, 1, 0, 227.27
2026/09/15 01:26:53.014, 2, 44276, 2, 0, 215.54
2026/09/15 01:26:53.017, 3, 44176, 0, 0, 232.64
2026/09/15 01:26:54.020, 0, 44244, 1, 0, 228.41
2026/09/15 01:26:54.025, 1, 44276, 1, 0, 227.27
2026/09/15 01:26:54.028, 2, 44276, 1, 0, 215.54
2026/09/15 01:26:54.031, 3, 44248, 0, 0, 232.64
2026/09/15 01:26:55.034, 0, 44244, 3, 0, 228.48
2026/09/15 01:26:55.038, 1, 44276, 3, 0, 227.27
2026/09/15 01:26:55.041, 2, 44276, 3, 0, 216.00
2026/09/15 01:26:55.045, 3, 44174, 0, 0, 232.63
2026/09/15 01:26:56.048, 0, 44626, 4, 0, 230.43
2026/09/15 01:26:56.054, 1, 44658, 5, 0, 227.86
2026/09/15 01:26:56.058, 2, 44658, 5, 0, 217.69
2026/09/15 01:26:56.063, 3, 44174, 0, 0, 232.63
2026/09/15 01:26:57.068, 0, 44626, 5, 0, 231.52
2026/09/15 01:26:57.072, 1, 44658, 5, 0, 228.79
2026/09/15 01:26:57.076, 2, 44874, 6, 1, 218.33
2026/09/15 01:26:57.079, 3, 44174, 0, 0, 232.62
2026/09/15 01:26:58.083, 0, 44842, 18, 0, 234.92
2026/09/15 01:26:58.086, 1, 44874, 17, 0, 231.41
2026/09/15 01:26:58.089, 2, 44874, 12, 0, 220.85
2026/09/15 01:26:58.091, 3, 44174, 0, 0, 232.63
2026/09/15 01:26:59.094, 0, 44842, 19, 0, 236.30
2026/09/15 01:26:59.097, 1, 44874, 18, 0, 231.35
2026/09/15 01:26:59.099, 2, 44874, 13, 0, 219.69
2026/09/15 01:26:59.102, 3, 44174, 0, 0, 232.56
2026/09/15 01:27:00.104, 0, 44842, 19, 0, 236.31
2026/09/15 01:27:00.107, 1, 44874, 18, 0, 231.71
2026/09/15 01:27:00.110, 2, 44874, 12, 0, 220.75
2026/09/15 01:27:00.112, 3, 44174, 0, 0, 232.63
2026/09/15 01:27:01.115, 0, 44842, 19, 0, 236.22
2026/09/15 01:27:01.117, 1, 44874, 18, 0, 232.09
2026/09/15 01:27:01.120, 2, 44874, 12, 0, 219.85
2026/09/15 01:27:01.122, 3, 44174, 0, 0, 232.65
2026/09/15 01:27:02.125, 0, 44302, 12, 0, 235.20
2026/09/15 01:27:02.128, 1, 44334, 19, 0, 232.04
2026/09/15 01:27:02.131, 2, 44874, 12, 0, 220.29
2026/09/15 01:27:02.133, 3, 44174, 0, 0, 232.71
2026/09/15 01:27:03.136, 0, 44304, 0, 0, 228.41
2026/09/15 01:27:03.139, 1, 44334, 0, 0, 227.27
2026/09/15 01:27:03.142, 2, 44874, 14, 0, 220.70
2026/09/15 01:27:03.145, 3, 44174, 0, 0, 232.64
2026/09/15 01:27:04.147, 0, 44376, 0, 0, 228.41
2026/09/15 01:27:04.151, 1, 44408, 0, 0, 227.27
2026/09/15 01:27:04.153, 2, 44334, 0, 0, 218.93
2026/09/15 01:27:04.156, 3, 44174, 0, 0, 232.65
2026/09/15 01:27:05.159, 0, 44456, 0, 0, 228.41
2026/09/15 01:27:05.162, 1, 44488, 0, 0, 227.27
2026/09/15 01:27:05.164, 2, 44334, 0, 0, 215.63
2026/09/15 01:27:05.167, 3, 44174, 0, 0, 232.69
2026/09/15 01:27:06.169, 0, 44302, 0, 0, 228.48
2026/09/15 01:27:06.173, 1, 44334, 0, 0, 227.27
2026/09/15 01:27:06.175, 2, 44336, 0, 0, 215.58
2026/09/15 01:27:06.177, 3, 44174, 0, 0, 232.67
2026/09/15 01:27:07.180, 0, 44302, 0, 0, 228.41
2026/09/15 01:27:07.183, 1, 44334, 0, 0, 227.27
2026/09/15 01:27:07.185, 2, 44488, 0, 0, 215.62
2026/09/15 01:27:07.188, 3, 44174, 0, 0, 232.66
2026/09/15 01:27:08.190, 0, 44302, 0, 0, 228.41
2026/09/15 01:27:08.194, 1, 44334, 0, 0, 227.27
2026/09/15 01:27:08.196, 2, 44334, 0, 0, 215.85
2026/09/15 01:27:08.199, 3, 44174, 0, 0, 232.66
2026/09/15 01:27:09.201, 0, 161652, 0, 0, 236.58
2026/09/15 01:27:09.205, 1, 161684, 9, 5, 235.94
2026/09/15 01:27:09.208, 2, 161684, 19, 11, 223.74
2026/09/15 01:27:09.212, 3, 161524, 0, 0, 242.51
2026/09/15 01:27:10.215, 0, 164088, 1, 0, 228.70
2026/09/15 01:27:10.218, 1, 164152, 1, 0, 227.35
2026/09/15 01:27:10.221, 2, 164152, 1, 0, 217.31
2026/09/15 01:27:10.223, 3, 163832, 1, 0, 232.77
2026/09/15 01:27:11.226, 0, 164122, 0, 0, 231.87
2026/09/15 01:27:11.230, 1, 164186, 0, 0, 227.01
2026/09/15 01:27:11.232, 2, 164186, 0, 0, 218.50
2026/09/15 01:27:11.235, 3, 163866, 0, 0, 239.02
2026/09/15 01:27:12.237, 0, 164122, 0, 0, 228.41
2026/09/15 01:27:12.241, 1, 164186, 0, 0, 227.27
2026/09/15 01:27:12.243, 2, 164186, 0, 0, 215.54
2026/09/15 01:27:12.246, 3, 163866, 0, 0, 232.63
2026/09/15 01:27:13.248, 0, 164124, 0, 0, 230.28
2026/09/15 01:27:13.252, 1, 164188, 21, 0, 229.25
2026/09/15 01:27:13.255, 2, 164188, 0, 0, 215.83
2026/09/15 01:27:13.257, 3, 163868, 0, 0, 236.22
2026/09/15 01:27:14.260, 0, 164644, 0, 0, 228.41
2026/09/15 01:27:14.264, 1, 164708, 0, 0, 227.20
2026/09/15 01:27:14.266, 2, 164708, 0, 0, 215.87
2026/09/15 01:27:14.269, 3, 164388, 0, 0, 232.66
2026/09/15 01:27:15.271, 0, 164606, 0, 0, 228.41
2026/09/15 01:27:15.274, 1, 164708, 0, 0, 227.27
2026/09/15 01:27:15.276, 2, 164670, 0, 0, 215.87
2026/09/15 01:27:15.278, 3, 164388, 0, 0, 232.77
2026/09/15 01:27:16.281, 0, 164606, 0, 0, 228.41
2026/09/15 01:27:16.284, 1, 164670, 0, 0, 227.27
2026/09/15 01:27:16.286, 2, 164670, 0, 0, 215.89
2026/09/15 01:27:16.288, 3, 164350, 0, 0, 232.78
2026/09/15 01:27:17.291, 0, 164606, 0, 0, 228.41
2026/09/15 01:27:17.293, 1, 164670, 0, 0, 227.27
2026/09/15 01:27:17.296, 2, 164670, 0, 0, 215.82
2026/09/15 01:27:17.298, 3, 164350, 0, 0, 232.78
2026/09/15 01:27:18.301, 0, 164606, 0, 0, 228.41
2026/09/15 01:27:18.303, 1, 164670, 1, 0, 227.27
2026/09/15 01:27:18.306, 2, 164670, 0, 0, 215.89
2026/09/15 01:27:18.308, 3, 164350, 0, 0, 232.77
2026/09/15 01:27:19.310, 0, 164606, 0, 0, 228.41
2026/09/15 01:27:19.313, 1, 164670, 0, 0, 227.27
2026/09/15 01:27:19.315, 2, 164670, 0, 0, 215.88
2026/09/15 01:27:19.318, 3, 164350, 0, 0, 232.76
2026/09/15 01:27:20.320, 0, 164606, 0, 0, 228.41
2026/09/15 01:27:20.323, 1, 164670, 0, 0, 227.27
2026/09/15 01:27:20.325, 2, 164670, 0, 0, 215.89
2026/09/15 01:27:20.328, 3, 164350, 0, 0, 232.77
2026/09/15 01:27:21.330, 0, 164606, 0, 0, 228.41
2026/09/15 01:27:21.333, 1, 164670, 0, 0, 227.27
2026/09/15 01:27:21.335, 2, 164670, 0, 0, 215.81
2026/09/15 01:27:21.337, 3, 164350, 0, 0, 232.76
2026/09/15 01:27:22.340, 0, 164606, 0, 0, 228.41
2026/09/15 01:27:22.342, 1, 164670, 0, 0, 227.27
2026/09/15 01:27:22.345, 2, 164670, 0, 0, 215.89
2026/09/15 01:27:22.347, 3, 164350, 0, 0, 232.76
2026/09/15 01:27:23.349, 0, 164606, 0, 0, 228.41
2026/09/15 01:27:23.353, 1, 164670, 0, 0, 227.27
2026/09/15 01:27:23.355, 2, 164670, 0, 0, 215.79
2026/09/15 01:27:23.358, 3, 164350, 0, 0, 232.77
2026/09/15 01:27:24.361, 0, 164606, 0, 0, 228.41
2026/09/15 01:27:24.363, 1, 164670, 0, 0, 227.27
2026/09/15 01:27:24.366, 2, 164670, 0, 0, 215.72
2026/09/15 01:27:24.369, 3, 164350, 0, 0, 232.75
2026/09/15 01:27:25.371, 0, 164606, 0, 0, 228.41
2026/09/15 01:27:25.374, 1, 164670, 0, 0, 227.28
2026/09/15 01:27:25.377, 2, 164670, 0, 0, 215.87
2026/09/15 01:27:25.379, 3, 164350, 0, 0, 232.77
2026/09/15 01:27:26.382, 0, 164606, 0, 0, 228.41
2026/09/15 01:27:26.385, 1, 164670, 0, 0, 227.27
2026/09/15 01:27:26.388, 2, 164670, 0, 0, 215.79
2026/09/15 01:27:26.391, 3, 164350, 0, 0, 232.75
2026/09/15 01:27:27.393, 0, 164606, 0, 0, 228.41
2026/09/15 01:27:27.396, 1, 164670, 0, 0, 227.27
2026/09/15 01:27:27.399, 2, 164670, 0, 0, 216.03
2026/09/15 01:27:27.402, 3, 164350, 0, 0, 232.77
2026/09/15 01:27:28.404, 0, 164606, 0, 0, 228.41
2026/09/15 01:27:28.407, 1, 164670, 0, 0, 227.27
2026/09/15 01:27:28.410, 2, 164670, 0, 0, 215.80
2026/09/15 01:27:28.413, 3, 164350, 0, 0, 232.74
2026/09/15 01:27:29.415, 0, 164606, 0, 0, 228.41
2026/09/15 01:27:29.418, 1, 164670, 0, 0, 227.35
2026/09/15 01:27:29.421, 2, 164670, 0, 0, 215.85
2026/09/15 01:27:29.423, 3, 164350, 0, 0, 232.83
2026/09/15 01:27:30.426, 0, 164606, 0, 0, 228.41
2026/09/15 01:27:30.429, 1, 164670, 0, 0, 227.27
2026/09/15 01:27:30.432, 2, 164670, 0, 0, 215.79
2026/09/15 01:27:30.434, 3, 164350, 0, 0, 232.74
2026/09/15 01:27:31.437, 0, 164606, 0, 0, 228.55
2026/09/15 01:27:31.440, 1, 164670, 0, 0, 227.27
2026/09/15 01:27:31.443, 2, 164670, 0, 0, 215.85
2026/09/15 01:27:31.446, 3, 164350, 0, 0, 232.75
2026/09/15 01:27:32.448, 0, 164606, 0, 0, 228.41
2026/09/15 01:27:32.451, 1, 164670, 0, 0, 227.27
2026/09/15 01:27:32.454, 2, 164670, 0, 0, 216.09
2026/09/15 01:27:32.456, 3, 164350, 0, 0, 232.74
2026/09/15 01:27:33.459, 0, 164606, 0, 0, 228.48
2026/09/15 01:27:33.462, 1, 164670, 0, 0, 227.43
2026/09/15 01:27:33.465, 2, 164670, 0, 0, 216.03
2026/09/15 01:27:33.467, 3, 164350, 0, 0, 232.83
2026/09/15 01:27:34.470, 0, 164606, 0, 0, 228.41
2026/09/15 01:27:34.473, 1, 164670, 0, 0, 227.27
2026/09/15 01:27:34.476, 2, 164670, 0, 0, 216.17
2026/09/15 01:27:34.478, 3, 164350, 0, 0, 232.76
2026/09/15 01:27:35.481, 0, 164606, 0, 0, 228.48
2026/09/15 01:27:35.484, 1, 164670, 0, 0, 227.42
2026/09/15 01:27:35.486, 2, 164670, 0, 0, 216.00
2026/09/15 01:27:35.489, 3, 164350, 0, 0, 232.74
2026/09/15 01:27:36.492, 0, 164606, 0, 0, 228.41
2026/09/15 01:27:36.495, 1, 164670, 0, 0, 227.27
2026/09/15 01:27:36.498, 2, 164670, 0, 0, 216.09
2026/09/15 01:27:36.500, 3, 164350, 0, 0, 232.74
2026/09/15 01:27:37.503, 0, 164606, 0, 0, 228.41
2026/09/15 01:27:37.506, 1, 164670, 0, 0, 227.35
2026/09/15 01:27:37.508, 2, 164670, 0, 0, 215.99
2026/09/15 01:27:37.511, 3, 164350, 0, 0, 232.79
2026/09/15 01:27:38.514, 0, 164606, 0, 0, 228.41
2026/09/15 01:27:38.517, 1, 164670, 0, 0, 227.27
2026/09/15 01:27:38.519, 2, 164670, 0, 0, 215.67
2026/09/15 01:27:38.522, 3, 164350, 0, 0, 232.72
2026/09/15 01:27:39.525, 0, 164606, 0, 0, 228.48
2026/09/15 01:27:39.527, 1, 164670, 0, 0, 227.42
2026/09/15 01:27:39.530, 2, 164670, 0, 0, 215.93
2026/09/15 01:27:39.533, 3, 164350, 0, 0, 232.86
2026/09/15 01:27:40.535, 0, 164606, 3, 0, 228.56
2026/09/15 01:27:40.538, 1, 164670, 0, 0, 227.27
2026/09/15 01:27:40.541, 2, 164670, 3, 0, 216.02
2026/09/15 01:27:40.544, 3, 164350, 3, 0, 232.75
2026/09/15 01:27:41.546, 0, 164606, 0, 0, 228.41
2026/09/15 01:27:41.549, 1, 164670, 0, 0, 227.27
2026/09/15 01:27:41.552, 2, 164670, 0, 0, 215.76
2026/09/15 01:27:41.554, 3, 164350, 0, 0, 232.74
2026/09/15 01:27:42.557, 0, 164606, 0, 0, 228.41
2026/09/15 01:27:42.560, 1, 164670, 0, 0, 227.27
2026/09/15 01:27:42.562, 2, 164670, 0, 0, 216.02
2026/09/15 01:27:42.565, 3, 164350, 0, 0, 232.76
2026/09/15 01:27:43.568, 0, 164606, 0, 0, 228.41
2026/09/15 01:27:43.571, 1, 164670, 0, 0, 227.27
2026/09/15 01:27:43.573, 2, 164670, 0, 0, 216.17
2026/09/15 01:27:43.576, 3, 164350, 0, 0, 232.76
2026/09/15 01:27:44.579, 0, 164606, 0, 0, 228.41
2026/09/15 01:27:44.582, 1, 164670, 0, 0, 227.27
2026/09/15 01:27:44.584, 2, 164670, 0, 0, 215.92
2026/09/15 01:27:44.587, 3, 164350, 0, 0, 232.72
2026/09/15 01:27:45.590, 0, 164606, 0, 0, 228.41
2026/09/15 01:27:45.592, 1, 164670, 0, 0, 227.27
2026/09/15 01:27:45.595, 2, 164670, 0, 0, 215.99
2026/09/15 01:27:45.598, 3, 164350, 0, 0, 232.73
2026/09/15 01:27:46.600, 0, 164606, 0, 0, 228.41
2026/09/15 01:27:46.603, 1, 164670, 0, 0, 227.27
2026/09/15 01:27:46.606, 2, 164670, 0, 0, 215.85
2026/09/15 01:27:46.608, 3, 164350, 0, 0, 232.75
2026/09/15 01:27:47.611, 0, 164606, 0, 0, 228.41
2026/09/15 01:27:47.614, 1, 164670, 0, 0, 227.27
2026/09/15 01:27:47.616, 2, 164670, 0, 0, 215.91
2026/09/15 01:27:47.619, 3, 164350, 0, 0, 232.72
2026/09/15 01:27:48.622, 0, 164606, 0, 0, 228.49
2026/09/15 01:27:48.624, 1, 164670, 0, 0, 227.27
2026/09/15 01:27:48.627, 2, 164670, 0, 0, 215.62
2026/09/15 01:27:48.630, 3, 164350, 0, 0, 232.74
2026/09/15 01:27:49.632, 0, 164606, 0, 0, 228.41
2026/09/15 01:27:49.635, 1, 164670, 0, 0, 227.27
2026/09/15 01:27:49.638, 2, 164670, 0, 0, 215.77
2026/09/15 01:27:49.640, 3, 164350, 0, 0, 232.76
2026/09/15 01:27:50.643, 0, 164606, 0, 0, 228.41
2026/09/15 01:27:50.646, 1, 164670, 0, 0, 227.27
2026/09/15 01:27:50.648, 2, 164670, 0, 0, 215.95
2026/09/15 01:27:50.651, 3, 164350, 0, 0, 232.75
2026/09/15 01:27:51.654, 0, 164606, 0, 0, 228.48
2026/09/15 01:27:51.656, 1, 164670, 0, 0, 227.27
2026/09/15 01:27:51.659, 2, 164672, 0, 0, 215.68
2026/09/15 01:27:51.662, 3, 164350, 0, 0, 232.73
2026/09/15 01:27:52.664, 0, 164606, 0, 0, 228.41
2026/09/15 01:27:52.667, 1, 164670, 0, 0, 227.27
2026/09/15 01:27:52.670, 2, 164672, 0, 0, 215.87
2026/09/15 01:27:52.672, 3, 164350, 0, 0, 232.74
2026/09/15 01:27:53.675, 0, 164608, 0, 0, 228.41
2026/09/15 01:27:53.678, 1, 164670, 0, 0, 227.27
2026/09/15 01:27:53.680, 2, 164672, 0, 0, 215.92
2026/09/15 01:27:53.683, 3, 164350, 0, 0, 232.73
2026/09/15 01:27:54.685, 0, 164608, 0, 0, 228.41
2026/09/15 01:27:54.688, 1, 164672, 0, 0, 227.27
2026/09/15 01:27:54.691, 2, 164672, 0, 0, 215.69
2026/09/15 01:27:54.693, 3, 164352, 0, 0, 232.75
2026/09/15 01:27:55.696, 0, 164608, 0, 0, 228.41
2026/09/15 01:27:55.698, 1, 164672, 0, 0, 227.27
2026/09/15 01:27:55.701, 2, 164672, 0, 0, 215.68
2026/09/15 01:27:55.703, 3, 164352, 0, 0, 232.72
2026/09/15 01:27:56.706, 0, 164608, 0, 0, 228.41
2026/09/15 01:27:56.709, 1, 164672, 0, 0, 227.27
2026/09/15 01:27:56.711, 2, 164672, 0, 0, 215.87
2026/09/15 01:27:56.714, 3, 164352, 0, 0, 232.76
2026/09/15 01:27:57.717, 0, 164608, 0, 0, 228.48
2026/09/15 01:27:57.719, 1, 164672, 0, 0, 227.27
2026/09/15 01:27:57.722, 2, 164672, 0, 0, 216.00
2026/09/15 01:27:57.724, 3, 164352, 0, 0, 232.76
2026/09/15 01:27:58.727, 0, 164608, 0, 0, 228.41
2026/09/15 01:27:58.730, 1, 164672, 0, 0, 227.27
2026/09/15 01:27:58.732, 2, 164672, 0, 0, 215.81
2026/09/15 01:27:58.735, 3, 164352, 0, 0, 232.77
2026/09/15 01:27:59.738, 0, 164608, 0, 0, 228.56
2026/09/15 01:27:59.740, 1, 164672, 0, 0, 227.35
2026/09/15 01:27:59.743, 2, 164672, 0, 0, 216.18
2026/09/15 01:27:59.745, 3, 164352, 0, 0, 232.75
2026/09/15 01:28:00.748, 0, 164608, 0, 0, 228.41
2026/09/15 01:28:00.751, 1, 164672, 0, 0, 227.27
2026/09/15 01:28:00.753, 2, 164672, 0, 0, 216.16
2026/09/15 01:28:00.756, 3, 164352, 0, 0, 232.76
2026/09/15 01:28:01.758, 0, 164608, 0, 0, 228.63
2026/09/15 01:28:01.761, 1, 164672, 0, 0, 227.35
2026/09/15 01:28:01.764, 2, 164672, 0, 0, 215.86
2026/09/15 01:28:01.766, 3, 164352, 0, 0, 232.82
2026/09/15 01:28:02.769, 0, 164608, 0, 0, 228.41
2026/09/15 01:28:02.772, 1, 164672, 0, 0, 227.27
2026/09/15 01:28:02.774, 2, 164672, 0, 0, 215.84
2026/09/15 01:28:02.777, 3, 164352, 0, 0, 232.75
2026/09/15 01:28:03.779, 0, 164608, 0, 0, 228.70
2026/09/15 01:28:03.782, 1, 164672, 0, 0, 227.35
2026/09/15 01:28:03.785, 2, 164672, 0, 0, 216.07
2026/09/15 01:28:03.787, 3, 164352, 0, 0, 232.89
2026/09/15 01:28:04.790, 0, 164608, 0, 0, 228.41
2026/09/15 01:28:04.792, 1, 164672, 0, 0, 227.27
2026/09/15 01:28:04.795, 2, 164672, 0, 0, 215.68
2026/09/15 01:28:04.798, 3, 164352, 0, 0, 232.74
2026/09/15 01:28:05.800, 0, 164608, 0, 0, 228.41
2026/09/15 01:28:05.803, 1, 164672, 0, 0, 227.27
2026/09/15 01:28:05.805, 2, 164672, 0, 0, 216.38
2026/09/15 01:28:05.808, 3, 164352, 0, 0, 232.74
2026/09/15 01:28:06.810, 0, 164608, 0, 0, 228.41
2026/09/15 01:28:06.813, 1, 164672, 0, 0, 227.27
2026/09/15 01:28:06.816, 2, 164672, 0, 0, 216.09
2026/09/15 01:28:06.818, 3, 164352, 0, 0, 232.71
2026/09/15 01:28:07.821, 0, 164608, 0, 0, 228.49
2026/09/15 01:28:07.824, 1, 164672, 0, 0, 227.51
2026/09/15 01:28:07.826, 2, 164672, 0, 0, 216.00
2026/09/15 01:28:07.829, 3, 164352, 0, 0, 232.72
2026/09/15 01:28:08.831, 0, 164608, 0, 0, 228.41
2026/09/15 01:28:08.834, 1, 164672, 0, 0, 227.27
2026/09/15 01:28:08.836, 2, 164672, 0, 0, 216.06
2026/09/15 01:28:08.839, 3, 164352, 0, 0, 232.71
2026/09/15 01:28:09.841, 0, 164608, 0, 0, 228.49
2026/09/15 01:28:09.844, 1, 164672, 0, 0, 227.50
2026/09/15 01:28:09.847, 2, 164672, 0, 0, 215.91
2026/09/15 01:28:09.849, 3, 164352, 0, 0, 232.81
2026/09/15 01:28:10.852, 0, 164608, 0, 0, 228.41
2026/09/15 01:28:10.854, 1, 164672, 0, 0, 227.27
2026/09/15 01:28:10.857, 2, 164672, 0, 0, 215.87
2026/09/15 01:28:10.859, 3, 164352, 0, 0, 232.75
2026/09/15 01:28:11.862, 0, 164628, 0, 0, 228.49
2026/09/15 01:28:11.865, 1, 164692, 0, 0, 227.50
2026/09/15 01:28:11.867, 2, 164692, 0, 0, 216.31
2026/09/15 01:28:11.870, 3, 164372, 0, 0, 232.83
2026/09/15 01:28:12.872, 0, 164648, 0, 0, 228.41
2026/09/15 01:28:12.875, 1, 164712, 0, 0, 227.27
2026/09/15 01:28:12.877, 2, 164712, 0, 0, 215.88
2026/09/15 01:28:12.880, 3, 164392, 0, 0, 232.76
2026/09/15 01:28:13.883, 0, 164628, 0, 0, 228.41
2026/09/15 01:28:13.886, 1, 164712, 0, 0, 227.27
2026/09/15 01:28:13.889, 2, 164712, 0, 0, 215.68
2026/09/15 01:28:13.891, 3, 164372, 0, 0, 232.76
2026/09/15 01:28:14.894, 0, 164648, 0, 0, 228.41
2026/09/15 01:28:14.897, 1, 164712, 0, 0, 227.27
2026/09/15 01:28:14.899, 2, 164712, 0, 0, 215.87
2026/09/15 01:28:14.902, 3, 164392, 0, 0, 232.76
2026/09/15 01:28:15.904, 0, 164628, 0, 0, 228.41
2026/09/15 01:28:15.907, 1, 164712, 0, 0, 227.27
2026/09/15 01:28:15.909, 2, 164712, 0, 0, 215.92
2026/09/15 01:28:15.912, 3, 164372, 0, 0, 232.74
2026/09/15 01:28:16.914, 0, 164648, 0, 0, 228.41
2026/09/15 01:28:16.917, 1, 164712, 0, 0, 227.27
2026/09/15 01:28:16.920, 2, 164712, 0, 0, 215.94
2026/09/15 01:28:16.922, 3, 164392, 0, 0, 232.74
2026/09/15 01:28:17.925, 0, 164648, 0, 0, 228.41
2026/09/15 01:28:17.927, 1, 164692, 0, 0, 227.27
2026/09/15 01:28:17.930, 2, 164692, 0, 0, 215.83
2026/09/15 01:28:17.932, 3, 164372, 0, 0, 232.72
2026/09/15 01:28:18.935, 0, 164628, 0, 0, 228.41
2026/09/15 01:28:18.937, 1, 164712, 0, 0, 227.28
2026/09/15 01:28:18.940, 2, 164692, 0, 0, 215.92
2026/09/15 01:28:18.942, 3, 164392, 0, 0, 232.73
2026/09/15 01:28:19.945, 0, 164648, 0, 0, 228.41
2026/09/15 01:28:19.948, 1, 164712, 1, 0, 227.27
2026/09/15 01:28:19.950, 2, 164712, 0, 0, 215.74
2026/09/15 01:28:19.953, 3, 164392, 0, 0, 232.71
2026/09/15 01:28:20.955, 0, 164628, 0, 0, 228.41
2026/09/15 01:28:20.958, 1, 164712, 0, 0, 227.27
2026/09/15 01:28:20.960, 2, 164692, 0, 0, 215.87
2026/09/15 01:28:20.963, 3, 164392, 0, 0, 232.76
2026/09/15 01:28:21.966, 0, 164648, 0, 0, 228.41
2026/09/15 01:28:21.968, 1, 164712, 0, 0, 227.27
2026/09/15 01:28:21.971, 2, 164712, 0, 0, 215.79
2026/09/15 01:28:21.973, 3, 164392, 0, 0, 232.76
2026/09/15 01:28:22.976, 0, 164628, 0, 0, 228.41
2026/09/15 01:28:22.978, 1, 164712, 0, 0, 227.27
2026/09/15 01:28:22.981, 2, 164692, 0, 0, 215.93
2026/09/15 01:28:22.984, 3, 164372, 0, 0, 232.75
2026/09/15 01:28:23.986, 0, 164628, 0, 0, 228.49
2026/09/15 01:28:23.989, 1, 164712, 0, 0, 227.27
2026/09/15 01:28:23.991, 2, 164712, 0, 0, 216.05
2026/09/15 01:28:23.994, 3, 164392, 0, 0, 232.74
2026/09/15 01:28:24.996, 0, 164628, 0, 0, 228.41
2026/09/15 01:28:24.999, 1, 164712, 0, 0, 227.27
2026/09/15 01:28:25.002, 2, 164692, 0, 0, 215.83
2026/09/15 01:28:25.004, 3, 164372, 0, 0, 232.71
2026/09/15 01:28:26.007, 0, 164648, 0, 0, 228.41
2026/09/15 01:28:26.009, 1, 164712, 0, 0, 227.27
2026/09/15 01:28:26.012, 2, 164692, 0, 0, 216.22
2026/09/15 01:28:26.014, 3, 164372, 0, 0, 232.74
2026/09/15 01:28:27.017, 0, 164648, 0, 0, 228.41
2026/09/15 01:28:27.020, 1, 164712, 0, 0, 227.27
2026/09/15 01:28:27.022, 2, 164712, 0, 0, 215.91
2026/09/15 01:28:27.025, 3, 164392, 0, 0, 232.75
2026/09/15 01:28:28.027, 0, 164628, 0, 0, 228.41
2026/09/15 01:28:28.030, 1, 164712, 0, 0, 227.27
2026/09/15 01:28:28.032, 2, 164692, 0, 0, 215.85
2026/09/15 01:28:28.035, 3, 164392, 0, 0, 232.75
2026/09/15 01:28:29.037, 0, 164628, 0, 0, 228.41
2026/09/15 01:28:29.040, 1, 164692, 0, 0, 227.27
2026/09/15 01:28:29.043, 2, 164692, 0, 0, 216.15
2026/09/15 01:28:29.045, 3, 164392, 0, 0, 232.74
2026/09/15 01:28:30.048, 0, 164628, 0, 0, 228.56
2026/09/15 01:28:30.050, 1, 164712, 0, 0, 227.35
2026/09/15 01:28:30.053, 2, 164692, 0, 0, 215.99
2026/09/15 01:28:30.055, 3, 164392, 0, 0, 232.74
2026/09/15 01:28:31.058, 0, 164628, 0, 0, 228.41
2026/09/15 01:28:31.061, 1, 164692, 0, 0, 227.27
2026/09/15 01:28:31.063, 2, 164692, 0, 0, 215.90
2026/09/15 01:28:31.066, 3, 164392, 0, 0, 232.72
2026/09/15 01:28:32.068, 0, 164628, 0, 0, 228.49
2026/09/15 01:28:32.071, 1, 164712, 0, 0, 227.42
2026/09/15 01:28:32.073, 2, 164712, 0, 0, 216.05
2026/09/15 01:28:32.076, 3, 164392, 0, 0, 232.68
2026/09/15 01:28:33.078, 0, 164628, 0, 0, 228.41
2026/09/15 01:28:33.081, 1, 164712, 0, 0, 227.27
2026/09/15 01:28:33.083, 2, 164692, 0, 0, 215.96
2026/09/15 01:28:33.086, 3, 164372, 0, 0, 232.81
2026/09/15 01:28:34.088, 0, 164628, 0, 0, 228.70
2026/09/15 01:28:34.091, 1, 164712, 0, 0, 227.50
2026/09/15 01:28:34.093, 2, 164712, 0, 0, 216.46
2026/09/15 01:28:34.096, 3, 164392, 0, 0, 232.71
2026/09/15 01:28:35.099, 0, 164628, 0, 0, 228.41
2026/09/15 01:28:35.101, 1, 164692, 0, 0, 227.27
2026/09/15 01:28:35.104, 2, 164692, 0, 0, 216.21
2026/09/15 01:28:35.106, 3, 164392, 0, 0, 232.71
2026/09/15 01:28:36.109, 0, 164648, 0, 0, 228.49
2026/09/15 01:28:36.112, 1, 164712, 0, 0, 227.35
2026/09/15 01:28:36.114, 2, 164712, 0, 0, 216.21
2026/09/15 01:28:36.117, 3, 164372, 0, 0, 232.86
2026/09/15 01:28:37.119, 0, 164628, 0, 0, 228.49
2026/09/15 01:28:37.122, 1, 164712, 0, 0, 227.27
2026/09/15 01:28:37.124, 2, 164692, 0, 0, 215.72
2026/09/15 01:28:37.127, 3, 164372, 0, 0, 232.67
2026/09/15 01:28:38.129, 0, 164628, 0, 0, 228.48
2026/09/15 01:28:38.132, 1, 164712, 0, 0, 227.50
2026/09/15 01:28:38.135, 2, 164712, 0, 0, 216.16
2026/09/15 01:28:38.137, 3, 164392, 0, 0, 232.75
2026/09/15 01:28:39.140, 0, 164628, 0, 0, 228.41
2026/09/15 01:28:39.142, 1, 164692, 0, 0, 227.27
2026/09/15 01:28:39.145, 2, 164672, 0, 0, 215.90
2026/09/15 01:28:39.147, 3, 164372, 0, 0, 232.72
2026/09/15 01:28:40.150, 0, 164628, 0, 0, 228.70
2026/09/15 01:28:40.153, 1, 164712, 0, 0, 227.35
2026/09/15 01:28:40.155, 2, 164712, 0, 0, 216.11
2026/09/15 01:28:40.158, 3, 164392, 0, 0, 232.77
2026/09/15 01:28:41.160, 0, 164606, 0, 0, 228.41
2026/09/15 01:28:41.163, 1, 164692, 0, 0, 227.27
2026/09/15 01:28:41.166, 2, 164672, 0, 0, 215.99
2026/09/15 01:28:41.168, 3, 164372, 0, 0, 232.70
2026/09/15 01:28:42.171, 0, 164648, 8, 0, 233.77
2026/09/15 01:28:42.174, 1, 164692, 7, 0, 230.82
2026/09/15 01:28:42.176, 2, 164690, 8, 0, 220.91
2026/09/15 01:28:42.179, 3, 164372, 8, 0, 236.24
2026/09/15 01:28:43.182, 0, 164648, 9, 0, 235.01
2026/09/15 01:28:43.184, 1, 164692, 9, 0, 232.80
2026/09/15 01:28:43.187, 2, 164692, 9, 0, 221.78
2026/09/15 01:28:43.190, 3, 164372, 9, 0, 237.20
2026/09/15 01:28:44.192, 0, 164628, 10, 0, 237.78
2026/09/15 01:28:44.195, 1, 164712, 10, 0, 235.68
2026/09/15 01:28:44.197, 2, 164692, 10, 0, 225.05
2026/09/15 01:28:44.200, 3, 164372, 10, 0, 239.41
2026/09/15 01:28:45.203, 0, 164628, 12, 1, 247.41
2026/09/15 01:28:45.205, 1, 164712, 12, 1, 242.06
2026/09/15 01:28:45.208, 2, 164692, 12, 1, 232.74
2026/09/15 01:28:45.211, 3, 164370, 13, 1, 244.35
2026/09/15 01:28:46.213, 0, 164626, 14, 1, 251.11
2026/09/15 01:28:46.216, 1, 164692, 14, 1, 246.86
2026/09/15 01:28:46.219, 2, 164690, 14, 1, 235.19
2026/09/15 01:28:46.221, 3, 164372, 14, 1, 248.86
2026/09/15 01:28:47.224, 0, 164636, 20, 7, 282.54
2026/09/15 01:28:47.226, 1, 164686, 19, 6, 281.61
2026/09/15 01:28:47.229, 2, 164700, 19, 6, 265.72
2026/09/15 01:28:47.232, 3, 164366, 19, 6, 266.69
2026/09/15 01:28:48.234, 0, 164622, 20, 6, 293.41
2026/09/15 01:28:48.237, 1, 164700, 26, 10, 294.51
2026/09/15 01:28:48.239, 2, 164686, 19, 6, 271.68
2026/09/15 01:28:48.242, 3, 164366, 19, 6, 273.97
2026/09/15 01:28:49.244, 0, 164632, 26, 9, 314.34
2026/09/15 01:28:49.247, 1, 164698, 25, 9, 311.73
2026/09/15 01:28:49.250, 2, 164698, 27, 10, 289.25
2026/09/15 01:28:49.253, 3, 164378, 26, 9, 286.03
2026/09/15 01:28:50.255, 0, 164678, 9, 4, 303.57
2026/09/15 01:28:50.260, 1, 164742, 24, 8, 304.56
2026/09/15 01:28:50.264, 2, 164742, 11, 4, 279.50
2026/09/15 01:28:50.268, 3, 164422, 11, 4, 281.98
2026/09/15 01:28:51.272, 0, 164680, 0, 0, 231.99
2026/09/15 01:28:51.276, 1, 164744, 0, 0, 230.33
2026/09/15 01:28:51.278, 2, 164746, 0, 0, 220.54
2026/09/15 01:28:51.281, 3, 164424, 0, 0, 238.70
2026/09/15 01:28:52.283, 0, 164514, 23, 0, 253.91
2026/09/15 01:28:52.287, 1, 164578, 4, 0, 229.83
2026/09/15 01:28:52.290, 2, 164544, 6, 0, 243.87
2026/09/15 01:28:52.292, 3, 164224, 11, 0, 263.79
2026/09/15 01:28:53.295, 0, 164552, 0, 0, 234.97
2026/09/15 01:28:53.299, 1, 164616, 0, 0, 228.00
2026/09/15 01:28:53.301, 2, 164616, 0, 0, 220.19
2026/09/15 01:28:53.304, 3, 164296, 0, 0, 238.53
2026/09/15 01:28:54.306, 0, 164552, 0, 0, 228.41
2026/09/15 01:28:54.310, 1, 164616, 0, 0, 227.27
2026/09/15 01:28:54.312, 2, 164616, 0, 0, 215.61
2026/09/15 01:28:54.315, 3, 164296, 0, 0, 232.64
2026/09/15 01:28:55.317, 0, 165510, 43, 0, 238.29
2026/09/15 01:28:55.321, 1, 165574, 8, 0, 229.55
2026/09/15 01:28:55.323, 2, 165574, 90, 0, 239.05
2026/09/15 01:28:55.326, 3, 165254, 90, 0, 255.59
2026/09/15 01:28:56.329, 0, 165556, 6, 0, 240.73
2026/09/15 01:28:56.332, 1, 165620, 2, 0, 232.12
2026/09/15 01:28:56.335, 2, 165620, 98, 0, 239.43
2026/09/15 01:28:56.337, 3, 165300, 99, 0, 256.85
2026/09/15 01:28:57.340, 0, 165540, 0, 0, 231.03
2026/09/15 01:28:57.344, 1, 165604, 0, 0, 227.71
2026/09/15 01:28:57.346, 2, 165604, 0, 0, 221.69
2026/09/15 01:28:57.349, 3, 165284, 0, 0, 238.18
2026/09/15 01:28:58.351, 0, 165540, 0, 0, 228.41
2026/09/15 01:28:58.355, 1, 165604, 0, 0, 227.27
2026/09/15 01:28:58.357, 2, 165604, 0, 0, 215.61
2026/09/15 01:28:58.360, 3, 165284, 0, 0, 232.63
2026/09/15 01:28:59.362, 0, 165572, 38, 0, 231.30
2026/09/15 01:28:59.365, 1, 165636, 0, 0, 229.75
2026/09/15 01:28:59.368, 2, 165636, 68, 0, 228.39
2026/09/15 01:28:59.371, 3, 165316, 79, 0, 244.49
2026/09/15 01:29:00.373, 0, 165572, 0, 0, 231.09
2026/09/15 01:29:00.377, 1, 165636, 0, 0, 228.40
2026/09/15 01:29:00.379, 2, 165636, 0, 0, 220.81
2026/09/15 01:29:00.382, 3, 165316, 0, 0, 237.05
2026/09/15 01:29:01.385, 0, 165582, 0, 0, 230.33
2026/09/15 01:29:01.388, 1, 165646, 0, 0, 227.72
2026/09/15 01:29:01.391, 2, 165646, 0, 0, 218.62
2026/09/15 01:29:01.394, 3, 165326, 0, 0, 234.88
2026/09/15 01:29:02.397, 0, 165582, 0, 0, 228.41
2026/09/15 01:29:02.400, 1, 165646, 0, 0, 227.27
2026/09/15 01:29:02.403, 2, 165646, 0, 0, 215.70
2026/09/15 01:29:02.405, 3, 165326, 0, 0, 232.63
2026/09/15 01:29:03.408, 0, 166349, 3, 0, 228.41
2026/09/15 01:29:03.412, 1, 165650, 0, 0, 227.27
2026/09/15 01:29:03.414, 2, 165650, 1, 0, 215.55
2026/09/15 01:29:03.417, 3, 165330, 1, 0, 232.64
2026/09/15 01:29:04.419, 0, 166353, 0, 0, 234.05
2026/09/15 01:29:04.423, 1, 165654, 0, 0, 230.01
2026/09/15 01:29:04.425, 2, 165654, 0, 0, 217.82
2026/09/15 01:29:04.428, 3, 165334, 0, 0, 239.63
2026/09/15 01:29:05.430, 0, 166353, 0, 0, 228.41
2026/09/15 01:29:05.434, 1, 165654, 0, 0, 227.27
2026/09/15 01:29:05.436, 2, 165658, 0, 0, 215.54
2026/09/15 01:29:05.439, 3, 165336, 0, 0, 232.64
2026/09/15 01:29:06.441, 0, 166355, 0, 0, 228.41
2026/09/15 01:29:06.445, 1, 165656, 0, 0, 227.27
2026/09/15 01:29:06.447, 2, 165658, 0, 0, 215.54
2026/09/15 01:29:06.450, 3, 165336, 0, 0, 232.63
2026/09/15 01:29:07.452, 0, 166355, 0, 0, 228.41
2026/09/15 01:29:07.456, 1, 165656, 0, 0, 227.27
2026/09/15 01:29:07.458, 2, 165658, 0, 0, 215.54
2026/09/15 01:29:07.461, 3, 165336, 0, 0, 232.64
2026/09/15 01:29:08.463, 0, 166377, 1, 0, 241.55
2026/09/15 01:29:08.467, 1, 165678, 40, 5, 253.09
2026/09/15 01:29:08.469, 2, 165678, 0, 0, 235.92
2026/09/15 01:29:08.471, 3, 165358, 0, 0, 259.76
2026/09/15 01:29:09.474, 0, 166377, 0, 0, 229.33
2026/09/15 01:29:09.477, 1, 165678, 0, 0, 228.17
2026/09/15 01:29:09.480, 2, 165678, 0, 0, 217.66
2026/09/15 01:29:09.482, 3, 165358, 0, 0, 234.35
2026/09/15 01:29:10.485, 0, 166377, 0, 0, 229.47
2026/09/15 01:29:10.488, 1, 165678, 0, 0, 228.66
2026/09/15 01:29:10.490, 2, 165678, 0, 0, 218.39
2026/09/15 01:29:10.493, 3, 165358, 0, 0, 234.74
2026/09/15 01:29:11.496, 0, 166377, 0, 0, 228.40
2026/09/15 01:29:11.500, 1, 165678, 0, 0, 226.96
2026/09/15 01:29:11.502, 2, 165678, 0, 0, 215.70
2026/09/15 01:29:11.505, 3, 165358, 0, 0, 232.65
2026/09/15 01:29:12.508, 0, 166377, 0, 0, 228.41
2026/09/15 01:29:12.510, 1, 165678, 0, 0, 227.27
2026/09/15 01:29:12.513, 2, 165678, 0, 0, 215.54
2026/09/15 01:29:12.515, 3, 165358, 0, 0, 232.63
2026/09/15 01:29:13.518, 0, 166377, 0, 0, 228.41
2026/09/15 01:29:13.521, 1, 165678, 0, 0, 227.27
2026/09/15 01:29:13.524, 2, 165678, 0, 0, 215.76
2026/09/15 01:29:13.526, 3, 165358, 0, 0, 232.64
2026/09/15 01:29:14.529, 0, 166377, 0, 0, 228.41
2026/09/15 01:29:14.532, 1, 165678, 0, 0, 227.27
2026/09/15 01:29:14.534, 2, 165678, 0, 0, 215.54
2026/09/15 01:29:14.537, 3, 165358, 0, 0, 232.63
2026/09/15 01:29:15.539, 0, 166377, 0, 0, 228.41
2026/09/15 01:29:15.542, 1, 165678, 0, 0, 227.27
2026/09/15 01:29:15.545, 2, 165678, 0, 0, 215.45
2026/09/15 01:29:15.547, 3, 165358, 0, 0, 232.62
2026/09/15 01:29:16.550, 0, 166377, 0, 0, 228.41
2026/09/15 01:29:16.553, 1, 165678, 0, 0, 227.27
2026/09/15 01:29:16.555, 2, 165678, 0, 0, 215.54
2026/09/15 01:29:16.558, 3, 165358, 0, 0, 232.64
2026/09/15 01:29:17.561, 0, 166377, 0, 0, 228.41
2026/09/15 01:29:17.564, 1, 165678, 0, 0, 227.27
2026/09/15 01:29:17.567, 2, 165678, 0, 0, 215.54
2026/09/15 01:29:17.570, 3, 165358, 0, 0, 232.64
2026/09/15 01:29:18.572, 0, 166377, 0, 0, 228.41
2026/09/15 01:29:18.575, 1, 165678, 0, 0, 227.27
2026/09/15 01:29:18.578, 2, 165678, 0, 0, 215.54
2026/09/15 01:29:18.580, 3, 165358, 0, 0, 232.63
2026/09/15 01:29:19.583, 0, 166377, 0, 0, 228.41
2026/09/15 01:29:19.586, 1, 165678, 0, 0, 227.27
2026/09/15 01:29:19.588, 2, 165678, 0, 0, 215.54
2026/09/15 01:29:19.591, 3, 165358, 0, 0, 232.63
2026/09/15 01:29:20.594, 0, 166377, 0, 0, 228.41
2026/09/15 01:29:20.597, 1, 165678, 0, 0, 227.27
2026/09/15 01:29:20.599, 2, 165678, 0, 0, 215.54
2026/09/15 01:29:20.602, 3, 165358, 0, 0, 232.63
2026/09/15 01:29:21.604, 0, 166377, 0, 0, 228.41
2026/09/15 01:29:21.607, 1, 165678, 0, 0, 227.27
2026/09/15 01:29:21.610, 2, 165678, 0, 0, 215.54
2026/09/15 01:29:21.612, 3, 165358, 0, 0, 232.63
2026/09/15 01:29:22.615, 0, 166413, 0, 0, 295.66
2026/09/15 01:29:22.618, 1, 165714, 0, 0, 255.65
2026/09/15 01:29:22.621, 2, 165714, 0, 0, 293.98
2026/09/15 01:29:22.623, 3, 165394, 0, 0, 310.85
2026/09/15 01:29:23.626, 0, 166583, 99, 15, 274.25
2026/09/15 01:29:23.629, 1, 165884, 99, 15, 289.22
2026/09/15 01:29:23.631, 2, 165884, 99, 15, 306.48
2026/09/15 01:29:23.634, 3, 165564, 99, 15, 328.36
2026/09/15 01:29:24.636, 0, 166583, 39, 3, 364.53
2026/09/15 01:29:24.639, 1, 165884, 52, 8, 339.95
2026/09/15 01:29:24.642, 2, 165884, 69, 4, 373.00
2026/09/15 01:29:24.644, 3, 165564, 78, 4, 394.77
2026/09/15 01:29:25.647, 0, 166583, 99, 15, 367.79
2026/09/15 01:29:25.650, 1, 165884, 99, 15, 346.00
2026/09/15 01:29:25.653, 2, 165884, 99, 15, 340.51
2026/09/15 01:29:25.656, 3, 165564, 99, 15, 354.99
2026/09/15 01:29:26.658, 0, 166583, 99, 15, 363.92
2026/09/15 01:29:26.661, 1, 165884, 99, 15, 341.21
2026/09/15 01:29:26.664, 2, 165884, 99, 15, 372.95
2026/09/15 01:29:26.667, 3, 165564, 99, 15, 364.18
2026/09/15 01:29:27.670, 0, 166583, 99, 15, 376.85
2026/09/15 01:29:27.673, 1, 165884, 99, 15, 339.92
2026/09/15 01:29:27.676, 2, 165884, 99, 15, 378.01
2026/09/15 01:29:27.679, 3, 165564, 99, 15, 394.14
2026/09/15 01:29:28.681, 0, 166583, 100, 15, 342.00
2026/09/15 01:29:28.685, 1, 165884, 99, 15, 344.73
2026/09/15 01:29:28.688, 2, 165884, 99, 15, 374.01
2026/09/15 01:29:28.690, 3, 165564, 99, 15, 393.43
2026/09/15 01:29:29.693, 0, 166583, 99, 15, 343.25
2026/09/15 01:29:29.696, 1, 165884, 99, 15, 387.37
2026/09/15 01:29:29.699, 2, 165884, 99, 15, 380.23
2026/09/15 01:29:29.702, 3, 165564, 99, 15, 396.55
2026/09/15 01:29:30.705, 0, 166583, 63, 10, 343.45
2026/09/15 01:29:30.708, 1, 165884, 69, 3, 385.04
2026/09/15 01:29:30.711, 2, 165884, 86, 9, 379.45
2026/09/15 01:29:30.714, 3, 165564, 89, 9, 395.73
2026/09/15 01:29:31.717, 0, 166583, 99, 15, 349.06
2026/09/15 01:29:31.720, 1, 165884, 99, 15, 359.55
2026/09/15 01:29:31.723, 2, 165884, 99, 15, 350.92
2026/09/15 01:29:31.725, 3, 165564, 99, 15, 358.10
2026/09/15 01:29:32.728, 0, 166583, 100, 15, 344.30
2026/09/15 01:29:32.731, 1, 165884, 99, 15, 376.79
2026/09/15 01:29:32.734, 2, 165884, 99, 15, 371.17
2026/09/15 01:29:32.737, 3, 165564, 99, 15, 393.37
2026/09/15 01:29:33.740, 0, 166583, 99, 15, 342.66
2026/09/15 01:29:33.743, 1, 165884, 99, 15, 382.93
2026/09/15 01:29:33.746, 2, 165884, 100, 15, 380.41
2026/09/15 01:29:33.749, 3, 165564, 99, 15, 399.02
2026/09/15 01:29:34.751, 0, 166583, 100, 15, 343.10
2026/09/15 01:29:34.755, 1, 165884, 99, 15, 378.23
2026/09/15 01:29:34.757, 2, 165884, 99, 15, 377.04
2026/09/15 01:29:34.760, 3, 165564, 99, 15, 397.39
2026/09/15 01:29:35.763, 0, 166583, 99, 15, 344.14
2026/09/15 01:29:35.766, 1, 165884, 91, 12, 384.52
2026/09/15 01:29:35.769, 2, 165884, 100, 15, 378.06
2026/09/15 01:29:35.772, 3, 165564, 99, 15, 396.59
2026/09/15 01:29:36.775, 0, 166583, 17, 3, 343.84
2026/09/15 01:29:36.778, 1, 165884, 87, 13, 387.53
2026/09/15 01:29:36.781, 2, 165884, 77, 3, 378.58
2026/09/15 01:29:36.784, 3, 165564, 85, 3, 396.33
2026/09/15 01:29:37.787, 0, 166583, 99, 15, 353.05
2026/09/15 01:29:37.790, 1, 165884, 99, 15, 349.15
2026/09/15 01:29:37.792, 2, 165884, 100, 15, 349.37
2026/09/15 01:29:37.795, 3, 165564, 99, 15, 356.92
2026/09/15 01:29:38.798, 0, 166583, 99, 15, 378.39
2026/09/15 01:29:38.801, 1, 165884, 99, 15, 343.15
2026/09/15 01:29:38.804, 2, 165884, 100, 15, 358.80
2026/09/15 01:29:38.807, 3, 165564, 99, 15, 386.38
2026/09/15 01:29:39.810, 0, 166583, 99, 15, 354.28
2026/09/15 01:29:39.813, 1, 165884, 99, 15, 341.22
2026/09/15 01:29:39.816, 2, 165884, 100, 15, 373.33
2026/09/15 01:29:39.818, 3, 165564, 99, 15, 393.36
2026/09/15 01:29:40.821, 0, 166583, 100, 15, 375.24
2026/09/15 01:29:40.824, 1, 165884, 99, 15, 341.13
2026/09/15 01:29:40.827, 2, 165884, 100, 15, 374.06
2026/09/15 01:29:40.830, 3, 165564, 99, 15, 394.04
2026/09/15 01:29:41.833, 0, 166583, 95, 14, 373.48
2026/09/15 01:29:41.836, 1, 165884, 99, 15, 341.85
2026/09/15 01:29:41.839, 2, 165884, 94, 13, 373.84
2026/09/15 01:29:41.842, 3, 165564, 94, 13, 393.43
2026/09/15 01:29:42.845, 0, 166583, 75, 11, 373.08
2026/09/15 01:29:42.848, 1, 165884, 18, 3, 341.70
2026/09/15 01:29:42.851, 2, 165884, 86, 12, 372.82
2026/09/15 01:29:42.854, 3, 165564, 90, 12, 398.17
2026/09/15 01:29:43.856, 0, 166583, 85, 13, 352.32
2026/09/15 01:29:43.860, 1, 165884, 99, 15, 349.01
2026/09/15 01:29:43.862, 2, 165884, 100, 15, 332.24
2026/09/15 01:29:43.865, 3, 165564, 99, 15, 348.68
2026/09/15 01:29:44.868, 0, 166583, 100, 15, 375.73
2026/09/15 01:29:44.871, 1, 165884, 99, 15, 340.69
2026/09/15 01:29:44.874, 2, 165884, 100, 15, 370.71
2026/09/15 01:29:44.877, 3, 165564, 99, 15, 379.48
2026/09/15 01:29:45.879, 0, 166583, 99, 15, 369.68
2026/09/15 01:29:45.883, 1, 165884, 99, 15, 341.65
2026/09/15 01:29:45.885, 2, 165884, 100, 15, 371.40
2026/09/15 01:29:45.888, 3, 165564, 99, 15, 392.61
2026/09/15 01:29:46.891, 0, 166583, 100, 15, 358.33
2026/09/15 01:29:46.894, 1, 165884, 99, 15, 339.37
2026/09/15 01:29:46.897, 2, 165884, 100, 15, 370.85
2026/09/15 01:29:46.900, 3, 165564, 99, 15, 389.68
2026/09/15 01:29:47.903, 0, 166583, 99, 15, 367.03
2026/09/15 01:29:47.906, 1, 165884, 99, 15, 342.07
2026/09/15 01:29:47.909, 2, 165884, 100, 15, 369.94
2026/09/15 01:29:47.912, 3, 165564, 99, 15, 393.00
2026/09/15 01:29:48.914, 0, 166583, 66, 3, 378.58
2026/09/15 01:29:48.918, 1, 165884, 62, 10, 341.15
2026/09/15 01:29:48.920, 2, 165884, 76, 3, 373.80
2026/09/15 01:29:48.923, 3, 165564, 81, 3, 391.37
2026/09/15 01:29:49.926, 0, 166583, 100, 15, 350.86
2026/09/15 01:29:49.929, 1, 165884, 99, 15, 348.28
2026/09/15 01:29:49.932, 2, 165884, 100, 15, 332.15
2026/09/15 01:29:49.935, 3, 165564, 99, 15, 345.26
2026/09/15 01:29:50.938, 0, 166583, 100, 15, 359.72
2026/09/15 01:29:50.941, 1, 165884, 99, 15, 342.28
2026/09/15 01:29:50.944, 2, 165884, 100, 15, 374.46
2026/09/15 01:29:50.947, 3, 165564, 100, 15, 390.16
2026/09/15 01:29:51.949, 0, 166583, 100, 15, 362.53
2026/09/15 01:29:51.953, 1, 165884, 99, 15, 340.67
2026/09/15 01:29:51.955, 2, 165884, 100, 15, 370.99
2026/09/15 01:29:51.958, 3, 165564, 100, 15, 391.40
2026/09/15 01:29:52.961, 0, 166583, 100, 15, 343.96
2026/09/15 01:29:52.964, 1, 165884, 99, 15, 383.54
2026/09/15 01:29:52.967, 2, 165884, 100, 15, 372.52
2026/09/15 01:29:52.970, 3, 165564, 99, 15, 393.42
2026/09/15 01:29:53.973, 0, 166583, 99, 15, 346.03
2026/09/15 01:29:53.976, 1, 165884, 75, 5, 385.48
2026/09/15 01:29:53.979, 2, 165884, 100, 15, 380.92
2026/09/15 01:29:53.982, 3, 165564, 99, 15, 394.21
2026/09/15 01:29:54.985, 0, 166583, 57, 8, 364.82
2026/09/15 01:29:54.988, 1, 165884, 99, 15, 342.62
2026/09/15 01:29:54.991, 2, 165884, 78, 9, 369.85
2026/09/15 01:29:54.993, 3, 165564, 84, 9, 388.98
2026/09/15 01:29:55.996, 0, 166583, 100, 15, 351.72
2026/09/15 01:29:55.999, 1, 165884, 99, 15, 348.17
2026/09/15 01:29:56.002, 2, 165884, 100, 15, 331.94
2026/09/15 01:29:56.005, 3, 165564, 99, 15, 346.97
2026/09/15 01:29:57.008, 0, 166583, 99, 15, 362.82
2026/09/15 01:29:57.011, 1, 165884, 99, 15, 342.83
2026/09/15 01:29:57.014, 2, 165884, 99, 15, 369.38
2026/09/15 01:29:57.016, 3, 165564, 99, 15, 387.56
2026/09/15 01:29:58.019, 0, 166583, 99, 15, 372.55
2026/09/15 01:29:58.022, 1, 165884, 99, 15, 341.75
2026/09/15 01:29:58.025, 2, 165884, 100, 15, 368.79
2026/09/15 01:29:58.028, 3, 165564, 99, 15, 388.42
2026/09/15 01:29:59.031, 0, 166583, 99, 15, 367.84
2026/09/15 01:29:59.034, 1, 165884, 99, 15, 341.14
2026/09/15 01:29:59.037, 2, 165884, 100, 15, 369.93
2026/09/15 01:29:59.040, 3, 165564, 99, 15, 388.67
2026/09/15 01:30:00.042, 0, 166583, 53, 7, 356.62
2026/09/15 01:30:00.046, 1, 165884, 99, 15, 342.84
2026/09/15 01:30:00.048, 2, 165884, 77, 6, 368.61
2026/09/15 01:30:00.051, 3, 165564, 83, 6, 389.01
2026/09/15 01:30:01.054, 0, 166583, 100, 15, 347.16
2026/09/15 01:30:01.057, 1, 165884, 40, 6, 355.59
2026/09/15 01:30:01.060, 2, 165884, 100, 15, 363.67
2026/09/15 01:30:01.063, 3, 165564, 100, 15, 379.80
2026/09/15 01:30:02.066, 0, 166583, 100, 15, 349.79
2026/09/15 01:30:02.069, 1, 165884, 99, 15, 352.24
2026/09/15 01:30:02.071, 2, 165884, 100, 15, 339.05
2026/09/15 01:30:02.074, 3, 165564, 99, 15, 361.03
2026/09/15 01:30:03.077, 0, 166583, 100, 15, 367.29
2026/09/15 01:30:03.080, 1, 165884, 99, 15, 340.91
2026/09/15 01:30:03.083, 2, 165884, 99, 15, 368.87
2026/09/15 01:30:03.086, 3, 165564, 99, 15, 387.77
2026/09/15 01:30:04.088, 0, 166583, 99, 15, 369.02
2026/09/15 01:30:04.092, 1, 165884, 99, 15, 341.09
2026/09/15 01:30:04.094, 2, 165884, 100, 15, 371.62
2026/09/15 01:30:04.097, 3, 165564, 100, 15, 388.89
2026/09/15 01:30:05.100, 0, 166583, 99, 15, 376.97
2026/09/15 01:30:05.103, 1, 165884, 99, 15, 342.52
2026/09/15 01:30:05.106, 2, 165884, 100, 15, 373.90
2026/09/15 01:30:05.109, 3, 165564, 99, 15, 391.39
2026/09/15 01:30:06.112, 0, 166583, 99, 15, 353.18
2026/09/15 01:30:06.115, 1, 165884, 51, 8, 340.35
2026/09/15 01:30:06.117, 2, 165884, 100, 15, 367.45
2026/09/15 01:30:06.120, 3, 165564, 99, 15, 391.13
2026/09/15 01:30:07.123, 0, 166583, 55, 4, 371.35
2026/09/15 01:30:07.126, 1, 165884, 99, 15, 341.46
2026/09/15 01:30:07.129, 2, 165884, 74, 6, 365.51
2026/09/15 01:30:07.132, 3, 165564, 79, 6, 385.33
2026/09/15 01:30:08.135, 0, 166583, 99, 15, 356.97
2026/09/15 01:30:08.138, 1, 165884, 99, 15, 349.08
2026/09/15 01:30:08.141, 2, 165884, 100, 15, 343.31
2026/09/15 01:30:08.143, 3, 165564, 99, 15, 354.12
2026/09/15 01:30:09.146, 0, 166583, 100, 15, 375.71
2026/09/15 01:30:09.149, 1, 165884, 99, 15, 341.51
2026/09/15 01:30:09.152, 2, 165884, 100, 15, 376.37
2026/09/15 01:30:09.155, 3, 165564, 99, 15, 392.27
2026/09/15 01:30:10.158, 0, 166583, 100, 15, 373.42
2026/09/15 01:30:10.161, 1, 165884, 99, 15, 341.01
2026/09/15 01:30:10.164, 2, 165884, 100, 15, 373.17
2026/09/15 01:30:10.166, 3, 165564, 99, 15, 390.71
2026/09/15 01:30:11.169, 0, 166583, 99, 15, 359.97
2026/09/15 01:30:11.172, 1, 165884, 99, 15, 342.31
2026/09/15 01:30:11.175, 2, 165884, 100, 15, 371.38
2026/09/15 01:30:11.178, 3, 165564, 99, 15, 390.25
2026/09/15 01:30:12.181, 0, 166583, 74, 10, 365.16
2026/09/15 01:30:12.184, 1, 165884, 63, 10, 341.66
2026/09/15 01:30:12.187, 2, 165884, 86, 9, 372.67
2026/09/15 01:30:12.189, 3, 165564, 88, 9, 390.74
2026/09/15 01:30:13.192, 0, 166583, 97, 15, 346.05
2026/09/15 01:30:13.195, 1, 165884, 99, 15, 348.49
2026/09/15 01:30:13.198, 2, 165884, 100, 15, 371.00
2026/09/15 01:30:13.201, 3, 165564, 99, 15, 390.95
2026/09/15 01:30:14.204, 0, 166583, 99, 15, 348.74
2026/09/15 01:30:14.207, 1, 165884, 99, 15, 350.07
2026/09/15 01:30:14.210, 2, 165884, 100, 15, 332.45
2026/09/15 01:30:14.212, 3, 165564, 99, 15, 353.60
2026/09/15 01:30:15.215, 0, 166583, 99, 15, 354.13
2026/09/15 01:30:15.218, 1, 165884, 99, 15, 341.62
2026/09/15 01:30:15.221, 2, 165884, 100, 15, 369.00
2026/09/15 01:30:15.224, 3, 165564, 99, 15, 389.66
2026/09/15 01:30:16.227, 0, 166583, 99, 15, 360.31
2026/09/15 01:30:16.230, 1, 165884, 99, 15, 341.70
2026/09/15 01:30:16.233, 2, 165884, 100, 15, 368.26
2026/09/15 01:30:16.235, 3, 165564, 100, 15, 387.14
2026/09/15 01:30:17.238, 0, 166583, 99, 15, 358.05
2026/09/15 01:30:17.241, 1, 165884, 99, 15, 341.02
2026/09/15 01:30:17.244, 2, 165884, 100, 15, 370.50
2026/09/15 01:30:17.247, 3, 165564, 99, 15, 389.43
2026/09/15 01:30:18.250, 0, 166583, 33, 3, 360.88
2026/09/15 01:30:18.253, 1, 165884, 99, 15, 340.93
2026/09/15 01:30:18.255, 2, 165884, 75, 3, 370.88
2026/09/15 01:30:18.258, 3, 165564, 80, 4, 391.20
2026/09/15 01:30:19.261, 0, 166583, 99, 15, 348.65
2026/09/15 01:30:19.264, 1, 165884, 75, 3, 377.11
2026/09/15 01:30:19.267, 2, 165884, 100, 15, 355.20
2026/09/15 01:30:19.270, 3, 165564, 99, 15, 365.58
2026/09/15 01:30:20.273, 0, 166583, 100, 15, 350.19
2026/09/15 01:30:20.276, 1, 165884, 99, 15, 371.28
2026/09/15 01:30:20.278, 2, 165884, 100, 15, 353.96
2026/09/15 01:30:20.281, 3, 165564, 99, 15, 374.75
2026/09/15 01:30:21.284, 0, 166583, 99, 15, 365.03
2026/09/15 01:30:21.288, 1, 165884, 99, 15, 341.91
2026/09/15 01:30:21.291, 2, 165884, 100, 15, 373.30
2026/09/15 01:30:21.293, 3, 165564, 99, 15, 392.57
2026/09/15 01:30:22.296, 0, 166583, 99, 15, 379.02
2026/09/15 01:30:22.299, 1, 165884, 99, 15, 340.09
2026/09/15 01:30:22.302, 2, 165884, 100, 15, 368.39
2026/09/15 01:30:22.304, 3, 165564, 100, 15, 392.74
2026/09/15 01:30:23.307, 0, 166583, 100, 15, 372.79
2026/09/15 01:30:23.310, 1, 165884, 99, 15, 341.72
2026/09/15 01:30:23.313, 2, 165884, 99, 15, 372.61
2026/09/15 01:30:23.315, 3, 165564, 99, 15, 392.60
2026/09/15 01:30:24.318, 0, 166583, 82, 13, 345.61
2026/09/15 01:30:24.321, 1, 165884, 92, 13, 383.01
2026/09/15 01:30:24.324, 2, 165884, 92, 12, 376.32
2026/09/15 01:30:24.326, 3, 165564, 94, 12, 393.64
2026/09/15 01:30:25.329, 0, 166583, 79, 12, 348.07
2026/09/15 01:30:25.332, 1, 165884, 85, 13, 374.09
2026/09/15 01:30:25.334, 2, 165884, 91, 13, 361.46
2026/09/15 01:30:25.337, 3, 165564, 92, 13, 371.65
2026/09/15 01:30:26.340, 0, 166583, 99, 15, 346.81
2026/09/15 01:30:26.342, 1, 165884, 99, 15, 367.54
2026/09/15 01:30:26.345, 2, 165884, 100, 15, 355.80
2026/09/15 01:30:26.348, 3, 165564, 99, 15, 378.57
2026/09/15 01:30:27.350, 0, 166583, 99, 15, 344.71
2026/09/15 01:30:27.353, 1, 165884, 99, 15, 385.03
2026/09/15 01:30:27.356, 2, 165884, 100, 15, 375.03
2026/09/15 01:30:27.358, 3, 165564, 99, 15, 394.85
2026/09/15 01:30:28.361, 0, 166583, 99, 15, 343.22
2026/09/15 01:30:28.364, 1, 165884, 99, 15, 380.89
2026/09/15 01:30:28.367, 2, 165884, 100, 15, 373.26
2026/09/15 01:30:28.369, 3, 165564, 99, 15, 395.26
2026/09/15 01:30:29.372, 0, 166583, 99, 15, 378.07
2026/09/15 01:30:29.375, 1, 165884, 99, 15, 343.52
2026/09/15 01:30:29.377, 2, 165884, 99, 15, 368.95
2026/09/15 01:30:29.380, 3, 165564, 99, 15, 394.34
2026/09/15 01:30:30.382, 0, 166583, 63, 3, 376.32
2026/09/15 01:30:30.385, 1, 165884, 18, 3, 342.28
2026/09/15 01:30:30.388, 2, 165884, 74, 3, 375.03
2026/09/15 01:30:30.391, 3, 165564, 84, 3, 397.10
2026/09/15 01:30:31.393, 0, 166583, 100, 15, 354.63
2026/09/15 01:30:31.396, 1, 165884, 99, 15, 348.77
2026/09/15 01:30:31.399, 2, 165884, 99, 15, 364.64
2026/09/15 01:30:31.401, 3, 165564, 99, 15, 372.05
2026/09/15 01:30:32.404, 0, 166583, 99, 15, 367.25
2026/09/15 01:30:32.407, 1, 165884, 99, 15, 342.02
2026/09/15 01:30:32.409, 2, 165884, 100, 15, 354.19
2026/09/15 01:30:32.412, 3, 165564, 100, 15, 367.60
2026/09/15 01:30:33.415, 0, 166583, 99, 15, 371.15
2026/09/15 01:30:33.418, 1, 165884, 99, 15, 342.20
2026/09/15 01:30:33.420, 2, 165884, 100, 15, 378.80
2026/09/15 01:30:33.423, 3, 165564, 99, 15, 390.66
2026/09/15 01:30:34.426, 0, 166583, 99, 15, 354.23
2026/09/15 01:30:34.428, 1, 165884, 99, 15, 341.80
2026/09/15 01:30:34.431, 2, 165884, 100, 15, 378.27
2026/09/15 01:30:34.434, 3, 165564, 99, 15, 390.45
2026/09/15 01:30:35.436, 0, 166583, 99, 15, 363.11
2026/09/15 01:30:35.439, 1, 165884, 99, 15, 340.90
2026/09/15 01:30:35.442, 2, 165884, 100, 15, 377.05
2026/09/15 01:30:35.444, 3, 165564, 99, 15, 393.99
2026/09/15 01:30:36.447, 0, 166583, 65, 8, 373.19
2026/09/15 01:30:36.450, 1, 165884, 98, 15, 341.23
2026/09/15 01:30:36.453, 2, 165884, 81, 3, 376.11
2026/09/15 01:30:36.455, 3, 165564, 86, 9, 391.02
2026/09/15 01:30:37.458, 0, 166583, 100, 15, 350.57
2026/09/15 01:30:37.461, 1, 165884, 65, 10, 347.00
2026/09/15 01:30:37.463, 2, 165884, 100, 15, 338.04
2026/09/15 01:30:37.466, 3, 165564, 99, 15, 346.70
2026/09/15 01:30:38.468, 0, 166583, 99, 15, 351.59
2026/09/15 01:30:38.471, 1, 165884, 99, 15, 343.41
2026/09/15 01:30:38.474, 2, 165884, 100, 15, 372.92
2026/09/15 01:30:38.477, 3, 165564, 99, 15, 391.95
2026/09/15 01:30:39.479, 0, 166583, 99, 15, 371.26
2026/09/15 01:30:39.482, 1, 165884, 99, 15, 343.52
2026/09/15 01:30:39.485, 2, 165884, 100, 15, 379.59
2026/09/15 01:30:39.487, 3, 165564, 99, 15, 390.63
2026/09/15 01:30:40.490, 0, 166583, 99, 15, 374.87
2026/09/15 01:30:40.493, 1, 165884, 99, 15, 342.12
2026/09/15 01:30:40.496, 2, 165884, 100, 15, 378.56
2026/09/15 01:30:40.498, 3, 165564, 99, 15, 392.12
2026/09/15 01:30:41.501, 0, 166583, 0, 0, 299.95
2026/09/15 01:30:41.504, 1, 165884, 0, 0, 301.50
2026/09/15 01:30:41.507, 2, 165884, 0, 0, 280.94
2026/09/15 01:30:41.509, 3, 165564, 0, 0, 295.16
2026/09/15 01:30:42.512, 0, 166583, 0, 0, 229.41
2026/09/15 01:30:42.514, 1, 165884, 0, 0, 227.27
2026/09/15 01:30:42.517, 2, 165884, 0, 0, 218.78
2026/09/15 01:30:42.519, 3, 165564, 0, 0, 233.09
2026/09/15 01:30:43.522, 0, 166583, 0, 0, 228.55
2026/09/15 01:30:43.526, 1, 165884, 0, 0, 227.18
2026/09/15 01:30:43.529, 2, 165884, 0, 0, 217.81
2026/09/15 01:30:43.531, 3, 165564, 0, 0, 232.79
2026/09/15 01:30:44.534, 0, 166583, 0, 0, 228.41
2026/09/15 01:30:44.537, 1, 165884, 0, 0, 227.27
2026/09/15 01:30:44.540, 2, 165884, 0, 0, 217.57
2026/09/15 01:30:44.542, 3, 165564, 0, 0, 232.64
2026/09/15 01:30:45.545, 0, 166583, 0, 0, 228.49
2026/09/15 01:30:45.548, 1, 165884, 0, 0, 227.27
2026/09/15 01:30:45.550, 2, 165884, 0, 0, 216.46
2026/09/15 01:30:45.553, 3, 165564, 0, 0, 232.63
2026/09/15 01:30:46.555, 0, 166583, 0, 0, 228.41
2026/09/15 01:30:46.558, 1, 165884, 0, 0, 227.27
2026/09/15 01:30:46.560, 2, 165884, 0, 0, 216.16
2026/09/15 01:30:46.563, 3, 165564, 0, 0, 232.63
2026/09/15 01:30:47.565, 0, 166583, 0, 0, 228.41
2026/09/15 01:30:47.568, 1, 165884, 0, 0, 227.27
2026/09/15 01:30:47.571, 2, 165884, 0, 0, 216.07
2026/09/15 01:30:47.573, 3, 165564, 0, 0, 232.63
2026/09/15 01:30:48.576, 0, 166583, 0, 0, 228.41
2026/09/15 01:30:48.579, 1, 165884, 0, 0, 227.27
2026/09/15 01:30:48.581, 2, 165884, 0, 0, 215.85
2026/09/15 01:30:48.584, 3, 165564, 0, 0, 232.64
2026/09/15 01:30:49.586, 0, 166583, 0, 0, 228.41
2026/09/15 01:30:49.589, 1, 165884, 0, 0, 227.27
2026/09/15 01:30:49.592, 2, 165884, 0, 0, 216.07
2026/09/15 01:30:49.594, 3, 165564, 0, 0, 232.63
2026/09/15 01:30:50.597, 0, 166583, 0, 0, 228.41
2026/09/15 01:30:50.600, 1, 165884, 0, 0, 227.27
2026/09/15 01:30:50.603, 2, 165884, 0, 0, 216.00
2026/09/15 01:30:50.605, 3, 165564, 0, 0, 232.63
2026/09/15 01:30:51.608, 0, 166583, 0, 0, 228.41
2026/09/15 01:30:51.611, 1, 165884, 0, 0, 227.27
2026/09/15 01:30:51.613, 2, 165884, 0, 0, 215.77
2026/09/15 01:30:51.616, 3, 165564, 0, 0, 232.63
2026/09/15 01:30:52.618, 0, 166583, 0, 0, 228.41
2026/09/15 01:30:52.621, 1, 165884, 0, 0, 227.27
2026/09/15 01:30:52.624, 2, 165884, 0, 0, 215.70
2026/09/15 01:30:52.626, 3, 165564, 0, 0, 232.63
2026/09/15 01:30:53.629, 0, 166583, 0, 0, 228.41
2026/09/15 01:30:53.632, 1, 165884, 0, 0, 227.27
2026/09/15 01:30:53.635, 2, 165884, 0, 0, 215.85
2026/09/15 01:30:53.637, 3, 165564, 0, 0, 232.63
2026/09/15 01:30:54.640, 0, 166413, 21, 3, 259.37
2026/09/15 01:30:54.643, 1, 165714, 0, 0, 300.31
2026/09/15 01:30:54.645, 2, 165714, 0, 0, 290.92
2026/09/15 01:30:54.648, 3, 165394, 0, 0, 303.77
2026/09/15 01:30:55.650, 0, 166583, 12, 2, 249.82
2026/09/15 01:30:55.653, 1, 165884, 99, 15, 296.79
2026/09/15 01:30:55.656, 2, 165884, 79, 3, 295.40
2026/09/15 01:30:55.658, 3, 165564, 40, 2, 305.43
2026/09/15 01:30:56.661, 0, 166583, 99, 15, 348.49
2026/09/15 01:30:56.664, 1, 165884, 79, 9, 359.98
2026/09/15 01:30:56.666, 2, 165884, 99, 15, 342.97
2026/09/15 01:30:56.669, 3, 165564, 99, 15, 354.62
2026/09/15 01:30:57.671, 0, 166583, 99, 15, 344.65
2026/09/15 01:30:57.674, 1, 165884, 99, 15, 382.22
2026/09/15 01:30:57.677, 2, 165884, 100, 15, 371.20
2026/09/15 01:30:57.679, 3, 165564, 99, 15, 394.72
2026/09/15 01:30:58.682, 0, 166583, 99, 15, 343.86
2026/09/15 01:30:58.685, 1, 165884, 99, 15, 382.72
2026/09/15 01:30:58.687, 2, 165884, 100, 15, 377.70
2026/09/15 01:30:58.690, 3, 165564, 100, 15, 396.64
2026/09/15 01:30:59.692, 0, 166583, 99, 15, 342.72
2026/09/15 01:30:59.695, 1, 165884, 99, 15, 387.53
2026/09/15 01:30:59.697, 2, 165884, 100, 15, 379.22
2026/09/15 01:30:59.700, 3, 165564, 100, 15, 398.07
2026/09/15 01:31:00.702, 0, 166583, 99, 15, 343.77
2026/09/15 01:31:00.705, 1, 165884, 99, 15, 385.43
2026/09/15 01:31:00.708, 2, 165884, 100, 15, 373.35
2026/09/15 01:31:00.710, 3, 165564, 99, 15, 395.77
2026/09/15 01:31:01.713, 0, 166583, 27, 5, 343.90
2026/09/15 01:31:01.716, 1, 165884, 72, 4, 387.64
2026/09/15 01:31:01.718, 2, 165884, 100, 15, 381.28
2026/09/15 01:31:01.721, 3, 165564, 99, 15, 395.28
2026/09/15 01:31:02.723, 0, 166583, 99, 15, 349.06
2026/09/15 01:31:02.726, 1, 165884, 99, 15, 349.96
2026/09/15 01:31:02.729, 2, 165884, 83, 9, 341.16
2026/09/15 01:31:02.731, 3, 165564, 88, 9, 361.05
2026/09/15 01:31:03.734, 0, 166583, 99, 15, 344.15
2026/09/15 01:31:03.736, 1, 165884, 99, 15, 378.26
2026/09/15 01:31:03.739, 2, 165884, 100, 15, 375.39
2026/09/15 01:31:03.741, 3, 165564, 99, 15, 395.21
2026/09/15 01:31:04.744, 0, 166583, 99, 15, 344.35
2026/09/15 01:31:04.746, 1, 165884, 99, 15, 385.08
2026/09/15 01:31:04.749, 2, 165884, 100, 15, 377.29
2026/09/15 01:31:04.751, 3, 165564, 99, 15, 396.55
2026/09/15 01:31:05.754, 0, 166583, 99, 15, 343.23
2026/09/15 01:31:05.757, 1, 165884, 99, 15, 388.14
2026/09/15 01:31:05.759, 2, 165884, 100, 15, 375.81
2026/09/15 01:31:05.762, 3, 165564, 99, 15, 396.14
2026/09/15 01:31:06.764, 0, 166583, 99, 15, 343.44
2026/09/15 01:31:06.767, 1, 165884, 99, 15, 388.03
2026/09/15 01:31:06.769, 2, 165884, 100, 15, 379.10
2026/09/15 01:31:06.772, 3, 165564, 99, 15, 394.67
2026/09/15 01:31:07.774, 0, 166583, 33, 5, 343.97
2026/09/15 01:31:07.777, 1, 165884, 47, 5, 369.20
2026/09/15 01:31:07.780, 2, 165884, 76, 4, 377.16
2026/09/15 01:31:07.782, 3, 165564, 83, 5, 394.41
2026/09/15 01:31:08.785, 0, 166583, 99, 15, 349.19
2026/09/15 01:31:08.787, 1, 165884, 99, 15, 349.39
2026/09/15 01:31:08.790, 2, 165884, 100, 15, 332.64
2026/09/15 01:31:08.792, 3, 165564, 99, 15, 353.55
2026/09/15 01:31:09.795, 0, 166583, 100, 15, 345.29
2026/09/15 01:31:09.798, 1, 165884, 99, 15, 388.31
2026/09/15 01:31:09.800, 2, 165884, 100, 15, 375.67
2026/09/15 01:31:09.803, 3, 165564, 99, 15, 395.36
2026/09/15 01:31:10.805, 0, 166583, 99, 15, 344.97
2026/09/15 01:31:10.808, 1, 165884, 99, 15, 381.60
2026/09/15 01:31:10.810, 2, 165884, 100, 15, 377.13
2026/09/15 01:31:10.813, 3, 165564, 100, 15, 392.45
2026/09/15 01:31:11.815, 0, 166583, 99, 15, 343.01
2026/09/15 01:31:11.818, 1, 165884, 99, 15, 386.98
2026/09/15 01:31:11.821, 2, 165884, 100, 15, 378.09
2026/09/15 01:31:11.823, 3, 165564, 99, 15, 392.88
2026/09/15 01:31:12.826, 0, 166583, 53, 8, 343.99
2026/09/15 01:31:12.828, 1, 165884, 80, 8, 382.19
2026/09/15 01:31:12.831, 2, 165884, 100, 15, 375.39
2026/09/15 01:31:12.833, 3, 165564, 100, 15, 392.13
2026/09/15 01:31:13.836, 0, 166583, 100, 15, 344.66
2026/09/15 01:31:13.839, 1, 165884, 76, 6, 385.30
2026/09/15 01:31:13.841, 2, 165884, 77, 6, 374.05
2026/09/15 01:31:13.844, 3, 165564, 81, 6, 393.03
2026/09/15 01:31:14.846, 0, 166583, 99, 15, 349.67
2026/09/15 01:31:14.849, 1, 165884, 99, 15, 348.81
2026/09/15 01:31:14.852, 2, 165884, 100, 15, 336.43
2026/09/15 01:31:14.854, 3, 165564, 99, 15, 348.02
2026/09/15 01:31:15.856, 0, 166583, 99, 15, 345.23
2026/09/15 01:31:15.859, 1, 165884, 99, 15, 385.08
2026/09/15 01:31:15.862, 2, 165884, 100, 15, 373.50
2026/09/15 01:31:15.864, 3, 165564, 99, 15, 394.23
2026/09/15 01:31:16.867, 0, 166583, 100, 15, 343.79
2026/09/15 01:31:16.869, 1, 165884, 99, 15, 388.23
2026/09/15 01:31:16.872, 2, 165884, 99, 15, 375.11
2026/09/15 01:31:16.874, 3, 165564, 99, 15, 393.05
2026/09/15 01:31:17.877, 0, 166583, 99, 15, 343.61
2026/09/15 01:31:17.879, 1, 165884, 99, 15, 386.05
2026/09/15 01:31:17.882, 2, 165884, 99, 15, 375.35
2026/09/15 01:31:17.884, 3, 165564, 99, 15, 392.96
2026/09/15 01:31:18.887, 0, 166583, 17, 3, 343.66
2026/09/15 01:31:18.890, 1, 165884, 99, 15, 386.99
2026/09/15 01:31:18.892, 2, 165884, 85, 8, 374.04
2026/09/15 01:31:18.895, 3, 165564, 88, 8, 390.59
2026/09/15 01:31:19.897, 0, 166583, 25, 4, 343.67
2026/09/15 01:31:19.900, 1, 165884, 46, 5, 356.46
2026/09/15 01:31:19.902, 2, 165884, 100, 15, 353.04
2026/09/15 01:31:19.905, 3, 165564, 99, 15, 371.46
2026/09/15 01:31:20.907, 0, 166583, 99, 15, 349.82
2026/09/15 01:31:20.910, 1, 165884, 99, 15, 367.73
2026/09/15 01:31:20.913, 2, 165884, 99, 15, 355.70
2026/09/15 01:31:20.915, 3, 165564, 99, 15, 348.42
2026/09/15 01:31:21.918, 0, 166583, 99, 15, 344.00
2026/09/15 01:31:21.920, 1, 165884, 99, 15, 387.38
2026/09/15 01:31:21.923, 2, 165884, 100, 15, 377.28
2026/09/15 01:31:21.925, 3, 165564, 99, 15, 395.60
2026/09/15 01:31:22.928, 0, 166583, 100, 15, 343.51
2026/09/15 01:31:22.931, 1, 165884, 99, 15, 380.81
2026/09/15 01:31:22.933, 2, 165884, 100, 15, 373.93
2026/09/15 01:31:22.936, 3, 165564, 99, 15, 394.44
2026/09/15 01:31:23.938, 0, 166583, 99, 15, 343.27
2026/09/15 01:31:23.941, 1, 165884, 99, 15, 377.79
2026/09/15 01:31:23.943, 2, 165884, 100, 15, 376.73
2026/09/15 01:31:23.946, 3, 165564, 99, 15, 393.43
2026/09/15 01:31:24.948, 0, 166583, 62, 10, 342.56
2026/09/15 01:31:24.951, 1, 165884, 86, 10, 378.50
2026/09/15 01:31:24.954, 2, 165884, 100, 15, 375.02
2026/09/15 01:31:24.956, 3, 165564, 99, 15, 394.97
2026/09/15 01:31:25.959, 0, 166583, 99, 15, 348.02
2026/09/15 01:31:25.961, 1, 165884, 99, 15, 374.37
2026/09/15 01:31:25.964, 2, 165884, 74, 4, 360.64
2026/09/15 01:31:25.966, 3, 165564, 79, 4, 375.90
2026/09/15 01:31:26.969, 0, 166583, 99, 15, 345.85
2026/09/15 01:31:26.972, 1, 165884, 99, 15, 363.91
2026/09/15 01:31:26.974, 2, 165884, 100, 15, 359.98
2026/09/15 01:31:26.977, 3, 165564, 99, 15, 373.08
2026/09/15 01:31:27.979, 0, 166583, 100, 15, 342.59
2026/09/15 01:31:27.982, 1, 165884, 99, 15, 380.62
2026/09/15 01:31:27.984, 2, 165884, 100, 15, 374.96
2026/09/15 01:31:27.987, 3, 165564, 100, 15, 396.44
2026/09/15 01:31:28.989, 0, 166583, 99, 15, 341.97
2026/09/15 01:31:28.993, 1, 165884, 99, 15, 371.44
2026/09/15 01:31:28.995, 2, 165884, 100, 15, 373.99
2026/09/15 01:31:28.998, 3, 165564, 100, 15, 396.04
2026/09/15 01:31:30.001, 0, 166583, 99, 15, 344.46
2026/09/15 01:31:30.004, 1, 165884, 99, 15, 374.99
2026/09/15 01:31:30.007, 2, 165884, 99, 15, 377.78
2026/09/15 01:31:30.009, 3, 165564, 99, 15, 392.87
2026/09/15 01:31:31.012, 0, 166583, 46, 3, 369.53
2026/09/15 01:31:31.015, 1, 165884, 18, 3, 341.01
2026/09/15 01:31:31.018, 2, 165884, 86, 9, 371.05
2026/09/15 01:31:31.021, 3, 165564, 90, 9, 394.67
2026/09/15 01:31:32.023, 0, 166583, 99, 15, 350.78
2026/09/15 01:31:32.027, 1, 165884, 99, 15, 347.80
2026/09/15 01:31:32.029, 2, 165884, 100, 15, 354.45
2026/09/15 01:31:32.032, 3, 165564, 99, 15, 375.67
2026/09/15 01:31:33.035, 0, 166583, 99, 15, 363.37
2026/09/15 01:31:33.038, 1, 165884, 99, 15, 342.54
2026/09/15 01:31:33.041, 2, 165884, 99, 15, 347.11
2026/09/15 01:31:33.044, 3, 165564, 99, 15, 367.86
2026/09/15 01:31:34.046, 0, 166583, 99, 15, 353.52
2026/09/15 01:31:34.049, 1, 165884, 99, 15, 341.24
2026/09/15 01:31:34.052, 2, 165884, 100, 15, 369.75
2026/09/15 01:31:34.055, 3, 165564, 100, 15, 389.20
2026/09/15 01:31:35.058, 0, 166583, 99, 15, 373.92
2026/09/15 01:31:35.061, 1, 165884, 99, 15, 340.16
2026/09/15 01:31:35.064, 2, 165884, 100, 15, 369.89
2026/09/15 01:31:35.066, 3, 165564, 100, 15, 392.72
2026/09/15 01:31:36.069, 0, 166583, 94, 14, 373.89
2026/09/15 01:31:36.072, 1, 165884, 99, 15, 341.49
2026/09/15 01:31:36.075, 2, 165884, 100, 15, 371.79
2026/09/15 01:31:36.078, 3, 165564, 100, 15, 390.82
2026/09/15 01:31:37.081, 0, 166583, 76, 11, 359.40
2026/09/15 01:31:37.084, 1, 165884, 74, 11, 339.82
2026/09/15 01:31:37.087, 2, 165884, 72, 3, 376.03
2026/09/15 01:31:37.090, 3, 165564, 81, 3, 392.34
2026/09/15 01:31:38.092, 0, 166583, 99, 15, 350.51
2026/09/15 01:31:38.095, 1, 165884, 87, 13, 346.61
2026/09/15 01:31:38.098, 2, 165884, 100, 15, 334.14
2026/09/15 01:31:38.101, 3, 165564, 100, 15, 350.71
2026/09/15 01:31:39.104, 0, 166583, 99, 15, 365.96
2026/09/15 01:31:39.107, 1, 165884, 99, 15, 341.49
2026/09/15 01:31:39.110, 2, 165884, 100, 15, 374.88
2026/09/15 01:31:39.113, 3, 165564, 99, 15, 388.81
2026/09/15 01:31:40.116, 0, 166583, 100, 15, 372.42
2026/09/15 01:31:40.119, 1, 165884, 99, 15, 339.42
2026/09/15 01:31:40.122, 2, 165884, 100, 15, 378.18
2026/09/15 01:31:40.125, 3, 165564, 100, 15, 393.39
2026/09/15 01:31:41.127, 0, 166583, 99, 15, 370.12
2026/09/15 01:31:41.131, 1, 165884, 99, 15, 339.16
2026/09/15 01:31:41.133, 2, 165884, 100, 15, 373.72
2026/09/15 01:31:41.136, 3, 165564, 99, 15, 389.77
2026/09/15 01:31:42.139, 0, 166583, 99, 15, 344.88
2026/09/15 01:31:42.142, 1, 165884, 99, 15, 354.20
2026/09/15 01:31:42.145, 2, 165884, 99, 15, 369.20
2026/09/15 01:31:42.148, 3, 165564, 100, 15, 391.04
2026/09/15 01:31:43.151, 0, 166583, 47, 3, 364.92
2026/09/15 01:31:43.154, 1, 165884, 18, 3, 340.50
2026/09/15 01:31:43.157, 2, 165884, 93, 13, 369.82
2026/09/15 01:31:43.160, 3, 165564, 94, 13, 391.74
2026/09/15 01:31:44.163, 0, 166583, 99, 15, 350.73
2026/09/15 01:31:44.166, 1, 165884, 99, 15, 347.01
2026/09/15 01:31:44.168, 2, 165884, 88, 12, 335.40
2026/09/15 01:31:44.171, 3, 165564, 90, 12, 355.95
2026/09/15 01:31:45.174, 0, 166583, 99, 15, 366.32
2026/09/15 01:31:45.177, 1, 165884, 99, 15, 343.67
2026/09/15 01:31:45.180, 2, 165884, 99, 15, 374.84
2026/09/15 01:31:45.183, 3, 165564, 99, 15, 389.53
2026/09/15 01:31:46.186, 0, 166583, 99, 15, 366.74
2026/09/15 01:31:46.189, 1, 165884, 99, 15, 339.56
2026/09/15 01:31:46.192, 2, 165884, 100, 15, 374.39
2026/09/15 01:31:46.194, 3, 165564, 99, 15, 388.94
2026/09/15 01:31:47.197, 0, 166583, 99, 15, 371.95
2026/09/15 01:31:47.200, 1, 165884, 99, 15, 340.18
2026/09/15 01:31:47.203, 2, 165884, 100, 15, 373.21
2026/09/15 01:31:47.206, 3, 165564, 100, 15, 390.81
2026/09/15 01:31:48.209, 0, 166583, 99, 15, 362.75
2026/09/15 01:31:48.212, 1, 165884, 99, 15, 342.59
2026/09/15 01:31:48.215, 2, 165884, 100, 15, 372.13
2026/09/15 01:31:48.218, 3, 165564, 100, 15, 391.12
2026/09/15 01:31:49.220, 0, 166583, 62, 8, 373.16
2026/09/15 01:31:49.224, 1, 165884, 49, 8, 340.96
2026/09/15 01:31:49.227, 2, 165884, 73, 3, 376.18
2026/09/15 01:31:49.229, 3, 165564, 76, 3, 389.61
2026/09/15 01:31:50.232, 0, 166583, 99, 15, 351.11
2026/09/15 01:31:50.235, 1, 165884, 99, 15, 348.39
2026/09/15 01:31:50.238, 2, 165884, 99, 15, 341.72
2026/09/15 01:31:50.241, 3, 165564, 99, 15, 359.94
2026/09/15 01:31:51.244, 0, 166583, 99, 15, 364.62
2026/09/15 01:31:51.247, 1, 165884, 99, 15, 340.75
2026/09/15 01:31:51.250, 2, 165884, 100, 15, 360.26
2026/09/15 01:31:51.252, 3, 165564, 99, 15, 381.84
2026/09/15 01:31:52.255, 0, 166583, 99, 15, 371.48
2026/09/15 01:31:52.258, 1, 165884, 99, 15, 341.02
2026/09/15 01:31:52.261, 2, 165884, 100, 15, 373.43
2026/09/15 01:31:52.264, 3, 165564, 100, 15, 392.35
2026/09/15 01:31:53.267, 0, 166583, 99, 15, 371.24
2026/09/15 01:31:53.270, 1, 165884, 99, 15, 340.95
2026/09/15 01:31:53.273, 2, 165884, 100, 15, 375.24
2026/09/15 01:31:53.276, 3, 165564, 99, 15, 390.26
2026/09/15 01:31:54.278, 0, 166583, 62, 7, 359.14
2026/09/15 01:31:54.281, 1, 165884, 99, 15, 339.35
2026/09/15 01:31:54.284, 2, 165884, 100, 15, 375.91
2026/09/15 01:31:54.287, 3, 165564, 99, 15, 393.41
2026/09/15 01:31:55.290, 0, 166583, 99, 15, 359.05
2026/09/15 01:31:55.293, 1, 165884, 29, 5, 341.64
2026/09/15 01:31:55.296, 2, 165884, 77, 7, 377.05
2026/09/15 01:31:55.299, 3, 165564, 82, 7, 392.47
2026/09/15 01:31:56.302, 0, 166583, 99, 15, 352.25
2026/09/15 01:31:56.305, 1, 165884, 99, 15, 348.55
2026/09/15 01:31:56.308, 2, 165884, 100, 15, 337.02
2026/09/15 01:31:56.310, 3, 165564, 99, 15, 349.87
2026/09/15 01:31:57.313, 0, 166583, 99, 15, 373.78
2026/09/15 01:31:57.316, 1, 165884, 99, 15, 340.04
2026/09/15 01:31:57.319, 2, 165884, 99, 15, 375.00
2026/09/15 01:31:57.322, 3, 165564, 99, 15, 394.86
2026/09/15 01:31:58.325, 0, 166583, 99, 15, 362.39
2026/09/15 01:31:58.328, 1, 165884, 99, 15, 341.15
2026/09/15 01:31:58.331, 2, 165884, 99, 15, 371.33
2026/09/15 01:31:58.333, 3, 165564, 99, 15, 390.39
2026/09/15 01:31:59.336, 0, 166583, 100, 15, 370.61
2026/09/15 01:31:59.340, 1, 165884, 99, 15, 339.86
2026/09/15 01:31:59.342, 2, 165884, 99, 15, 369.86
2026/09/15 01:31:59.345, 3, 165564, 99, 15, 392.60
2026/09/15 01:32:00.348, 0, 166583, 99, 15, 372.08
2026/09/15 01:32:00.351, 1, 165884, 99, 15, 340.37
2026/09/15 01:32:00.354, 2, 165884, 99, 15, 371.34
2026/09/15 01:32:00.357, 3, 165564, 99, 15, 391.45
2026/09/15 01:32:01.360, 0, 166583, 50, 4, 372.96
2026/09/15 01:32:01.363, 1, 165884, 25, 4, 341.05
2026/09/15 01:32:01.365, 2, 165884, 77, 6, 368.74
2026/09/15 01:32:01.368, 3, 165564, 83, 6, 390.70
2026/09/15 01:32:02.371, 0, 166583, 99, 15, 351.22
2026/09/15 01:32:02.374, 1, 165884, 99, 15, 348.77
2026/09/15 01:32:02.377, 2, 165884, 100, 15, 334.69
2026/09/15 01:32:02.380, 3, 165564, 99, 15, 348.08
2026/09/15 01:32:03.383, 0, 166583, 99, 15, 367.47
2026/09/15 01:32:03.386, 1, 165884, 99, 15, 338.95
2026/09/15 01:32:03.389, 2, 165884, 100, 15, 372.88
2026/09/15 01:32:03.392, 3, 165564, 100, 15, 391.90
2026/09/15 01:32:04.395, 0, 166583, 99, 15, 367.51
2026/09/15 01:32:04.398, 1, 165884, 99, 15, 340.98
2026/09/15 01:32:04.401, 2, 165884, 100, 15, 372.04
2026/09/15 01:32:04.403, 3, 165564, 100, 15, 394.17
2026/09/15 01:32:05.406, 0, 166583, 99, 15, 374.92
2026/09/15 01:32:05.409, 1, 165884, 99, 15, 339.78
2026/09/15 01:32:05.412, 2, 165884, 100, 15, 371.03
2026/09/15 01:32:05.415, 3, 165564, 99, 15, 392.78
2026/09/15 01:32:06.418, 0, 166583, 85, 11, 365.47
2026/09/15 01:32:06.421, 1, 165884, 65, 10, 342.05
2026/09/15 01:32:06.424, 2, 165884, 100, 15, 372.39
2026/09/15 01:32:06.427, 3, 165564, 100, 15, 391.97
2026/09/15 01:32:07.430, 0, 166583, 95, 15, 374.11
2026/09/15 01:32:07.433, 1, 165884, 96, 15, 341.94
2026/09/15 01:32:07.436, 2, 165884, 68, 4, 370.54
2026/09/15 01:32:07.439, 3, 165564, 75, 4, 391.48
2026/09/15 01:32:08.441, 0, 166583, 100, 15, 350.65
2026/09/15 01:32:08.445, 1, 165884, 99, 15, 347.24
2026/09/15 01:32:08.447, 2, 165884, 99, 15, 331.94
2026/09/15 01:32:08.450, 3, 165564, 99, 15, 349.50
2026/09/15 01:32:09.453, 0, 166583, 99, 15, 373.23
2026/09/15 01:32:09.456, 1, 165884, 99, 15, 340.57
2026/09/15 01:32:09.459, 2, 165884, 100, 15, 373.81
2026/09/15 01:32:09.462, 3, 165564, 99, 15, 391.01
2026/09/15 01:32:10.465, 0, 166583, 99, 15, 369.21
2026/09/15 01:32:10.468, 1, 165884, 99, 15, 340.90
2026/09/15 01:32:10.471, 2, 165884, 100, 15, 375.99
2026/09/15 01:32:10.473, 3, 165564, 99, 15, 394.18
2026/09/15 01:32:11.476, 0, 166583, 99, 15, 372.77
2026/09/15 01:32:11.480, 1, 165884, 99, 15, 339.80
2026/09/15 01:32:11.483, 2, 165884, 99, 15, 375.43
2026/09/15 01:32:11.485, 3, 165564, 99, 15, 393.19
2026/09/15 01:32:12.488, 0, 166583, 90, 12, 370.39
2026/09/15 01:32:12.491, 1, 165884, 99, 15, 340.48
2026/09/15 01:32:12.494, 2, 165884, 90, 11, 369.91
2026/09/15 01:32:12.497, 3, 165564, 92, 11, 392.72
2026/09/15 01:32:13.500, 0, 166583, 79, 12, 337.95
2026/09/15 01:32:13.503, 1, 165884, 0, 0, 331.14
2026/09/15 01:32:13.506, 2, 165884, 88, 14, 318.59
2026/09/15 01:32:13.508, 3, 165564, 88, 14, 334.22
2026/09/15 01:32:14.511, 0, 166583, 0, 0, 229.82
2026/09/15 01:32:14.514, 1, 165884, 0, 0, 227.27
2026/09/15 01:32:14.516, 2, 165884, 0, 0, 218.10
2026/09/15 01:32:14.519, 3, 165564, 0, 0, 233.29
2026/09/15 01:32:15.521, 0, 166583, 0, 0, 228.40
2026/09/15 01:32:15.525, 1, 165884, 0, 0, 227.11
2026/09/15 01:32:15.528, 2, 165884, 0, 0, 217.17
2026/09/15 01:32:15.530, 3, 165564, 0, 0, 232.65
2026/09/15 01:32:16.533, 0, 166583, 0, 0, 228.49
2026/09/15 01:32:16.536, 1, 165884, 0, 0, 227.27
2026/09/15 01:32:16.538, 2, 165884, 0, 0, 215.93
2026/09/15 01:32:16.541, 3, 165564, 0, 0, 232.63
2026/09/15 01:32:17.543, 0, 166583, 0, 0, 228.41
2026/09/15 01:32:17.548, 1, 165884, 0, 0, 227.27
2026/09/15 01:32:17.559, 2, 165884, 0, 0, 216.22
2026/09/15 01:32:17.570, 3, 165564, 0, 0, 232.65
2026/09/15 01:32:18.583, 0, 166583, 0, 0, 228.41
2026/09/15 01:32:18.585, 1, 165884, 0, 0, 227.27
2026/09/15 01:32:18.588, 2, 165884, 0, 0, 216.08
2026/09/15 01:32:18.590, 3, 165564, 0, 0, 232.65
2026/09/15 01:32:19.593, 0, 166583, 0, 0, 228.41
2026/09/15 01:32:19.596, 1, 165884, 0, 0, 227.27
2026/09/15 01:32:19.598, 2, 165884, 0, 0, 215.61
2026/09/15 01:32:19.601, 3, 165564, 0, 0, 232.65
2026/09/15 01:32:20.603, 0, 166583, 0, 0, 228.41
2026/09/15 01:32:20.606, 1, 165884, 0, 0, 227.27
2026/09/15 01:32:20.609, 2, 165884, 0, 0, 215.62
2026/09/15 01:32:20.611, 3, 165564, 0, 0, 232.65
2026/09/15 01:32:21.614, 0, 166583, 0, 0, 228.41
2026/09/15 01:32:21.617, 1, 165884, 0, 0, 227.27
2026/09/15 01:32:21.619, 2, 165884, 0, 0, 215.62
2026/09/15 01:32:21.622, 3, 165564, 0, 0, 232.67
2026/09/15 01:32:22.624, 0, 166583, 0, 0, 228.41
2026/09/15 01:32:22.627, 1, 165884, 0, 0, 227.27
2026/09/15 01:32:22.630, 2, 165884, 0, 0, 215.54
2026/09/15 01:32:22.632, 3, 165564, 0, 0, 232.64
2026/09/15 01:32:23.635, 0, 166583, 0, 0, 228.41
2026/09/15 01:32:23.638, 1, 165884, 0, 0, 227.27
2026/09/15 01:32:23.640, 2, 165884, 0, 0, 215.54
2026/09/15 01:32:23.643, 3, 165564, 0, 0, 232.67
2026/09/15 01:32:24.645, 0, 166583, 0, 0, 228.41
2026/09/15 01:32:24.649, 1, 165884, 0, 0, 227.27
2026/09/15 01:32:24.651, 2, 165884, 0, 0, 215.55
2026/09/15 01:32:24.654, 3, 165564, 0, 0, 232.68
2026/09/15 01:32:25.656, 0, 166583, 0, 0, 228.41
2026/09/15 01:32:25.659, 1, 165884, 0, 0, 227.27
2026/09/15 01:32:25.662, 2, 165884, 0, 0, 215.54
2026/09/15 01:32:25.664, 3, 165564, 0, 0, 232.67
2026/09/15 01:32:26.667, 0, 166413, 34, 6, 254.10
2026/09/15 01:32:26.670, 1, 165714, 100, 15, 303.78
2026/09/15 01:32:26.672, 2, 165714, 83, 5, 295.65
2026/09/15 01:32:26.675, 3, 165394, 85, 5, 312.78
2026/09/15 01:32:27.677, 0, 166583, 0, 0, 231.59
2026/09/15 01:32:27.680, 1, 165884, 0, 0, 230.77
2026/09/15 01:32:27.683, 2, 165884, 0, 0, 218.70
2026/09/15 01:32:27.685, 3, 165564, 0, 0, 234.74
2026/09/15 01:32:28.688, 0, 166583, 99, 15, 336.17
2026/09/15 01:32:28.690, 1, 165884, 99, 15, 378.77
2026/09/15 01:32:28.693, 2, 165884, 100, 15, 381.04
2026/09/15 01:32:28.695, 3, 165564, 99, 15, 393.92
2026/09/15 01:32:29.698, 0, 166583, 99, 15, 341.49
2026/09/15 01:32:29.701, 1, 165884, 99, 15, 380.12
2026/09/15 01:32:29.704, 2, 165884, 100, 15, 383.89
2026/09/15 01:32:29.706, 3, 165564, 99, 15, 394.86
2026/09/15 01:32:30.708, 0, 166583, 99, 15, 342.80
2026/09/15 01:32:30.712, 1, 165884, 99, 15, 384.70
2026/09/15 01:32:30.714, 2, 165884, 100, 15, 383.17
2026/09/15 01:32:30.717, 3, 165564, 100, 15, 391.08
2026/09/15 01:32:31.720, 0, 166583, 99, 15, 344.36
2026/09/15 01:32:31.722, 1, 165884, 99, 15, 383.24
2026/09/15 01:32:31.725, 2, 165884, 89, 9, 380.94
2026/09/15 01:32:31.728, 3, 165564, 85, 9, 393.20
2026/09/15 01:32:32.731, 0, 166583, 53, 8, 343.88
2026/09/15 01:32:32.734, 1, 165884, 44, 3, 372.18
2026/09/15 01:32:32.736, 2, 165884, 100, 15, 371.41
2026/09/15 01:32:32.739, 3, 165564, 99, 15, 377.79
2026/09/15 01:32:33.742, 0, 166583, 99, 15, 350.10
2026/09/15 01:32:33.745, 1, 165884, 99, 15, 355.73
2026/09/15 01:32:33.748, 2, 165884, 100, 15, 333.73
2026/09/15 01:32:33.750, 3, 165564, 99, 15, 348.71
2026/09/15 01:32:34.753, 0, 166583, 99, 15, 343.01
2026/09/15 01:32:34.756, 1, 165884, 99, 15, 388.25
2026/09/15 01:32:34.759, 2, 165884, 100, 15, 382.28
2026/09/15 01:32:34.762, 3, 165564, 99, 15, 391.09
2026/09/15 01:32:35.765, 0, 166583, 99, 15, 345.70
2026/09/15 01:32:35.768, 1, 165884, 99, 15, 385.97
2026/09/15 01:32:35.771, 2, 165884, 100, 15, 384.67
2026/09/15 01:32:35.773, 3, 165564, 99, 15, 389.95
2026/09/15 01:32:36.776, 0, 166583, 99, 15, 343.47
2026/09/15 01:32:36.779, 1, 165884, 99, 15, 385.67
2026/09/15 01:32:36.782, 2, 165884, 100, 15, 383.64
2026/09/15 01:32:36.785, 3, 165564, 100, 15, 390.55
2026/09/15 01:32:37.788, 0, 166583, 99, 15, 343.07
2026/09/15 01:32:37.791, 1, 165884, 90, 11, 388.28
2026/09/15 01:32:37.794, 2, 165884, 100, 15, 386.24
2026/09/15 01:32:37.797, 3, 165564, 100, 15, 394.02
2026/09/15 01:32:38.800, 0, 166583, 17, 3, 344.41
2026/09/15 01:32:38.803, 1, 165884, 90, 14, 387.43
2026/09/15 01:32:38.805, 2, 165884, 87, 3, 376.65
2026/09/15 01:32:38.808, 3, 165564, 76, 3, 386.77
2026/09/15 01:32:39.811, 0, 166583, 99, 15, 348.24
2026/09/15 01:32:39.814, 1, 165884, 99, 15, 354.71
2026/09/15 01:32:39.817, 2, 165884, 100, 15, 347.97
2026/09/15 01:32:39.820, 3, 165564, 99, 15, 360.84
2026/09/15 01:32:40.822, 0, 166583, 99, 15, 342.93
2026/09/15 01:32:40.825, 1, 165884, 99, 15, 387.83
2026/09/15 01:32:40.828, 2, 165884, 100, 15, 388.42
2026/09/15 01:32:40.831, 3, 165564, 99, 15, 392.90
2026/09/15 01:32:41.834, 0, 166583, 100, 15, 342.17
2026/09/15 01:32:41.837, 1, 165884, 99, 15, 387.07
2026/09/15 01:32:41.840, 2, 165884, 99, 15, 385.73
2026/09/15 01:32:41.843, 3, 165564, 99, 15, 392.70
2026/09/15 01:32:42.845, 0, 166583, 99, 15, 342.73
2026/09/15 01:32:42.849, 1, 165884, 99, 15, 380.74
2026/09/15 01:32:42.852, 2, 165884, 100, 15, 383.35
2026/09/15 01:32:42.854, 3, 165564, 99, 15, 385.33
2026/09/15 01:32:43.857, 0, 166583, 87, 13, 361.57
2026/09/15 01:32:43.860, 1, 165884, 18, 3, 341.08
2026/09/15 01:32:43.863, 2, 165884, 94, 12, 383.76
2026/09/15 01:32:43.866, 3, 165564, 90, 12, 386.68
2026/09/15 01:32:44.869, 0, 166583, 81, 12, 353.14
2026/09/15 01:32:44.872, 1, 165884, 18, 3, 340.24
2026/09/15 01:32:44.875, 2, 165884, 94, 13, 375.73
2026/09/15 01:32:44.878, 3, 165564, 88, 13, 380.30
2026/09/15 01:32:45.880, 0, 166583, 99, 15, 350.71
2026/09/15 01:32:45.884, 1, 165884, 99, 15, 347.76
2026/09/15 01:32:45.886, 2, 165884, 100, 15, 343.54
2026/09/15 01:32:45.889, 3, 165564, 99, 15, 356.51
2026/09/15 01:32:46.892, 0, 166583, 99, 15, 369.20
2026/09/15 01:32:46.895, 1, 165884, 99, 15, 340.36
2026/09/15 01:32:46.898, 2, 165884, 99, 15, 377.68
2026/09/15 01:32:46.901, 3, 165564, 99, 15, 386.83
2026/09/15 01:32:47.904, 0, 166583, 99, 15, 369.25
2026/09/15 01:32:47.907, 1, 165884, 99, 15, 342.54
2026/09/15 01:32:47.910, 2, 165884, 100, 15, 380.72
2026/09/15 01:32:47.913, 3, 165564, 100, 15, 387.96
2026/09/15 01:32:48.915, 0, 166583, 99, 15, 344.67
2026/09/15 01:32:48.919, 1, 165884, 99, 15, 363.32
2026/09/15 01:32:48.921, 2, 165884, 100, 15, 382.35
2026/09/15 01:32:48.924, 3, 165564, 99, 15, 388.54
2026/09/15 01:32:49.927, 0, 166583, 100, 15, 363.85
2026/09/15 01:32:49.930, 1, 165884, 95, 15, 341.51
2026/09/15 01:32:49.933, 2, 165884, 83, 3, 380.20
2026/09/15 01:32:49.936, 3, 165564, 74, 3, 387.60
2026/09/15 01:32:50.938, 0, 166583, 47, 3, 362.52
2026/09/15 01:32:50.942, 1, 165884, 66, 11, 344.93
2026/09/15 01:32:50.944, 2, 165884, 100, 15, 354.93
2026/09/15 01:32:50.947, 3, 165564, 99, 15, 361.13
2026/09/15 01:32:51.950, 0, 166583, 99, 15, 351.51
2026/09/15 01:32:51.953, 1, 165884, 99, 15, 344.74
2026/09/15 01:32:51.956, 2, 165884, 100, 15, 334.83
2026/09/15 01:32:51.959, 3, 165564, 100, 15, 354.11
2026/09/15 01:32:52.962, 0, 166583, 99, 15, 365.41
2026/09/15 01:32:52.965, 1, 165884, 99, 15, 342.00
2026/09/15 01:32:52.968, 2, 165884, 99, 15, 379.26
2026/09/15 01:32:52.970, 3, 165564, 99, 15, 388.18
2026/09/15 01:32:53.973, 0, 166583, 99, 15, 357.25
2026/09/15 01:32:53.976, 1, 165884, 99, 15, 340.06
2026/09/15 01:32:53.979, 2, 165884, 99, 15, 378.66
2026/09/15 01:32:53.982, 3, 165564, 99, 15, 387.96
2026/09/15 01:32:54.984, 0, 166583, 99, 15, 351.24
2026/09/15 01:32:54.987, 1, 165884, 99, 15, 340.91
2026/09/15 01:32:54.990, 2, 165884, 100, 15, 376.83
2026/09/15 01:32:54.993, 3, 165564, 99, 15, 384.99
2026/09/15 01:32:55.996, 0, 166583, 99, 15, 358.86
2026/09/15 01:32:55.999, 1, 165884, 28, 5, 340.09
2026/09/15 01:32:56.002, 2, 165884, 100, 15, 381.62
2026/09/15 01:32:56.004, 3, 165564, 100, 15, 390.22
2026/09/15 01:32:57.007, 0, 166583, 52, 8, 347.78
2026/09/15 01:32:57.010, 1, 165884, 99, 15, 359.66
2026/09/15 01:32:57.013, 2, 165884, 86, 9, 366.97
2026/09/15 01:32:57.016, 3, 165564, 82, 9, 368.74
2026/09/15 01:32:58.018, 0, 166583, 99, 15, 346.37
2026/09/15 01:32:58.021, 1, 165884, 99, 15, 360.27
2026/09/15 01:32:58.024, 2, 165884, 100, 15, 360.64
2026/09/15 01:32:58.027, 3, 165564, 99, 15, 370.53
2026/09/15 01:32:59.030, 0, 166583, 99, 15, 351.47
2026/09/15 01:32:59.033, 1, 165884, 99, 15, 340.79
2026/09/15 01:32:59.036, 2, 165884, 100, 15, 377.72
2026/09/15 01:32:59.038, 3, 165564, 99, 15, 386.14
2026/09/15 01:33:00.041, 0, 166583, 99, 15, 360.86
2026/09/15 01:33:00.044, 1, 165884, 99, 15, 339.28
2026/09/15 01:33:00.047, 2, 165884, 100, 15, 378.59
2026/09/15 01:33:00.050, 3, 165564, 99, 15, 389.66
2026/09/15 01:33:01.053, 0, 166583, 99, 15, 343.18
2026/09/15 01:33:01.056, 1, 165884, 99, 15, 372.10
2026/09/15 01:33:01.058, 2, 165884, 100, 15, 377.29
2026/09/15 01:33:01.061, 3, 165564, 99, 15, 388.54
2026/09/15 01:33:02.064, 0, 166583, 38, 6, 342.56
2026/09/15 01:33:02.067, 1, 165884, 67, 5, 385.30
2026/09/15 01:33:02.070, 2, 165884, 86, 5, 382.51
2026/09/15 01:33:02.072, 3, 165564, 81, 6, 392.32
2026/09/15 01:33:03.075, 0, 166583, 99, 15, 348.24
2026/09/15 01:33:03.078, 1, 165884, 75, 7, 377.50
2026/09/15 01:33:03.081, 2, 165884, 100, 15, 370.76
2026/09/15 01:33:03.084, 3, 165564, 99, 15, 377.48
2026/09/15 01:33:04.086, 0, 166583, 99, 15, 345.99
2026/09/15 01:33:04.090, 1, 165884, 99, 15, 364.35
2026/09/15 01:33:04.092, 2, 165884, 100, 15, 356.86
2026/09/15 01:33:04.095, 3, 165564, 99, 15, 369.94
2026/09/15 01:33:05.098, 0, 166583, 100, 15, 344.55
2026/09/15 01:33:05.101, 1, 165884, 99, 15, 390.67
2026/09/15 01:33:05.104, 2, 165884, 100, 15, 383.67
2026/09/15 01:33:05.107, 3, 165564, 99, 15, 391.84
2026/09/15 01:33:06.109, 0, 166583, 99, 15, 377.38
2026/09/15 01:33:06.112, 1, 165884, 99, 15, 342.11
2026/09/15 01:33:06.115, 2, 165884, 99, 15, 381.17
2026/09/15 01:33:06.118, 3, 165564, 99, 15, 388.50
2026/09/15 01:33:07.121, 0, 166583, 99, 15, 374.46
2026/09/15 01:33:07.124, 1, 165884, 99, 15, 338.62
2026/09/15 01:33:07.127, 2, 165884, 100, 15, 380.17
2026/09/15 01:33:07.130, 3, 165564, 100, 15, 387.68
2026/09/15 01:33:08.133, 0, 166583, 99, 15, 374.15
2026/09/15 01:33:08.136, 1, 165884, 43, 7, 340.90
2026/09/15 01:33:08.138, 2, 165884, 81, 5, 385.85
2026/09/15 01:33:08.141, 3, 165564, 75, 5, 390.90
2026/09/15 01:33:09.144, 0, 166583, 61, 6, 360.74
2026/09/15 01:33:09.147, 1, 165884, 99, 15, 346.88
2026/09/15 01:33:09.150, 2, 165884, 100, 15, 339.24
2026/09/15 01:33:09.152, 3, 165564, 99, 15, 351.23
2026/09/15 01:33:10.155, 0, 166583, 99, 15, 365.55
2026/09/15 01:33:10.158, 1, 165884, 99, 15, 342.54
2026/09/15 01:33:10.161, 2, 165884, 99, 15, 347.37
2026/09/15 01:33:10.164, 3, 165564, 99, 15, 389.32
2026/09/15 01:33:11.167, 0, 166583, 99, 15, 373.29
2026/09/15 01:33:11.170, 1, 165884, 99, 15, 339.64
2026/09/15 01:33:11.172, 2, 165884, 100, 15, 377.70
2026/09/15 01:33:11.175, 3, 165564, 99, 15, 385.18
2026/09/15 01:33:12.178, 0, 166583, 100, 15, 372.02
2026/09/15 01:33:12.181, 1, 165884, 99, 15, 339.80
2026/09/15 01:33:12.184, 2, 165884, 100, 15, 380.48
2026/09/15 01:33:12.187, 3, 165564, 99, 15, 386.74
2026/09/15 01:33:13.189, 0, 166583, 100, 15, 379.78
2026/09/15 01:33:13.192, 1, 165884, 99, 15, 342.61
2026/09/15 01:33:13.195, 2, 165884, 100, 15, 383.55
2026/09/15 01:33:13.198, 3, 165564, 99, 15, 389.99
2026/09/15 01:33:14.201, 0, 166583, 80, 9, 372.90
2026/09/15 01:33:14.204, 1, 165884, 18, 3, 342.52
2026/09/15 01:33:14.207, 2, 165884, 89, 8, 384.33
2026/09/15 01:33:14.210, 3, 165564, 84, 8, 389.78
2026/09/15 01:33:15.212, 0, 166583, 99, 15, 350.61
2026/09/15 01:33:15.215, 1, 165884, 99, 15, 345.55
2026/09/15 01:33:15.218, 2, 165884, 100, 15, 340.13
2026/09/15 01:33:15.221, 3, 165564, 99, 15, 354.94
2026/09/15 01:33:16.224, 0, 166583, 99, 15, 361.06
2026/09/15 01:33:16.227, 1, 165884, 99, 15, 343.77
2026/09/15 01:33:16.230, 2, 165884, 100, 15, 376.45
2026/09/15 01:33:16.232, 3, 165564, 99, 15, 385.56
2026/09/15 01:33:17.235, 0, 166583, 99, 15, 372.57
2026/09/15 01:33:17.238, 1, 165884, 99, 15, 340.87
2026/09/15 01:33:17.241, 2, 165884, 100, 15, 384.12
2026/09/15 01:33:17.244, 3, 165564, 99, 15, 388.76
2026/09/15 01:33:18.246, 0, 166583, 99, 15, 359.11
2026/09/15 01:33:18.249, 1, 165884, 99, 15, 341.98
2026/09/15 01:33:18.252, 2, 165884, 100, 15, 382.35
2026/09/15 01:33:18.255, 3, 165564, 99, 15, 383.80
2026/09/15 01:33:19.258, 0, 166583, 99, 15, 371.85
2026/09/15 01:33:19.261, 1, 165884, 77, 12, 338.80
2026/09/15 01:33:19.264, 2, 165884, 99, 15, 384.02
2026/09/15 01:33:19.267, 3, 165564, 99, 15, 388.10
2026/09/15 01:33:20.269, 0, 166583, 60, 3, 377.65
2026/09/15 01:33:20.272, 1, 165884, 84, 13, 339.33
2026/09/15 01:33:20.275, 2, 165884, 83, 3, 385.37
2026/09/15 01:33:20.278, 3, 165564, 74, 3, 390.93
2026/09/15 01:33:21.281, 0, 166583, 99, 15, 350.31
2026/09/15 01:33:21.284, 1, 165884, 99, 15, 344.40
2026/09/15 01:33:21.287, 2, 165884, 99, 15, 347.10
2026/09/15 01:33:21.289, 3, 165564, 99, 15, 357.34
2026/09/15 01:33:22.292, 0, 166583, 100, 15, 374.86
2026/09/15 01:33:22.295, 1, 165884, 99, 15, 344.08
2026/09/15 01:33:22.298, 2, 165884, 100, 15, 377.12
2026/09/15 01:33:22.301, 3, 165564, 99, 15, 386.38
2026/09/15 01:33:23.303, 0, 166583, 99, 15, 378.89
2026/09/15 01:33:23.306, 1, 165884, 99, 15, 339.73
2026/09/15 01:33:23.309, 2, 165884, 99, 15, 382.56
2026/09/15 01:33:23.312, 3, 165564, 99, 15, 387.24
2026/09/15 01:33:24.315, 0, 166583, 99, 15, 361.83
2026/09/15 01:33:24.318, 1, 165884, 99, 15, 341.19
2026/09/15 01:33:24.321, 2, 165884, 100, 15, 379.18
2026/09/15 01:33:24.323, 3, 165564, 99, 15, 384.37
2026/09/15 01:33:25.326, 0, 166583, 96, 14, 375.33
2026/09/15 01:33:25.329, 1, 165884, 99, 15, 340.22
2026/09/15 01:33:25.332, 2, 165884, 95, 13, 378.61
2026/09/15 01:33:25.335, 3, 165564, 93, 13, 389.18
2026/09/15 01:33:26.337, 0, 166583, 90, 12, 377.63
2026/09/15 01:33:26.340, 1, 165884, 18, 3, 340.57
2026/09/15 01:33:26.343, 2, 165884, 91, 12, 380.85
2026/09/15 01:33:26.346, 3, 165564, 89, 12, 393.33
2026/09/15 01:33:27.349, 0, 166583, 88, 13, 350.95
2026/09/15 01:33:27.352, 1, 165884, 99, 15, 348.92
2026/09/15 01:33:27.355, 2, 165884, 100, 15, 339.05
2026/09/15 01:33:27.357, 3, 165564, 99, 15, 349.31
2026/09/15 01:33:28.360, 0, 166583, 100, 15, 373.74
2026/09/15 01:33:28.363, 1, 165884, 99, 15, 339.87
2026/09/15 01:33:28.366, 2, 165884, 100, 15, 372.15
2026/09/15 01:33:28.369, 3, 165564, 99, 15, 389.71
2026/09/15 01:33:29.372, 0, 166583, 99, 15, 369.17
2026/09/15 01:33:29.375, 1, 165884, 99, 15, 341.44
2026/09/15 01:33:29.378, 2, 165884, 99, 15, 380.44
2026/09/15 01:33:29.380, 3, 165564, 99, 15, 388.04
2026/09/15 01:33:30.383, 0, 166583, 99, 15, 371.96
2026/09/15 01:33:30.387, 1, 165884, 99, 15, 339.68
2026/09/15 01:33:30.389, 2, 165884, 100, 15, 381.05
2026/09/15 01:33:30.392, 3, 165564, 99, 15, 388.94
2026/09/15 01:33:31.395, 0, 166583, 99, 15, 370.89
2026/09/15 01:33:31.399, 1, 165884, 99, 15, 339.36
2026/09/15 01:33:31.402, 2, 165884, 100, 15, 378.02
2026/09/15 01:33:31.404, 3, 165564, 99, 15, 388.15
2026/09/15 01:33:32.407, 0, 166583, 54, 3, 368.86
2026/09/15 01:33:32.411, 1, 165884, 63, 10, 341.90
2026/09/15 01:33:32.414, 2, 165884, 79, 3, 376.99
2026/09/15 01:33:32.417, 3, 165564, 74, 3, 387.22
2026/09/15 01:33:33.419, 0, 166583, 100, 15, 352.14
2026/09/15 01:33:33.423, 1, 165884, 99, 15, 348.55
2026/09/15 01:33:33.426, 2, 165884, 99, 15, 337.51
2026/09/15 01:33:33.428, 3, 165564, 100, 15, 349.08
2026/09/15 01:33:34.431, 0, 166583, 99, 15, 370.36
2026/09/15 01:33:34.434, 1, 165884, 99, 15, 343.78
2026/09/15 01:33:34.437, 2, 165884, 99, 15, 378.57
2026/09/15 01:33:34.440, 3, 165564, 99, 15, 384.06
2026/09/15 01:33:35.443, 0, 166583, 99, 15, 375.02
2026/09/15 01:33:35.446, 1, 165884, 99, 15, 339.63
2026/09/15 01:33:35.449, 2, 165884, 100, 15, 379.43
2026/09/15 01:33:35.452, 3, 165564, 99, 15, 388.35
2026/09/15 01:33:36.455, 0, 166583, 99, 15, 372.99
2026/09/15 01:33:36.458, 1, 165884, 99, 15, 341.56
2026/09/15 01:33:36.461, 2, 165884, 100, 15, 381.49
2026/09/15 01:33:36.464, 3, 165564, 100, 15, 386.86
2026/09/15 01:33:37.467, 0, 166583, 99, 15, 363.28
2026/09/15 01:33:37.470, 1, 165884, 30, 5, 339.93
2026/09/15 01:33:37.473, 2, 165884, 99, 15, 381.15
2026/09/15 01:33:37.476, 3, 165564, 99, 15, 385.87
2026/09/15 01:33:38.478, 0, 166583, 59, 8, 371.82
2026/09/15 01:33:38.482, 1, 165884, 99, 15, 341.29
2026/09/15 01:33:38.485, 2, 165884, 85, 9, 381.16
2026/09/15 01:33:38.487, 3, 165564, 80, 9, 389.12
2026/09/15 01:33:39.490, 0, 166583, 99, 15, 350.64
2026/09/15 01:33:39.494, 1, 165884, 99, 15, 347.58
2026/09/15 01:33:39.496, 2, 165884, 99, 15, 334.44
2026/09/15 01:33:39.499, 3, 165564, 99, 15, 348.70
2026/09/15 01:33:40.502, 0, 166583, 100, 15, 373.33
2026/09/15 01:33:40.505, 1, 165884, 99, 15, 340.20
2026/09/15 01:33:40.508, 2, 165884, 100, 15, 378.83
2026/09/15 01:33:40.511, 3, 165564, 99, 15, 388.32
2026/09/15 01:33:41.514, 0, 166583, 100, 15, 375.06
2026/09/15 01:33:41.517, 1, 165884, 99, 15, 340.78
2026/09/15 01:33:41.520, 2, 165884, 100, 15, 382.84
2026/09/15 01:33:41.523, 3, 165564, 99, 15, 388.66
2026/09/15 01:33:42.526, 0, 166583, 99, 15, 367.35
2026/09/15 01:33:42.529, 1, 165884, 99, 15, 340.43
2026/09/15 01:33:42.532, 2, 165884, 100, 15, 379.24
2026/09/15 01:33:42.534, 3, 165564, 99, 15, 389.20
2026/09/15 01:33:43.537, 0, 166583, 70, 7, 369.35
2026/09/15 01:33:43.541, 1, 165884, 99, 15, 338.60
2026/09/15 01:33:43.543, 2, 165884, 83, 6, 379.23
2026/09/15 01:33:43.546, 3, 165564, 79, 6, 388.77
2026/09/15 01:33:44.549, 0, 166583, 60, 5, 366.36
2026/09/15 01:33:44.552, 1, 165884, 40, 6, 342.43
2026/09/15 01:33:44.555, 2, 165884, 100, 15, 372.41
2026/09/15 01:33:44.558, 3, 165564, 99, 15, 379.91
2026/09/15 01:33:45.561, 0, 166583, 99, 15, 350.00
2026/09/15 01:33:45.564, 1, 165884, 99, 15, 347.99
2026/09/15 01:33:45.567, 2, 165884, 100, 15, 349.70
2026/09/15 01:33:45.570, 3, 165564, 99, 15, 360.99
2026/09/15 01:33:46.572, 0, 166583, 0, 0, 231.39
2026/09/15 01:33:46.576, 1, 165884, 0, 0, 236.73
2026/09/15 01:33:46.578, 2, 165884, 0, 0, 218.68
2026/09/15 01:33:46.581, 3, 165564, 0, 0, 243.21
2026/09/15 01:33:47.583, 0, 166583, 0, 0, 228.40
2026/09/15 01:33:47.587, 1, 165884, 0, 0, 227.03
2026/09/15 01:33:47.590, 2, 165884, 0, 0, 215.93
2026/09/15 01:33:47.592, 3, 165564, 0, 0, 232.70
2026/09/15 01:33:48.595, 0, 166583, 0, 0, 228.41
2026/09/15 01:33:48.599, 1, 165884, 0, 0, 227.27
2026/09/15 01:33:48.601, 2, 165884, 0, 0, 215.56
2026/09/15 01:33:48.604, 3, 165564, 0, 0, 232.66
2026/09/15 01:33:49.607, 0, 166583, 0, 0, 228.41
2026/09/15 01:33:49.610, 1, 165884, 0, 0, 227.27
2026/09/15 01:33:49.612, 2, 165884, 0, 0, 215.62
2026/09/15 01:33:49.615, 3, 165564, 0, 0, 232.66
2026/09/15 01:33:50.617, 0, 166583, 0, 0, 228.41
2026/09/15 01:33:50.620, 1, 165884, 0, 0, 227.27
2026/09/15 01:33:50.623, 2, 165884, 0, 0, 215.71
2026/09/15 01:33:50.625, 3, 165564, 0, 0, 232.68
2026/09/15 01:33:51.628, 0, 166583, 0, 0, 228.41
2026/09/15 01:33:51.631, 1, 165884, 0, 0, 227.27
2026/09/15 01:33:51.634, 2, 165884, 0, 0, 215.71
2026/09/15 01:33:51.636, 3, 165564, 0, 0, 232.67
2026/09/15 01:33:52.639, 0, 166583, 0, 0, 228.41
2026/09/15 01:33:52.642, 1, 165884, 0, 0, 227.27
2026/09/15 01:33:52.645, 2, 165884, 0, 0, 215.55
2026/09/15 01:33:52.647, 3, 165564, 0, 0, 232.68
2026/09/15 01:33:53.650, 0, 166583, 0, 0, 228.41
2026/09/15 01:33:53.653, 1, 165884, 0, 0, 227.27
2026/09/15 01:33:53.656, 2, 165884, 0, 0, 215.55
2026/09/15 01:33:53.658, 3, 165564, 0, 0, 232.67
2026/09/15 01:33:54.661, 0, 166583, 0, 0, 228.41
2026/09/15 01:33:54.664, 1, 165884, 0, 0, 227.27
2026/09/15 01:33:54.667, 2, 165884, 0, 0, 215.56
2026/09/15 01:33:54.669, 3, 165564, 0, 0, 232.71
2026/09/15 01:33:55.672, 0, 166583, 0, 0, 228.41
2026/09/15 01:33:55.675, 1, 165884, 0, 0, 227.27
2026/09/15 01:33:55.678, 2, 165884, 0, 0, 215.57
2026/09/15 01:33:55.680, 3, 165564, 0, 0, 232.73
2026/09/15 01:33:56.683, 0, 166583, 0, 0, 228.41
2026/09/15 01:33:56.687, 1, 165884, 0, 0, 227.27
2026/09/15 01:33:56.690, 2, 165884, 0, 0, 215.63
2026/09/15 01:33:56.693, 3, 165564, 0, 0, 232.72
2026/09/15 01:33:57.697, 0, 166583, 0, 0, 228.41
2026/09/15 01:33:57.700, 1, 165884, 0, 0, 227.27
2026/09/15 01:33:57.703, 2, 165884, 0, 0, 215.58
2026/09/15 01:33:57.705, 3, 165564, 0, 0, 232.71
2026/09/15 01:33:58.708, 0, 167231, 2, 0, 240.39
2026/09/15 01:33:58.711, 1, 166532, 27, 4, 259.30
2026/09/15 01:33:58.713, 2, 166532, 0, 0, 272.24
2026/09/15 01:33:58.716, 3, 166212, 0, 0, 289.67
2026/09/15 01:33:59.719, 0, 166553, 0, 0, 279.58
2026/09/15 01:33:59.722, 1, 165854, 0, 0, 296.57
2026/09/15 01:33:59.724, 2, 165854, 0, 0, 311.95
2026/09/15 01:33:59.727, 3, 165534, 0, 0, 326.45
2026/09/15 01:34:00.729, 0, 167231, 99, 19, 318.19
2026/09/15 01:34:00.732, 1, 166532, 100, 19, 388.13
2026/09/15 01:34:00.735, 2, 166532, 100, 19, 384.60
2026/09/15 01:34:00.737, 3, 166212, 100, 19, 410.12
2026/09/15 01:34:01.740, 0, 167231, 95, 19, 380.15
2026/09/15 01:34:01.743, 1, 166532, 61, 4, 416.63
2026/09/15 01:34:01.745, 2, 166532, 100, 20, 405.74
2026/09/15 01:34:01.748, 3, 166212, 100, 20, 415.85
2026/09/15 01:34:02.750, 0, 167231, 100, 20, 390.61
2026/09/15 01:34:02.754, 1, 166532, 100, 20, 427.60
2026/09/15 01:34:02.757, 2, 166532, 100, 19, 419.44
2026/09/15 01:34:02.759, 3, 166212, 100, 19, 429.51
2026/09/15 01:34:03.762, 0, 167231, 100, 19, 377.31
2026/09/15 01:34:03.765, 1, 166532, 99, 19, 441.60
2026/09/15 01:34:03.768, 2, 166532, 100, 19, 445.61
2026/09/15 01:34:03.771, 3, 166212, 100, 19, 465.70
2026/09/15 01:34:04.774, 0, 167231, 23, 6, 380.68
2026/09/15 01:34:04.777, 1, 166532, 66, 4, 417.56
2026/09/15 01:34:04.780, 2, 166532, 99, 19, 401.84
2026/09/15 01:34:04.782, 3, 166212, 99, 19, 415.33
2026/09/15 01:34:05.785, 0, 167231, 100, 19, 391.18
2026/09/15 01:34:05.788, 1, 166532, 100, 20, 420.11
2026/09/15 01:34:05.791, 2, 166532, 100, 19, 383.13
2026/09/15 01:34:05.794, 3, 166212, 100, 19, 397.00
2026/09/15 01:34:06.797, 0, 167231, 99, 19, 379.92
2026/09/15 01:34:06.800, 1, 166532, 100, 19, 446.88
2026/09/15 01:34:06.802, 2, 166532, 100, 19, 445.67
2026/09/15 01:34:06.805, 3, 166212, 100, 19, 463.46
2026/09/15 01:34:07.808, 0, 167231, 26, 7, 378.97
2026/09/15 01:34:07.811, 1, 166532, 70, 3, 432.30
2026/09/15 01:34:07.814, 2, 166532, 70, 7, 431.17
2026/09/15 01:34:07.817, 3, 166212, 79, 7, 453.64
2026/09/15 01:34:08.820, 0, 167231, 100, 20, 391.41
2026/09/15 01:34:08.823, 1, 166532, 100, 20, 391.45
2026/09/15 01:34:08.826, 2, 166532, 100, 20, 379.20
2026/09/15 01:34:08.829, 3, 166212, 100, 20, 389.36
2026/09/15 01:34:09.832, 0, 167231, 100, 19, 379.07
2026/09/15 01:34:09.839, 1, 166532, 99, 19, 442.73
2026/09/15 01:34:09.843, 2, 166532, 100, 19, 443.86
2026/09/15 01:34:09.847, 3, 166212, 100, 19, 461.79
2026/09/15 01:34:10.851, 0, 167231, 25, 7, 380.42
2026/09/15 01:34:10.855, 1, 166532, 41, 3, 429.70
2026/09/15 01:34:10.858, 2, 166532, 73, 7, 439.37
2026/09/15 01:34:10.860, 3, 166212, 77, 7, 446.17
2026/09/15 01:34:11.863, 0, 167231, 99, 20, 387.72
2026/09/15 01:34:11.866, 1, 166532, 100, 20, 394.80
2026/09/15 01:34:11.869, 2, 166532, 100, 20, 373.56
2026/09/15 01:34:11.871, 3, 166212, 100, 20, 377.32
2026/09/15 01:34:12.874, 0, 167231, 100, 19, 378.50
2026/09/15 01:34:12.877, 1, 166532, 100, 19, 458.47
2026/09/15 01:34:12.880, 2, 166532, 100, 19, 448.32
2026/09/15 01:34:12.882, 3, 166212, 100, 19, 467.12
2026/09/15 01:34:13.885, 0, 167231, 27, 8, 378.80
2026/09/15 01:34:13.888, 1, 166532, 71, 3, 440.51
2026/09/15 01:34:13.891, 2, 166532, 71, 7, 436.32
2026/09/15 01:34:13.893, 3, 166212, 81, 10, 461.37
2026/09/15 01:34:14.896, 0, 167231, 100, 19, 388.01
2026/09/15 01:34:14.899, 1, 166532, 100, 19, 393.90
2026/09/15 01:34:14.902, 2, 166532, 100, 19, 363.74
2026/09/15 01:34:14.904, 3, 166212, 100, 19, 379.98
2026/09/15 01:34:15.907, 0, 167231, 100, 19, 382.78
2026/09/15 01:34:15.910, 1, 166532, 100, 19, 456.97
2026/09/15 01:34:15.912, 2, 166532, 100, 19, 447.99
2026/09/15 01:34:15.915, 3, 166212, 100, 19, 462.33
2026/09/15 01:34:16.918, 0, 167231, 28, 9, 379.96
2026/09/15 01:34:16.921, 1, 166532, 72, 11, 452.08
2026/09/15 01:34:16.923, 2, 166532, 72, 8, 448.02
2026/09/15 01:34:16.926, 3, 166212, 81, 11, 468.62
2026/09/15 01:34:17.928, 0, 167231, 100, 19, 388.26
2026/09/15 01:34:17.932, 1, 166532, 100, 19, 386.79
2026/09/15 01:34:17.934, 2, 166532, 100, 19, 364.45
2026/09/15 01:34:17.937, 3, 166212, 100, 19, 371.74
2026/09/15 01:34:18.940, 0, 167231, 100, 19, 381.06
2026/09/15 01:34:18.943, 1, 166532, 100, 19, 445.05
2026/09/15 01:34:18.945, 2, 166532, 100, 19, 443.43
2026/09/15 01:34:18.948, 3, 166212, 100, 19, 457.75
2026/09/15 01:34:19.950, 0, 167231, 32, 9, 383.18
2026/09/15 01:34:19.953, 1, 166532, 46, 12, 422.86
2026/09/15 01:34:19.956, 2, 166532, 75, 9, 447.61
2026/09/15 01:34:19.958, 3, 166212, 83, 11, 462.89
2026/09/15 01:34:20.961, 0, 167231, 100, 19, 390.29
2026/09/15 01:34:20.964, 1, 166532, 100, 19, 387.91
2026/09/15 01:34:20.967, 2, 166532, 100, 19, 365.66
2026/09/15 01:34:20.969, 3, 166212, 100, 19, 372.24
2026/09/15 01:34:21.972, 0, 167231, 99, 19, 382.35
2026/09/15 01:34:21.975, 1, 166532, 99, 19, 452.18
2026/09/15 01:34:21.977, 2, 166532, 99, 19, 452.06
2026/09/15 01:34:21.980, 3, 166212, 100, 19, 462.19
2026/09/15 01:34:22.982, 0, 167231, 100, 19, 378.82
2026/09/15 01:34:22.986, 1, 166532, 80, 13, 448.19
2026/09/15 01:34:22.988, 2, 166532, 75, 10, 444.19
2026/09/15 01:34:22.991, 3, 166212, 86, 12, 465.51
2026/09/15 01:34:23.993, 0, 167231, 100, 20, 390.35
2026/09/15 01:34:23.996, 1, 166532, 100, 20, 386.55
2026/09/15 01:34:23.999, 2, 166532, 100, 20, 359.33
2026/09/15 01:34:24.002, 3, 166212, 100, 20, 369.91
2026/09/15 01:34:25.004, 0, 167231, 0, 0, 230.74
2026/09/15 01:34:25.007, 1, 166532, 0, 0, 227.35
2026/09/15 01:34:25.010, 2, 166532, 0, 0, 218.62
2026/09/15 01:34:25.012, 3, 166212, 0, 0, 233.30
2026/09/15 01:34:26.015, 0, 167231, 0, 0, 228.40
2026/09/15 01:34:26.019, 1, 166532, 0, 0, 227.10
2026/09/15 01:34:26.022, 2, 166532, 0, 0, 217.04
2026/09/15 01:34:26.024, 3, 166212, 0, 0, 232.66
2026/09/15 01:34:27.027, 0, 167231, 0, 0, 228.41
2026/09/15 01:34:27.031, 1, 166532, 0, 0, 227.27
2026/09/15 01:34:27.033, 2, 166532, 0, 0, 215.78
2026/09/15 01:34:27.036, 3, 166212, 0, 0, 232.66
2026/09/15 01:34:28.039, 0, 167231, 0, 0, 228.41
2026/09/15 01:34:28.041, 1, 166532, 0, 0, 227.27
2026/09/15 01:34:28.044, 2, 166532, 0, 0, 215.62
2026/09/15 01:34:28.047, 3, 166212, 0, 0, 232.68
2026/09/15 01:34:29.049, 0, 167231, 0, 0, 228.41
2026/09/15 01:34:29.052, 1, 166532, 0, 0, 227.27
2026/09/15 01:34:29.055, 2, 166532, 0, 0, 215.78
2026/09/15 01:34:29.057, 3, 166212, 0, 0, 232.71
2026/09/15 01:34:30.060, 0, 167231, 0, 0, 228.41
2026/09/15 01:34:30.063, 1, 166532, 0, 0, 227.27
2026/09/15 01:34:30.065, 2, 166532, 0, 0, 215.53
2026/09/15 01:34:30.068, 3, 166212, 0, 0, 232.64
2026/09/15 01:34:31.070, 0, 167231, 0, 0, 228.41
2026/09/15 01:34:31.074, 1, 166532, 0, 0, 227.27
2026/09/15 01:34:31.076, 2, 166532, 0, 0, 215.54
2026/09/15 01:34:31.079, 3, 166212, 0, 0, 232.66
2026/09/15 01:34:32.081, 0, 167231, 0, 0, 228.41
2026/09/15 01:34:32.085, 1, 166532, 0, 0, 227.27
2026/09/15 01:34:32.087, 2, 166532, 0, 0, 215.54
2026/09/15 01:34:32.090, 3, 166212, 0, 0, 232.67
2026/09/15 01:34:33.092, 0, 167231, 0, 0, 228.41
2026/09/15 01:34:33.096, 1, 166532, 0, 0, 227.27
2026/09/15 01:34:33.098, 2, 166532, 0, 0, 215.54
2026/09/15 01:34:33.101, 3, 166212, 0, 0, 232.65
2026/09/15 01:34:34.103, 0, 167231, 0, 0, 228.41
2026/09/15 01:34:34.106, 1, 166532, 0, 0, 227.27
2026/09/15 01:34:34.109, 2, 166532, 0, 0, 215.54
2026/09/15 01:34:34.112, 3, 166212, 0, 0, 232.66
2026/09/15 01:34:35.114, 0, 167231, 0, 0, 228.41
2026/09/15 01:34:35.117, 1, 166532, 0, 0, 227.27
2026/09/15 01:34:35.120, 2, 166532, 0, 0, 215.54
2026/09/15 01:34:35.122, 3, 166212, 0, 0, 232.67
2026/09/15 01:34:36.125, 0, 167231, 0, 0, 228.41
2026/09/15 01:34:36.128, 1, 166532, 0, 0, 227.27
2026/09/15 01:34:36.131, 2, 166532, 0, 0, 215.54
2026/09/15 01:34:36.133, 3, 166212, 0, 0, 232.65
2026/09/15 01:34:37.136, 0, 167231, 0, 0, 238.39
2026/09/15 01:34:37.139, 1, 166532, 43, 2, 287.54
2026/09/15 01:34:37.141, 2, 166532, 0, 0, 266.70
2026/09/15 01:34:37.144, 3, 166212, 40, 2, 300.30
2026/09/15 01:34:38.146, 0, 166553, 0, 0, 285.14
2026/09/15 01:34:38.149, 1, 165854, 0, 0, 313.08
2026/09/15 01:34:38.152, 2, 165854, 0, 0, 316.00
2026/09/15 01:34:38.155, 3, 165534, 0, 0, 321.40
2026/09/15 01:34:39.157, 0, 167231, 100, 19, 356.08
2026/09/15 01:34:39.160, 1, 166532, 100, 19, 344.94
2026/09/15 01:34:39.163, 2, 166532, 100, 19, 339.42
2026/09/15 01:34:39.165, 3, 166212, 99, 19, 401.13
2026/09/15 01:34:40.168, 0, 167231, 51, 5, 416.89
2026/09/15 01:34:40.171, 1, 166532, 23, 4, 374.17
2026/09/15 01:34:40.173, 2, 166532, 70, 6, 402.90
2026/09/15 01:34:40.176, 3, 166212, 80, 6, 421.73
2026/09/15 01:34:41.178, 0, 167231, 100, 20, 408.16
2026/09/15 01:34:41.181, 1, 166532, 100, 20, 394.74
2026/09/15 01:34:41.184, 2, 166532, 100, 20, 405.14
2026/09/15 01:34:41.186, 3, 166212, 100, 20, 418.36
2026/09/15 01:34:42.189, 0, 167231, 100, 19, 435.63
2026/09/15 01:34:42.192, 1, 166532, 100, 19, 376.53
2026/09/15 01:34:42.194, 2, 166532, 100, 19, 441.20
2026/09/15 01:34:42.197, 3, 166212, 100, 19, 465.70
2026/09/15 01:34:43.199, 0, 167231, 33, 6, 392.17
2026/09/15 01:34:43.202, 1, 166532, 32, 4, 389.45
2026/09/15 01:34:43.205, 2, 166532, 69, 4, 407.46
2026/09/15 01:34:43.207, 3, 166212, 78, 4, 422.73
2026/09/15 01:34:44.210, 0, 167231, 100, 19, 399.98
2026/09/15 01:34:44.213, 1, 166532, 100, 19, 389.41
2026/09/15 01:34:44.215, 2, 166532, 100, 19, 377.43
2026/09/15 01:34:44.217, 3, 166212, 100, 20, 411.54
2026/09/15 01:34:45.220, 0, 167231, 100, 19, 419.61
2026/09/15 01:34:45.223, 1, 166532, 100, 19, 375.27
2026/09/15 01:34:45.225, 2, 166532, 100, 19, 435.14
2026/09/15 01:34:45.228, 3, 166212, 100, 19, 457.81
2026/09/15 01:34:46.230, 0, 167231, 57, 8, 422.36
2026/09/15 01:34:46.233, 1, 166532, 27, 8, 376.57
2026/09/15 01:34:46.236, 2, 166532, 76, 10, 450.37
2026/09/15 01:34:46.238, 3, 166212, 81, 10, 465.31
2026/09/15 01:34:47.241, 0, 167231, 99, 20, 400.53
2026/09/15 01:34:47.245, 1, 166532, 100, 20, 386.74
2026/09/15 01:34:47.249, 2, 166532, 100, 20, 376.83
2026/09/15 01:34:47.252, 3, 166212, 100, 20, 375.74
2026/09/15 01:34:48.255, 0, 167231, 100, 19, 424.81
2026/09/15 01:34:48.261, 1, 166532, 100, 19, 378.85
2026/09/15 01:34:48.264, 2, 166532, 100, 19, 436.70
2026/09/15 01:34:48.266, 3, 166212, 100, 19, 459.44
2026/09/15 01:34:49.269, 0, 167231, 57, 9, 433.90
2026/09/15 01:34:49.273, 1, 166532, 28, 9, 385.05
2026/09/15 01:34:49.275, 2, 166532, 77, 11, 419.86
2026/09/15 01:34:49.278, 3, 166212, 83, 11, 462.73
2026/09/15 01:34:50.281, 0, 167231, 100, 20, 386.33
2026/09/15 01:34:50.284, 1, 166532, 100, 20, 387.29
2026/09/15 01:34:50.286, 2, 166532, 100, 20, 364.76
2026/09/15 01:34:50.289, 3, 166212, 100, 20, 372.02
2026/09/15 01:34:51.292, 0, 167231, 99, 19, 425.64
2026/09/15 01:34:51.296, 1, 166532, 100, 19, 379.28
2026/09/15 01:34:51.299, 2, 166532, 100, 19, 443.62
2026/09/15 01:34:51.302, 3, 166212, 100, 19, 462.15
2026/09/15 01:34:52.305, 0, 167231, 59, 11, 430.09
2026/09/15 01:34:52.310, 1, 166532, 31, 11, 377.98
2026/09/15 01:34:52.313, 2, 166532, 83, 13, 442.94
2026/09/15 01:34:52.316, 3, 166212, 88, 13, 465.19
2026/09/15 01:34:53.319, 0, 167231, 100, 19, 387.05
2026/09/15 01:34:53.323, 1, 166532, 100, 19, 385.57
2026/09/15 01:34:53.325, 2, 166532, 100, 19, 364.42
2026/09/15 01:34:53.328, 3, 166212, 100, 19, 372.30
2026/09/15 01:34:54.331, 0, 167231, 100, 19, 377.42
2026/09/15 01:34:54.334, 1, 166532, 100, 19, 449.59
2026/09/15 01:34:54.336, 2, 166532, 100, 19, 449.29
2026/09/15 01:34:54.339, 3, 166212, 100, 19, 467.69
2026/09/15 01:34:55.341, 0, 167231, 30, 10, 378.18
2026/09/15 01:34:55.344, 1, 166532, 100, 19, 452.16
2026/09/15 01:34:55.347, 2, 166532, 85, 14, 441.14
2026/09/15 01:34:55.349, 3, 166212, 89, 14, 465.29
2026/09/15 01:34:56.352, 0, 167231, 100, 19, 387.73
2026/09/15 01:34:56.355, 1, 166532, 100, 19, 388.11
2026/09/15 01:34:56.357, 2, 166532, 100, 19, 364.85
2026/09/15 01:34:56.360, 3, 166212, 100, 19, 371.02
2026/09/15 01:34:57.363, 0, 167231, 100, 19, 399.77
2026/09/15 01:34:57.366, 1, 166532, 100, 19, 427.56
2026/09/15 01:34:57.368, 2, 166532, 100, 19, 437.38
2026/09/15 01:34:57.371, 3, 166212, 100, 19, 459.80
2026/09/15 01:34:58.373, 0, 167231, 100, 19, 378.04
2026/09/15 01:34:58.377, 1, 166532, 100, 19, 458.80
2026/09/15 01:34:58.379, 2, 166532, 87, 15, 452.23
2026/09/15 01:34:58.382, 3, 166212, 90, 15, 465.22
2026/09/15 01:34:59.385, 0, 167231, 100, 19, 386.29
2026/09/15 01:34:59.388, 1, 166532, 100, 19, 384.74
2026/09/15 01:34:59.391, 2, 166532, 100, 20, 365.19
2026/09/15 01:34:59.393, 3, 166212, 100, 20, 368.96
2026/09/15 01:35:00.396, 0, 167231, 100, 19, 384.30
2026/09/15 01:35:00.399, 1, 166532, 100, 19, 452.05
2026/09/15 01:35:00.402, 2, 166532, 100, 19, 443.73
2026/09/15 01:35:00.404, 3, 166212, 100, 19, 467.39
2026/09/15 01:35:01.407, 0, 167231, 100, 19, 379.11
2026/09/15 01:35:01.410, 1, 166532, 100, 19, 449.79
2026/09/15 01:35:01.413, 2, 166532, 92, 16, 445.67
2026/09/15 01:35:01.415, 3, 166212, 93, 17, 459.64
2026/09/15 01:35:02.418, 0, 167231, 89, 18, 380.62
2026/09/15 01:35:02.421, 1, 166532, 91, 18, 372.07
2026/09/15 01:35:02.423, 2, 166532, 0, 0, 353.14
2026/09/15 01:35:02.426, 3, 166212, 100, 20, 371.41
2026/09/15 01:35:03.429, 0, 167231, 0, 0, 229.77
2026/09/15 01:35:03.432, 1, 166532, 0, 0, 227.27
2026/09/15 01:35:03.434, 2, 166532, 0, 0, 218.62
2026/09/15 01:35:03.437, 3, 166212, 0, 0, 233.00
2026/09/15 01:35:04.439, 0, 167231, 0, 0, 228.40
2026/09/15 01:35:04.443, 1, 166532, 0, 0, 227.03
2026/09/15 01:35:04.446, 2, 166532, 0, 0, 216.36
2026/09/15 01:35:04.448, 3, 166212, 0, 0, 232.66
2026/09/15 01:35:05.451, 0, 167231, 0, 0, 228.41
2026/09/15 01:35:05.454, 1, 166532, 0, 0, 227.27
2026/09/15 01:35:05.457, 2, 166532, 0, 0, 215.85
2026/09/15 01:35:05.460, 3, 166212, 0, 0, 232.68
2026/09/15 01:35:06.462, 0, 167231, 0, 0, 228.41
2026/09/15 01:35:06.465, 1, 166532, 0, 0, 227.27
2026/09/15 01:35:06.469, 2, 166532, 0, 0, 215.70
2026/09/15 01:35:06.472, 3, 166212, 0, 0, 232.66
2026/09/15 01:35:07.475, 0, 167231, 0, 0, 228.49
2026/09/15 01:35:07.479, 1, 166532, 0, 0, 227.27
2026/09/15 01:35:07.482, 2, 166532, 0, 0, 215.70
2026/09/15 01:35:07.484, 3, 166212, 0, 0, 232.66
2026/09/15 01:35:08.487, 0, 167231, 0, 0, 228.41
2026/09/15 01:35:08.490, 1, 166532, 0, 0, 227.27
2026/09/15 01:35:08.493, 2, 166532, 0, 0, 215.46
2026/09/15 01:35:08.495, 3, 166212, 0, 0, 232.65
2026/09/15 01:35:09.498, 0, 167231, 0, 0, 228.41
2026/09/15 01:35:09.501, 1, 166532, 0, 0, 227.27
2026/09/15 01:35:09.503, 2, 166532, 0, 0, 215.55
2026/09/15 01:35:09.506, 3, 166212, 0, 0, 232.69
2026/09/15 01:35:10.508, 0, 167231, 0, 0, 228.41
2026/09/15 01:35:10.512, 1, 166532, 0, 0, 227.27
2026/09/15 01:35:10.515, 2, 166532, 0, 0, 215.54
2026/09/15 01:35:10.518, 3, 166212, 0, 0, 232.66
2026/09/15 01:35:11.521, 0, 167231, 0, 0, 228.41
2026/09/15 01:35:11.525, 1, 166532, 0, 0, 227.27
2026/09/15 01:35:11.529, 2, 166532, 0, 0, 215.55
2026/09/15 01:35:11.532, 3, 166212, 0, 0, 232.69
2026/09/15 01:35:12.535, 0, 167231, 0, 0, 228.41
2026/09/15 01:35:12.539, 1, 166532, 0, 0, 227.27
2026/09/15 01:35:12.541, 2, 166532, 0, 0, 215.54
2026/09/15 01:35:12.544, 3, 166212, 0, 0, 232.65
2026/09/15 01:35:13.546, 0, 167231, 0, 0, 228.41
2026/09/15 01:35:13.549, 1, 166532, 0, 0, 227.20
2026/09/15 01:35:13.551, 2, 166532, 0, 0, 215.54
2026/09/15 01:35:13.554, 3, 166212, 0, 0, 232.67
2026/09/15 01:35:14.556, 0, 167231, 0, 0, 228.41
2026/09/15 01:35:14.560, 1, 166532, 0, 0, 227.19
2026/09/15 01:35:14.562, 2, 166532, 0, 0, 215.63
2026/09/15 01:35:14.565, 3, 166212, 0, 0, 232.67
2026/09/15 01:35:15.567, 0, 167231, 0, 0, 229.47
2026/09/15 01:35:15.570, 1, 166532, 46, 3, 255.50
2026/09/15 01:35:15.573, 2, 166532, 0, 0, 243.36
2026/09/15 01:35:15.575, 3, 166212, 0, 0, 268.35
2026/09/15 01:35:16.578, 0, 166553, 0, 0, 282.60
2026/09/15 01:35:16.581, 1, 165854, 0, 0, 355.43
2026/09/15 01:35:16.584, 2, 165854, 0, 0, 347.89
2026/09/15 01:35:16.586, 3, 165534, 0, 0, 365.92
2026/09/15 01:35:17.589, 0, 167231, 99, 19, 318.78
2026/09/15 01:35:17.592, 1, 166532, 100, 19, 389.41
2026/09/15 01:35:17.594, 2, 166532, 99, 19, 382.45
2026/09/15 01:35:17.597, 3, 166212, 100, 19, 403.28
2026/09/15 01:35:18.599, 0, 167231, 21, 4, 379.61
2026/09/15 01:35:18.602, 1, 166532, 69, 5, 407.12
2026/09/15 01:35:18.605, 2, 166532, 99, 20, 389.35
2026/09/15 01:35:18.607, 3, 166212, 100, 20, 402.79
2026/09/15 01:35:19.610, 0, 167231, 100, 20, 392.05
2026/09/15 01:35:19.613, 1, 166532, 100, 20, 441.68
2026/09/15 01:35:19.615, 2, 166532, 100, 19, 425.35
2026/09/15 01:35:19.618, 3, 166212, 100, 19, 440.18
2026/09/15 01:35:20.620, 0, 167231, 100, 19, 387.93
2026/09/15 01:35:20.623, 1, 166532, 100, 19, 434.22
2026/09/15 01:35:20.626, 2, 166532, 100, 19, 446.92
2026/09/15 01:35:20.628, 3, 166212, 99, 19, 464.85
2026/09/15 01:35:21.631, 0, 167231, 18, 3, 377.53
2026/09/15 01:35:21.634, 1, 166532, 45, 4, 410.37
2026/09/15 01:35:21.636, 2, 166532, 72, 5, 412.59
2026/09/15 01:35:21.639, 3, 166212, 100, 20, 404.67
2026/09/15 01:35:22.642, 0, 167231, 100, 20, 393.17
2026/09/15 01:35:22.644, 1, 166532, 100, 20, 421.51
2026/09/15 01:35:22.647, 2, 166532, 100, 19, 404.21
2026/09/15 01:35:22.649, 3, 166212, 99, 19, 413.02
2026/09/15 01:35:23.652, 0, 167231, 100, 19, 377.89
2026/09/15 01:35:23.655, 1, 166532, 99, 19, 442.99
2026/09/15 01:35:23.657, 2, 166532, 99, 19, 447.73
2026/09/15 01:35:23.660, 3, 166212, 100, 19, 461.92
2026/09/15 01:35:24.662, 0, 167231, 17, 3, 373.17
2026/09/15 01:35:24.665, 1, 166532, 69, 4, 425.56
2026/09/15 01:35:24.668, 2, 166532, 71, 6, 418.91
2026/09/15 01:35:24.670, 3, 166212, 77, 6, 436.08
2026/09/15 01:35:25.673, 0, 167231, 99, 20, 390.98
2026/09/15 01:35:25.676, 1, 166532, 100, 20, 420.62
2026/09/15 01:35:25.678, 2, 166532, 99, 20, 397.57
2026/09/15 01:35:25.681, 3, 166212, 100, 20, 406.18
2026/09/15 01:35:26.683, 0, 167231, 100, 19, 380.71
2026/09/15 01:35:26.687, 1, 166532, 100, 19, 455.67
2026/09/15 01:35:26.689, 2, 166532, 100, 19, 453.56
2026/09/15 01:35:26.692, 3, 166212, 100, 19, 469.47
2026/09/15 01:35:27.695, 0, 167231, 17, 3, 378.23
2026/09/15 01:35:27.698, 1, 166532, 72, 3, 432.79
2026/09/15 01:35:27.700, 2, 166532, 72, 7, 422.48
2026/09/15 01:35:27.703, 3, 166212, 76, 7, 442.46
2026/09/15 01:35:28.705, 0, 167231, 100, 20, 390.30
2026/09/15 01:35:28.708, 1, 166532, 99, 20, 414.96
2026/09/15 01:35:28.711, 2, 166532, 100, 20, 394.13
2026/09/15 01:35:28.713, 3, 166212, 100, 20, 403.38
2026/09/15 01:35:29.716, 0, 167231, 100, 19, 380.00
2026/09/15 01:35:29.719, 1, 166532, 99, 19, 446.56
2026/09/15 01:35:29.721, 2, 166532, 100, 19, 448.41
2026/09/15 01:35:29.724, 3, 166212, 99, 19, 461.98
2026/09/15 01:35:30.726, 0, 167231, 17, 3, 379.23
2026/09/15 01:35:30.729, 1, 166532, 75, 11, 450.84
2026/09/15 01:35:30.732, 2, 166532, 71, 8, 422.35
2026/09/15 01:35:30.734, 3, 166212, 77, 8, 441.22
2026/09/15 01:35:31.737, 0, 167231, 100, 19, 391.48
2026/09/15 01:35:31.740, 1, 166532, 100, 19, 385.37
2026/09/15 01:35:31.742, 2, 166532, 100, 19, 364.29
2026/09/15 01:35:31.745, 3, 166212, 100, 19, 400.74
2026/09/15 01:35:32.747, 0, 167231, 99, 19, 380.60
2026/09/15 01:35:32.750, 1, 166532, 100, 19, 448.49
2026/09/15 01:35:32.753, 2, 166532, 100, 19, 448.42
2026/09/15 01:35:32.755, 3, 166212, 100, 19, 463.83
2026/09/15 01:35:33.758, 0, 167231, 17, 3, 381.61
2026/09/15 01:35:33.761, 1, 166532, 75, 12, 451.71
2026/09/15 01:35:33.763, 2, 166532, 70, 9, 445.05
2026/09/15 01:35:33.766, 3, 166212, 78, 9, 465.82
2026/09/15 01:35:34.768, 0, 167231, 100, 19, 390.21
2026/09/15 01:35:34.771, 1, 166532, 100, 19, 387.86
2026/09/15 01:35:34.774, 2, 166532, 100, 19, 365.33
2026/09/15 01:35:34.777, 3, 166212, 100, 20, 371.95
2026/09/15 01:35:35.780, 0, 167231, 100, 19, 379.64
2026/09/15 01:35:35.783, 1, 166532, 100, 19, 457.02
2026/09/15 01:35:35.786, 2, 166532, 100, 19, 448.51
2026/09/15 01:35:35.788, 3, 166212, 100, 19, 463.08
2026/09/15 01:35:36.791, 0, 167231, 56, 13, 384.14
2026/09/15 01:35:36.795, 1, 166532, 53, 13, 422.49
2026/09/15 01:35:36.797, 2, 166532, 70, 9, 445.09
2026/09/15 01:35:36.800, 3, 166212, 77, 9, 465.17
2026/09/15 01:35:37.803, 0, 167231, 100, 19, 388.38
2026/09/15 01:35:37.806, 1, 166532, 100, 19, 388.62
2026/09/15 01:35:37.809, 2, 166532, 100, 19, 362.92
2026/09/15 01:35:37.812, 3, 166212, 99, 19, 370.07
2026/09/15 01:35:38.815, 0, 167231, 100, 19, 381.62
2026/09/15 01:35:38.818, 1, 166532, 100, 19, 449.74
2026/09/15 01:35:38.820, 2, 166532, 100, 20, 448.24
2026/09/15 01:35:38.823, 3, 166212, 100, 20, 458.76
2026/09/15 01:35:39.826, 0, 167231, 63, 14, 377.33
2026/09/15 01:35:39.829, 1, 166532, 83, 14, 449.43
2026/09/15 01:35:39.832, 2, 166532, 76, 10, 446.92
2026/09/15 01:35:39.835, 3, 166212, 81, 10, 461.99
2026/09/15 01:35:40.838, 0, 167231, 100, 19, 390.07
2026/09/15 01:35:40.841, 1, 166532, 100, 19, 386.05
2026/09/15 01:35:40.843, 2, 166532, 100, 20, 366.07
2026/09/15 01:35:40.846, 3, 166212, 100, 20, 372.01
2026/09/15 01:35:41.849, 0, 167231, 0, 0, 241.93
2026/09/15 01:35:41.852, 1, 166532, 0, 0, 230.68
2026/09/15 01:35:41.855, 2, 166532, 0, 0, 222.34
2026/09/15 01:35:41.858, 3, 166212, 0, 0, 234.57
2026/09/15 01:35:42.860, 0, 167231, 0, 0, 228.40
2026/09/15 01:35:42.864, 1, 166532, 0, 0, 227.03
2026/09/15 01:35:42.867, 2, 166532, 0, 0, 216.54
2026/09/15 01:35:42.870, 3, 166212, 0, 0, 232.65
2026/09/15 01:35:43.872, 0, 167231, 0, 0, 228.41
2026/09/15 01:35:43.876, 1, 166532, 0, 0, 227.27
2026/09/15 01:35:43.879, 2, 166532, 0, 0, 216.07
2026/09/15 01:35:43.882, 3, 166212, 0, 0, 232.65
2026/09/15 01:35:44.884, 0, 167231, 0, 0, 228.41
2026/09/15 01:35:44.887, 1, 166532, 0, 0, 227.27
2026/09/15 01:35:44.890, 2, 166532, 0, 0, 215.62
2026/09/15 01:35:44.892, 3, 166212, 0, 0, 232.68
2026/09/15 01:35:45.895, 0, 167231, 0, 0, 228.41
2026/09/15 01:35:45.898, 1, 166532, 0, 0, 227.27
2026/09/15 01:35:45.901, 2, 166532, 0, 0, 215.79
2026/09/15 01:35:45.903, 3, 166212, 0, 0, 232.67
2026/09/15 01:35:46.906, 0, 167231, 0, 0, 228.41
2026/09/15 01:35:46.909, 1, 166532, 0, 0, 227.27
2026/09/15 01:35:46.911, 2, 166532, 0, 0, 215.46
2026/09/15 01:35:46.914, 3, 166212, 0, 0, 232.66
2026/09/15 01:35:47.916, 0, 167231, 0, 0, 228.41
2026/09/15 01:35:47.920, 1, 166532, 0, 0, 227.27
2026/09/15 01:35:47.922, 2, 166532, 0, 0, 215.56
2026/09/15 01:35:47.924, 3, 166212, 0, 0, 232.69
2026/09/15 01:35:48.927, 0, 167231, 0, 0, 228.41
2026/09/15 01:35:48.932, 1, 166532, 0, 0, 227.27
2026/09/15 01:35:48.937, 2, 166532, 0, 0, 215.56
2026/09/15 01:35:48.941, 3, 166212, 0, 0, 232.72
2026/09/15 01:35:49.945, 0, 167231, 0, 0, 228.41
2026/09/15 01:35:49.948, 1, 166532, 0, 0, 227.27
2026/09/15 01:35:49.951, 2, 166532, 0, 0, 215.57
2026/09/15 01:35:49.953, 3, 166212, 0, 0, 232.71
2026/09/15 01:35:50.956, 0, 167231, 0, 0, 228.41
2026/09/15 01:35:50.959, 1, 166532, 0, 0, 227.20
2026/09/15 01:35:50.962, 2, 166532, 0, 0, 215.55
2026/09/15 01:35:50.964, 3, 166212, 0, 0, 232.67
2026/09/15 01:35:51.967, 0, 167231, 0, 0, 228.41
2026/09/15 01:35:51.970, 1, 166532, 0, 0, 227.27
2026/09/15 01:35:51.973, 2, 166532, 0, 0, 215.54
2026/09/15 01:35:51.975, 3, 166212, 0, 0, 232.67
2026/09/15 01:35:52.978, 0, 167231, 0, 0, 228.41
2026/09/15 01:35:52.981, 1, 166532, 0, 0, 227.12
2026/09/15 01:35:52.983, 2, 166532, 0, 0, 215.57
2026/09/15 01:35:52.986, 3, 166212, 0, 0, 232.69
2026/09/15 01:35:53.988, 0, 167551, 17, 4, 242.98
2026/09/15 01:35:53.992, 1, 166852, 59, 4, 262.42
2026/09/15 01:35:53.994, 2, 166852, 0, 0, 257.74
2026/09/15 01:35:53.997, 3, 166532, 0, 0, 292.60
2026/09/15 01:35:55.000, 0, 167551, 0, 0, 228.63
2026/09/15 01:35:55.003, 1, 166852, 0, 0, 244.56
2026/09/15 01:35:55.005, 2, 166852, 0, 0, 240.05
2026/09/15 01:35:55.008, 3, 166532, 0, 0, 248.38
2026/09/15 01:35:56.010, 0, 167551, 0, 0, 228.41
2026/09/15 01:35:56.014, 1, 166852, 0, 0, 227.27
2026/09/15 01:35:56.016, 2, 166852, 0, 0, 215.55
2026/09/15 01:35:56.019, 3, 166532, 0, 0, 232.68
2026/09/15 01:35:57.021, 0, 168749, 0, 0, 234.64
2026/09/15 01:35:57.025, 1, 168050, 0, 0, 239.23
2026/09/15 01:35:57.027, 2, 168050, 28, 0, 229.96
2026/09/15 01:35:57.029, 3, 167730, 1, 0, 233.40
2026/09/15 01:35:58.032, 0, 168749, 0, 0, 231.24
2026/09/15 01:35:58.034, 1, 168210, 100, 0, 283.06
2026/09/15 01:35:58.037, 2, 168210, 0, 0, 216.48
2026/09/15 01:35:58.039, 3, 167730, 0, 0, 232.79
2026/09/15 01:35:59.042, 0, 168909, 100, 0, 489.58
2026/09/15 01:35:59.044, 1, 168210, 100, 0, 772.94
2026/09/15 01:35:59.046, 2, 168210, 98, 3, 754.93
2026/09/15 01:35:59.049, 3, 167890, 0, 0, 245.00
2026/09/15 01:36:00.051, 0, 166653, 0, 0, 404.22
2026/09/15 01:36:00.054, 1, 165954, 0, 0, 379.52
2026/09/15 01:36:00.057, 2, 165954, 0, 0, 403.35
2026/09/15 01:36:00.059, 3, 165634, 0, 0, 396.88
2026/09/15 01:36:01.062, 0, 168493, 65, 25, 411.54
2026/09/15 01:36:01.065, 1, 167794, 56, 25, 379.30
2026/09/15 01:36:01.067, 2, 167794, 85, 26, 456.63
2026/09/15 01:36:01.070, 3, 167474, 79, 26, 443.70
2026/09/15 01:36:02.072, 0, 168493, 100, 27, 472.82
2026/09/15 01:36:02.075, 1, 167794, 100, 27, 463.76
2026/09/15 01:36:02.077, 2, 167794, 100, 27, 437.18
2026/09/15 01:36:02.080, 3, 167474, 100, 27, 427.83
2026/09/15 01:36:03.082, 0, 168493, 63, 27, 516.00
2026/09/15 01:36:03.085, 1, 167794, 60, 27, 497.23
2026/09/15 01:36:03.088, 2, 167794, 84, 25, 554.69
2026/09/15 01:36:03.090, 3, 167474, 80, 26, 546.63
2026/09/15 01:36:04.093, 0, 168493, 100, 26, 451.30
2026/09/15 01:36:04.095, 1, 167794, 100, 26, 470.23
2026/09/15 01:36:04.098, 2, 167794, 100, 27, 443.07
2026/09/15 01:36:04.100, 3, 167474, 100, 27, 427.55
2026/09/15 01:36:05.103, 0, 168493, 61, 29, 528.65
2026/09/15 01:36:05.106, 1, 167794, 64, 29, 491.14
2026/09/15 01:36:05.108, 2, 167794, 81, 26, 540.74
2026/09/15 01:36:05.111, 3, 167474, 76, 25, 531.61
2026/09/15 01:36:06.113, 0, 168493, 100, 26, 465.20
2026/09/15 01:36:06.116, 1, 167794, 100, 26, 468.12
2026/09/15 01:36:06.119, 2, 167794, 100, 26, 448.75
2026/09/15 01:36:06.121, 3, 167474, 100, 26, 444.00
2026/09/15 01:36:07.124, 0, 168493, 69, 28, 521.74
2026/09/15 01:36:07.127, 1, 167794, 57, 27, 475.49
2026/09/15 01:36:07.129, 2, 167794, 82, 26, 533.16
2026/09/15 01:36:07.132, 3, 167474, 77, 27, 521.96
2026/09/15 01:36:08.134, 0, 168493, 100, 27, 473.37
2026/09/15 01:36:08.137, 1, 167794, 100, 27, 481.77
2026/09/15 01:36:08.140, 2, 167794, 100, 27, 470.56
2026/09/15 01:36:08.142, 3, 167474, 100, 26, 450.27
2026/09/15 01:36:09.145, 0, 168493, 60, 18, 512.12
2026/09/15 01:36:09.148, 1, 167794, 55, 24, 491.00
2026/09/15 01:36:09.151, 2, 167794, 86, 29, 548.47
2026/09/15 01:36:09.153, 3, 167474, 83, 29, 508.07
2026/09/15 01:36:10.156, 0, 168493, 100, 26, 473.01
2026/09/15 01:36:10.159, 1, 167794, 100, 26, 464.58
2026/09/15 01:36:10.162, 2, 167794, 100, 26, 446.18
2026/09/15 01:36:10.165, 3, 167474, 100, 26, 425.72
2026/09/15 01:36:11.167, 0, 168493, 60, 8, 496.20
2026/09/15 01:36:11.170, 1, 167794, 60, 25, 492.97
2026/09/15 01:36:11.173, 2, 167794, 86, 29, 527.57
2026/09/15 01:36:11.175, 3, 167474, 82, 29, 530.42
2026/09/15 01:36:12.178, 0, 168493, 100, 27, 480.67
2026/09/15 01:36:12.180, 1, 167794, 100, 28, 471.58
2026/09/15 01:36:12.183, 2, 167794, 100, 27, 465.63
2026/09/15 01:36:12.185, 3, 167474, 100, 27, 450.83
2026/09/15 01:36:13.188, 0, 168493, 54, 3, 495.39
2026/09/15 01:36:13.191, 1, 167794, 62, 28, 478.38
2026/09/15 01:36:13.193, 2, 167794, 80, 18, 516.22
2026/09/15 01:36:13.196, 3, 167474, 74, 18, 509.60
2026/09/15 01:36:14.198, 0, 168493, 100, 27, 477.46
2026/09/15 01:36:14.201, 1, 167794, 100, 27, 484.81
2026/09/15 01:36:14.204, 2, 167794, 100, 27, 476.51
2026/09/15 01:36:14.206, 3, 167474, 100, 27, 463.61
2026/09/15 01:36:15.209, 0, 168493, 61, 29, 494.35
2026/09/15 01:36:15.212, 1, 167794, 64, 29, 478.49
2026/09/15 01:36:15.214, 2, 167794, 76, 6, 496.57
2026/09/15 01:36:15.217, 3, 167474, 68, 5, 501.20
2026/09/15 01:36:16.219, 0, 168493, 100, 27, 478.33
2026/09/15 01:36:16.222, 1, 167794, 100, 27, 498.94
2026/09/15 01:36:16.225, 2, 167794, 100, 27, 494.89
2026/09/15 01:36:16.227, 3, 167474, 100, 27, 480.37
2026/09/15 01:36:17.230, 0, 168493, 61, 22, 489.98
2026/09/15 01:36:17.232, 1, 167794, 53, 22, 454.22
2026/09/15 01:36:17.235, 2, 167794, 78, 3, 493.74
2026/09/15 01:36:17.238, 3, 167474, 68, 3, 477.99
2026/09/15 01:36:18.240, 0, 168493, 100, 27, 490.23
2026/09/15 01:36:18.243, 1, 167794, 100, 27, 498.29
2026/09/15 01:36:18.245, 2, 167794, 100, 27, 498.91
2026/09/15 01:36:18.248, 3, 167474, 100, 27, 493.03
2026/09/15 01:36:19.250, 0, 168493, 56, 10, 486.28
2026/09/15 01:36:19.253, 1, 167794, 33, 11, 475.94
2026/09/15 01:36:19.256, 2, 167794, 87, 28, 512.98
2026/09/15 01:36:19.259, 3, 167474, 66, 5, 466.81
2026/09/15 01:36:20.261, 0, 168493, 100, 27, 508.60
2026/09/15 01:36:20.264, 1, 167794, 100, 27, 490.65
2026/09/15 01:36:20.267, 2, 167794, 100, 27, 479.12
2026/09/15 01:36:20.269, 3, 167474, 100, 27, 472.99
2026/09/15 01:36:21.272, 0, 168493, 0, 0, 408.05
2026/09/15 01:36:21.275, 1, 167794, 0, 0, 401.77
2026/09/15 01:36:21.277, 2, 167794, 0, 0, 371.20
2026/09/15 01:36:21.280, 3, 167474, 0, 0, 371.41
2026/09/15 01:36:22.282, 0, 168493, 0, 0, 231.12
2026/09/15 01:36:22.285, 1, 167794, 0, 0, 227.27
2026/09/15 01:36:22.288, 2, 167794, 0, 0, 219.31
2026/09/15 01:36:22.290, 3, 167474, 0, 0, 234.04
2026/09/15 01:36:23.293, 0, 168493, 0, 0, 228.61
2026/09/15 01:36:23.298, 1, 167794, 0, 0, 227.18
2026/09/15 01:36:23.301, 2, 167794, 0, 0, 218.85
2026/09/15 01:36:23.304, 3, 167474, 0, 0, 232.67
2026/09/15 01:36:24.306, 0, 168493, 0, 0, 228.41
2026/09/15 01:36:24.310, 1, 167794, 0, 0, 227.27
2026/09/15 01:36:24.312, 2, 167794, 0, 0, 217.11
2026/09/15 01:36:24.315, 3, 167474, 0, 0, 232.64
2026/09/15 01:36:25.317, 0, 168493, 0, 0, 228.41
2026/09/15 01:36:25.322, 1, 167794, 0, 0, 227.27
2026/09/15 01:36:25.325, 2, 167794, 0, 0, 216.24
2026/09/15 01:36:25.327, 3, 167474, 0, 0, 232.65
2026/09/15 01:36:26.330, 0, 168493, 0, 0, 228.41
2026/09/15 01:36:26.333, 1, 167794, 0, 0, 227.27
2026/09/15 01:36:26.336, 2, 167794, 0, 0, 216.08
2026/09/15 01:36:26.338, 3, 167474, 0, 0, 232.65
2026/09/15 01:36:27.341, 0, 168493, 0, 0, 228.41
2026/09/15 01:36:27.343, 1, 167794, 0, 0, 227.27
2026/09/15 01:36:27.346, 2, 167794, 0, 0, 215.69
2026/09/15 01:36:27.348, 3, 167474, 0, 0, 232.65
2026/09/15 01:36:28.351, 0, 168493, 0, 0, 228.41
2026/09/15 01:36:28.354, 1, 167794, 0, 0, 227.27
2026/09/15 01:36:28.357, 2, 167794, 0, 0, 215.63
2026/09/15 01:36:28.359, 3, 167474, 0, 0, 232.68
2026/09/15 01:36:29.362, 0, 168493, 0, 0, 228.41
2026/09/15 01:36:29.365, 1, 167794, 0, 0, 227.27
2026/09/15 01:36:29.368, 2, 167794, 0, 0, 215.54
2026/09/15 01:36:29.370, 3, 167474, 0, 0, 232.69
2026/09/15 01:36:30.373, 0, 168493, 0, 0, 228.41
2026/09/15 01:36:30.376, 1, 167794, 0, 0, 227.27
2026/09/15 01:36:30.379, 2, 167794, 0, 0, 215.70
2026/09/15 01:36:30.381, 3, 167474, 0, 0, 232.64
2026/09/15 01:36:31.384, 0, 168493, 0, 0, 228.41
2026/09/15 01:36:31.387, 1, 167794, 0, 0, 227.27
2026/09/15 01:36:31.389, 2, 167794, 0, 0, 215.54
2026/09/15 01:36:31.392, 3, 167474, 0, 0, 232.66
2026/09/15 01:36:32.395, 0, 168493, 0, 0, 228.41
2026/09/15 01:36:32.398, 1, 167794, 0, 0, 227.27
2026/09/15 01:36:32.400, 2, 167794, 0, 0, 215.64
2026/09/15 01:36:32.403, 3, 167474, 0, 0, 232.71
2026/09/15 01:36:33.405, 0, 168493, 0, 0, 228.41
2026/09/15 01:36:33.409, 1, 167794, 0, 0, 227.27
2026/09/15 01:36:33.411, 2, 167794, 0, 0, 215.56
2026/09/15 01:36:33.414, 3, 167474, 0, 0, 232.70
2026/09/15 01:36:34.416, 0, 168493, 58, 29, 323.50
2026/09/15 01:36:34.420, 1, 167794, 77, 28, 364.25
2026/09/15 01:36:34.422, 2, 167794, 79, 11, 382.10
2026/09/15 01:36:34.425, 3, 167474, 79, 10, 398.69
2026/09/15 01:36:35.427, 0, 166653, 0, 0, 305.66
2026/09/15 01:36:35.431, 1, 165954, 0, 0, 346.27
2026/09/15 01:36:35.434, 2, 165954, 0, 0, 322.82
2026/09/15 01:36:35.436, 3, 165634, 0, 0, 343.42
2026/09/15 01:36:36.439, 0, 168493, 100, 24, 417.37
2026/09/15 01:36:36.442, 1, 167794, 100, 24, 475.46
2026/09/15 01:36:36.445, 2, 167794, 79, 24, 467.14
2026/09/15 01:36:36.448, 3, 167474, 85, 24, 498.66
2026/09/15 01:36:37.451, 0, 168493, 100, 27, 467.43
2026/09/15 01:36:37.454, 1, 167794, 100, 27, 470.19
2026/09/15 01:36:37.456, 2, 167794, 100, 27, 432.24
2026/09/15 01:36:37.459, 3, 167474, 100, 27, 424.51
2026/09/15 01:36:38.462, 0, 168493, 83, 23, 494.48
2026/09/15 01:36:38.465, 1, 167794, 90, 23, 568.59
2026/09/15 01:36:38.468, 2, 167794, 100, 24, 565.42
2026/09/15 01:36:38.471, 3, 167474, 85, 25, 576.87
2026/09/15 01:36:39.473, 0, 168493, 100, 27, 457.37
2026/09/15 01:36:39.477, 1, 167794, 100, 27, 459.83
2026/09/15 01:36:39.479, 2, 167794, 100, 27, 429.06
2026/09/15 01:36:39.482, 3, 167474, 100, 27, 424.20
2026/09/15 01:36:40.485, 0, 168493, 61, 24, 484.90
2026/09/15 01:36:40.488, 1, 167794, 76, 24, 571.62
2026/09/15 01:36:40.491, 2, 167794, 100, 23, 556.81
2026/09/15 01:36:40.494, 3, 167474, 100, 23, 566.86
2026/09/15 01:36:41.496, 0, 168493, 100, 26, 457.34
2026/09/15 01:36:41.499, 1, 167794, 100, 26, 453.73
2026/09/15 01:36:41.502, 2, 167794, 100, 26, 423.74
2026/09/15 01:36:41.505, 3, 167474, 100, 26, 418.14
2026/09/15 01:36:42.508, 0, 168493, 54, 25, 489.25
2026/09/15 01:36:42.511, 1, 167794, 75, 25, 552.72
2026/09/15 01:36:42.514, 2, 167794, 92, 22, 555.54
2026/09/15 01:36:42.517, 3, 167474, 93, 22, 561.95
2026/09/15 01:36:43.519, 0, 168493, 100, 27, 458.82
2026/09/15 01:36:43.522, 1, 167794, 100, 27, 454.23
2026/09/15 01:36:43.525, 2, 167794, 100, 27, 427.69
2026/09/15 01:36:43.528, 3, 167474, 100, 27, 418.32
2026/09/15 01:36:44.531, 0, 168493, 54, 24, 492.71
2026/09/15 01:36:44.534, 1, 167794, 68, 24, 550.85
2026/09/15 01:36:44.537, 2, 167794, 84, 24, 560.72
2026/09/15 01:36:44.539, 3, 167474, 88, 24, 573.91
2026/09/15 01:36:45.542, 0, 168493, 100, 26, 451.99
2026/09/15 01:36:45.545, 1, 167794, 100, 26, 452.68
2026/09/15 01:36:45.548, 2, 167794, 100, 27, 427.79
2026/09/15 01:36:45.551, 3, 167474, 100, 27, 417.69
2026/09/15 01:36:46.554, 0, 168493, 57, 26, 490.27
2026/09/15 01:36:46.557, 1, 167794, 92, 23, 562.06
2026/09/15 01:36:46.559, 2, 167794, 80, 25, 555.95
2026/09/15 01:36:46.562, 3, 167474, 87, 25, 567.37
2026/09/15 01:36:47.565, 0, 168493, 100, 28, 461.48
2026/09/15 01:36:47.568, 1, 167794, 100, 28, 460.80
2026/09/15 01:36:47.571, 2, 167794, 100, 28, 431.77
2026/09/15 01:36:47.573, 3, 167474, 100, 28, 420.95
2026/09/15 01:36:48.576, 0, 168493, 59, 29, 500.57
2026/09/15 01:36:48.579, 1, 167794, 73, 24, 564.07
2026/09/15 01:36:48.582, 2, 167794, 77, 25, 566.33
2026/09/15 01:36:48.585, 3, 167474, 82, 25, 568.56
2026/09/15 01:36:49.588, 0, 168493, 100, 27, 460.01
2026/09/15 01:36:49.591, 1, 167794, 100, 27, 454.83
2026/09/15 01:36:49.594, 2, 167794, 100, 27, 426.79
2026/09/15 01:36:49.596, 3, 167474, 100, 27, 421.31
2026/09/15 01:36:50.599, 0, 168493, 57, 26, 489.76
2026/09/15 01:36:50.603, 1, 167794, 74, 26, 553.22
2026/09/15 01:36:50.605, 2, 167794, 79, 27, 553.36
2026/09/15 01:36:50.608, 3, 167474, 84, 27, 573.00
2026/09/15 01:36:51.611, 0, 168493, 100, 27, 457.48
2026/09/15 01:36:51.614, 1, 167794, 100, 27, 455.44
2026/09/15 01:36:51.617, 2, 167794, 100, 26, 430.19
2026/09/15 01:36:51.619, 3, 167474, 100, 26, 419.65
2026/09/15 01:36:52.622, 0, 168493, 55, 24, 486.95
2026/09/15 01:36:52.625, 1, 167794, 67, 25, 548.71
2026/09/15 01:36:52.628, 2, 167794, 80, 29, 542.63
2026/09/15 01:36:52.631, 3, 167474, 88, 29, 566.20
2026/09/15 01:36:53.633, 0, 168493, 100, 27, 450.72
2026/09/15 01:36:53.636, 1, 167794, 100, 27, 472.70
2026/09/15 01:36:53.639, 2, 167794, 100, 27, 447.83
2026/09/15 01:36:53.642, 3, 167474, 100, 27, 439.56
2026/09/15 01:36:54.644, 0, 168493, 59, 27, 484.75
2026/09/15 01:36:54.647, 1, 167794, 65, 27, 539.43
2026/09/15 01:36:54.650, 2, 167794, 76, 23, 520.47
2026/09/15 01:36:54.653, 3, 167474, 82, 24, 544.49
2026/09/15 01:36:55.655, 0, 168493, 100, 27, 459.36
2026/09/15 01:36:55.658, 1, 167794, 100, 27, 483.91
2026/09/15 01:36:55.661, 2, 167794, 100, 27, 456.72
2026/09/15 01:36:55.664, 3, 167474, 100, 27, 457.63
2026/09/15 01:36:56.666, 0, 168493, 0, 0, 372.84
2026/09/15 01:36:56.669, 1, 167794, 0, 0, 360.80
2026/09/15 01:36:56.672, 2, 167794, 0, 0, 336.96
2026/09/15 01:36:56.674, 3, 167474, 0, 0, 353.30
2026/09/15 01:36:57.677, 0, 168493, 0, 0, 230.69
2026/09/15 01:36:57.680, 1, 167794, 0, 0, 227.27
2026/09/15 01:36:57.682, 2, 167794, 0, 0, 219.24
2026/09/15 01:36:57.685, 3, 167474, 0, 0, 233.85
2026/09/15 01:36:58.687, 0, 168493, 0, 0, 228.91
2026/09/15 01:36:58.691, 1, 167794, 0, 0, 227.10
2026/09/15 01:36:58.694, 2, 167794, 0, 0, 218.40
2026/09/15 01:36:58.697, 3, 167474, 0, 0, 232.66
2026/09/15 01:36:59.699, 0, 168493, 0, 0, 228.49
2026/09/15 01:36:59.702, 1, 167794, 0, 0, 227.27
2026/09/15 01:36:59.705, 2, 167794, 0, 0, 216.85
2026/09/15 01:36:59.707, 3, 167474, 0, 0, 232.66
2026/09/15 01:37:00.710, 0, 168493, 0, 0, 228.48
2026/09/15 01:37:00.713, 1, 167794, 0, 0, 227.27
2026/09/15 01:37:00.716, 2, 167794, 0, 0, 216.79
2026/09/15 01:37:00.718, 3, 167474, 0, 0, 232.68
2026/09/15 01:37:01.721, 0, 168493, 0, 0, 228.41
2026/09/15 01:37:01.724, 1, 167794, 0, 0, 227.27
2026/09/15 01:37:01.726, 2, 167794, 0, 0, 216.00
2026/09/15 01:37:01.729, 3, 167474, 0, 0, 232.70
2026/09/15 01:37:02.732, 0, 168493, 0, 0, 228.41
2026/09/15 01:37:02.735, 1, 167794, 0, 0, 227.27
2026/09/15 01:37:02.737, 2, 167794, 0, 0, 215.54
2026/09/15 01:37:02.740, 3, 167474, 0, 0, 232.65
2026/09/15 01:37:03.742, 0, 168493, 0, 0, 228.41
2026/09/15 01:37:03.745, 1, 167794, 0, 0, 227.27
2026/09/15 01:37:03.748, 2, 167794, 0, 0, 215.69
2026/09/15 01:37:03.751, 3, 167474, 0, 0, 232.68
2026/09/15 01:37:04.753, 0, 168493, 0, 0, 228.41
2026/09/15 01:37:04.757, 1, 167794, 0, 0, 227.27
2026/09/15 01:37:04.759, 2, 167794, 0, 0, 215.70
2026/09/15 01:37:04.762, 3, 167474, 0, 0, 232.66
2026/09/15 01:37:05.764, 0, 168493, 0, 0, 228.41
2026/09/15 01:37:05.768, 1, 167794, 0, 0, 227.27
2026/09/15 01:37:05.770, 2, 167794, 0, 0, 215.54
2026/09/15 01:37:05.773, 3, 167474, 0, 0, 232.67
2026/09/15 01:37:06.775, 0, 168493, 0, 0, 228.41
2026/09/15 01:37:06.778, 1, 167794, 0, 0, 227.27
2026/09/15 01:37:06.781, 2, 167794, 0, 0, 215.55
2026/09/15 01:37:06.783, 3, 167474, 0, 0, 232.66
2026/09/15 01:37:07.786, 0, 168493, 0, 0, 228.41
2026/09/15 01:37:07.790, 1, 167794, 0, 0, 227.27
2026/09/15 01:37:07.793, 2, 167794, 0, 0, 215.63
2026/09/15 01:37:07.796, 3, 167474, 0, 0, 232.70
2026/09/15 01:37:08.799, 0, 168493, 0, 0, 228.41
2026/09/15 01:37:08.803, 1, 167794, 0, 0, 227.27
2026/09/15 01:37:08.805, 2, 167794, 0, 0, 215.55
2026/09/15 01:37:08.808, 3, 167474, 0, 0, 232.70
2026/09/15 01:37:09.810, 0, 168493, 54, 24, 383.07
2026/09/15 01:37:09.815, 1, 167794, 68, 24, 460.42
2026/09/15 01:37:09.818, 2, 167794, 81, 25, 475.40
2026/09/15 01:37:09.820, 3, 167474, 71, 25, 470.97
2026/09/15 01:37:10.823, 0, 166653, 0, 0, 247.37
2026/09/15 01:37:10.826, 1, 165954, 0, 0, 251.52
2026/09/15 01:37:10.829, 2, 165954, 0, 0, 239.12
2026/09/15 01:37:10.831, 3, 165634, 0, 0, 252.35
2026/09/15 01:37:11.834, 0, 168493, 100, 26, 468.47
2026/09/15 01:37:11.837, 1, 167794, 100, 26, 519.72
2026/09/15 01:37:11.840, 2, 167794, 100, 25, 534.44
2026/09/15 01:37:11.842, 3, 167474, 100, 25, 544.86
2026/09/15 01:37:12.845, 0, 168493, 100, 27, 469.29
2026/09/15 01:37:12.848, 1, 167794, 100, 27, 469.64
2026/09/15 01:37:12.850, 2, 167794, 100, 27, 436.26
2026/09/15 01:37:12.853, 3, 167474, 100, 27, 425.83
2026/09/15 01:37:13.855, 0, 168493, 100, 26, 492.88
2026/09/15 01:37:13.858, 1, 167794, 100, 26, 553.53
2026/09/15 01:37:13.861, 2, 167794, 100, 24, 565.30
2026/09/15 01:37:13.864, 3, 167474, 100, 24, 573.26
2026/09/15 01:37:14.866, 0, 168493, 100, 27, 464.93
2026/09/15 01:37:14.869, 1, 167794, 100, 27, 468.41
2026/09/15 01:37:14.872, 2, 167794, 100, 27, 432.95
2026/09/15 01:37:14.874, 3, 167474, 100, 27, 425.60
2026/09/15 01:37:15.877, 0, 168493, 100, 25, 492.58
2026/09/15 01:37:15.880, 1, 167794, 100, 25, 558.92
2026/09/15 01:37:15.882, 2, 167794, 100, 25, 563.44
2026/09/15 01:37:15.885, 3, 167474, 100, 23, 572.40
2026/09/15 01:37:16.887, 0, 168493, 100, 26, 459.55
2026/09/15 01:37:16.890, 1, 167794, 100, 26, 453.73
2026/09/15 01:37:16.893, 2, 167794, 100, 26, 426.64
2026/09/15 01:37:16.895, 3, 167474, 100, 26, 420.75
2026/09/15 01:37:17.898, 0, 168493, 100, 26, 492.36
2026/09/15 01:37:17.901, 1, 167794, 100, 24, 553.80
2026/09/15 01:37:17.903, 2, 167794, 100, 25, 566.48
2026/09/15 01:37:17.906, 3, 167474, 100, 25, 572.89
2026/09/15 01:37:18.908, 0, 168493, 100, 26, 463.66
2026/09/15 01:37:18.911, 1, 167794, 100, 26, 456.09
2026/09/15 01:37:18.914, 2, 167794, 100, 26, 428.08
2026/09/15 01:37:18.916, 3, 167474, 100, 26, 421.99
2026/09/15 01:37:19.919, 0, 168493, 100, 25, 486.75
2026/09/15 01:37:19.922, 1, 167794, 100, 24, 554.09
2026/09/15 01:37:19.924, 2, 167794, 100, 25, 565.29
2026/09/15 01:37:19.927, 3, 167474, 100, 25, 568.12
2026/09/15 01:37:20.929, 0, 168493, 100, 27, 453.53
2026/09/15 01:37:20.932, 1, 167794, 100, 27, 457.61
2026/09/15 01:37:20.935, 2, 167794, 100, 27, 426.80
2026/09/15 01:37:20.938, 3, 167474, 100, 27, 418.59
2026/09/15 01:37:21.940, 0, 168493, 100, 26, 486.09
2026/09/15 01:37:21.943, 1, 167794, 92, 22, 561.20
2026/09/15 01:37:21.946, 2, 167794, 100, 26, 563.67
2026/09/15 01:37:21.948, 3, 167474, 100, 26, 571.20
2026/09/15 01:37:22.951, 0, 168493, 100, 27, 458.73
2026/09/15 01:37:22.954, 1, 167794, 100, 28, 461.79
2026/09/15 01:37:22.956, 2, 167794, 100, 27, 428.87
2026/09/15 01:37:22.959, 3, 167474, 100, 27, 421.16
2026/09/15 01:37:23.961, 0, 168493, 100, 24, 495.58
2026/09/15 01:37:23.964, 1, 167794, 75, 24, 561.26
2026/09/15 01:37:23.967, 2, 167794, 100, 24, 570.55
2026/09/15 01:37:23.970, 3, 167474, 100, 24, 570.52
2026/09/15 01:37:24.972, 0, 168493, 100, 27, 455.73
2026/09/15 01:37:24.975, 1, 167794, 100, 27, 458.80
2026/09/15 01:37:24.978, 2, 167794, 100, 27, 430.26
2026/09/15 01:37:24.980, 3, 167474, 100, 27, 417.91
2026/09/15 01:37:25.983, 0, 168493, 84, 23, 487.12
2026/09/15 01:37:25.986, 1, 167794, 100, 25, 569.36
2026/09/15 01:37:25.988, 2, 167794, 93, 23, 568.24
2026/09/15 01:37:25.991, 3, 167474, 92, 23, 570.20
2026/09/15 01:37:26.993, 0, 168493, 100, 27, 452.88
2026/09/15 01:37:26.996, 1, 167794, 100, 27, 458.45
2026/09/15 01:37:26.999, 2, 167794, 100, 27, 428.85
2026/09/15 01:37:27.001, 3, 167474, 100, 27, 419.03
2026/09/15 01:37:28.004, 0, 168493, 64, 24, 495.03
2026/09/15 01:37:28.007, 1, 167794, 100, 24, 556.38
2026/09/15 01:37:28.009, 2, 167794, 87, 25, 573.91
2026/09/15 01:37:28.012, 3, 167474, 86, 24, 572.27
2026/09/15 01:37:29.015, 0, 168493, 100, 27, 455.72
2026/09/15 01:37:29.018, 1, 167794, 100, 27, 454.90
2026/09/15 01:37:29.020, 2, 167794, 100, 27, 428.37
2026/09/15 01:37:29.023, 3, 167474, 100, 27, 418.33
2026/09/15 01:37:30.025, 0, 168493, 100, 24, 490.17
2026/09/15 01:37:30.028, 1, 167794, 89, 23, 554.68
2026/09/15 01:37:30.031, 2, 167794, 87, 26, 570.92
2026/09/15 01:37:30.033, 3, 167474, 87, 25, 574.56
2026/09/15 01:37:31.036, 0, 168493, 100, 27, 460.35
2026/09/15 01:37:31.038, 1, 167794, 100, 27, 458.54
2026/09/15 01:37:31.041, 2, 167794, 100, 27, 428.30
2026/09/15 01:37:31.043, 3, 167474, 100, 27, 419.65
2026/09/15 01:37:32.046, 0, 168493, 0, 0, 322.17
2026/09/15 01:37:32.049, 1, 167794, 0, 0, 332.57
2026/09/15 01:37:32.052, 2, 167794, 0, 0, 309.65
2026/09/15 01:37:32.054, 3, 167474, 0, 0, 311.40
2026/09/15 01:37:33.057, 0, 168493, 0, 0, 230.59
2026/09/15 01:37:33.060, 1, 167794, 0, 0, 227.27
2026/09/15 01:37:33.062, 2, 167794, 0, 0, 219.08
2026/09/15 01:37:33.065, 3, 167474, 0, 0, 233.47
2026/09/15 01:37:34.067, 0, 168493, 0, 0, 228.68
2026/09/15 01:37:34.071, 1, 167794, 0, 0, 227.11
2026/09/15 01:37:34.074, 2, 167794, 0, 0, 218.16
2026/09/15 01:37:34.076, 3, 167474, 0, 0, 232.65
2026/09/15 01:37:35.079, 0, 168493, 0, 0, 228.41
2026/09/15 01:37:35.082, 1, 167794, 0, 0, 227.27
2026/09/15 01:37:35.085, 2, 167794, 0, 0, 217.23
2026/09/15 01:37:35.087, 3, 167474, 0, 0, 232.64
2026/09/15 01:37:36.090, 0, 168493, 0, 0, 228.56
2026/09/15 01:37:36.093, 1, 167794, 0, 0, 227.27
2026/09/15 01:37:36.096, 2, 167794, 0, 0, 216.81
2026/09/15 01:37:36.098, 3, 167474, 0, 0, 232.65
2026/09/15 01:37:37.101, 0, 168493, 0, 0, 228.41
2026/09/15 01:37:37.104, 1, 167794, 0, 0, 227.27
2026/09/15 01:37:37.106, 2, 167794, 0, 0, 216.00
2026/09/15 01:37:37.109, 3, 167474, 0, 0, 232.66
2026/09/15 01:37:38.111, 0, 168493, 0, 0, 228.41
2026/09/15 01:37:38.114, 1, 167794, 0, 0, 227.27
2026/09/15 01:37:38.117, 2, 167794, 0, 0, 216.07
2026/09/15 01:37:38.119, 3, 167474, 0, 0, 232.65
2026/09/15 01:37:39.122, 0, 168493, 0, 0, 228.41
2026/09/15 01:37:39.125, 1, 167794, 0, 0, 227.27
2026/09/15 01:37:39.128, 2, 167794, 0, 0, 215.70
2026/09/15 01:37:39.130, 3, 167474, 0, 0, 232.66
2026/09/15 01:37:40.133, 0, 168493, 0, 0, 228.41
2026/09/15 01:37:40.136, 1, 167794, 0, 0, 227.27
2026/09/15 01:37:40.139, 2, 167794, 0, 0, 215.69
2026/09/15 01:37:40.141, 3, 167474, 0, 0, 232.67
2026/09/15 01:37:41.144, 0, 168493, 0, 0, 228.41
2026/09/15 01:37:41.147, 1, 167794, 0, 0, 227.27
2026/09/15 01:37:41.149, 2, 167794, 0, 0, 215.63
2026/09/15 01:37:41.152, 3, 167474, 0, 0, 232.68
2026/09/15 01:37:42.154, 0, 168493, 0, 0, 228.41
2026/09/15 01:37:42.158, 1, 167794, 0, 0, 227.27
2026/09/15 01:37:42.160, 2, 167794, 0, 0, 215.62
2026/09/15 01:37:42.163, 3, 167474, 0, 0, 232.66
2026/09/15 01:37:43.165, 0, 168493, 0, 0, 228.41
2026/09/15 01:37:43.169, 1, 167794, 0, 0, 227.27
2026/09/15 01:37:43.172, 2, 167794, 0, 0, 215.93
2026/09/15 01:37:43.175, 3, 167474, 0, 0, 232.66
2026/09/15 01:37:44.178, 0, 168493, 0, 0, 228.41
2026/09/15 01:37:44.181, 1, 167794, 0, 0, 227.27
2026/09/15 01:37:44.184, 2, 167794, 0, 0, 215.55
2026/09/15 01:37:44.186, 3, 167474, 0, 0, 232.67
2026/09/15 01:37:45.189, 0, 168653, 59, 27, 384.86
2026/09/15 01:37:45.192, 1, 167954, 62, 29, 445.06
2026/09/15 01:37:45.195, 2, 167954, 76, 27, 411.69
2026/09/15 01:37:45.197, 3, 167634, 80, 26, 487.32
2026/09/15 01:37:46.200, 0, 166653, 0, 0, 429.52
2026/09/15 01:37:46.203, 1, 165954, 0, 0, 392.08
2026/09/15 01:37:46.206, 2, 165954, 0, 0, 410.44
2026/09/15 01:37:46.208, 3, 165634, 0, 0, 424.46
2026/09/15 01:37:47.211, 0, 168653, 59, 29, 380.23
2026/09/15 01:37:47.214, 1, 167954, 59, 27, 382.71
2026/09/15 01:37:47.216, 2, 167954, 80, 29, 402.50
2026/09/15 01:37:47.219, 3, 167634, 87, 29, 452.91
2026/09/15 01:37:48.221, 0, 168653, 100, 28, 556.40
2026/09/15 01:37:48.224, 1, 167954, 100, 28, 552.36
2026/09/15 01:37:48.227, 2, 167954, 100, 28, 558.50
2026/09/15 01:37:48.229, 3, 167634, 100, 28, 556.55
2026/09/15 01:37:49.232, 0, 168653, 100, 29, 493.44
2026/09/15 01:37:49.235, 1, 167954, 100, 30, 495.89
2026/09/15 01:37:49.237, 2, 167954, 100, 29, 462.14
2026/09/15 01:37:49.240, 3, 167634, 100, 29, 446.27
2026/09/15 01:37:50.242, 0, 168653, 62, 26, 590.62
2026/09/15 01:37:50.245, 1, 167954, 61, 28, 559.99
2026/09/15 01:37:50.248, 2, 167954, 81, 30, 616.90
2026/09/15 01:37:50.250, 3, 167634, 87, 30, 643.11
2026/09/15 01:37:51.253, 0, 168653, 100, 29, 511.15
2026/09/15 01:37:51.256, 1, 167954, 100, 30, 513.74
2026/09/15 01:37:51.258, 2, 167954, 100, 29, 505.83
2026/09/15 01:37:51.261, 3, 167634, 100, 29, 497.91
2026/09/15 01:37:52.263, 0, 168653, 100, 30, 497.25
2026/09/15 01:37:52.266, 1, 167954, 100, 30, 499.82
2026/09/15 01:37:52.269, 2, 167954, 100, 30, 466.10
2026/09/15 01:37:52.271, 3, 167634, 100, 30, 450.09
2026/09/15 01:37:53.274, 0, 168653, 84, 24, 616.95
2026/09/15 01:37:53.277, 1, 167954, 61, 26, 583.83
2026/09/15 01:37:53.279, 2, 167954, 75, 27, 668.93
2026/09/15 01:37:53.282, 3, 167634, 83, 27, 676.38
2026/09/15 01:37:54.284, 0, 168653, 100, 30, 490.99
2026/09/15 01:37:54.287, 1, 167954, 100, 30, 496.88
2026/09/15 01:37:54.290, 2, 167954, 100, 30, 461.74
2026/09/15 01:37:54.292, 3, 167634, 100, 30, 446.96
2026/09/15 01:37:55.295, 0, 168653, 53, 10, 490.21
2026/09/15 01:37:55.297, 1, 167954, 100, 31, 473.79
2026/09/15 01:37:55.300, 2, 167954, 69, 12, 475.18
2026/09/15 01:37:55.302, 3, 167634, 100, 31, 453.36
2026/09/15 01:37:56.305, 0, 168653, 100, 27, 602.58
2026/09/15 01:37:56.308, 1, 167954, 100, 26, 619.77
2026/09/15 01:37:56.310, 2, 167954, 100, 27, 636.42
2026/09/15 01:37:56.313, 3, 167634, 100, 27, 653.87
2026/09/15 01:37:57.315, 0, 168653, 100, 30, 492.28
2026/09/15 01:37:57.318, 1, 167954, 100, 30, 497.45
2026/09/15 01:37:57.321, 2, 167954, 100, 30, 465.24
2026/09/15 01:37:57.323, 3, 167634, 100, 30, 446.97
2026/09/15 01:37:58.326, 0, 168653, 56, 25, 482.04
2026/09/15 01:37:58.329, 1, 167954, 71, 3, 549.39
2026/09/15 01:37:58.331, 2, 167954, 76, 23, 530.51
2026/09/15 01:37:58.334, 3, 167634, 82, 27, 529.28
2026/09/15 01:37:59.336, 0, 168653, 100, 28, 548.00
2026/09/15 01:37:59.339, 1, 167954, 100, 28, 609.96
2026/09/15 01:37:59.342, 2, 167954, 100, 28, 599.31
2026/09/15 01:37:59.344, 3, 167634, 100, 28, 607.40
2026/09/15 01:38:00.347, 0, 168653, 100, 30, 495.25
2026/09/15 01:38:00.350, 1, 167954, 100, 29, 498.69
2026/09/15 01:38:00.352, 2, 167954, 100, 30, 464.81
2026/09/15 01:38:00.354, 3, 167634, 100, 29, 447.08
2026/09/15 01:38:01.357, 0, 168653, 59, 29, 521.72
2026/09/15 01:38:01.360, 1, 167954, 75, 27, 590.49
2026/09/15 01:38:01.362, 2, 167954, 84, 29, 579.56
2026/09/15 01:38:01.365, 3, 167634, 84, 28, 589.22
2026/09/15 01:38:02.367, 0, 168653, 100, 30, 540.28
2026/09/15 01:38:02.370, 1, 167954, 100, 30, 574.63
2026/09/15 01:38:02.373, 2, 167954, 100, 30, 546.86
2026/09/15 01:38:02.375, 3, 167634, 100, 30, 546.88
2026/09/15 01:38:03.378, 0, 168653, 100, 31, 502.07
2026/09/15 01:38:03.381, 1, 167954, 100, 31, 505.55
2026/09/15 01:38:03.383, 2, 167954, 100, 31, 471.81
2026/09/15 01:38:03.386, 3, 167634, 100, 31, 451.65
2026/09/15 01:38:04.388, 0, 168653, 61, 29, 556.62
2026/09/15 01:38:04.391, 1, 167954, 73, 25, 654.72
2026/09/15 01:38:04.393, 2, 167954, 82, 28, 651.16
2026/09/15 01:38:04.396, 3, 167634, 85, 26, 647.84
2026/09/15 01:38:05.398, 0, 168653, 100, 29, 500.05
2026/09/15 01:38:05.401, 1, 167954, 100, 29, 501.13
2026/09/15 01:38:05.404, 2, 167954, 100, 29, 475.26
2026/09/15 01:38:05.406, 3, 167634, 100, 29, 495.55
2026/09/15 01:38:06.409, 0, 168653, 100, 29, 493.17
2026/09/15 01:38:06.411, 1, 167954, 100, 29, 497.05
2026/09/15 01:38:06.414, 2, 167954, 100, 29, 462.56
2026/09/15 01:38:06.416, 3, 167634, 100, 29, 446.80
2026/09/15 01:38:07.419, 0, 168653, 54, 25, 562.22
2026/09/15 01:38:07.422, 1, 167954, 90, 23, 647.37
2026/09/15 01:38:07.424, 2, 167954, 80, 25, 666.62
2026/09/15 01:38:07.426, 3, 167634, 93, 23, 691.74
2026/09/15 01:38:08.429, 0, 168653, 100, 29, 487.61
2026/09/15 01:38:08.432, 1, 167954, 100, 30, 493.64
2026/09/15 01:38:08.434, 2, 167954, 100, 29, 462.57
2026/09/15 01:38:08.437, 3, 167634, 100, 30, 447.44
2026/09/15 01:38:09.439, 0, 168653, 28, 8, 467.20
2026/09/15 01:38:09.442, 1, 167954, 66, 5, 508.97
2026/09/15 01:38:09.445, 2, 167954, 100, 29, 482.33
2026/09/15 01:38:09.447, 3, 167634, 77, 7, 477.65
2026/09/15 01:38:10.450, 0, 168653, 100, 28, 582.66
2026/09/15 01:38:10.452, 1, 167954, 100, 27, 639.84
2026/09/15 01:38:10.455, 2, 167954, 100, 24, 650.83
2026/09/15 01:38:10.457, 3, 167634, 100, 27, 660.46
2026/09/15 01:38:11.460, 0, 168653, 100, 28, 493.38
2026/09/15 01:38:11.462, 1, 167954, 100, 30, 497.05
2026/09/15 01:38:11.465, 2, 167954, 100, 30, 464.12
2026/09/15 01:38:11.467, 3, 167634, 100, 30, 448.47
2026/09/15 01:38:12.470, 0, 168653, 59, 28, 491.64
2026/09/15 01:38:12.472, 1, 167954, 70, 24, 544.63
2026/09/15 01:38:12.475, 2, 167954, 78, 3, 536.16
2026/09/15 01:38:12.477, 3, 167634, 82, 22, 538.33
2026/09/15 01:38:13.480, 0, 168653, 100, 29, 566.34
2026/09/15 01:38:13.483, 1, 167954, 100, 28, 614.67
2026/09/15 01:38:13.485, 2, 167954, 100, 28, 600.79
2026/09/15 01:38:13.488, 3, 167634, 100, 28, 610.55
2026/09/15 01:38:14.490, 0, 168653, 100, 29, 493.58
2026/09/15 01:38:14.493, 1, 167954, 100, 30, 495.90
2026/09/15 01:38:14.495, 2, 167954, 100, 30, 464.09
2026/09/15 01:38:14.498, 3, 167634, 100, 30, 447.34
2026/09/15 01:38:15.500, 0, 168653, 0, 0, 347.36
2026/09/15 01:38:15.503, 1, 167954, 0, 0, 335.83
2026/09/15 01:38:15.506, 2, 167954, 0, 0, 316.52
2026/09/15 01:38:15.508, 3, 167634, 0, 0, 336.44
2026/09/15 01:38:16.511, 0, 168653, 0, 0, 231.60
2026/09/15 01:38:16.513, 1, 167954, 0, 0, 227.27
2026/09/15 01:38:16.516, 2, 167954, 0, 0, 219.24
2026/09/15 01:38:16.518, 3, 167634, 0, 0, 234.03
2026/09/15 01:38:17.521, 0, 168653, 0, 0, 229.92
2026/09/15 01:38:17.525, 1, 167954, 0, 0, 227.18
2026/09/15 01:38:17.527, 2, 167954, 0, 0, 219.02
2026/09/15 01:38:17.530, 3, 167634, 0, 0, 232.74
2026/09/15 01:38:18.532, 0, 168653, 0, 0, 228.97
2026/09/15 01:38:18.536, 1, 167954, 0, 0, 227.27
2026/09/15 01:38:18.538, 2, 167954, 0, 0, 218.01
2026/09/15 01:38:18.541, 3, 167634, 0, 0, 232.66
2026/09/15 01:38:19.543, 0, 168653, 0, 0, 228.70
2026/09/15 01:38:19.546, 1, 167954, 0, 0, 227.27
2026/09/15 01:38:19.549, 2, 167954, 0, 0, 216.86
2026/09/15 01:38:19.551, 3, 167634, 0, 0, 232.74
2026/09/15 01:38:20.554, 0, 168653, 0, 0, 228.41
2026/09/15 01:38:20.556, 1, 167954, 0, 0, 227.27
2026/09/15 01:38:20.559, 2, 167954, 0, 0, 215.93
2026/09/15 01:38:20.561, 3, 167634, 0, 0, 232.69
2026/09/15 01:38:21.564, 0, 168653, 0, 0, 228.41
2026/09/15 01:38:21.567, 1, 167954, 0, 0, 227.27
2026/09/15 01:38:21.569, 2, 167954, 0, 0, 215.70
2026/09/15 01:38:21.572, 3, 167634, 0, 0, 232.69
2026/09/15 01:38:22.574, 0, 168653, 0, 0, 228.48
2026/09/15 01:38:22.577, 1, 167954, 0, 0, 227.27
2026/09/15 01:38:22.580, 2, 167954, 0, 0, 215.87
2026/09/15 01:38:22.583, 3, 167634, 0, 0, 232.68
2026/09/15 01:38:23.585, 0, 168653, 0, 0, 228.41
2026/09/15 01:38:23.589, 1, 167954, 0, 0, 227.27
2026/09/15 01:38:23.591, 2, 167954, 0, 0, 215.85
2026/09/15 01:38:23.594, 3, 167634, 0, 0, 232.66
2026/09/15 01:38:24.596, 0, 168653, 0, 0, 228.41
2026/09/15 01:38:24.599, 1, 167954, 0, 0, 227.27
2026/09/15 01:38:24.602, 2, 167954, 0, 0, 215.62
2026/09/15 01:38:24.604, 3, 167634, 0, 0, 232.65
2026/09/15 01:38:25.607, 0, 168653, 0, 0, 228.41
2026/09/15 01:38:25.610, 1, 167954, 0, 0, 227.27
2026/09/15 01:38:25.612, 2, 167954, 0, 0, 215.62
2026/09/15 01:38:25.615, 3, 167634, 0, 0, 232.65
2026/09/15 01:38:26.617, 0, 168653, 0, 0, 228.41
2026/09/15 01:38:26.621, 1, 167954, 0, 0, 227.27
2026/09/15 01:38:26.623, 2, 167954, 0, 0, 215.55
2026/09/15 01:38:26.625, 3, 167634, 0, 0, 232.64
2026/09/15 01:38:27.628, 0, 168653, 0, 0, 228.41
2026/09/15 01:38:27.631, 1, 167954, 0, 0, 227.27
2026/09/15 01:38:27.634, 2, 167954, 0, 0, 215.54
2026/09/15 01:38:27.636, 3, 167634, 0, 0, 232.64
2026/09/15 01:38:28.639, 0, 168653, 62, 27, 381.88
2026/09/15 01:38:28.642, 1, 167954, 60, 29, 440.13
2026/09/15 01:38:28.644, 2, 167954, 74, 28, 476.54
2026/09/15 01:38:28.647, 3, 167634, 85, 29, 491.10
2026/09/15 01:38:29.649, 0, 166653, 0, 0, 384.59
2026/09/15 01:38:29.652, 1, 165954, 0, 0, 389.83
2026/09/15 01:38:29.655, 2, 165954, 0, 0, 414.92
2026/09/15 01:38:29.657, 3, 165634, 0, 0, 412.60
2026/09/15 01:38:30.660, 0, 168653, 61, 28, 420.47
2026/09/15 01:38:30.663, 1, 167954, 62, 27, 375.91
2026/09/15 01:38:30.665, 2, 167954, 76, 27, 447.11
2026/09/15 01:38:30.668, 3, 167634, 82, 27, 471.50
2026/09/15 01:38:31.670, 0, 168653, 100, 29, 535.27
2026/09/15 01:38:31.673, 1, 167954, 100, 28, 549.40
2026/09/15 01:38:31.676, 2, 167954, 100, 28, 544.60
2026/09/15 01:38:31.678, 3, 167634, 100, 28, 550.80
2026/09/15 01:38:32.680, 0, 168653, 100, 29, 494.10
2026/09/15 01:38:32.683, 1, 167954, 100, 30, 497.64
2026/09/15 01:38:32.686, 2, 167954, 100, 30, 461.85
2026/09/15 01:38:32.688, 3, 167634, 100, 30, 447.23
2026/09/15 01:38:33.691, 0, 168653, 62, 27, 587.01
2026/09/15 01:38:33.693, 1, 167954, 62, 28, 560.63
2026/09/15 01:38:33.696, 2, 167954, 75, 27, 631.28
2026/09/15 01:38:33.698, 3, 167634, 82, 27, 640.73
2026/09/15 01:38:34.701, 0, 168653, 100, 29, 504.95
2026/09/15 01:38:34.703, 1, 167954, 100, 30, 496.40
2026/09/15 01:38:34.706, 2, 167954, 100, 30, 496.09
2026/09/15 01:38:34.709, 3, 167634, 100, 29, 486.58
2026/09/15 01:38:35.711, 0, 168653, 100, 30, 498.38
2026/09/15 01:38:35.714, 1, 167954, 100, 30, 502.03
2026/09/15 01:38:35.716, 2, 167954, 100, 30, 466.39
2026/09/15 01:38:35.719, 3, 167634, 100, 30, 450.92
2026/09/15 01:38:36.721, 0, 168653, 87, 24, 605.12
2026/09/15 01:38:36.724, 1, 167954, 54, 25, 578.36
2026/09/15 01:38:36.726, 2, 167954, 100, 26, 641.47
2026/09/15 01:38:36.729, 3, 167634, 100, 26, 673.54
2026/09/15 01:38:37.731, 0, 168653, 100, 30, 490.03
2026/09/15 01:38:37.734, 1, 167954, 100, 30, 495.49
2026/09/15 01:38:37.736, 2, 167954, 100, 30, 464.27
2026/09/15 01:38:37.739, 3, 167634, 100, 30, 446.93
2026/09/15 01:38:38.741, 0, 168653, 52, 12, 487.55
2026/09/15 01:38:38.744, 1, 167954, 100, 31, 471.76
2026/09/15 01:38:38.747, 2, 167954, 70, 3, 481.30
2026/09/15 01:38:38.749, 3, 167634, 79, 3, 476.92
2026/09/15 01:38:39.752, 0, 168653, 100, 27, 603.77
2026/09/15 01:38:39.755, 1, 167954, 100, 25, 612.69
2026/09/15 01:38:39.757, 2, 167954, 100, 27, 641.53
2026/09/15 01:38:39.760, 3, 167634, 100, 27, 652.62
2026/09/15 01:38:40.762, 0, 168653, 100, 30, 493.30
2026/09/15 01:38:40.765, 1, 167954, 100, 30, 497.70
2026/09/15 01:38:40.767, 2, 167954, 100, 30, 464.27
2026/09/15 01:38:40.770, 3, 167634, 100, 30, 448.77
2026/09/15 01:38:41.772, 0, 168653, 57, 23, 513.38
2026/09/15 01:38:41.775, 1, 167954, 17, 3, 498.37
2026/09/15 01:38:41.777, 2, 167954, 77, 27, 529.75
2026/09/15 01:38:41.780, 3, 167634, 82, 27, 533.00
2026/09/15 01:38:42.782, 0, 168653, 100, 28, 571.86
2026/09/15 01:38:42.785, 1, 167954, 100, 28, 586.41
2026/09/15 01:38:42.788, 2, 167954, 100, 29, 606.76
2026/09/15 01:38:42.790, 3, 167634, 100, 28, 599.92
2026/09/15 01:38:43.793, 0, 168653, 100, 30, 492.69
2026/09/15 01:38:43.795, 1, 167954, 100, 29, 495.86
2026/09/15 01:38:43.798, 2, 167954, 100, 29, 463.70
2026/09/15 01:38:43.800, 3, 167634, 100, 29, 447.23
2026/09/15 01:38:44.803, 0, 168653, 64, 29, 542.57
2026/09/15 01:38:44.806, 1, 167954, 64, 27, 554.27
2026/09/15 01:38:44.808, 2, 167954, 74, 27, 575.04
2026/09/15 01:38:44.810, 3, 167634, 83, 28, 585.21
2026/09/15 01:38:45.813, 0, 168653, 100, 30, 533.91
2026/09/15 01:38:45.816, 1, 167954, 100, 30, 529.31
2026/09/15 01:38:45.818, 2, 167954, 100, 30, 550.98
2026/09/15 01:38:45.821, 3, 167634, 100, 30, 539.16
2026/09/15 01:38:46.823, 0, 168653, 100, 31, 501.57
2026/09/15 01:38:46.826, 1, 167954, 100, 31, 507.81
2026/09/15 01:38:46.828, 2, 167954, 100, 31, 470.87
2026/09/15 01:38:46.831, 3, 167634, 100, 31, 451.56
2026/09/15 01:38:47.833, 0, 168653, 63, 29, 574.60
2026/09/15 01:38:47.836, 1, 167954, 58, 26, 573.72
2026/09/15 01:38:47.839, 2, 167954, 76, 26, 661.03
2026/09/15 01:38:47.841, 3, 167634, 82, 26, 686.04
2026/09/15 01:38:48.844, 0, 168653, 100, 29, 504.85
2026/09/15 01:38:48.846, 1, 167954, 100, 29, 498.57
2026/09/15 01:38:48.849, 2, 167954, 100, 29, 465.43
2026/09/15 01:38:48.851, 3, 167634, 100, 29, 460.42
2026/09/15 01:38:49.854, 0, 168653, 98, 29, 487.18
2026/09/15 01:38:49.857, 1, 167954, 100, 29, 495.37
2026/09/15 01:38:49.859, 2, 167954, 100, 29, 463.00
2026/09/15 01:38:49.862, 3, 167634, 100, 29, 446.43
2026/09/15 01:38:50.864, 0, 168653, 100, 26, 592.98
2026/09/15 01:38:50.867, 1, 167954, 86, 23, 583.68
2026/09/15 01:38:50.869, 2, 167954, 91, 23, 658.17
2026/09/15 01:38:50.872, 3, 167634, 93, 23, 674.38
2026/09/15 01:38:51.874, 0, 168653, 100, 30, 489.78
2026/09/15 01:38:51.877, 1, 167954, 100, 30, 492.90
2026/09/15 01:38:51.880, 2, 167954, 100, 30, 461.64
2026/09/15 01:38:51.882, 3, 167634, 100, 30, 445.60
2026/09/15 01:38:52.885, 0, 168653, 29, 9, 470.66
2026/09/15 01:38:52.887, 1, 167954, 55, 4, 503.85
2026/09/15 01:38:52.890, 2, 167954, 68, 6, 485.30
2026/09/15 01:38:52.892, 3, 167634, 74, 6, 485.72
2026/09/15 01:38:53.895, 0, 168653, 100, 28, 576.64
2026/09/15 01:38:53.898, 1, 167954, 100, 27, 630.81
2026/09/15 01:38:53.900, 2, 167954, 100, 27, 634.58
2026/09/15 01:38:53.903, 3, 167634, 100, 27, 655.58
2026/09/15 01:38:54.905, 0, 168653, 100, 30, 495.34
2026/09/15 01:38:54.908, 1, 167954, 100, 30, 502.14
2026/09/15 01:38:54.910, 2, 167954, 100, 30, 465.37
2026/09/15 01:38:54.913, 3, 167634, 100, 30, 449.63
2026/09/15 01:38:55.915, 0, 168653, 59, 28, 506.21
2026/09/15 01:38:55.918, 1, 167954, 73, 27, 586.77
2026/09/15 01:38:55.921, 2, 167954, 78, 27, 546.68
2026/09/15 01:38:55.923, 3, 167634, 79, 25, 550.59
2026/09/15 01:38:56.926, 0, 168653, 100, 29, 551.18
2026/09/15 01:38:56.928, 1, 167954, 100, 29, 590.64
2026/09/15 01:38:56.931, 2, 167954, 100, 28, 568.20
2026/09/15 01:38:56.933, 3, 167634, 100, 28, 602.25
2026/09/15 01:38:57.936, 0, 168653, 100, 29, 493.34
2026/09/15 01:38:57.938, 1, 167954, 100, 29, 498.33
2026/09/15 01:38:57.941, 2, 167954, 100, 29, 464.35
2026/09/15 01:38:57.943, 3, 167634, 100, 29, 448.17
2026/09/15 01:38:58.946, 0, 168653, 0, 0, 338.65
2026/09/15 01:38:58.949, 1, 167954, 0, 0, 326.87
2026/09/15 01:38:58.951, 2, 167954, 0, 0, 302.22
2026/09/15 01:38:58.954, 3, 167634, 0, 0, 304.19
2026/09/15 01:38:59.956, 0, 168653, 0, 0, 231.54
2026/09/15 01:38:59.959, 1, 167954, 0, 0, 227.27
2026/09/15 01:38:59.961, 2, 167954, 0, 0, 219.24
2026/09/15 01:38:59.964, 3, 167634, 0, 0, 233.44
2026/09/15 01:39:00.966, 0, 168653, 0, 0, 229.27
2026/09/15 01:39:00.971, 1, 167954, 0, 0, 227.26
2026/09/15 01:39:00.973, 2, 167954, 0, 0, 218.61
2026/09/15 01:39:00.976, 3, 167634, 0, 0, 232.68
2026/09/15 01:39:01.978, 0, 168653, 0, 0, 228.55
2026/09/15 01:39:01.981, 1, 167954, 0, 0, 227.27
2026/09/15 01:39:01.984, 2, 167954, 0, 0, 216.97
2026/09/15 01:39:01.987, 3, 167634, 0, 0, 232.74
2026/09/15 01:39:02.989, 0, 168653, 0, 0, 228.63
2026/09/15 01:39:02.992, 1, 167954, 0, 0, 227.27
2026/09/15 01:39:02.995, 2, 167954, 0, 0, 216.37
2026/09/15 01:39:02.997, 3, 167634, 0, 0, 232.67
2026/09/15 01:39:04.000, 0, 168653, 0, 0, 228.41
2026/09/15 01:39:04.003, 1, 167954, 0, 0, 227.27
2026/09/15 01:39:04.006, 2, 167954, 0, 0, 216.07
2026/09/15 01:39:04.008, 3, 167634, 0, 0, 232.66
2026/09/15 01:39:05.011, 0, 168653, 0, 0, 228.41
2026/09/15 01:39:05.014, 1, 167954, 0, 0, 227.27
2026/09/15 01:39:05.016, 2, 167954, 0, 0, 215.54
2026/09/15 01:39:05.019, 3, 167634, 0, 0, 232.64
2026/09/15 01:39:06.021, 0, 168653, 0, 0, 228.41
2026/09/15 01:39:06.024, 1, 167954, 0, 0, 227.27
2026/09/15 01:39:06.027, 2, 167954, 0, 0, 215.63
2026/09/15 01:39:06.029, 3, 167634, 0, 0, 232.68
2026/09/15 01:39:07.032, 0, 168653, 0, 0, 228.41
2026/09/15 01:39:07.035, 1, 167954, 0, 0, 227.27
2026/09/15 01:39:07.037, 2, 167954, 0, 0, 215.55
2026/09/15 01:39:07.040, 3, 167634, 0, 0, 232.70
2026/09/15 01:39:08.042, 0, 168653, 0, 0, 228.41
2026/09/15 01:39:08.046, 1, 167954, 0, 0, 227.27
2026/09/15 01:39:08.049, 2, 167954, 0, 0, 215.63
2026/09/15 01:39:08.052, 3, 167634, 0, 0, 232.69
2026/09/15 01:39:09.054, 0, 168653, 0, 0, 228.41
2026/09/15 01:39:09.057, 1, 167954, 0, 0, 227.27
2026/09/15 01:39:09.059, 2, 167954, 0, 0, 215.54
2026/09/15 01:39:09.062, 3, 167634, 0, 0, 232.67
2026/09/15 01:39:10.064, 0, 168653, 0, 0, 228.41
2026/09/15 01:39:10.068, 1, 167954, 0, 0, 227.27
2026/09/15 01:39:10.070, 2, 167954, 0, 0, 215.62
2026/09/15 01:39:10.073, 3, 167634, 0, 0, 232.68
2026/09/15 01:39:11.075, 0, 168653, 0, 0, 228.41
2026/09/15 01:39:11.078, 1, 167954, 0, 0, 227.19
2026/09/15 01:39:11.081, 2, 167954, 0, 0, 215.55
2026/09/15 01:39:11.083, 3, 167634, 0, 0, 232.68
2026/09/15 01:39:12.086, 0, 168653, 58, 27, 452.39
2026/09/15 01:39:12.089, 1, 167954, 62, 27, 460.05
2026/09/15 01:39:12.091, 2, 167954, 80, 28, 433.76
2026/09/15 01:39:12.094, 3, 167634, 87, 29, 515.03
2026/09/15 01:39:13.096, 0, 166653, 0, 0, 368.02
2026/09/15 01:39:13.099, 1, 165954, 0, 0, 375.99
2026/09/15 01:39:13.102, 2, 165954, 0, 0, 387.71
2026/09/15 01:39:13.104, 3, 165634, 0, 0, 400.14
2026/09/15 01:39:14.107, 0, 168653, 62, 28, 449.67
2026/09/15 01:39:14.110, 1, 167954, 62, 28, 409.89
2026/09/15 01:39:14.112, 2, 167954, 74, 27, 440.15
2026/09/15 01:39:14.115, 3, 167634, 83, 27, 489.40
2026/09/15 01:39:15.117, 0, 168653, 100, 29, 530.29
2026/09/15 01:39:15.120, 1, 167954, 100, 29, 524.29
2026/09/15 01:39:15.122, 2, 167954, 100, 28, 529.73
2026/09/15 01:39:15.125, 3, 167634, 100, 28, 533.06
2026/09/15 01:39:16.127, 0, 168653, 100, 29, 492.08
2026/09/15 01:39:16.130, 1, 167954, 100, 29, 497.82
2026/09/15 01:39:16.132, 2, 167954, 100, 29, 463.70
2026/09/15 01:39:16.135, 3, 167634, 100, 30, 446.91
2026/09/15 01:39:17.137, 0, 168653, 60, 25, 602.96
2026/09/15 01:39:17.140, 1, 167954, 58, 25, 584.85
2026/09/15 01:39:17.143, 2, 167954, 75, 26, 648.83
2026/09/15 01:39:17.145, 3, 167634, 86, 29, 660.74
2026/09/15 01:39:18.148, 0, 168653, 100, 30, 492.82
2026/09/15 01:39:18.150, 1, 167954, 100, 30, 489.45
2026/09/15 01:39:18.153, 2, 167954, 100, 29, 458.38
2026/09/15 01:39:18.155, 3, 167634, 100, 29, 444.33
2026/09/15 01:39:19.158, 0, 168653, 100, 30, 497.11
2026/09/15 01:39:19.161, 1, 167954, 100, 30, 496.35
2026/09/15 01:39:19.163, 2, 167954, 93, 28, 467.06
2026/09/15 01:39:19.166, 3, 167634, 92, 28, 450.06
2026/09/15 01:39:20.168, 0, 168653, 95, 24, 612.40
2026/09/15 01:39:20.171, 1, 167954, 93, 24, 566.03
2026/09/15 01:39:20.173, 2, 167954, 100, 27, 644.74
2026/09/15 01:39:20.176, 3, 167634, 100, 27, 687.49
2026/09/15 01:39:21.178, 0, 168653, 100, 30, 493.72
2026/09/15 01:39:21.181, 1, 167954, 100, 30, 497.97
2026/09/15 01:39:21.184, 2, 167954, 100, 30, 462.97
2026/09/15 01:39:21.186, 3, 167634, 100, 30, 447.28
2026/09/15 01:39:22.188, 0, 168653, 26, 4, 491.35
2026/09/15 01:39:22.191, 1, 167954, 20, 4, 472.52
2026/09/15 01:39:22.194, 2, 167954, 68, 7, 483.08
2026/09/15 01:39:22.196, 3, 167634, 76, 8, 485.18
2026/09/15 01:39:23.199, 0, 168653, 100, 27, 593.87
2026/09/15 01:39:23.201, 1, 167954, 100, 27, 607.49
2026/09/15 01:39:23.204, 2, 167954, 100, 28, 634.25
2026/09/15 01:39:23.206, 3, 167634, 100, 27, 650.73
2026/09/15 01:39:24.209, 0, 168653, 100, 30, 495.33
2026/09/15 01:39:24.211, 1, 167954, 100, 30, 498.40
2026/09/15 01:39:24.214, 2, 167954, 100, 30, 464.07
2026/09/15 01:39:24.216, 3, 167634, 100, 30, 449.52
2026/09/15 01:39:25.219, 0, 168653, 62, 29, 530.52
2026/09/15 01:39:25.222, 1, 167954, 67, 29, 508.25
2026/09/15 01:39:25.224, 2, 167954, 73, 28, 541.34
2026/09/15 01:39:25.227, 3, 167634, 84, 28, 548.38
2026/09/15 01:39:26.229, 0, 168653, 100, 28, 558.44
2026/09/15 01:39:26.232, 1, 167954, 100, 29, 544.65
2026/09/15 01:39:26.234, 2, 167954, 100, 29, 590.79
2026/09/15 01:39:26.237, 3, 167634, 100, 29, 585.23
2026/09/15 01:39:27.239, 0, 168653, 100, 30, 493.35
2026/09/15 01:39:27.242, 1, 167954, 100, 29, 496.31
2026/09/15 01:39:27.244, 2, 167954, 100, 29, 463.97
2026/09/15 01:39:27.247, 3, 167634, 100, 29, 448.89
2026/09/15 01:39:28.249, 0, 168653, 59, 29, 540.50
2026/09/15 01:39:28.252, 1, 167954, 60, 27, 577.03
2026/09/15 01:39:28.255, 2, 167954, 79, 27, 624.20
2026/09/15 01:39:28.257, 3, 167634, 83, 27, 640.77
2026/09/15 01:39:29.260, 0, 168653, 100, 30, 520.36
2026/09/15 01:39:29.262, 1, 167954, 100, 30, 522.22
2026/09/15 01:39:29.265, 2, 167954, 100, 30, 496.62
2026/09/15 01:39:29.267, 3, 167634, 100, 30, 495.06
2026/09/15 01:39:30.270, 0, 168653, 100, 31, 502.32
2026/09/15 01:39:30.273, 1, 167954, 100, 31, 507.47
2026/09/15 01:39:30.275, 2, 167954, 100, 31, 471.64
2026/09/15 01:39:30.278, 3, 167634, 100, 31, 451.55
2026/09/15 01:39:31.280, 0, 168653, 59, 24, 592.49
2026/09/15 01:39:31.283, 1, 167954, 64, 25, 591.03
2026/09/15 01:39:31.285, 2, 167954, 76, 25, 660.21
2026/09/15 01:39:31.288, 3, 167634, 82, 25, 684.88
2026/09/15 01:39:32.290, 0, 168653, 100, 29, 487.93
2026/09/15 01:39:32.293, 1, 167954, 100, 29, 491.30
2026/09/15 01:39:32.296, 2, 167954, 100, 29, 458.21
2026/09/15 01:39:32.298, 3, 167634, 100, 29, 445.39
2026/09/15 01:39:33.300, 0, 168653, 70, 19, 480.53
2026/09/15 01:39:33.303, 1, 167954, 71, 20, 489.73
2026/09/15 01:39:33.306, 2, 167954, 100, 29, 463.14
2026/09/15 01:39:33.308, 3, 167634, 100, 29, 455.36
2026/09/15 01:39:34.311, 0, 168653, 100, 26, 597.14
2026/09/15 01:39:34.313, 1, 167954, 100, 26, 577.74
2026/09/15 01:39:34.316, 2, 167954, 100, 23, 646.04
2026/09/15 01:39:34.318, 3, 167634, 98, 22, 684.02
2026/09/15 01:39:35.321, 0, 168653, 100, 30, 490.76
2026/09/15 01:39:35.324, 1, 167954, 100, 30, 496.64
2026/09/15 01:39:35.326, 2, 167954, 100, 30, 462.59
2026/09/15 01:39:35.328, 3, 167634, 100, 30, 447.81
2026/09/15 01:39:36.331, 0, 168653, 48, 17, 487.10
2026/09/15 01:39:36.334, 1, 167954, 44, 16, 495.70
2026/09/15 01:39:36.336, 2, 167954, 72, 4, 496.33
2026/09/15 01:39:36.339, 3, 167634, 80, 4, 500.47
2026/09/15 01:39:37.341, 0, 168653, 100, 28, 582.31
2026/09/15 01:39:37.344, 1, 167954, 100, 28, 585.28
2026/09/15 01:39:37.346, 2, 167954, 100, 29, 586.85
2026/09/15 01:39:37.349, 3, 167634, 100, 27, 628.97
2026/09/15 01:39:38.351, 0, 168653, 100, 30, 495.78
2026/09/15 01:39:38.354, 1, 167954, 100, 30, 500.42
2026/09/15 01:39:38.357, 2, 167954, 100, 30, 466.14
2026/09/15 01:39:38.359, 3, 167634, 100, 30, 449.43
2026/09/15 01:39:39.362, 0, 168653, 64, 27, 536.86
2026/09/15 01:39:39.364, 1, 167954, 60, 27, 526.29
2026/09/15 01:39:39.367, 2, 167954, 74, 28, 578.47
2026/09/15 01:39:39.369, 3, 167634, 83, 27, 599.19
2026/09/15 01:39:40.372, 0, 168653, 100, 28, 563.67
2026/09/15 01:39:40.375, 1, 167954, 100, 28, 544.50
2026/09/15 01:39:40.377, 2, 167954, 100, 29, 540.64
2026/09/15 01:39:40.379, 3, 167634, 100, 29, 541.87
2026/09/15 01:39:41.382, 0, 168653, 100, 29, 494.47
2026/09/15 01:39:41.385, 1, 167954, 100, 29, 497.61
2026/09/15 01:39:41.387, 2, 167954, 100, 29, 465.02
2026/09/15 01:39:41.390, 3, 167634, 100, 29, 448.71
2026/09/15 01:39:42.392, 0, 168653, 0, 0, 300.02
2026/09/15 01:39:42.395, 1, 167954, 0, 0, 309.21
2026/09/15 01:39:42.398, 2, 167954, 0, 0, 287.89
2026/09/15 01:39:42.400, 3, 167634, 0, 0, 288.85
2026/09/15 01:39:43.403, 0, 168653, 0, 0, 230.81
2026/09/15 01:39:43.405, 1, 167954, 0, 0, 227.27
2026/09/15 01:39:43.408, 2, 167954, 0, 0, 218.47
2026/09/15 01:39:43.410, 3, 167634, 0, 0, 233.09
2026/09/15 01:39:44.413, 0, 168653, 0, 0, 228.69
2026/09/15 01:39:44.417, 1, 167954, 0, 0, 227.03
2026/09/15 01:39:44.419, 2, 167954, 0, 0, 218.11
2026/09/15 01:39:44.422, 3, 167634, 0, 0, 232.66
2026/09/15 01:39:45.425, 0, 168653, 0, 0, 228.41
2026/09/15 01:39:45.428, 1, 167954, 0, 0, 227.27
2026/09/15 01:39:45.430, 2, 167954, 0, 0, 216.39
2026/09/15 01:39:45.433, 3, 167634, 0, 0, 232.68
2026/09/15 01:39:46.435, 0, 168653, 0, 0, 228.41
2026/09/15 01:39:46.438, 1, 167954, 0, 0, 227.27
2026/09/15 01:39:46.441, 2, 167954, 0, 0, 215.87
2026/09/15 01:39:46.444, 3, 167634, 0, 0, 232.72
2026/09/15 01:39:47.446, 0, 168653, 0, 0, 228.41
2026/09/15 01:39:47.449, 1, 167954, 0, 0, 227.27
2026/09/15 01:39:47.451, 2, 167954, 0, 0, 215.63
2026/09/15 01:39:47.454, 3, 167634, 0, 0, 232.67
2026/09/15 01:39:48.456, 0, 168653, 0, 0, 228.41
2026/09/15 01:39:48.459, 1, 167954, 0, 0, 227.27
2026/09/15 01:39:48.462, 2, 167954, 0, 0, 215.54
2026/09/15 01:39:48.464, 3, 167634, 0, 0, 232.65
2026/09/15 01:39:49.467, 0, 168653, 0, 0, 228.41
2026/09/15 01:39:49.471, 1, 167954, 0, 0, 227.27
2026/09/15 01:39:49.473, 2, 167954, 0, 0, 215.56
2026/09/15 01:39:49.477, 3, 167634, 0, 0, 232.68
2026/09/15 01:39:50.480, 0, 168653, 0, 0, 228.41
2026/09/15 01:39:50.483, 1, 167954, 0, 0, 227.27
2026/09/15 01:39:50.486, 2, 167954, 0, 0, 215.56
2026/09/15 01:39:50.488, 3, 167634, 0, 0, 232.71
2026/09/15 01:39:51.491, 0, 168653, 0, 0, 228.41
2026/09/15 01:39:51.494, 1, 167954, 0, 0, 227.27
2026/09/15 01:39:51.496, 2, 167954, 0, 0, 215.55
2026/09/15 01:39:51.499, 3, 167634, 0, 0, 232.69
2026/09/15 01:39:52.501, 0, 168653, 0, 0, 228.41
2026/09/15 01:39:52.504, 1, 167954, 0, 0, 227.27
2026/09/15 01:39:52.507, 2, 167954, 0, 0, 215.56
2026/09/15 01:39:52.509, 3, 167634, 0, 0, 232.69
2026/09/15 01:39:53.512, 0, 168653, 0, 0, 228.41
2026/09/15 01:39:53.515, 1, 167954, 0, 0, 227.27
2026/09/15 01:39:53.517, 2, 167954, 0, 0, 215.58
2026/09/15 01:39:53.520, 3, 167634, 0, 0, 232.71
2026/09/15 01:39:54.522, 0, 168653, 0, 0, 228.41
2026/09/15 01:39:54.525, 1, 167954, 0, 0, 227.27
2026/09/15 01:39:54.528, 2, 167954, 0, 0, 215.56
2026/09/15 01:39:54.530, 3, 167634, 0, 0, 232.68
2026/09/15 01:39:55.533, 0, 168653, 0, 0, 229.55
2026/09/15 01:39:55.536, 1, 167954, 0, 0, 227.35
2026/09/15 01:39:55.538, 2, 167954, 0, 0, 216.33
2026/09/15 01:39:55.541, 3, 167634, 0, 0, 233.21
2026/09/15 01:39:56.543, 0, 168653, 100, 0, 472.23
2026/09/15 01:39:56.546, 1, 167954, 100, 0, 480.53
2026/09/15 01:39:56.548, 2, 167954, 0, 0, 215.67
2026/09/15 01:39:56.551, 3, 167634, 0, 0, 232.78
2026/09/15 01:39:57.553, 0, 166633, 74, 14, 685.82
2026/09/15 01:39:57.556, 1, 165934, 84, 14, 689.69
2026/09/15 01:39:57.559, 2, 165934, 86, 13, 686.55
2026/09/15 01:39:57.561, 3, 165614, 84, 14, 329.19
2026/09/15 01:39:58.564, 0, 167391, 0, 0, 236.56
2026/09/15 01:39:58.566, 1, 166692, 0, 0, 231.17
2026/09/15 01:39:58.569, 2, 166692, 0, 0, 231.53
2026/09/15 01:39:58.571, 3, 166372, 1, 0, 249.55
2026/09/15 01:39:59.574, 0, 167391, 92, 14, 422.83
2026/09/15 01:39:59.577, 1, 166692, 96, 15, 528.96
2026/09/15 01:39:59.579, 2, 166692, 83, 13, 549.54
2026/09/15 01:39:59.582, 3, 166372, 75, 13, 535.89
2026/09/15 01:40:00.584, 0, 167391, 38, 13, 416.65
2026/09/15 01:40:00.587, 1, 166692, 71, 13, 514.72
2026/09/15 01:40:00.589, 2, 166692, 88, 14, 527.15
2026/09/15 01:40:00.592, 3, 166372, 86, 14, 521.35
2026/09/15 01:40:01.594, 0, 167391, 57, 14, 421.72
2026/09/15 01:40:01.597, 1, 166692, 79, 14, 484.65
2026/09/15 01:40:01.599, 2, 166692, 100, 15, 518.62
2026/09/15 01:40:01.602, 3, 166372, 99, 15, 522.46
2026/09/15 01:40:02.604, 0, 167391, 99, 15, 426.98
2026/09/15 01:40:02.607, 1, 166692, 99, 15, 534.11
2026/09/15 01:40:02.610, 2, 166692, 84, 13, 544.90
2026/09/15 01:40:02.612, 3, 166372, 81, 13, 540.51
2026/09/15 01:40:03.615, 0, 167391, 49, 13, 416.43
2026/09/15 01:40:03.617, 1, 166692, 69, 13, 516.35
2026/09/15 01:40:03.620, 2, 166692, 85, 13, 530.21
2026/09/15 01:40:03.622, 3, 166372, 82, 14, 531.87
2026/09/15 01:40:04.625, 0, 167391, 44, 14, 415.24
2026/09/15 01:40:04.628, 1, 166692, 74, 13, 494.90
2026/09/15 01:40:04.630, 2, 166692, 100, 15, 520.17
2026/09/15 01:40:04.633, 3, 166372, 99, 15, 515.49
2026/09/15 01:40:05.635, 0, 167391, 100, 15, 431.45
2026/09/15 01:40:05.638, 1, 166692, 72, 13, 526.49
2026/09/15 01:40:05.640, 2, 166692, 86, 14, 552.01
2026/09/15 01:40:05.643, 3, 166372, 83, 14, 529.65
2026/09/15 01:40:06.645, 0, 167391, 58, 14, 423.67
2026/09/15 01:40:06.648, 1, 166692, 99, 15, 499.69
2026/09/15 01:40:06.651, 2, 166692, 87, 14, 545.47
2026/09/15 01:40:06.653, 3, 166372, 79, 14, 529.55
2026/09/15 01:40:07.656, 0, 167391, 39, 14, 413.30
2026/09/15 01:40:07.658, 1, 166692, 80, 13, 519.84
2026/09/15 01:40:07.661, 2, 166692, 97, 15, 552.77
2026/09/15 01:40:07.663, 3, 166372, 95, 15, 511.66
2026/09/15 01:40:08.666, 0, 167391, 90, 15, 432.39
2026/09/15 01:40:08.669, 1, 166692, 78, 13, 541.71
2026/09/15 01:40:08.671, 2, 166692, 90, 14, 546.16
2026/09/15 01:40:08.674, 3, 166372, 88, 14, 535.11
2026/09/15 01:40:09.676, 0, 167391, 74, 14, 419.43
2026/09/15 01:40:09.679, 1, 166692, 93, 14, 513.84
2026/09/15 01:40:09.682, 2, 166692, 88, 13, 522.16
2026/09/15 01:40:09.684, 3, 166372, 83, 13, 521.26
2026/09/15 01:40:10.687, 0, 167391, 79, 14, 431.11
2026/09/15 01:40:10.689, 1, 166692, 85, 14, 504.51
2026/09/15 01:40:10.692, 2, 166692, 93, 14, 544.61
2026/09/15 01:40:10.694, 3, 166372, 91, 14, 538.90
2026/09/15 01:40:11.697, 0, 167391, 38, 13, 425.77
2026/09/15 01:40:11.700, 1, 166692, 75, 13, 541.90
2026/09/15 01:40:11.702, 2, 166692, 94, 14, 551.00
2026/09/15 01:40:11.704, 3, 166372, 93, 14, 553.30
2026/09/15 01:40:12.707, 0, 167391, 71, 14, 414.93
2026/09/15 01:40:12.710, 1, 166692, 84, 14, 503.82
2026/09/15 01:40:12.712, 2, 166692, 87, 14, 525.18
2026/09/15 01:40:12.715, 3, 166372, 80, 14, 509.18
2026/09/15 01:40:13.717, 0, 167391, 91, 14, 426.72
2026/09/15 01:40:13.720, 1, 166692, 92, 14, 478.27
2026/09/15 01:40:13.723, 2, 166692, 90, 14, 520.43
2026/09/15 01:40:13.725, 3, 166372, 87, 14, 522.14
2026/09/15 01:40:14.728, 0, 167391, 40, 14, 433.39
2026/09/15 01:40:14.730, 1, 166692, 71, 14, 524.87
2026/09/15 01:40:14.733, 2, 166692, 100, 15, 550.33
2026/09/15 01:40:14.735, 3, 166372, 99, 15, 550.85
2026/09/15 01:40:15.738, 0, 167391, 62, 14, 419.41
2026/09/15 01:40:15.741, 1, 166692, 81, 14, 474.50
2026/09/15 01:40:15.743, 2, 166692, 83, 13, 525.17
2026/09/15 01:40:15.746, 3, 166372, 77, 13, 525.37
2026/09/15 01:40:16.748, 0, 167391, 100, 15, 420.50
2026/09/15 01:40:16.751, 1, 166692, 99, 15, 512.91
2026/09/15 01:40:16.754, 2, 166692, 87, 13, 526.65
2026/09/15 01:40:16.756, 3, 166372, 83, 14, 526.74
2026/09/15 01:40:17.759, 0, 167391, 47, 13, 436.08
2026/09/15 01:40:17.761, 1, 166692, 45, 13, 461.14
2026/09/15 01:40:17.764, 2, 166692, 88, 14, 527.92
2026/09/15 01:40:17.766, 3, 166372, 99, 15, 539.51
2026/09/15 01:40:18.769, 0, 167391, 0, 0, 249.32
2026/09/15 01:40:18.772, 1, 166692, 0, 0, 240.22
2026/09/15 01:40:18.774, 2, 166692, 0, 0, 227.20
2026/09/15 01:40:18.777, 3, 166372, 0, 0, 242.41
2026/09/15 01:40:19.779, 0, 167391, 0, 0, 228.88
2026/09/15 01:40:19.783, 1, 166692, 0, 0, 227.11
2026/09/15 01:40:19.786, 2, 166692, 0, 0, 219.32
2026/09/15 01:40:19.788, 3, 166372, 0, 0, 233.06
2026/09/15 01:40:20.791, 0, 167391, 0, 0, 228.41
2026/09/15 01:40:20.794, 1, 166692, 0, 0, 227.27
2026/09/15 01:40:20.797, 2, 166692, 0, 0, 218.18
2026/09/15 01:40:20.799, 3, 166372, 0, 0, 232.76
2026/09/15 01:40:21.802, 0, 167391, 0, 0, 228.41
2026/09/15 01:40:21.805, 1, 166692, 0, 0, 227.27
2026/09/15 01:40:21.807, 2, 166692, 0, 0, 216.67
2026/09/15 01:40:21.810, 3, 166372, 0, 0, 232.69
2026/09/15 01:40:22.812, 0, 167391, 0, 0, 228.49
2026/09/15 01:40:22.815, 1, 166692, 0, 0, 227.27
2026/09/15 01:40:22.818, 2, 166692, 0, 0, 216.54
2026/09/15 01:40:22.820, 3, 166372, 0, 0, 232.69
2026/09/15 01:40:23.823, 0, 167391, 0, 0, 228.41
2026/09/15 01:40:23.825, 1, 166692, 0, 0, 227.27
2026/09/15 01:40:23.828, 2, 166692, 0, 0, 215.89
2026/09/15 01:40:23.830, 3, 166372, 0, 0, 232.65
2026/09/15 01:40:24.833, 0, 167391, 0, 0, 228.41
2026/09/15 01:40:24.836, 1, 166692, 0, 0, 227.27
2026/09/15 01:40:24.838, 2, 166692, 0, 0, 215.78
2026/09/15 01:40:24.841, 3, 166372, 0, 0, 232.68
2026/09/15 01:40:25.843, 0, 167391, 0, 0, 228.41
2026/09/15 01:40:25.846, 1, 166692, 0, 0, 227.27
2026/09/15 01:40:25.849, 2, 166692, 0, 0, 215.72
2026/09/15 01:40:25.852, 3, 166372, 0, 0, 232.70
2026/09/15 01:40:26.854, 0, 167391, 0, 0, 228.41
2026/09/15 01:40:26.857, 1, 166692, 0, 0, 227.27
2026/09/15 01:40:26.860, 2, 166692, 0, 0, 215.64
2026/09/15 01:40:26.862, 3, 166372, 0, 0, 232.71
2026/09/15 01:40:27.865, 0, 167391, 0, 0, 228.41
2026/09/15 01:40:27.868, 1, 166692, 0, 0, 227.27
2026/09/15 01:40:27.870, 2, 166692, 0, 0, 215.56
2026/09/15 01:40:27.873, 3, 166372, 0, 0, 232.72
2026/09/15 01:40:28.875, 0, 167391, 0, 0, 228.41
2026/09/15 01:40:28.879, 1, 166692, 0, 0, 227.27
2026/09/15 01:40:28.882, 2, 166692, 0, 0, 215.56
2026/09/15 01:40:28.885, 3, 166372, 0, 0, 232.68
2026/09/15 01:40:29.888, 0, 167391, 0, 0, 228.41
2026/09/15 01:40:29.891, 1, 166692, 0, 0, 227.27
2026/09/15 01:40:29.893, 2, 166692, 0, 0, 215.64
2026/09/15 01:40:29.896, 3, 166372, 0, 0, 232.68
2026/09/15 01:40:30.898, 0, 167391, 21, 7, 259.70
2026/09/15 01:40:30.902, 1, 166692, 35, 6, 262.79
2026/09/15 01:40:30.904, 2, 166692, 0, 0, 261.90
2026/09/15 01:40:30.907, 3, 166372, 0, 0, 283.85
2026/09/15 01:40:31.909, 0, 166553, 0, 0, 261.75
2026/09/15 01:40:31.912, 1, 165854, 0, 0, 299.68
2026/09/15 01:40:31.915, 2, 165854, 0, 0, 278.05
2026/09/15 01:40:31.917, 3, 165534, 0, 0, 281.53
2026/09/15 01:40:32.920, 0, 167391, 71, 14, 426.52
2026/09/15 01:40:32.922, 1, 166692, 40, 14, 402.53
2026/09/15 01:40:32.925, 2, 166692, 89, 14, 472.67
2026/09/15 01:40:32.927, 3, 166372, 87, 14, 474.97
2026/09/15 01:40:33.930, 0, 167391, 91, 14, 478.26
2026/09/15 01:40:33.933, 1, 166692, 84, 14, 421.81
2026/09/15 01:40:33.935, 2, 166692, 82, 14, 508.74
2026/09/15 01:40:33.938, 3, 166372, 72, 14, 494.71
2026/09/15 01:40:34.940, 0, 167391, 78, 14, 494.96
2026/09/15 01:40:34.943, 1, 166692, 76, 14, 420.63
2026/09/15 01:40:34.945, 2, 166692, 94, 14, 523.91
2026/09/15 01:40:34.948, 3, 166372, 91, 14, 518.70
2026/09/15 01:40:35.950, 0, 167391, 65, 14, 483.45
2026/09/15 01:40:35.953, 1, 166692, 39, 14, 408.95
2026/09/15 01:40:35.956, 2, 166692, 91, 14, 544.41
2026/09/15 01:40:35.958, 3, 166372, 90, 14, 524.60
2026/09/15 01:40:36.961, 0, 167391, 91, 15, 459.27
2026/09/15 01:40:36.964, 1, 166692, 81, 14, 425.99
2026/09/15 01:40:36.966, 2, 166692, 91, 14, 533.93
2026/09/15 01:40:36.968, 3, 166372, 77, 14, 504.24
2026/09/15 01:40:37.971, 0, 167391, 80, 14, 475.39
2026/09/15 01:40:37.974, 1, 166692, 79, 14, 454.24
2026/09/15 01:40:37.976, 2, 166692, 82, 14, 542.19
2026/09/15 01:40:37.979, 3, 166372, 75, 14, 524.39
2026/09/15 01:40:38.981, 0, 167391, 58, 14, 465.39
2026/09/15 01:40:38.984, 1, 166692, 39, 13, 416.60
2026/09/15 01:40:38.987, 2, 166692, 93, 14, 503.86
2026/09/15 01:40:38.989, 3, 166372, 90, 14, 501.88
2026/09/15 01:40:39.992, 0, 167391, 88, 14, 452.93
2026/09/15 01:40:39.995, 1, 166692, 79, 14, 422.99
2026/09/15 01:40:39.997, 2, 166692, 91, 14, 530.05
2026/09/15 01:40:40.000, 3, 166372, 90, 14, 524.11
2026/09/15 01:40:41.002, 0, 167391, 82, 14, 479.86
2026/09/15 01:40:41.005, 1, 166692, 78, 14, 429.24
2026/09/15 01:40:41.007, 2, 166692, 83, 14, 542.59
2026/09/15 01:40:41.010, 3, 166372, 78, 14, 520.83
2026/09/15 01:40:42.012, 0, 167391, 69, 14, 471.78
2026/09/15 01:40:42.015, 1, 166692, 39, 13, 416.81
2026/09/15 01:40:42.018, 2, 166692, 93, 14, 508.03
2026/09/15 01:40:42.020, 3, 166372, 90, 14, 508.14
2026/09/15 01:40:43.023, 0, 167391, 90, 14, 496.58
2026/09/15 01:40:43.026, 1, 166692, 79, 14, 422.48
2026/09/15 01:40:43.028, 2, 166692, 92, 14, 524.91
2026/09/15 01:40:43.031, 3, 166372, 91, 14, 545.34
2026/09/15 01:40:44.033, 0, 167391, 83, 14, 485.63
2026/09/15 01:40:44.036, 1, 166692, 79, 14, 427.97
2026/09/15 01:40:44.038, 2, 166692, 84, 13, 534.74
2026/09/15 01:40:44.041, 3, 166372, 77, 14, 533.31
2026/09/15 01:40:45.043, 0, 167391, 63, 14, 465.37
2026/09/15 01:40:45.046, 1, 166692, 39, 14, 418.09
2026/09/15 01:40:45.049, 2, 166692, 92, 14, 509.22
2026/09/15 01:40:45.051, 3, 166372, 90, 14, 500.77
2026/09/15 01:40:46.054, 0, 167391, 85, 14, 484.36
2026/09/15 01:40:46.056, 1, 166692, 39, 14, 426.72
2026/09/15 01:40:46.059, 2, 166692, 92, 14, 523.68
2026/09/15 01:40:46.061, 3, 166372, 91, 14, 529.64
2026/09/15 01:40:47.064, 0, 167391, 83, 14, 475.92
2026/09/15 01:40:47.067, 1, 166692, 80, 15, 427.11
2026/09/15 01:40:47.069, 2, 166692, 84, 14, 501.64
2026/09/15 01:40:47.072, 3, 166372, 80, 14, 534.06
2026/09/15 01:40:48.074, 0, 167391, 61, 14, 459.60
2026/09/15 01:40:48.077, 1, 166692, 80, 14, 415.72
2026/09/15 01:40:48.080, 2, 166692, 92, 14, 520.50
2026/09/15 01:40:48.082, 3, 166372, 89, 14, 494.15
2026/09/15 01:40:49.085, 0, 167391, 89, 14, 481.43
2026/09/15 01:40:49.088, 1, 166692, 39, 14, 427.14
2026/09/15 01:40:49.090, 2, 166692, 92, 14, 541.66
2026/09/15 01:40:49.093, 3, 166372, 90, 14, 522.91
2026/09/15 01:40:50.095, 0, 167391, 83, 14, 482.08
2026/09/15 01:40:50.098, 1, 166692, 78, 14, 418.21
2026/09/15 01:40:50.101, 2, 166692, 84, 13, 499.39
2026/09/15 01:40:50.103, 3, 166372, 79, 14, 510.98
2026/09/15 01:40:51.106, 0, 167391, 83, 14, 495.74
2026/09/15 01:40:51.109, 1, 166692, 81, 14, 420.83
2026/09/15 01:40:51.111, 2, 166692, 93, 14, 523.01
2026/09/15 01:40:51.114, 3, 166372, 89, 14, 526.94
2026/09/15 01:40:52.116, 0, 167391, 0, 0, 283.90
2026/09/15 01:40:52.119, 1, 166692, 0, 0, 272.72
2026/09/15 01:40:52.122, 2, 166692, 0, 0, 278.95
2026/09/15 01:40:52.124, 3, 166372, 0, 0, 288.75
2026/09/15 01:40:53.127, 0, 167391, 0, 0, 229.34
2026/09/15 01:40:53.131, 1, 166692, 0, 0, 227.27
2026/09/15 01:40:53.133, 2, 166692, 0, 0, 219.39
2026/09/15 01:40:53.136, 3, 166372, 0, 0, 233.92
2026/09/15 01:40:54.139, 0, 167391, 0, 0, 228.55
2026/09/15 01:40:54.143, 1, 166692, 0, 0, 227.11
2026/09/15 01:40:54.146, 2, 166692, 0, 0, 218.87
2026/09/15 01:40:54.148, 3, 166372, 0, 0, 232.82
2026/09/15 01:40:55.151, 0, 167391, 0, 0, 228.41
2026/09/15 01:40:55.154, 1, 166692, 0, 0, 227.27
2026/09/15 01:40:55.157, 2, 166692, 0, 0, 217.31
2026/09/15 01:40:55.159, 3, 166372, 0, 0, 232.73
2026/09/15 01:40:56.162, 0, 167391, 0, 0, 228.41
2026/09/15 01:40:56.165, 1, 166692, 0, 0, 227.27
2026/09/15 01:40:56.168, 2, 166692, 0, 0, 216.67
2026/09/15 01:40:56.170, 3, 166372, 0, 0, 232.65
2026/09/15 01:40:57.173, 0, 167391, 0, 0, 228.41
2026/09/15 01:40:57.176, 1, 166692, 0, 0, 227.27
2026/09/15 01:40:57.179, 2, 166692, 0, 0, 216.30
2026/09/15 01:40:57.181, 3, 166372, 0, 0, 232.67
2026/09/15 01:40:58.184, 0, 167391, 0, 0, 228.41
2026/09/15 01:40:58.187, 1, 166692, 0, 0, 227.27
2026/09/15 01:40:58.189, 2, 166692, 0, 0, 216.15
2026/09/15 01:40:58.192, 3, 166372, 0, 0, 232.68
2026/09/15 01:40:59.195, 0, 167391, 0, 0, 228.41
2026/09/15 01:40:59.198, 1, 166692, 0, 0, 227.27
2026/09/15 01:40:59.201, 2, 166692, 0, 0, 215.62
2026/09/15 01:40:59.203, 3, 166372, 0, 0, 232.66
2026/09/15 01:41:00.206, 0, 167391, 0, 0, 228.41
2026/09/15 01:41:00.209, 1, 166692, 0, 0, 227.27
2026/09/15 01:41:00.212, 2, 166692, 0, 0, 215.56
2026/09/15 01:41:00.214, 3, 166372, 0, 0, 232.68
2026/09/15 01:41:01.217, 0, 167391, 0, 0, 228.41
2026/09/15 01:41:01.220, 1, 166692, 0, 0, 227.27
2026/09/15 01:41:01.223, 2, 166692, 0, 0, 215.55
2026/09/15 01:41:01.225, 3, 166372, 0, 0, 232.69
2026/09/15 01:41:02.228, 0, 167391, 0, 0, 228.41
2026/09/15 01:41:02.231, 1, 166692, 0, 0, 227.27
2026/09/15 01:41:02.233, 2, 166692, 0, 0, 215.62
2026/09/15 01:41:02.236, 3, 166372, 0, 0, 232.68
2026/09/15 01:41:03.238, 0, 167391, 0, 0, 228.41
2026/09/15 01:41:03.242, 1, 166692, 0, 0, 227.27
2026/09/15 01:41:03.244, 2, 166692, 0, 0, 215.54
2026/09/15 01:41:03.247, 3, 166372, 0, 0, 232.66
2026/09/15 01:41:04.250, 0, 167391, 0, 0, 228.41
2026/09/15 01:41:04.253, 1, 166692, 0, 0, 227.27
2026/09/15 01:41:04.256, 2, 166692, 0, 0, 215.62
2026/09/15 01:41:04.258, 3, 166372, 0, 0, 232.67
2026/09/15 01:41:05.261, 0, 166553, 0, 0, 284.85
2026/09/15 01:41:05.264, 1, 165854, 0, 0, 293.82
2026/09/15 01:41:05.266, 2, 165854, 0, 0, 308.53
2026/09/15 01:41:05.269, 3, 165534, 0, 0, 327.05
2026/09/15 01:41:06.272, 0, 167391, 66, 14, 397.99
2026/09/15 01:41:06.275, 1, 166692, 88, 14, 370.56
2026/09/15 01:41:06.277, 2, 166692, 66, 14, 380.84
2026/09/15 01:41:06.280, 3, 166372, 88, 14, 410.92
2026/09/15 01:41:07.283, 0, 167391, 77, 14, 481.61
2026/09/15 01:41:07.286, 1, 166692, 39, 14, 432.62
2026/09/15 01:41:07.288, 2, 166692, 93, 14, 510.14
2026/09/15 01:41:07.291, 3, 166372, 94, 14, 539.38
2026/09/15 01:41:08.294, 0, 167391, 90, 14, 489.79
2026/09/15 01:41:08.297, 1, 166692, 68, 14, 419.68
2026/09/15 01:41:08.299, 2, 166692, 74, 14, 477.44
2026/09/15 01:41:08.302, 3, 166372, 83, 14, 501.89
2026/09/15 01:41:09.304, 0, 167391, 85, 14, 471.16
2026/09/15 01:41:09.307, 1, 166692, 91, 14, 422.75
2026/09/15 01:41:09.310, 2, 166692, 82, 14, 503.46
2026/09/15 01:41:09.312, 3, 166372, 89, 14, 546.68
2026/09/15 01:41:10.315, 0, 167391, 81, 14, 481.69
2026/09/15 01:41:10.318, 1, 166692, 39, 14, 426.51
2026/09/15 01:41:10.321, 2, 166692, 95, 14, 512.46
2026/09/15 01:41:10.323, 3, 166372, 94, 14, 538.88
2026/09/15 01:41:11.326, 0, 167391, 91, 14, 478.57
2026/09/15 01:41:11.329, 1, 166692, 67, 14, 420.23
2026/09/15 01:41:11.332, 2, 166692, 75, 14, 490.44
2026/09/15 01:41:11.334, 3, 166372, 83, 14, 516.44
2026/09/15 01:41:12.337, 0, 167391, 63, 14, 490.26
2026/09/15 01:41:12.340, 1, 166692, 91, 14, 422.13
2026/09/15 01:41:12.343, 2, 166692, 86, 14, 497.44
2026/09/15 01:41:12.345, 3, 166372, 90, 14, 534.27
2026/09/15 01:41:13.348, 0, 167391, 83, 14, 490.95
2026/09/15 01:41:13.351, 1, 166692, 40, 14, 427.36
2026/09/15 01:41:13.354, 2, 166692, 97, 15, 515.92
2026/09/15 01:41:13.356, 3, 166372, 94, 14, 538.43
2026/09/15 01:41:14.359, 0, 167391, 93, 14, 475.52
2026/09/15 01:41:14.362, 1, 166692, 64, 14, 425.48
2026/09/15 01:41:14.365, 2, 166692, 71, 13, 489.80
2026/09/15 01:41:14.367, 3, 166372, 89, 14, 517.57
2026/09/15 01:41:15.370, 0, 167391, 64, 14, 498.90
2026/09/15 01:41:15.373, 1, 166692, 95, 14, 431.98
2026/09/15 01:41:15.376, 2, 166692, 85, 14, 496.41
2026/09/15 01:41:15.378, 3, 166372, 90, 14, 535.12
2026/09/15 01:41:16.381, 0, 167391, 84, 14, 487.59
2026/09/15 01:41:16.384, 1, 166692, 39, 14, 419.05
2026/09/15 01:41:16.387, 2, 166692, 84, 14, 486.90
2026/09/15 01:41:16.389, 3, 166372, 85, 14, 545.55
2026/09/15 01:41:17.392, 0, 167391, 97, 15, 472.06
2026/09/15 01:41:17.395, 1, 166692, 60, 14, 417.90
2026/09/15 01:41:17.397, 2, 166692, 100, 15, 507.00
2026/09/15 01:41:17.400, 3, 166372, 88, 14, 518.23
2026/09/15 01:41:18.403, 0, 167391, 65, 14, 483.52
2026/09/15 01:41:18.406, 1, 166692, 99, 15, 425.97
2026/09/15 01:41:18.408, 2, 166692, 73, 13, 519.76
2026/09/15 01:41:18.411, 3, 166372, 88, 14, 555.03
2026/09/15 01:41:19.413, 0, 167391, 79, 14, 486.33
2026/09/15 01:41:19.417, 1, 166692, 38, 13, 409.71
2026/09/15 01:41:19.419, 2, 166692, 81, 14, 488.55
2026/09/15 01:41:19.422, 3, 166372, 100, 15, 517.87
2026/09/15 01:41:20.424, 0, 167391, 100, 15, 470.66
2026/09/15 01:41:20.428, 1, 166692, 59, 14, 415.46
2026/09/15 01:41:20.430, 2, 166692, 100, 15, 505.54
2026/09/15 01:41:20.433, 3, 166372, 82, 13, 549.53
2026/09/15 01:41:21.436, 0, 167391, 52, 14, 467.90
2026/09/15 01:41:21.439, 1, 166692, 99, 15, 429.16
2026/09/15 01:41:21.441, 2, 166692, 74, 13, 523.38
2026/09/15 01:41:21.444, 3, 166372, 86, 14, 548.32
2026/09/15 01:41:22.446, 0, 167391, 77, 14, 458.53
2026/09/15 01:41:22.449, 1, 166692, 41, 13, 415.78
2026/09/15 01:41:22.452, 2, 166692, 82, 14, 495.58
2026/09/15 01:41:22.455, 3, 166372, 99, 15, 519.78
2026/09/15 01:41:23.457, 0, 167391, 100, 15, 474.27
2026/09/15 01:41:23.460, 1, 166692, 57, 14, 416.93
2026/09/15 01:41:23.463, 2, 166692, 100, 15, 512.52
2026/09/15 01:41:23.466, 3, 166372, 83, 13, 540.22
2026/09/15 01:41:24.468, 0, 167391, 56, 13, 482.01
2026/09/15 01:41:24.471, 1, 166692, 55, 14, 418.43
2026/09/15 01:41:24.474, 2, 166692, 75, 14, 523.42
2026/09/15 01:41:24.476, 3, 166372, 86, 14, 547.68
2026/09/15 01:41:25.479, 0, 167391, 0, 0, 319.03
2026/09/15 01:41:25.482, 1, 166692, 0, 0, 291.14
2026/09/15 01:41:25.485, 2, 166692, 0, 0, 310.24
2026/09/15 01:41:25.488, 3, 166372, 0, 0, 342.64
2026/09/15 01:41:26.490, 0, 167391, 0, 0, 230.88
2026/09/15 01:41:26.493, 1, 166692, 0, 0, 227.27
2026/09/15 01:41:26.496, 2, 166692, 0, 0, 219.16
2026/09/15 01:41:26.498, 3, 166372, 0, 0, 234.78
2026/09/15 01:41:27.501, 0, 167391, 0, 0, 229.42
2026/09/15 01:41:27.505, 1, 166692, 0, 0, 227.10
2026/09/15 01:41:27.508, 2, 166692, 0, 0, 219.10
2026/09/15 01:41:27.510, 3, 166372, 0, 0, 232.79
2026/09/15 01:41:28.513, 0, 167391, 0, 0, 228.61
2026/09/15 01:41:28.516, 1, 166692, 0, 0, 227.27
2026/09/15 01:41:28.519, 2, 166692, 0, 0, 217.38
2026/09/15 01:41:28.521, 3, 166372, 0, 0, 232.63
2026/09/15 01:41:29.524, 0, 167391, 0, 0, 228.56
2026/09/15 01:41:29.527, 1, 166692, 0, 0, 227.27
2026/09/15 01:41:29.530, 2, 166692, 0, 0, 216.91
2026/09/15 01:41:29.532, 3, 166372, 0, 0, 232.72
2026/09/15 01:41:30.535, 0, 167391, 0, 0, 228.41
2026/09/15 01:41:30.538, 1, 166692, 0, 0, 227.27
2026/09/15 01:41:30.540, 2, 166692, 0, 0, 216.25
2026/09/15 01:41:30.543, 3, 166372, 0, 0, 232.65
2026/09/15 01:41:31.545, 0, 167391, 0, 0, 228.41
2026/09/15 01:41:31.549, 1, 166692, 0, 0, 227.27
2026/09/15 01:41:31.551, 2, 166692, 0, 0, 216.07
2026/09/15 01:41:31.554, 3, 166372, 0, 0, 232.63
2026/09/15 01:41:32.556, 0, 167391, 0, 0, 228.41
2026/09/15 01:41:32.560, 1, 166692, 0, 0, 227.27
2026/09/15 01:41:32.563, 2, 166692, 0, 0, 215.77
2026/09/15 01:41:32.566, 3, 166372, 0, 0, 232.64
2026/09/15 01:41:33.569, 0, 167391, 0, 0, 228.41
2026/09/15 01:41:33.572, 1, 166692, 0, 0, 227.27
2026/09/15 01:41:33.575, 2, 166692, 0, 0, 216.07
2026/09/15 01:41:33.577, 3, 166372, 0, 0, 232.65
2026/09/15 01:41:34.580, 0, 167391, 0, 0, 228.41
2026/09/15 01:41:34.583, 1, 166692, 0, 0, 227.27
2026/09/15 01:41:34.586, 2, 166692, 0, 0, 216.07
2026/09/15 01:41:34.589, 3, 166372, 0, 0, 232.65
2026/09/15 01:41:35.591, 0, 167391, 0, 0, 228.41
2026/09/15 01:41:35.594, 1, 166692, 0, 0, 227.27
2026/09/15 01:41:35.597, 2, 166692, 0, 0, 215.84
2026/09/15 01:41:35.599, 3, 166372, 0, 0, 232.66
2026/09/15 01:41:36.602, 0, 167391, 0, 0, 228.41
2026/09/15 01:41:36.605, 1, 166692, 0, 0, 227.27
2026/09/15 01:41:36.608, 2, 166692, 0, 0, 215.54
2026/09/15 01:41:36.610, 3, 166372, 0, 0, 232.65
2026/09/15 01:41:37.613, 0, 167391, 0, 0, 228.41
2026/09/15 01:41:37.616, 1, 166692, 0, 0, 227.27
2026/09/15 01:41:37.619, 2, 166692, 0, 0, 215.63
2026/09/15 01:41:37.621, 3, 166372, 0, 0, 232.66
2026/09/15 01:41:38.624, 0, 166911, 99, 17, 407.80
2026/09/15 01:41:38.628, 1, 166212, 73, 14, 489.73
2026/09/15 01:41:38.630, 2, 166212, 100, 17, 482.24
2026/09/15 01:41:38.633, 3, 165892, 40, 7, 482.80
2026/09/15 01:41:39.635, 0, 167429, 0, 0, 244.71
2026/09/15 01:41:39.638, 1, 166730, 0, 0, 228.87
2026/09/15 01:41:39.641, 2, 166730, 0, 0, 223.10
2026/09/15 01:41:39.643, 3, 166410, 32, 6, 254.58
2026/09/15 01:41:40.646, 0, 168629, 67, 29, 534.58
2026/09/15 01:41:40.649, 1, 167930, 52, 19, 621.93
2026/09/15 01:41:40.652, 2, 167930, 89, 29, 676.83
2026/09/15 01:41:40.654, 3, 167610, 75, 18, 649.64
2026/09/15 01:41:41.657, 0, 168629, 89, 18, 485.13
2026/09/15 01:41:41.660, 1, 167930, 87, 16, 591.92
2026/09/15 01:41:41.662, 2, 167930, 94, 18, 612.53
2026/09/15 01:41:41.665, 3, 167610, 78, 14, 596.47
2026/09/15 01:41:42.668, 0, 168629, 56, 23, 534.93
2026/09/15 01:41:42.671, 1, 167930, 75, 14, 647.89
2026/09/15 01:41:42.674, 2, 167930, 84, 24, 694.05
2026/09/15 01:41:42.676, 3, 167610, 77, 14, 675.38
2026/09/15 01:41:43.679, 0, 168629, 51, 14, 486.17
2026/09/15 01:41:43.682, 1, 167930, 71, 13, 588.79
2026/09/15 01:41:43.685, 2, 167930, 86, 15, 619.52
2026/09/15 01:41:43.688, 3, 167610, 80, 13, 602.03
2026/09/15 01:41:44.691, 0, 168629, 41, 15, 535.95
2026/09/15 01:41:44.694, 1, 167930, 80, 14, 629.79
2026/09/15 01:41:44.697, 2, 167930, 82, 16, 660.27
2026/09/15 01:41:44.699, 3, 167610, 82, 14, 673.07
2026/09/15 01:41:45.702, 0, 168629, 37, 13, 498.85
2026/09/15 01:41:45.705, 1, 167930, 75, 21, 623.43
2026/09/15 01:41:45.708, 2, 167930, 86, 13, 650.57
2026/09/15 01:41:45.711, 3, 167610, 78, 19, 610.51
2026/09/15 01:41:46.714, 0, 168629, 39, 13, 504.15
2026/09/15 01:41:46.717, 1, 167930, 93, 17, 623.72
2026/09/15 01:41:46.720, 2, 167930, 84, 13, 631.02
2026/09/15 01:41:46.723, 3, 167610, 91, 17, 602.59
2026/09/15 01:41:47.726, 0, 168629, 41, 14, 505.22
2026/09/15 01:41:47.729, 1, 167930, 78, 29, 645.28
2026/09/15 01:41:47.732, 2, 167930, 81, 13, 669.94
2026/09/15 01:41:47.734, 3, 167610, 86, 28, 675.69
2026/09/15 01:41:48.737, 0, 168629, 44, 14, 481.37
2026/09/15 01:41:48.741, 1, 167930, 100, 19, 592.92
2026/09/15 01:41:48.743, 2, 167930, 87, 14, 610.58
2026/09/15 01:41:48.746, 3, 167610, 100, 19, 611.44
2026/09/15 01:41:49.749, 0, 168629, 38, 13, 540.42
2026/09/15 01:41:49.752, 1, 167930, 81, 28, 662.46
2026/09/15 01:41:49.755, 2, 167930, 83, 21, 688.68
2026/09/15 01:41:49.758, 3, 167610, 89, 29, 692.32
2026/09/15 01:41:50.761, 0, 168629, 0, 0, 268.10
2026/09/15 01:41:50.764, 1, 167930, 0, 0, 310.04
2026/09/15 01:41:50.767, 2, 167930, 0, 0, 297.86
2026/09/15 01:41:50.769, 3, 167610, 0, 0, 284.85
2026/09/15 01:41:51.772, 0, 168629, 0, 0, 231.07
2026/09/15 01:41:51.775, 1, 167930, 0, 0, 227.26
2026/09/15 01:41:51.778, 2, 167930, 0, 0, 218.46
2026/09/15 01:41:51.781, 3, 167610, 0, 0, 235.89
2026/09/15 01:41:52.784, 0, 168629, 0, 0, 229.76
2026/09/15 01:41:52.788, 1, 167930, 0, 0, 227.27
2026/09/15 01:41:52.790, 2, 167930, 0, 0, 219.32
2026/09/15 01:41:52.793, 3, 167610, 0, 0, 233.83
2026/09/15 01:41:53.796, 0, 168629, 0, 0, 228.70
2026/09/15 01:41:53.799, 1, 167930, 0, 0, 227.27
2026/09/15 01:41:53.801, 2, 167930, 0, 0, 218.46
2026/09/15 01:41:53.804, 3, 167610, 0, 0, 232.65
2026/09/15 01:41:54.807, 0, 168629, 0, 0, 228.48
2026/09/15 01:41:54.810, 1, 167930, 0, 0, 227.27
2026/09/15 01:41:54.813, 2, 167930, 0, 0, 217.79
2026/09/15 01:41:54.816, 3, 167610, 0, 0, 232.80
2026/09/15 01:41:55.818, 0, 168629, 0, 0, 228.48
2026/09/15 01:41:55.821, 1, 167930, 0, 0, 227.27
2026/09/15 01:41:55.824, 2, 167930, 0, 0, 216.50
2026/09/15 01:41:55.827, 3, 167610, 0, 0, 232.64
2026/09/15 01:41:56.829, 0, 168629, 0, 0, 228.41
2026/09/15 01:41:56.833, 1, 167930, 0, 0, 227.27
2026/09/15 01:41:56.835, 2, 167930, 0, 0, 216.08
2026/09/15 01:41:56.838, 3, 167610, 0, 0, 232.65
2026/09/15 01:41:57.840, 0, 168629, 0, 0, 228.41
2026/09/15 01:41:57.844, 1, 167930, 0, 0, 227.27
2026/09/15 01:41:57.847, 2, 167930, 0, 0, 216.22
2026/09/15 01:41:57.850, 3, 167610, 0, 0, 232.65
2026/09/15 01:41:58.854, 0, 168629, 0, 0, 228.41
2026/09/15 01:41:58.857, 1, 167930, 0, 0, 227.27
2026/09/15 01:41:58.860, 2, 167930, 0, 0, 215.85
2026/09/15 01:41:58.863, 3, 167610, 0, 0, 232.65
2026/09/15 01:41:59.866, 0, 168629, 0, 0, 228.41
2026/09/15 01:41:59.869, 1, 167930, 0, 0, 227.27
2026/09/15 01:41:59.872, 2, 167930, 0, 0, 215.69
2026/09/15 01:41:59.874, 3, 167610, 0, 0, 232.65
2026/09/15 01:42:00.877, 0, 168629, 0, 0, 228.41
2026/09/15 01:42:00.880, 1, 167930, 0, 0, 227.27
2026/09/15 01:42:00.882, 2, 167930, 0, 0, 215.64
2026/09/15 01:42:00.885, 3, 167610, 0, 0, 232.67
2026/09/15 01:42:01.887, 0, 168629, 0, 0, 228.41
2026/09/15 01:42:01.891, 1, 167930, 0, 0, 227.27
2026/09/15 01:42:01.893, 2, 167930, 0, 0, 215.70
2026/09/15 01:42:01.896, 3, 167610, 0, 0, 232.64
2026/09/15 01:42:02.899, 0, 168629, 0, 0, 228.41
2026/09/15 01:42:02.902, 1, 167930, 0, 0, 229.78
2026/09/15 01:42:02.905, 2, 167930, 0, 0, 216.84
2026/09/15 01:42:02.907, 3, 167610, 0, 0, 232.65
2026/09/15 01:42:03.910, 0, 166911, 0, 0, 428.45
2026/09/15 01:42:03.913, 1, 166212, 0, 0, 423.74
2026/09/15 01:42:03.916, 2, 166212, 0, 0, 472.42
2026/09/15 01:42:03.918, 3, 165892, 0, 0, 499.07
2026/09/15 01:42:04.921, 0, 168629, 66, 16, 361.50
2026/09/15 01:42:04.924, 1, 167930, 72, 29, 362.22
2026/09/15 01:42:04.927, 2, 167930, 71, 15, 386.23
2026/09/15 01:42:04.929, 3, 167610, 90, 28, 443.69
2026/09/15 01:42:05.932, 0, 168629, 87, 16, 558.53
2026/09/15 01:42:05.935, 1, 167930, 92, 18, 491.22
2026/09/15 01:42:05.937, 2, 167930, 87, 16, 594.66
2026/09/15 01:42:05.940, 3, 167610, 98, 19, 615.32
2026/09/15 01:42:06.943, 0, 168629, 38, 13, 580.76
2026/09/15 01:42:06.946, 1, 167930, 63, 23, 537.93
2026/09/15 01:42:06.948, 2, 167930, 81, 26, 652.21
2026/09/15 01:42:06.951, 3, 167610, 86, 24, 681.92
2026/09/15 01:42:07.953, 0, 168629, 43, 15, 532.05
2026/09/15 01:42:07.956, 1, 167930, 62, 14, 504.09
2026/09/15 01:42:07.959, 2, 167930, 100, 18, 598.32
2026/09/15 01:42:07.962, 3, 167610, 84, 14, 618.50
2026/09/15 01:42:08.964, 0, 168629, 80, 16, 597.68
2026/09/15 01:42:08.968, 1, 167930, 39, 14, 557.82
2026/09/15 01:42:08.970, 2, 167930, 88, 28, 651.44
2026/09/15 01:42:08.973, 3, 167610, 82, 14, 672.87
2026/09/15 01:42:09.975, 0, 168629, 61, 25, 525.46
2026/09/15 01:42:09.978, 1, 167930, 62, 14, 536.03
2026/09/15 01:42:09.981, 2, 167930, 87, 16, 602.30
2026/09/15 01:42:09.984, 3, 167610, 84, 14, 651.43
2026/09/15 01:42:10.986, 0, 168629, 99, 19, 576.51
2026/09/15 01:42:10.989, 1, 167930, 42, 14, 494.95
2026/09/15 01:42:10.992, 2, 167930, 78, 18, 634.67
2026/09/15 01:42:10.994, 3, 167610, 84, 13, 655.77
2026/09/15 01:42:11.997, 0, 168629, 68, 29, 600.54
2026/09/15 01:42:12.000, 1, 167930, 54, 19, 539.25
2026/09/15 01:42:12.003, 2, 167930, 88, 29, 669.06
2026/09/15 01:42:12.005, 3, 167610, 84, 19, 671.82
2026/09/15 01:42:13.008, 0, 168629, 82, 17, 551.96
2026/09/15 01:42:13.011, 1, 167930, 82, 17, 489.55
2026/09/15 01:42:13.013, 2, 167930, 92, 17, 605.10
2026/09/15 01:42:13.016, 3, 167610, 93, 17, 618.97
2026/09/15 01:42:14.019, 0, 168629, 58, 20, 589.65
2026/09/15 01:42:14.022, 1, 167930, 73, 28, 548.09
2026/09/15 01:42:14.024, 2, 167930, 78, 22, 656.83
2026/09/15 01:42:14.027, 3, 167610, 92, 28, 687.61
2026/09/15 01:42:15.030, 0, 168629, 0, 0, 517.03
2026/09/15 01:42:15.033, 1, 167930, 100, 19, 451.27
2026/09/15 01:42:15.035, 2, 167930, 8, 2, 525.60
2026/09/15 01:42:15.038, 3, 167610, 0, 0, 532.75
2026/09/15 01:42:16.041, 0, 168629, 0, 0, 231.38
2026/09/15 01:42:16.044, 1, 167930, 0, 0, 227.57
2026/09/15 01:42:16.046, 2, 167930, 0, 0, 216.86
2026/09/15 01:42:16.049, 3, 167610, 0, 0, 235.07
2026/09/15 01:42:17.051, 0, 168629, 0, 0, 231.03
2026/09/15 01:42:17.055, 1, 167930, 0, 0, 227.26
2026/09/15 01:42:17.058, 2, 167930, 0, 0, 219.39
2026/09/15 01:42:17.061, 3, 167610, 0, 0, 234.89
2026/09/15 01:42:18.064, 0, 168629, 0, 0, 228.99
2026/09/15 01:42:18.067, 1, 167930, 0, 0, 227.27
2026/09/15 01:42:18.069, 2, 167930, 0, 0, 219.39
2026/09/15 01:42:18.072, 3, 167610, 0, 0, 233.17
2026/09/15 01:42:19.074, 0, 168629, 0, 0, 228.49
2026/09/15 01:42:19.086, 1, 167930, 0, 0, 227.27
2026/09/15 01:42:19.099, 2, 167930, 0, 0, 218.53
2026/09/15 01:42:19.102, 3, 167610, 0, 0, 232.72
2026/09/15 01:42:20.105, 0, 168629, 0, 0, 228.63
2026/09/15 01:42:20.108, 1, 167930, 0, 0, 227.27
2026/09/15 01:42:20.111, 2, 167930, 0, 0, 217.49
2026/09/15 01:42:20.113, 3, 167610, 0, 0, 232.65
2026/09/15 01:42:21.116, 0, 168629, 0, 0, 228.41
2026/09/15 01:42:21.119, 1, 167930, 0, 0, 227.27
2026/09/15 01:42:21.122, 2, 167930, 0, 0, 216.76
2026/09/15 01:42:21.124, 3, 167610, 0, 0, 232.71
2026/09/15 01:42:22.127, 0, 168629, 0, 0, 228.41
2026/09/15 01:42:22.130, 1, 167930, 0, 0, 227.27
2026/09/15 01:42:22.133, 2, 167930, 0, 0, 216.36
2026/09/15 01:42:22.135, 3, 167610, 0, 0, 232.64
2026/09/15 01:42:23.138, 0, 168629, 0, 0, 228.41
2026/09/15 01:42:23.141, 1, 167930, 0, 0, 227.27
2026/09/15 01:42:23.144, 2, 167930, 0, 0, 216.46
2026/09/15 01:42:23.146, 3, 167610, 0, 0, 232.64
2026/09/15 01:42:24.149, 0, 168629, 0, 0, 228.41
2026/09/15 01:42:24.152, 1, 167930, 0, 0, 227.27
2026/09/15 01:42:24.155, 2, 167930, 0, 0, 215.92
2026/09/15 01:42:24.157, 3, 167610, 0, 0, 232.65
2026/09/15 01:42:25.160, 0, 168629, 0, 0, 228.41
2026/09/15 01:42:25.163, 1, 167930, 0, 0, 227.27
2026/09/15 01:42:25.166, 2, 167930, 0, 0, 215.77
2026/09/15 01:42:25.168, 3, 167610, 0, 0, 232.65
2026/09/15 01:42:26.171, 0, 168629, 0, 0, 228.41
2026/09/15 01:42:26.174, 1, 167930, 0, 0, 227.27
2026/09/15 01:42:26.177, 2, 167930, 0, 0, 216.15
2026/09/15 01:42:26.179, 3, 167610, 0, 0, 232.66
2026/09/15 01:42:27.182, 0, 168629, 0, 0, 228.41
2026/09/15 01:42:27.185, 1, 167930, 0, 0, 227.27
2026/09/15 01:42:27.188, 2, 167930, 0, 0, 215.76
2026/09/15 01:42:27.191, 3, 167610, 0, 0, 232.64
2026/09/15 01:42:28.193, 0, 168629, 69, 29, 351.55
2026/09/15 01:42:28.196, 1, 167930, 73, 16, 395.72
2026/09/15 01:42:28.199, 2, 167930, 51, 11, 335.26
2026/09/15 01:42:28.202, 3, 167610, 78, 15, 378.62
2026/09/15 01:42:29.204, 0, 166911, 0, 0, 310.58
2026/09/15 01:42:29.207, 1, 166212, 0, 0, 301.34
2026/09/15 01:42:29.210, 2, 166212, 0, 0, 294.73
2026/09/15 01:42:29.213, 3, 165892, 0, 0, 358.32
2026/09/15 01:42:30.215, 0, 168629, 99, 19, 481.14
2026/09/15 01:42:30.218, 1, 167930, 63, 15, 435.53
2026/09/15 01:42:30.221, 2, 167930, 100, 19, 483.01
2026/09/15 01:42:30.224, 3, 167610, 87, 15, 499.37
2026/09/15 01:42:31.226, 0, 168629, 64, 25, 603.10
2026/09/15 01:42:31.229, 1, 167930, 62, 24, 539.15
2026/09/15 01:42:31.232, 2, 167930, 75, 14, 630.82
2026/09/15 01:42:31.234, 3, 167610, 82, 14, 676.75
2026/09/15 01:42:32.237, 0, 168629, 71, 15, 561.05
2026/09/15 01:42:32.240, 1, 167930, 99, 19, 480.48
2026/09/15 01:42:32.243, 2, 167930, 79, 15, 571.67
2026/09/15 01:42:32.245, 3, 167610, 83, 14, 609.54
2026/09/15 01:42:33.248, 0, 168629, 63, 14, 611.75
2026/09/15 01:42:33.251, 1, 167930, 71, 29, 558.00
2026/09/15 01:42:33.253, 2, 167930, 69, 14, 631.84
2026/09/15 01:42:33.256, 3, 167610, 84, 14, 659.13
2026/09/15 01:42:34.259, 0, 168629, 67, 14, 583.57
2026/09/15 01:42:34.262, 1, 167930, 73, 16, 490.54
2026/09/15 01:42:34.264, 2, 167930, 77, 22, 587.73
2026/09/15 01:42:34.267, 3, 167610, 83, 22, 642.66
2026/09/15 01:42:35.269, 0, 168629, 67, 14, 561.50
2026/09/15 01:42:35.273, 1, 167930, 49, 18, 538.08
2026/09/15 01:42:35.275, 2, 167930, 73, 14, 611.37
2026/09/15 01:42:35.278, 3, 167610, 100, 18, 640.37
2026/09/15 01:42:36.280, 0, 168629, 69, 20, 575.67
2026/09/15 01:42:36.283, 1, 167930, 39, 14, 523.87
2026/09/15 01:42:36.286, 2, 167930, 83, 29, 598.76
2026/09/15 01:42:36.289, 3, 167610, 89, 29, 652.04
2026/09/15 01:42:37.291, 0, 168629, 93, 17, 550.93
2026/09/15 01:42:37.294, 1, 167930, 39, 14, 497.20
2026/09/15 01:42:37.297, 2, 167930, 90, 17, 596.14
2026/09/15 01:42:37.299, 3, 167610, 92, 17, 614.46
2026/09/15 01:42:38.302, 0, 168629, 71, 29, 608.05
2026/09/15 01:42:38.305, 1, 167930, 51, 20, 541.74
2026/09/15 01:42:38.308, 2, 167930, 76, 21, 639.75
2026/09/15 01:42:38.310, 3, 167610, 80, 21, 689.13
2026/09/15 01:42:39.313, 0, 168629, 99, 19, 554.72
2026/09/15 01:42:39.316, 1, 167930, 38, 13, 489.02
2026/09/15 01:42:39.318, 2, 167930, 75, 14, 587.67
2026/09/15 01:42:39.321, 3, 167610, 80, 14, 613.19
2026/09/15 01:42:40.324, 0, 168629, 0, 0, 411.40
2026/09/15 01:42:40.327, 1, 167930, 0, 0, 373.96
2026/09/15 01:42:40.329, 2, 167930, 0, 0, 397.90
2026/09/15 01:42:40.332, 3, 167610, 0, 0, 436.98
2026/09/15 01:42:41.334, 0, 168629, 0, 0, 232.04
2026/09/15 01:42:41.337, 1, 167930, 0, 0, 227.27
2026/09/15 01:42:41.340, 2, 167930, 0, 0, 217.96
2026/09/15 01:42:41.342, 3, 167610, 0, 0, 236.31
2026/09/15 01:42:42.345, 0, 168629, 0, 0, 231.45
2026/09/15 01:42:42.349, 1, 167930, 0, 0, 227.26
2026/09/15 01:42:42.352, 2, 167930, 0, 0, 219.39
2026/09/15 01:42:42.354, 3, 167610, 0, 0, 234.93
2026/09/15 01:42:43.357, 0, 168629, 0, 0, 229.59
2026/09/15 01:42:43.360, 1, 167930, 0, 0, 227.27
2026/09/15 01:42:43.363, 2, 167930, 0, 0, 219.08
2026/09/15 01:42:43.365, 3, 167610, 0, 0, 233.15
2026/09/15 01:42:44.368, 0, 168629, 0, 0, 228.77
2026/09/15 01:42:44.371, 1, 167930, 0, 0, 227.27
2026/09/15 01:42:44.374, 2, 167930, 0, 0, 218.70
2026/09/15 01:42:44.377, 3, 167610, 0, 0, 232.72
2026/09/15 01:42:45.379, 0, 168629, 0, 0, 228.56
2026/09/15 01:42:45.382, 1, 167930, 0, 0, 227.27
2026/09/15 01:42:45.385, 2, 167930, 0, 0, 217.69
2026/09/15 01:42:45.387, 3, 167610, 0, 0, 232.65
2026/09/15 01:42:46.390, 0, 168629, 0, 0, 228.41
2026/09/15 01:42:46.393, 1, 167930, 0, 0, 227.27
2026/09/15 01:42:46.395, 2, 167930, 0, 0, 216.61
2026/09/15 01:42:46.398, 3, 167610, 0, 0, 232.63
2026/09/15 01:42:47.400, 0, 168629, 0, 0, 228.48
2026/09/15 01:42:47.404, 1, 167930, 0, 0, 227.27
2026/09/15 01:42:47.406, 2, 167930, 0, 0, 216.23
2026/09/15 01:42:47.409, 3, 167610, 0, 0, 232.65
2026/09/15 01:42:48.412, 0, 168629, 0, 0, 228.41
2026/09/15 01:42:48.415, 1, 167930, 0, 0, 227.27
2026/09/15 01:42:48.418, 2, 167930, 0, 0, 216.32
2026/09/15 01:42:48.420, 3, 167610, 0, 0, 232.64
2026/09/15 01:42:49.423, 0, 168629, 0, 0, 228.48
2026/09/15 01:42:49.426, 1, 167930, 0, 0, 227.27
2026/09/15 01:42:49.429, 2, 167930, 0, 0, 216.00
2026/09/15 01:42:49.431, 3, 167610, 0, 0, 232.64
2026/09/15 01:42:50.434, 0, 168629, 0, 0, 228.41
2026/09/15 01:42:50.437, 1, 167930, 0, 0, 227.27
2026/09/15 01:42:50.440, 2, 167930, 0, 0, 216.09
2026/09/15 01:42:50.442, 3, 167610, 0, 0, 232.67
2026/09/15 01:42:51.445, 0, 168629, 0, 0, 228.41
2026/09/15 01:42:51.448, 1, 167930, 0, 0, 227.27
2026/09/15 01:42:51.451, 2, 167930, 0, 0, 216.09
2026/09/15 01:42:51.454, 3, 167610, 0, 0, 232.68
2026/09/15 01:42:52.456, 0, 168629, 0, 0, 228.41
2026/09/15 01:42:52.460, 1, 167930, 0, 0, 227.27
2026/09/15 01:42:52.462, 2, 167930, 0, 0, 215.85
2026/09/15 01:42:52.465, 3, 167610, 0, 0, 232.65
2026/09/15 01:42:53.467, 0, 168789, 67, 29, 401.72
2026/09/15 01:42:53.471, 1, 168090, 70, 19, 422.66
2026/09/15 01:42:53.473, 2, 168090, 77, 27, 413.66
2026/09/15 01:42:53.476, 3, 167770, 86, 26, 445.28
2026/09/15 01:42:54.478, 0, 168789, 69, 28, 705.08
2026/09/15 01:42:54.481, 1, 168090, 68, 27, 706.74
2026/09/15 01:42:54.484, 2, 168090, 73, 17, 758.47
2026/09/15 01:42:54.487, 3, 167770, 80, 16, 784.50
2026/09/15 01:42:55.489, 0, 166911, 0, 0, 288.58
2026/09/15 01:42:55.492, 1, 166212, 0, 0, 291.31
2026/09/15 01:42:55.495, 2, 166212, 0, 0, 288.11
2026/09/15 01:42:55.497, 3, 165892, 0, 0, 294.20
2026/09/15 01:42:56.500, 0, 168789, 71, 29, 554.60
2026/09/15 01:42:56.503, 1, 168090, 67, 27, 536.56
2026/09/15 01:42:56.506, 2, 168090, 79, 27, 581.06
2026/09/15 01:42:56.508, 3, 167770, 86, 27, 636.58
2026/09/15 01:42:57.511, 0, 168789, 100, 24, 624.71
2026/09/15 01:42:57.514, 1, 168090, 80, 20, 614.40
2026/09/15 01:42:57.516, 2, 168090, 86, 21, 671.05
2026/09/15 01:42:57.519, 3, 167770, 87, 21, 704.25
2026/09/15 01:42:58.521, 0, 168789, 68, 27, 705.22
2026/09/15 01:42:58.524, 1, 168090, 70, 27, 712.41
2026/09/15 01:42:58.527, 2, 168090, 81, 27, 766.29
2026/09/15 01:42:58.530, 3, 167770, 87, 27, 785.67
2026/09/15 01:42:59.532, 0, 168789, 68, 22, 623.00
2026/09/15 01:42:59.535, 1, 168090, 70, 28, 594.28
2026/09/15 01:42:59.538, 2, 168090, 84, 29, 666.22
2026/09/15 01:42:59.540, 3, 167770, 90, 29, 693.61
2026/09/15 01:43:00.543, 0, 168789, 66, 27, 706.12
2026/09/15 01:43:00.546, 1, 168090, 72, 29, 715.61
2026/09/15 01:43:00.548, 2, 168090, 84, 29, 754.51
2026/09/15 01:43:00.551, 3, 167770, 90, 29, 790.06
2026/09/15 01:43:01.554, 0, 168789, 69, 27, 603.71
2026/09/15 01:43:01.556, 1, 168090, 71, 29, 606.67
2026/09/15 01:43:01.559, 2, 168090, 87, 28, 687.08
2026/09/15 01:43:01.562, 3, 167770, 92, 29, 717.73
2026/09/15 01:43:02.564, 0, 168789, 69, 18, 608.65
2026/09/15 01:43:02.567, 1, 168090, 100, 25, 624.01
2026/09/15 01:43:02.569, 2, 168090, 100, 24, 684.40
2026/09/15 01:43:02.572, 3, 167770, 100, 24, 705.40
2026/09/15 01:43:03.575, 0, 168789, 70, 27, 688.31
2026/09/15 01:43:03.578, 1, 168090, 77, 29, 690.53
2026/09/15 01:43:03.580, 2, 168090, 84, 27, 761.20
2026/09/15 01:43:03.583, 3, 167770, 92, 28, 797.82
2026/09/15 01:43:04.585, 0, 168789, 68, 26, 629.43
2026/09/15 01:43:04.588, 1, 168090, 65, 26, 600.36
2026/09/15 01:43:04.591, 2, 168090, 75, 23, 656.43
2026/09/15 01:43:04.593, 3, 167770, 84, 23, 685.62
2026/09/15 01:43:05.596, 0, 168789, 63, 25, 700.87
2026/09/15 01:43:05.599, 1, 168090, 67, 25, 733.63
2026/09/15 01:43:05.602, 2, 168090, 81, 27, 753.77
2026/09/15 01:43:05.604, 3, 167770, 87, 27, 807.32
2026/09/15 01:43:06.607, 0, 168789, 70, 29, 636.68
2026/09/15 01:43:06.610, 1, 168090, 70, 28, 593.90
2026/09/15 01:43:06.612, 2, 168090, 81, 27, 669.87
2026/09/15 01:43:06.615, 3, 167770, 87, 26, 703.77
2026/09/15 01:43:07.617, 0, 168789, 100, 25, 642.23
2026/09/15 01:43:07.620, 1, 168090, 100, 25, 623.46
2026/09/15 01:43:07.623, 2, 168090, 87, 18, 692.01
2026/09/15 01:43:07.626, 3, 167770, 90, 18, 708.95
2026/09/15 01:43:08.628, 0, 168789, 70, 28, 698.04
2026/09/15 01:43:08.631, 1, 168090, 67, 27, 694.59
2026/09/15 01:43:08.634, 2, 168090, 81, 27, 746.74
2026/09/15 01:43:08.636, 3, 167770, 88, 27, 760.41
2026/09/15 01:43:09.639, 0, 168789, 66, 26, 593.08
2026/09/15 01:43:09.642, 1, 168090, 38, 14, 612.00
2026/09/15 01:43:09.644, 2, 168090, 81, 28, 658.99
2026/09/15 01:43:09.647, 3, 167770, 86, 14, 687.24
2026/09/15 01:43:10.649, 0, 168789, 70, 28, 710.55
2026/09/15 01:43:10.652, 1, 168090, 71, 27, 737.39
2026/09/15 01:43:10.655, 2, 168090, 78, 24, 758.30
2026/09/15 01:43:10.657, 3, 167770, 86, 25, 794.57
2026/09/15 01:43:11.660, 0, 168789, 66, 27, 619.99
2026/09/15 01:43:11.663, 1, 168090, 69, 27, 592.92
2026/09/15 01:43:11.666, 2, 168090, 84, 29, 666.07
2026/09/15 01:43:11.668, 3, 167770, 90, 28, 701.00
2026/09/15 01:43:12.671, 0, 168789, 89, 20, 629.76
2026/09/15 01:43:12.674, 1, 168090, 80, 20, 645.87
2026/09/15 01:43:12.676, 2, 168090, 100, 25, 689.18
2026/09/15 01:43:12.679, 3, 167770, 100, 25, 710.97
2026/09/15 01:43:13.682, 0, 168789, 0, 0, 231.46
2026/09/15 01:43:13.685, 1, 168090, 0, 0, 236.82
2026/09/15 01:43:13.687, 2, 168090, 0, 0, 224.81
2026/09/15 01:43:13.690, 3, 167770, 0, 0, 237.75
2026/09/15 01:43:14.692, 0, 168789, 0, 0, 232.02
2026/09/15 01:43:14.696, 1, 168090, 0, 0, 227.49
2026/09/15 01:43:14.699, 2, 168090, 0, 0, 218.84
2026/09/15 01:43:14.702, 3, 167770, 0, 0, 235.73
2026/09/15 01:43:15.704, 0, 168789, 0, 0, 231.82
2026/09/15 01:43:15.708, 1, 168090, 0, 0, 227.27
2026/09/15 01:43:15.711, 2, 168090, 0, 0, 219.39
2026/09/15 01:43:15.713, 3, 167770, 0, 0, 236.15
2026/09/15 01:43:16.716, 0, 168789, 0, 0, 231.31
2026/09/15 01:43:16.719, 1, 168090, 0, 0, 227.27
2026/09/15 01:43:16.721, 2, 168090, 0, 0, 219.39
2026/09/15 01:43:16.724, 3, 167770, 0, 0, 234.47
2026/09/15 01:43:17.727, 0, 168789, 0, 0, 230.59
2026/09/15 01:43:17.730, 1, 168090, 0, 0, 227.27
2026/09/15 01:43:17.732, 2, 168090, 0, 0, 219.24
2026/09/15 01:43:17.735, 3, 167770, 0, 0, 233.85
2026/09/15 01:43:18.738, 0, 168789, 0, 0, 228.97
2026/09/15 01:43:18.740, 1, 168090, 0, 0, 227.27
2026/09/15 01:43:18.743, 2, 168090, 0, 0, 218.84
2026/09/15 01:43:18.745, 3, 167770, 0, 0, 232.70
2026/09/15 01:43:19.748, 0, 168789, 0, 0, 228.70
2026/09/15 01:43:19.751, 1, 168090, 0, 0, 227.27
2026/09/15 01:43:19.754, 2, 168090, 0, 0, 218.39
2026/09/15 01:43:19.756, 3, 167770, 0, 0, 232.73
2026/09/15 01:43:20.759, 0, 168789, 0, 0, 228.48
2026/09/15 01:43:20.762, 1, 168090, 0, 0, 227.27
2026/09/15 01:43:20.765, 2, 168090, 0, 0, 217.73
2026/09/15 01:43:20.767, 3, 167770, 0, 0, 232.64
2026/09/15 01:43:21.770, 0, 168789, 0, 0, 228.48
2026/09/15 01:43:21.773, 1, 168090, 0, 0, 227.27
2026/09/15 01:43:21.776, 2, 168090, 0, 0, 217.43
2026/09/15 01:43:21.778, 3, 167770, 0, 0, 232.64
2026/09/15 01:43:22.781, 0, 168789, 0, 0, 228.56
2026/09/15 01:43:22.784, 1, 168090, 0, 0, 227.27
2026/09/15 01:43:22.787, 2, 168090, 0, 0, 217.06
2026/09/15 01:43:22.789, 3, 167770, 0, 0, 232.65
2026/09/15 01:43:23.792, 0, 168789, 0, 0, 228.41
2026/09/15 01:43:23.795, 1, 168090, 0, 0, 227.27
2026/09/15 01:43:23.798, 2, 168090, 0, 0, 216.85
2026/09/15 01:43:23.800, 3, 167770, 0, 0, 232.66
2026/09/15 01:43:24.803, 0, 168789, 0, 0, 228.49
2026/09/15 01:43:24.806, 1, 168090, 0, 0, 227.27
2026/09/15 01:43:24.809, 2, 168090, 0, 0, 216.45
2026/09/15 01:43:24.811, 3, 167770, 0, 0, 232.65
2026/09/15 01:43:25.814, 0, 168789, 0, 0, 228.49
2026/09/15 01:43:25.817, 1, 168090, 0, 0, 227.27
2026/09/15 01:43:25.820, 2, 168090, 0, 0, 216.15
2026/09/15 01:43:25.822, 3, 167770, 0, 0, 232.67
2026/09/15 01:43:26.825, 0, 168789, 65, 26, 617.75
2026/09/15 01:43:26.828, 1, 168090, 74, 26, 683.70
2026/09/15 01:43:26.830, 2, 168090, 86, 27, 768.59
2026/09/15 01:43:26.833, 3, 167770, 80, 27, 694.63
2026/09/15 01:43:27.836, 0, 166911, 0, 0, 508.92
2026/09/15 01:43:27.839, 1, 166212, 0, 0, 561.04
2026/09/15 01:43:27.841, 2, 166212, 0, 0, 552.97
2026/09/15 01:43:27.844, 3, 165892, 17, 4, 602.92
2026/09/15 01:43:28.846, 0, 168629, 38, 13, 303.09
2026/09/15 01:43:28.849, 1, 167930, 70, 13, 366.06
2026/09/15 01:43:28.852, 2, 167930, 84, 25, 353.47
2026/09/15 01:43:28.855, 3, 167610, 80, 26, 367.11
2026/09/15 01:43:29.857, 0, 168789, 69, 29, 695.57
2026/09/15 01:43:29.860, 1, 168090, 78, 28, 765.75
2026/09/15 01:43:29.863, 2, 168090, 88, 27, 802.03
2026/09/15 01:43:29.865, 3, 167770, 84, 27, 789.26
2026/09/15 01:43:30.868, 0, 168789, 66, 28, 568.70
2026/09/15 01:43:30.871, 1, 168090, 79, 29, 677.51
2026/09/15 01:43:30.874, 2, 168090, 87, 27, 688.57
2026/09/15 01:43:30.876, 3, 167770, 82, 26, 675.12
2026/09/15 01:43:31.879, 0, 168789, 38, 13, 663.97
2026/09/15 01:43:31.882, 1, 168090, 76, 13, 726.09
2026/09/15 01:43:31.884, 2, 168090, 90, 17, 761.10
2026/09/15 01:43:31.887, 3, 167770, 86, 16, 748.48
2026/09/15 01:43:32.890, 0, 168789, 66, 27, 639.96
2026/09/15 01:43:32.893, 1, 168090, 80, 27, 711.65
2026/09/15 01:43:32.895, 2, 168090, 89, 27, 724.07
2026/09/15 01:43:32.898, 3, 167770, 87, 28, 720.26
2026/09/15 01:43:33.900, 0, 168789, 69, 19, 576.44
2026/09/15 01:43:33.903, 1, 168090, 79, 19, 685.84
2026/09/15 01:43:33.906, 2, 168090, 85, 14, 691.24
2026/09/15 01:43:33.908, 3, 167770, 79, 14, 676.56
2026/09/15 01:43:34.911, 0, 168789, 64, 27, 698.42
2026/09/15 01:43:34.914, 1, 168090, 80, 27, 804.71
2026/09/15 01:43:34.917, 2, 168090, 92, 28, 780.65
2026/09/15 01:43:34.919, 3, 167770, 88, 28, 785.46
2026/09/15 01:43:35.922, 0, 168789, 66, 28, 571.92
2026/09/15 01:43:35.925, 1, 168090, 79, 28, 677.01
2026/09/15 01:43:35.927, 2, 168090, 88, 27, 694.76
2026/09/15 01:43:35.930, 3, 167770, 82, 26, 675.22
2026/09/15 01:43:36.932, 0, 168789, 69, 28, 668.69
2026/09/15 01:43:36.935, 1, 168090, 82, 28, 770.52
2026/09/15 01:43:36.938, 2, 168090, 82, 16, 775.72
2026/09/15 01:43:36.941, 3, 167770, 79, 16, 766.27
2026/09/15 01:43:37.943, 0, 168789, 66, 28, 599.72
2026/09/15 01:43:37.946, 1, 168090, 81, 28, 692.14
2026/09/15 01:43:37.949, 2, 168090, 87, 26, 705.96
2026/09/15 01:43:37.951, 3, 167770, 82, 26, 704.25
2026/09/15 01:43:38.954, 0, 168789, 100, 24, 579.40
2026/09/15 01:43:38.957, 1, 168090, 74, 13, 676.66
2026/09/15 01:43:38.960, 2, 168090, 88, 21, 693.58
2026/09/15 01:43:38.962, 3, 167770, 87, 22, 694.76
2026/09/15 01:43:39.965, 0, 168789, 64, 26, 671.53
2026/09/15 01:43:39.968, 1, 168090, 85, 28, 769.41
2026/09/15 01:43:39.970, 2, 168090, 91, 28, 785.70
2026/09/15 01:43:39.973, 3, 167770, 87, 28, 768.21
2026/09/15 01:43:40.976, 0, 168789, 48, 18, 573.44
2026/09/15 01:43:40.979, 1, 168090, 78, 26, 669.23
2026/09/15 01:43:40.981, 2, 168090, 90, 28, 684.96
2026/09/15 01:43:40.984, 3, 167770, 86, 28, 686.34
2026/09/15 01:43:41.986, 0, 168789, 48, 18, 662.16
2026/09/15 01:43:41.989, 1, 168090, 75, 19, 786.71
2026/09/15 01:43:41.992, 2, 168090, 92, 29, 787.23
2026/09/15 01:43:41.995, 3, 167770, 87, 28, 770.58
2026/09/15 01:43:42.997, 0, 168789, 65, 26, 589.13
2026/09/15 01:43:43.000, 1, 168090, 81, 26, 682.01
2026/09/15 01:43:43.003, 2, 168090, 88, 26, 693.80
2026/09/15 01:43:43.006, 3, 167770, 86, 26, 705.10
2026/09/15 01:43:44.008, 0, 168789, 100, 25, 608.42
2026/09/15 01:43:44.011, 1, 168090, 100, 25, 702.03
2026/09/15 01:43:44.014, 2, 168090, 94, 20, 708.39
2026/09/15 01:43:44.017, 3, 167770, 92, 20, 687.10
2026/09/15 01:43:45.019, 0, 168789, 67, 28, 663.22
2026/09/15 01:43:45.022, 1, 168090, 85, 28, 762.03
2026/09/15 01:43:45.025, 2, 168090, 87, 27, 777.64
2026/09/15 01:43:45.027, 3, 167770, 85, 27, 758.47
2026/09/15 01:43:46.030, 0, 168789, 0, 0, 463.28
2026/09/15 01:43:46.033, 1, 168090, 0, 0, 539.88
2026/09/15 01:43:46.036, 2, 168090, 0, 0, 536.02
2026/09/15 01:43:46.038, 3, 167770, 0, 0, 530.30
2026/09/15 01:43:47.041, 0, 168789, 0, 0, 231.62
2026/09/15 01:43:47.044, 1, 168090, 0, 0, 229.14
2026/09/15 01:43:47.046, 2, 168090, 0, 0, 215.69
2026/09/15 01:43:47.049, 3, 167770, 0, 0, 233.26
2026/09/15 01:43:48.051, 0, 168789, 0, 0, 232.03
2026/09/15 01:43:48.056, 1, 168090, 0, 0, 227.34
2026/09/15 01:43:48.058, 2, 168090, 0, 0, 219.39
2026/09/15 01:43:48.061, 3, 167770, 0, 0, 236.32
2026/09/15 01:43:49.064, 0, 168789, 0, 0, 231.75
2026/09/15 01:43:49.067, 1, 168090, 0, 0, 227.27
2026/09/15 01:43:49.070, 2, 168090, 0, 0, 219.39
2026/09/15 01:43:49.072, 3, 167770, 0, 0, 235.78
2026/09/15 01:43:50.075, 0, 168789, 0, 0, 230.43
2026/09/15 01:43:50.078, 1, 168090, 0, 0, 227.27
2026/09/15 01:43:50.081, 2, 168090, 0, 0, 219.39
2026/09/15 01:43:50.084, 3, 167770, 0, 0, 234.54
2026/09/15 01:43:51.087, 0, 168789, 0, 0, 230.91
2026/09/15 01:43:51.090, 1, 168090, 0, 0, 227.27
2026/09/15 01:43:51.092, 2, 168090, 0, 0, 219.23
2026/09/15 01:43:51.095, 3, 167770, 0, 0, 233.30
2026/09/15 01:43:52.097, 0, 168789, 0, 0, 228.84
2026/09/15 01:43:52.100, 1, 168090, 0, 0, 227.27
2026/09/15 01:43:52.103, 2, 168090, 0, 0, 218.17
2026/09/15 01:43:52.106, 3, 167770, 0, 0, 232.85
2026/09/15 01:43:53.108, 0, 168789, 0, 0, 229.07
2026/09/15 01:43:53.111, 1, 168090, 0, 0, 227.27
2026/09/15 01:43:53.114, 2, 168090, 0, 0, 217.32
2026/09/15 01:43:53.117, 3, 167770, 0, 0, 232.63
2026/09/15 01:43:54.119, 0, 168789, 0, 0, 228.48
2026/09/15 01:43:54.123, 1, 168090, 0, 0, 227.27
2026/09/15 01:43:54.125, 2, 168090, 0, 0, 216.62
2026/09/15 01:43:54.128, 3, 167770, 0, 0, 232.64
2026/09/15 01:43:55.130, 0, 168789, 0, 0, 228.56
2026/09/15 01:43:55.134, 1, 168090, 0, 0, 227.27
2026/09/15 01:43:55.136, 2, 168090, 0, 0, 216.68
2026/09/15 01:43:55.139, 3, 167770, 0, 0, 232.67
2026/09/15 01:43:56.141, 0, 168789, 0, 0, 228.55
2026/09/15 01:43:56.145, 1, 168090, 0, 0, 227.27
2026/09/15 01:43:56.147, 2, 168090, 0, 0, 215.92
2026/09/15 01:43:56.150, 3, 167770, 0, 0, 232.66
2026/09/15 01:43:57.152, 0, 168789, 0, 0, 228.47
2026/09/15 01:43:57.156, 1, 168090, 0, 0, 227.27
2026/09/15 01:43:57.159, 2, 168090, 0, 0, 216.22
2026/09/15 01:43:57.162, 3, 167770, 0, 0, 232.66
2026/09/15 01:43:58.165, 0, 168789, 0, 0, 228.48
2026/09/15 01:43:58.169, 1, 168090, 0, 0, 227.27
2026/09/15 01:43:58.171, 2, 168090, 0, 0, 216.16
2026/09/15 01:43:58.174, 3, 167770, 0, 0, 232.65
2026/09/15 01:43:59.176, 0, 168789, 31, 11, 318.43
2026/09/15 01:43:59.180, 1, 168090, 72, 28, 361.98
2026/09/15 01:43:59.182, 2, 168090, 80, 14, 368.08
2026/09/15 01:43:59.185, 3, 167770, 77, 13, 396.45
2026/09/15 01:44:00.188, 0, 168789, 66, 26, 716.01
2026/09/15 01:44:00.191, 1, 168090, 71, 28, 733.49
2026/09/15 01:44:00.193, 2, 168090, 83, 26, 775.77
2026/09/15 01:44:00.196, 3, 167770, 86, 26, 809.71
2026/09/15 01:44:01.199, 0, 166911, 0, 0, 327.23
2026/09/15 01:44:01.202, 1, 166212, 0, 0, 322.38
2026/09/15 01:44:01.204, 2, 166212, 0, 0, 353.24
2026/09/15 01:44:01.207, 3, 165892, 0, 0, 345.32
2026/09/15 01:44:02.210, 0, 168789, 65, 27, 501.62
2026/09/15 01:44:02.213, 1, 168090, 79, 27, 537.06
2026/09/15 01:44:02.215, 2, 168090, 91, 28, 543.47
2026/09/15 01:44:02.218, 3, 167770, 89, 29, 568.53
2026/09/15 01:44:03.221, 0, 168789, 90, 21, 629.32
2026/09/15 01:44:03.224, 1, 168090, 94, 21, 711.08
2026/09/15 01:44:03.226, 2, 168090, 84, 14, 753.23
2026/09/15 01:44:03.229, 3, 167770, 82, 14, 734.61
2026/09/15 01:44:04.232, 0, 168789, 67, 27, 649.43
2026/09/15 01:44:04.235, 1, 168090, 74, 27, 712.89
2026/09/15 01:44:04.237, 2, 168090, 91, 28, 743.22
2026/09/15 01:44:04.240, 3, 167770, 91, 29, 751.73
2026/09/15 01:44:05.243, 0, 168789, 41, 14, 573.58
2026/09/15 01:44:05.246, 1, 168090, 68, 15, 669.38
2026/09/15 01:44:05.248, 2, 168090, 91, 29, 678.20
2026/09/15 01:44:05.251, 3, 167770, 77, 13, 698.67
2026/09/15 01:44:06.253, 0, 168789, 64, 26, 704.88
2026/09/15 01:44:06.256, 1, 168090, 74, 26, 773.65
2026/09/15 01:44:06.259, 2, 168090, 90, 28, 794.97
2026/09/15 01:44:06.261, 3, 167770, 89, 27, 804.64
2026/09/15 01:44:07.264, 0, 168789, 65, 28, 570.21
2026/09/15 01:44:07.267, 1, 168090, 78, 28, 679.61
2026/09/15 01:44:07.270, 2, 168090, 87, 27, 696.52
2026/09/15 01:44:07.272, 3, 167770, 87, 27, 702.61
2026/09/15 01:44:08.275, 0, 168789, 39, 14, 666.61
2026/09/15 01:44:08.278, 1, 168090, 76, 13, 713.27
2026/09/15 01:44:08.281, 2, 168090, 93, 19, 742.84
2026/09/15 01:44:08.283, 3, 167770, 92, 19, 757.70
2026/09/15 01:44:09.286, 0, 168789, 68, 29, 607.37
2026/09/15 01:44:09.289, 1, 168090, 80, 28, 720.92
2026/09/15 01:44:09.291, 2, 168090, 87, 27, 729.65
2026/09/15 01:44:09.294, 3, 167770, 87, 27, 742.73
2026/09/15 01:44:10.297, 0, 168789, 49, 15, 564.20
2026/09/15 01:44:10.300, 1, 168090, 68, 15, 679.16
2026/09/15 01:44:10.302, 2, 168090, 86, 14, 697.92
2026/09/15 01:44:10.305, 3, 167770, 82, 13, 710.45
2026/09/15 01:44:11.308, 0, 168789, 67, 27, 689.88
2026/09/15 01:44:11.311, 1, 168090, 80, 27, 775.25
2026/09/15 01:44:11.313, 2, 168090, 91, 28, 792.81
2026/09/15 01:44:11.316, 3, 167770, 89, 28, 794.84
2026/09/15 01:44:12.318, 0, 168789, 65, 27, 570.28
2026/09/15 01:44:12.321, 1, 168090, 74, 27, 654.29
2026/09/15 01:44:12.324, 2, 168090, 91, 28, 696.28
2026/09/15 01:44:12.327, 3, 167770, 87, 28, 690.19
2026/09/15 01:44:13.329, 0, 168789, 59, 24, 659.73
2026/09/15 01:44:13.332, 1, 168090, 71, 24, 740.57
2026/09/15 01:44:13.335, 2, 168090, 84, 14, 783.05
2026/09/15 01:44:13.338, 3, 167770, 82, 14, 749.28
2026/09/15 01:44:14.340, 0, 168789, 68, 28, 620.51
2026/09/15 01:44:14.343, 1, 168090, 84, 28, 660.59
2026/09/15 01:44:14.346, 2, 168090, 86, 27, 697.20
2026/09/15 01:44:14.349, 3, 167770, 84, 27, 704.51
2026/09/15 01:44:15.351, 0, 168789, 100, 25, 585.22
2026/09/15 01:44:15.354, 1, 168090, 100, 25, 661.64
2026/09/15 01:44:15.357, 2, 168090, 82, 18, 696.06
2026/09/15 01:44:15.359, 3, 167770, 81, 18, 691.84
2026/09/15 01:44:16.362, 0, 168789, 66, 28, 688.89
2026/09/15 01:44:16.365, 1, 168090, 76, 29, 774.55
2026/09/15 01:44:16.368, 2, 168090, 86, 27, 785.36
2026/09/15 01:44:16.370, 3, 167770, 85, 27, 781.63
2026/09/15 01:44:17.373, 0, 168789, 60, 25, 575.00
2026/09/15 01:44:17.376, 1, 168090, 79, 28, 661.90
2026/09/15 01:44:17.378, 2, 168090, 87, 27, 687.39
2026/09/15 01:44:17.381, 3, 167770, 82, 27, 679.96
2026/09/15 01:44:18.384, 0, 168789, 65, 27, 678.26
2026/09/15 01:44:18.387, 1, 168090, 72, 14, 754.42
2026/09/15 01:44:18.389, 2, 168090, 85, 26, 770.75
2026/09/15 01:44:18.392, 3, 167770, 83, 27, 772.48
2026/09/15 01:44:19.394, 0, 168789, 0, 0, 296.80
2026/09/15 01:44:19.398, 1, 168090, 0, 0, 280.48
2026/09/15 01:44:19.400, 2, 168090, 0, 0, 280.37
2026/09/15 01:44:19.403, 3, 167770, 0, 0, 274.25
2026/09/15 01:44:20.405, 0, 168789, 0, 0, 232.03
2026/09/15 01:44:20.409, 1, 168090, 0, 0, 228.55
2026/09/15 01:44:20.412, 2, 168090, 0, 0, 219.00
2026/09/15 01:44:20.414, 3, 167770, 0, 0, 235.26
2026/09/15 01:44:21.417, 0, 168789, 0, 0, 231.82
2026/09/15 01:44:21.421, 1, 168090, 0, 0, 227.26
2026/09/15 01:44:21.424, 2, 168090, 0, 0, 219.39
2026/09/15 01:44:21.426, 3, 167770, 0, 0, 236.09
2026/09/15 01:44:22.429, 0, 168789, 0, 0, 230.97
2026/09/15 01:44:22.432, 1, 168090, 0, 0, 227.27
2026/09/15 01:44:22.435, 2, 168090, 0, 0, 219.23
2026/09/15 01:44:22.438, 3, 167770, 0, 0, 234.51
2026/09/15 01:44:23.440, 0, 168789, 0, 0, 229.54
2026/09/15 01:44:23.444, 1, 168090, 0, 0, 227.27
2026/09/15 01:44:23.446, 2, 168090, 0, 0, 218.93
2026/09/15 01:44:23.449, 3, 167770, 0, 0, 233.99
2026/09/15 01:44:24.451, 0, 168789, 0, 0, 228.85
2026/09/15 01:44:24.454, 1, 168090, 0, 0, 227.27
2026/09/15 01:44:24.457, 2, 168090, 0, 0, 218.02
2026/09/15 01:44:24.460, 3, 167770, 0, 0, 233.16
2026/09/15 01:44:25.462, 0, 168789, 0, 0, 228.77
2026/09/15 01:44:25.466, 1, 168090, 0, 0, 227.27
2026/09/15 01:44:25.468, 2, 168090, 0, 0, 217.28
2026/09/15 01:44:25.471, 3, 167770, 0, 0, 232.93
2026/09/15 01:44:26.474, 0, 168789, 0, 0, 228.55
2026/09/15 01:44:26.477, 1, 168090, 0, 0, 227.27
2026/09/15 01:44:26.480, 2, 168090, 0, 0, 216.45
2026/09/15 01:44:26.482, 3, 167770, 0, 0, 232.63
2026/09/15 01:44:27.485, 0, 168789, 0, 0, 228.41
2026/09/15 01:44:27.488, 1, 168090, 0, 0, 227.27
2026/09/15 01:44:27.491, 2, 168090, 0, 0, 215.77
2026/09/15 01:44:27.493, 3, 167770, 0, 0, 232.71
2026/09/15 01:44:28.496, 0, 168789, 0, 0, 228.41
2026/09/15 01:44:28.500, 1, 168090, 0, 0, 227.27
2026/09/15 01:44:28.502, 2, 168090, 0, 0, 215.76
2026/09/15 01:44:28.505, 3, 167770, 0, 0, 232.64
2026/09/15 01:44:29.507, 0, 168789, 0, 0, 228.41
2026/09/15 01:44:29.510, 1, 168090, 0, 0, 227.27
2026/09/15 01:44:29.513, 2, 168090, 0, 0, 215.62
2026/09/15 01:44:29.515, 3, 167770, 0, 0, 232.64
2026/09/15 01:44:30.518, 0, 168789, 0, 0, 228.41
2026/09/15 01:44:30.521, 1, 168090, 0, 0, 227.27
2026/09/15 01:44:30.524, 2, 168090, 0, 0, 215.62
2026/09/15 01:44:30.526, 3, 167770, 0, 0, 232.65
2026/09/15 01:44:31.529, 0, 168789, 0, 0, 228.41
2026/09/15 01:44:31.532, 1, 168090, 0, 0, 227.27
2026/09/15 01:44:31.535, 2, 168090, 0, 0, 215.54
2026/09/15 01:44:31.537, 3, 167770, 0, 0, 232.64
2026/09/15 01:44:32.540, 0, 168789, 63, 27, 440.22
2026/09/15 01:44:32.543, 1, 168090, 78, 27, 474.37
2026/09/15 01:44:32.546, 2, 168090, 80, 26, 467.19
2026/09/15 01:44:32.548, 3, 167770, 85, 27, 489.82
2026/09/15 01:44:33.551, 0, 168789, 64, 27, 699.94
2026/09/15 01:44:33.554, 1, 168090, 78, 28, 769.75
2026/09/15 01:44:33.556, 2, 168090, 79, 26, 770.44
2026/09/15 01:44:33.559, 3, 167770, 87, 27, 810.56
2026/09/15 01:44:34.562, 0, 168789, 66, 28, 708.48
2026/09/15 01:44:34.565, 1, 168090, 75, 28, 768.16
2026/09/15 01:44:34.567, 2, 168090, 82, 27, 782.08
2026/09/15 01:44:34.570, 3, 167770, 86, 27, 795.68
2026/09/15 01:44:35.572, 0, 166911, 0, 0, 402.63
2026/09/15 01:44:35.575, 1, 166212, 0, 0, 412.24
2026/09/15 01:44:35.578, 2, 166212, 0, 0, 402.36
2026/09/15 01:44:35.580, 3, 165892, 0, 0, 407.95
2026/09/15 01:44:36.583, 0, 168789, 56, 22, 391.16
2026/09/15 01:44:36.586, 1, 168090, 78, 26, 472.72
2026/09/15 01:44:36.589, 2, 168090, 91, 29, 485.75
2026/09/15 01:44:36.592, 3, 167770, 91, 29, 495.65
2026/09/15 01:44:37.594, 0, 168789, 66, 27, 692.08
2026/09/15 01:44:37.597, 1, 168090, 76, 27, 775.17
2026/09/15 01:44:37.600, 2, 168090, 90, 29, 797.25
2026/09/15 01:44:37.603, 3, 167770, 89, 29, 806.58
2026/09/15 01:44:38.605, 0, 168789, 65, 26, 685.95
2026/09/15 01:44:38.608, 1, 168090, 74, 26, 780.76
2026/09/15 01:44:38.611, 2, 168090, 92, 28, 802.39
2026/09/15 01:44:38.613, 3, 167770, 90, 28, 818.21
2026/09/15 01:44:39.616, 0, 168789, 66, 27, 568.06
2026/09/15 01:44:39.619, 1, 168090, 75, 26, 637.07
2026/09/15 01:44:39.622, 2, 168090, 82, 21, 672.44
2026/09/15 01:44:39.624, 3, 167770, 82, 22, 672.53
2026/09/15 01:44:40.627, 0, 168789, 68, 28, 696.36
2026/09/15 01:44:40.630, 1, 168090, 76, 28, 761.85
2026/09/15 01:44:40.632, 2, 168090, 87, 26, 789.76
2026/09/15 01:44:40.635, 3, 167770, 87, 27, 805.34
2026/09/15 01:44:41.638, 0, 168789, 67, 28, 696.02
2026/09/15 01:44:41.641, 1, 168090, 82, 28, 787.96
2026/09/15 01:44:41.643, 2, 168090, 88, 27, 793.31
2026/09/15 01:44:41.646, 3, 167770, 86, 26, 813.18
2026/09/15 01:44:42.648, 0, 168789, 56, 21, 562.44
2026/09/15 01:44:42.651, 1, 168090, 71, 21, 668.52
2026/09/15 01:44:42.654, 2, 168090, 88, 13, 686.75
2026/09/15 01:44:42.656, 3, 167770, 86, 13, 672.83
2026/09/15 01:44:43.659, 0, 168789, 65, 27, 709.18
2026/09/15 01:44:43.662, 1, 168090, 76, 27, 767.70
2026/09/15 01:44:43.665, 2, 168090, 92, 29, 797.33
2026/09/15 01:44:43.667, 3, 167770, 90, 28, 792.09
2026/09/15 01:44:44.670, 0, 168789, 67, 26, 700.65
2026/09/15 01:44:44.673, 1, 168090, 78, 27, 779.73
2026/09/15 01:44:44.676, 2, 168090, 92, 28, 792.74
2026/09/15 01:44:44.678, 3, 167770, 92, 29, 787.29
2026/09/15 01:44:45.681, 0, 168789, 38, 13, 566.70
2026/09/15 01:44:45.684, 1, 168090, 74, 14, 661.31
2026/09/15 01:44:45.686, 2, 168090, 83, 20, 681.90
2026/09/15 01:44:45.689, 3, 167770, 82, 19, 663.82
2026/09/15 01:44:46.692, 0, 168789, 66, 29, 702.38
2026/09/15 01:44:46.695, 1, 168090, 84, 29, 794.11
2026/09/15 01:44:46.697, 2, 168090, 88, 26, 791.83
2026/09/15 01:44:46.700, 3, 167770, 86, 26, 801.67
2026/09/15 01:44:47.702, 0, 168789, 68, 28, 695.76
2026/09/15 01:44:47.706, 1, 168090, 80, 27, 789.23
2026/09/15 01:44:47.708, 2, 168090, 87, 26, 803.90
2026/09/15 01:44:47.711, 3, 167770, 87, 27, 779.18
2026/09/15 01:44:48.714, 0, 168789, 83, 24, 568.01
2026/09/15 01:44:48.717, 1, 168090, 82, 24, 651.77
2026/09/15 01:44:48.720, 2, 168090, 86, 13, 683.87
2026/09/15 01:44:48.723, 3, 167770, 87, 13, 690.14
2026/09/15 01:44:49.726, 0, 168789, 65, 28, 693.48
2026/09/15 01:44:49.729, 1, 168090, 76, 28, 781.59
2026/09/15 01:44:49.731, 2, 168090, 88, 27, 780.27
2026/09/15 01:44:49.734, 3, 167770, 87, 27, 799.00
2026/09/15 01:44:50.737, 0, 168789, 66, 29, 706.26
2026/09/15 01:44:50.740, 1, 168090, 79, 28, 783.30
2026/09/15 01:44:50.743, 2, 168090, 88, 27, 790.69
2026/09/15 01:44:50.746, 3, 167770, 87, 27, 786.19
2026/09/15 01:44:51.749, 0, 168789, 100, 27, 586.25
2026/09/15 01:44:51.752, 1, 168090, 100, 27, 674.50
2026/09/15 01:44:51.755, 2, 168090, 99, 29, 684.28
2026/09/15 01:44:51.758, 3, 167770, 100, 29, 693.96
2026/09/15 01:44:52.761, 0, 168789, 65, 26, 682.56
2026/09/15 01:44:52.764, 1, 168090, 74, 26, 759.43
2026/09/15 01:44:52.767, 2, 168090, 92, 28, 796.10
2026/09/15 01:44:52.770, 3, 167770, 91, 28, 807.96
2026/09/15 01:44:53.773, 0, 168789, 65, 27, 708.26
2026/09/15 01:44:53.776, 1, 168090, 76, 27, 792.27
2026/09/15 01:44:53.779, 2, 168090, 91, 28, 783.85
2026/09/15 01:44:53.781, 3, 167770, 92, 28, 772.68
2026/09/15 01:44:54.784, 0, 168789, 62, 18, 624.24
2026/09/15 01:44:54.788, 1, 168090, 100, 28, 670.17
2026/09/15 01:44:54.790, 2, 168090, 100, 27, 677.23
2026/09/15 01:44:54.793, 3, 167770, 100, 26, 680.66
2026/09/15 01:44:55.796, 0, 168789, 68, 28, 646.69
2026/09/15 01:44:55.800, 1, 168090, 80, 28, 755.55
2026/09/15 01:44:55.802, 2, 168090, 89, 27, 771.87
2026/09/15 01:44:55.805, 3, 167770, 88, 27, 809.99
2026/09/15 01:44:56.808, 0, 168789, 65, 27, 687.99
2026/09/15 01:44:56.811, 1, 168090, 85, 28, 779.19
2026/09/15 01:44:56.814, 2, 168090, 88, 27, 793.50
2026/09/15 01:44:56.817, 3, 167770, 86, 27, 785.78
2026/09/15 01:44:57.820, 0, 168789, 100, 28, 618.47
2026/09/15 01:44:57.823, 1, 168090, 100, 26, 723.13
2026/09/15 01:44:57.826, 2, 168090, 87, 15, 733.68
2026/09/15 01:44:57.829, 3, 167770, 86, 15, 720.27
2026/09/15 01:44:58.832, 0, 168789, 64, 26, 634.61
2026/09/15 01:44:58.835, 1, 168090, 80, 27, 722.90
2026/09/15 01:44:58.838, 2, 168090, 88, 26, 745.53
2026/09/15 01:44:58.841, 3, 167770, 87, 26, 764.83
2026/09/15 01:44:59.844, 0, 168789, 72, 27, 697.69
2026/09/15 01:44:59.847, 1, 168090, 81, 27, 784.80
2026/09/15 01:44:59.850, 2, 168090, 87, 27, 784.19
2026/09/15 01:44:59.852, 3, 167770, 87, 27, 805.55
2026/09/15 01:45:00.855, 0, 168789, 39, 14, 639.11
2026/09/15 01:45:00.859, 1, 168090, 76, 14, 751.04
2026/09/15 01:45:00.862, 2, 168090, 85, 20, 773.59
2026/09/15 01:45:00.864, 3, 167770, 84, 20, 772.39
2026/09/15 01:45:01.867, 0, 168789, 65, 26, 626.49
2026/09/15 01:45:01.871, 1, 168090, 79, 27, 709.73
2026/09/15 01:45:01.874, 2, 168090, 92, 28, 738.38
2026/09/15 01:45:01.876, 3, 167770, 91, 28, 704.36
2026/09/15 01:45:02.879, 0, 168789, 67, 28, 686.00
2026/09/15 01:45:02.883, 1, 168090, 79, 26, 772.29
2026/09/15 01:45:02.886, 2, 168090, 92, 28, 792.48
2026/09/15 01:45:02.888, 3, 167770, 93, 28, 809.00
2026/09/15 01:45:03.891, 0, 168789, 55, 22, 668.52
2026/09/15 01:45:03.894, 1, 168090, 75, 22, 757.26
2026/09/15 01:45:03.897, 2, 168090, 87, 14, 779.31
2026/09/15 01:45:03.900, 3, 167770, 86, 13, 775.19
2026/09/15 01:45:04.903, 0, 168789, 67, 28, 587.39
2026/09/15 01:45:04.906, 1, 168090, 84, 28, 683.02
2026/09/15 01:45:04.909, 2, 168090, 87, 26, 693.34
2026/09/15 01:45:04.912, 3, 167770, 86, 26, 706.21
2026/09/15 01:45:05.915, 0, 168789, 64, 27, 694.49
2026/09/15 01:45:05.918, 1, 168090, 79, 27, 776.13
2026/09/15 01:45:05.921, 2, 168090, 88, 27, 798.66
2026/09/15 01:45:05.924, 3, 167770, 86, 27, 809.02
2026/09/15 01:45:06.926, 0, 168789, 58, 23, 673.32
2026/09/15 01:45:06.930, 1, 168090, 79, 27, 765.04
2026/09/15 01:45:06.933, 2, 168090, 88, 25, 790.15
2026/09/15 01:45:06.935, 3, 167770, 88, 25, 791.73
2026/09/15 01:45:07.938, 0, 168789, 0, 0, 313.73
2026/09/15 01:45:07.941, 1, 168090, 0, 0, 335.40
2026/09/15 01:45:07.944, 2, 168090, 0, 0, 328.43
2026/09/15 01:45:07.947, 3, 167770, 0, 0, 317.36
2026/09/15 01:45:08.949, 0, 168789, 0, 0, 232.04
2026/09/15 01:45:08.953, 1, 168090, 0, 0, 228.28
2026/09/15 01:45:08.955, 2, 168090, 0, 0, 217.44
2026/09/15 01:45:08.958, 3, 167770, 0, 0, 236.02
2026/09/15 01:45:09.961, 0, 168789, 0, 0, 231.74
2026/09/15 01:45:09.965, 1, 168090, 0, 0, 227.26
2026/09/15 01:45:09.968, 2, 168090, 0, 0, 219.39
2026/09/15 01:45:09.970, 3, 167770, 0, 0, 236.09
2026/09/15 01:45:10.973, 0, 168789, 0, 0, 231.03
2026/09/15 01:45:10.976, 1, 168090, 0, 0, 227.27
2026/09/15 01:45:10.979, 2, 168090, 0, 0, 219.31
2026/09/15 01:45:10.982, 3, 167770, 0, 0, 234.67
2026/09/15 01:45:11.984, 0, 168789, 0, 0, 229.85
2026/09/15 01:45:11.988, 1, 168090, 0, 0, 227.27
2026/09/15 01:45:11.990, 2, 168090, 0, 0, 218.71
2026/09/15 01:45:11.993, 3, 167770, 0, 0, 233.46
2026/09/15 01:45:12.996, 0, 168789, 0, 0, 228.55
2026/09/15 01:45:12.999, 1, 168090, 0, 0, 227.27
2026/09/15 01:45:13.001, 2, 168090, 0, 0, 217.14
2026/09/15 01:45:13.004, 3, 167770, 0, 0, 232.72
2026/09/15 01:45:14.006, 0, 168789, 0, 0, 228.56
2026/09/15 01:45:14.010, 1, 168090, 0, 0, 227.27
2026/09/15 01:45:14.012, 2, 168090, 0, 0, 216.45
2026/09/15 01:45:14.015, 3, 167770, 0, 0, 232.63
2026/09/15 01:45:15.017, 0, 168789, 0, 0, 228.48
2026/09/15 01:45:15.021, 1, 168090, 0, 0, 227.27
2026/09/15 01:45:15.024, 2, 168090, 0, 0, 216.24
2026/09/15 01:45:15.026, 3, 167770, 0, 0, 232.63
2026/09/15 01:45:16.029, 0, 168789, 0, 0, 228.49
2026/09/15 01:45:16.032, 1, 168090, 0, 0, 227.27
2026/09/15 01:45:16.034, 2, 168090, 0, 0, 215.84
2026/09/15 01:45:16.037, 3, 167770, 0, 0, 232.65
2026/09/15 01:45:17.039, 0, 168789, 0, 0, 228.41
2026/09/15 01:45:17.043, 1, 168090, 0, 0, 227.27
2026/09/15 01:45:17.046, 2, 168090, 0, 0, 215.77
2026/09/15 01:45:17.048, 3, 167770, 0, 0, 232.65
2026/09/15 01:45:18.051, 0, 168789, 0, 0, 228.41
2026/09/15 01:45:18.054, 1, 168090, 0, 0, 227.27
2026/09/15 01:45:18.057, 2, 168090, 0, 0, 215.62
2026/09/15 01:45:18.059, 3, 167770, 0, 0, 232.66
2026/09/15 01:45:19.062, 0, 168789, 0, 0, 228.41
2026/09/15 01:45:19.065, 1, 168090, 0, 0, 227.27
2026/09/15 01:45:19.067, 2, 168090, 0, 0, 215.69
2026/09/15 01:45:19.070, 3, 167770, 0, 0, 232.64
2026/09/15 01:45:20.073, 0, 168789, 0, 0, 228.41
2026/09/15 01:45:20.076, 1, 168090, 0, 0, 227.27
2026/09/15 01:45:20.078, 2, 168090, 0, 0, 215.54
2026/09/15 01:45:20.081, 3, 167770, 0, 0, 232.65
2026/09/15 01:45:21.083, 0, 168789, 64, 25, 358.59
2026/09/15 01:45:21.086, 1, 168090, 72, 22, 380.77
2026/09/15 01:45:21.089, 2, 168090, 76, 26, 432.26
2026/09/15 01:45:21.091, 3, 167770, 87, 13, 409.55
2026/09/15 01:45:22.094, 0, 168789, 62, 27, 689.39
2026/09/15 01:45:22.097, 1, 168090, 78, 27, 772.86
2026/09/15 01:45:22.099, 2, 168090, 76, 27, 760.65
2026/09/15 01:45:22.102, 3, 167770, 85, 28, 787.47
2026/09/15 01:45:23.104, 0, 168789, 65, 27, 703.72
2026/09/15 01:45:23.107, 1, 168090, 77, 27, 779.08
2026/09/15 01:45:23.109, 2, 168090, 80, 28, 765.21
2026/09/15 01:45:23.112, 3, 167770, 85, 28, 794.20
2026/09/15 01:45:24.114, 0, 166911, 0, 0, 473.60
2026/09/15 01:45:24.117, 1, 166212, 0, 0, 496.65
2026/09/15 01:45:24.120, 2, 166212, 0, 0, 489.51
2026/09/15 01:45:24.122, 3, 165892, 0, 0, 494.72
2026/09/15 01:45:25.125, 0, 168789, 64, 24, 365.40
2026/09/15 01:45:25.128, 1, 168090, 75, 14, 379.68
2026/09/15 01:45:25.130, 2, 168090, 83, 23, 368.36
2026/09/15 01:45:25.133, 3, 167770, 76, 23, 390.93
2026/09/15 01:45:26.135, 0, 168789, 69, 27, 719.39
2026/09/15 01:45:26.138, 1, 168090, 73, 28, 728.37
2026/09/15 01:45:26.141, 2, 168090, 86, 27, 782.78
2026/09/15 01:45:26.143, 3, 167770, 84, 26, 781.40
2026/09/15 01:45:27.146, 0, 168789, 69, 27, 711.76
2026/09/15 01:45:27.149, 1, 168090, 69, 28, 709.48
2026/09/15 01:45:27.151, 2, 168090, 88, 27, 795.46
2026/09/15 01:45:27.154, 3, 167770, 86, 27, 792.35
2026/09/15 01:45:28.156, 0, 168789, 69, 13, 633.73
2026/09/15 01:45:28.159, 1, 168090, 50, 16, 581.05
2026/09/15 01:45:28.162, 2, 168090, 84, 13, 663.49
2026/09/15 01:45:28.164, 3, 167770, 83, 14, 667.65
2026/09/15 01:45:29.167, 0, 168789, 66, 28, 714.81
2026/09/15 01:45:29.169, 1, 168090, 70, 27, 750.72
2026/09/15 01:45:29.172, 2, 168090, 91, 29, 792.47
2026/09/15 01:45:29.174, 3, 167770, 90, 29, 789.39
2026/09/15 01:45:30.177, 0, 168789, 66, 27, 694.10
2026/09/15 01:45:30.180, 1, 168090, 69, 27, 735.54
2026/09/15 01:45:30.182, 2, 168090, 91, 29, 798.71
2026/09/15 01:45:30.185, 3, 167770, 91, 29, 815.49
2026/09/15 01:45:31.187, 0, 168789, 57, 13, 627.83
2026/09/15 01:45:31.190, 1, 168090, 100, 28, 602.27
2026/09/15 01:45:31.192, 2, 168090, 74, 14, 669.89
2026/09/15 01:45:31.195, 3, 167770, 73, 14, 677.00
2026/09/15 01:45:32.197, 0, 168789, 66, 28, 722.37
2026/09/15 01:45:32.200, 1, 168090, 71, 28, 725.95
2026/09/15 01:45:32.203, 2, 168090, 86, 27, 801.43
2026/09/15 01:45:32.205, 3, 167770, 86, 27, 801.84
2026/09/15 01:45:33.208, 0, 168789, 65, 27, 725.80
2026/09/15 01:45:33.211, 1, 168090, 70, 27, 738.21
2026/09/15 01:45:33.213, 2, 168090, 87, 27, 783.38
2026/09/15 01:45:33.216, 3, 167770, 87, 27, 804.19
2026/09/15 01:45:34.218, 0, 168789, 84, 24, 601.85
2026/09/15 01:45:34.221, 1, 168090, 39, 14, 601.78
2026/09/15 01:45:34.223, 2, 168090, 88, 25, 674.28
2026/09/15 01:45:34.226, 3, 167770, 92, 26, 676.60
2026/09/15 01:45:35.228, 0, 168789, 67, 27, 705.78
2026/09/15 01:45:35.231, 1, 168090, 74, 28, 735.28
2026/09/15 01:45:35.234, 2, 168090, 87, 27, 780.66
2026/09/15 01:45:35.236, 3, 167770, 89, 28, 781.60
2026/09/15 01:45:36.239, 0, 168789, 66, 27, 719.15
2026/09/15 01:45:36.242, 1, 168090, 72, 29, 741.00
2026/09/15 01:45:36.244, 2, 168090, 90, 28, 791.13
2026/09/15 01:45:36.247, 3, 167770, 90, 28, 793.01
2026/09/15 01:45:37.249, 0, 168789, 65, 13, 623.66
2026/09/15 01:45:37.252, 1, 168090, 72, 21, 611.76
2026/09/15 01:45:37.255, 2, 168090, 100, 28, 677.44
2026/09/15 01:45:37.257, 3, 167770, 100, 28, 677.62
2026/09/15 01:45:38.260, 0, 168789, 69, 29, 701.48
2026/09/15 01:45:38.263, 1, 168090, 71, 27, 686.67
2026/09/15 01:45:38.265, 2, 168090, 87, 27, 781.26
2026/09/15 01:45:38.267, 3, 167770, 86, 27, 799.37
2026/09/15 01:45:39.270, 0, 168789, 70, 29, 699.95
2026/09/15 01:45:39.273, 1, 168090, 68, 28, 746.76
2026/09/15 01:45:39.275, 2, 168090, 86, 26, 804.59
2026/09/15 01:45:39.278, 3, 167770, 85, 27, 795.21
2026/09/15 01:45:40.280, 0, 168789, 73, 21, 640.57
2026/09/15 01:45:40.283, 1, 168090, 100, 28, 645.32
2026/09/15 01:45:40.286, 2, 168090, 95, 23, 706.58
2026/09/15 01:45:40.288, 3, 167770, 100, 28, 681.52
2026/09/15 01:45:41.291, 0, 168789, 68, 27, 700.40
2026/09/15 01:45:41.294, 1, 168090, 70, 27, 666.86
2026/09/15 01:45:41.296, 2, 168090, 88, 27, 793.14
2026/09/15 01:45:41.299, 3, 167770, 86, 26, 790.90
2026/09/15 01:45:42.301, 0, 168789, 68, 27, 716.82
2026/09/15 01:45:42.304, 1, 168090, 71, 27, 720.65
2026/09/15 01:45:42.306, 2, 168090, 87, 27, 799.16
2026/09/15 01:45:42.309, 3, 167770, 86, 27, 801.51
2026/09/15 01:45:43.312, 0, 168789, 100, 29, 652.62
2026/09/15 01:45:43.315, 1, 168090, 100, 26, 640.69
2026/09/15 01:45:43.317, 2, 168090, 100, 28, 693.21
2026/09/15 01:45:43.320, 3, 167770, 100, 28, 695.84
2026/09/15 01:45:44.322, 0, 168789, 68, 28, 684.79
2026/09/15 01:45:44.325, 1, 168090, 66, 26, 680.03
2026/09/15 01:45:44.328, 2, 168090, 91, 28, 778.25
2026/09/15 01:45:44.330, 3, 167770, 87, 27, 765.67
2026/09/15 01:45:45.333, 0, 168789, 71, 29, 707.67
2026/09/15 01:45:45.336, 1, 168090, 69, 28, 726.95
2026/09/15 01:45:45.338, 2, 168090, 89, 27, 794.56
2026/09/15 01:45:45.341, 3, 167770, 87, 27, 783.43
2026/09/15 01:45:46.343, 0, 168789, 100, 26, 638.45
2026/09/15 01:45:46.346, 1, 168090, 47, 15, 657.88
2026/09/15 01:45:46.349, 2, 168090, 100, 25, 734.48
2026/09/15 01:45:46.351, 3, 167770, 100, 28, 720.00
2026/09/15 01:45:47.354, 0, 168789, 66, 27, 683.45
2026/09/15 01:45:47.356, 1, 168090, 69, 27, 683.76
2026/09/15 01:45:47.359, 2, 168090, 86, 26, 743.54
2026/09/15 01:45:47.361, 3, 167770, 86, 26, 770.88
2026/09/15 01:45:48.364, 0, 168789, 69, 27, 728.45
2026/09/15 01:45:48.367, 1, 168090, 71, 27, 724.64
2026/09/15 01:45:48.369, 2, 168090, 88, 27, 784.33
2026/09/15 01:45:48.372, 3, 167770, 91, 28, 777.84
2026/09/15 01:45:49.376, 0, 168789, 76, 17, 664.62
2026/09/15 01:45:49.379, 1, 168090, 43, 16, 661.35
2026/09/15 01:45:49.382, 2, 168090, 85, 15, 733.42
2026/09/15 01:45:49.385, 3, 167770, 100, 26, 751.60
2026/09/15 01:45:50.388, 0, 168789, 71, 26, 662.77
2026/09/15 01:45:50.391, 1, 168090, 69, 28, 622.90
2026/09/15 01:45:50.394, 2, 168090, 87, 25, 746.32
2026/09/15 01:45:50.396, 3, 167770, 89, 27, 729.78
2026/09/15 01:45:51.399, 0, 168789, 66, 27, 709.05
2026/09/15 01:45:51.402, 1, 168090, 69, 27, 738.70
2026/09/15 01:45:51.405, 2, 168090, 88, 28, 792.04
2026/09/15 01:45:51.408, 3, 167770, 87, 27, 803.13
2026/09/15 01:45:52.411, 0, 168789, 57, 14, 662.60
2026/09/15 01:45:52.414, 1, 168090, 61, 17, 666.91
2026/09/15 01:45:52.417, 2, 168090, 81, 15, 745.72
2026/09/15 01:45:52.420, 3, 167770, 86, 16, 738.77
2026/09/15 01:45:53.423, 0, 168789, 66, 27, 631.42
2026/09/15 01:45:53.426, 1, 168090, 72, 28, 632.41
2026/09/15 01:45:53.429, 2, 168090, 91, 28, 725.60
2026/09/15 01:45:53.431, 3, 167770, 86, 27, 729.30
2026/09/15 01:45:54.434, 0, 168789, 64, 27, 717.50
2026/09/15 01:45:54.438, 1, 168090, 73, 29, 755.13
2026/09/15 01:45:54.440, 2, 168090, 89, 29, 787.05
2026/09/15 01:45:54.443, 3, 167770, 87, 27, 796.36
2026/09/15 01:45:55.446, 0, 168789, 84, 19, 669.84
2026/09/15 01:45:55.449, 1, 168090, 40, 14, 684.84
2026/09/15 01:45:55.452, 2, 168090, 90, 28, 785.37
2026/09/15 01:45:55.454, 3, 167770, 79, 14, 759.10
2026/09/15 01:45:56.457, 0, 168789, 0, 0, 280.87
2026/09/15 01:45:56.460, 1, 168090, 0, 0, 288.34
2026/09/15 01:45:56.463, 2, 168090, 0, 0, 274.85
2026/09/15 01:45:56.465, 3, 167770, 0, 0, 277.87
2026/09/15 01:45:57.468, 0, 168789, 0, 0, 232.04
2026/09/15 01:45:57.471, 1, 168090, 0, 0, 227.27
2026/09/15 01:45:57.474, 2, 168090, 0, 0, 218.76
2026/09/15 01:45:57.477, 3, 167770, 0, 0, 236.24
2026/09/15 01:45:58.480, 0, 168789, 0, 0, 231.75
2026/09/15 01:45:58.484, 1, 168090, 0, 0, 227.26
2026/09/15 01:45:58.487, 2, 168090, 0, 0, 219.39
2026/09/15 01:45:58.489, 3, 167770, 0, 0, 235.79
2026/09/15 01:45:59.492, 0, 168789, 0, 0, 230.28
2026/09/15 01:45:59.495, 1, 168090, 0, 0, 227.27
2026/09/15 01:45:59.498, 2, 168090, 0, 0, 218.86
2026/09/15 01:45:59.501, 3, 167770, 0, 0, 233.66
2026/09/15 01:46:00.503, 0, 168789, 0, 0, 229.19
2026/09/15 01:46:00.507, 1, 168090, 0, 0, 227.27
2026/09/15 01:46:00.509, 2, 168090, 0, 0, 218.32
2026/09/15 01:46:00.512, 3, 167770, 0, 0, 233.23
2026/09/15 01:46:01.515, 0, 168789, 0, 0, 228.49
2026/09/15 01:46:01.518, 1, 168090, 0, 0, 227.27
2026/09/15 01:46:01.520, 2, 168090, 0, 0, 217.08
2026/09/15 01:46:01.523, 3, 167770, 0, 0, 232.80
2026/09/15 01:46:02.526, 0, 168789, 0, 0, 228.48
2026/09/15 01:46:02.530, 1, 168090, 0, 0, 227.27
2026/09/15 01:46:02.532, 2, 168090, 0, 0, 216.61
2026/09/15 01:46:02.535, 3, 167770, 0, 0, 232.63
2026/09/15 01:46:03.538, 0, 168789, 0, 0, 228.41
2026/09/15 01:46:03.541, 1, 168090, 0, 0, 227.27
2026/09/15 01:46:03.544, 2, 168090, 0, 0, 215.99
2026/09/15 01:46:03.548, 3, 167770, 0, 0, 232.64
2026/09/15 01:46:04.551, 0, 168789, 0, 0, 228.41
2026/09/15 01:46:04.554, 1, 168090, 0, 0, 227.27
2026/09/15 01:46:04.557, 2, 168090, 0, 0, 215.85
2026/09/15 01:46:04.559, 3, 167770, 0, 0, 232.65
2026/09/15 01:46:05.562, 0, 168789, 0, 0, 228.41
2026/09/15 01:46:05.565, 1, 168090, 0, 0, 227.27
2026/09/15 01:46:05.568, 2, 168090, 0, 0, 215.60
2026/09/15 01:46:05.570, 3, 167770, 0, 0, 232.63
2026/09/15 01:46:06.573, 0, 168789, 0, 0, 228.41
2026/09/15 01:46:06.576, 1, 168090, 0, 0, 227.27
2026/09/15 01:46:06.578, 2, 168090, 0, 0, 215.69
2026/09/15 01:46:06.581, 3, 167770, 0, 0, 232.64
2026/09/15 01:46:07.584, 0, 168789, 0, 0, 228.41
2026/09/15 01:46:07.587, 1, 168090, 0, 0, 227.27
2026/09/15 01:46:07.589, 2, 168090, 0, 0, 215.62
2026/09/15 01:46:07.592, 3, 167770, 0, 0, 232.65
2026/09/15 01:46:08.595, 0, 168789, 0, 0, 228.41
2026/09/15 01:46:08.598, 1, 168090, 0, 0, 227.27
2026/09/15 01:46:08.600, 2, 168090, 0, 0, 215.61
2026/09/15 01:46:08.603, 3, 167770, 0, 0, 232.65
2026/09/15 01:46:09.606, 0, 168789, 37, 14, 307.46
2026/09/15 01:46:09.609, 1, 168090, 76, 21, 400.83
2026/09/15 01:46:09.612, 2, 168090, 90, 13, 389.21
2026/09/15 01:46:09.614, 3, 167770, 83, 21, 357.40
2026/09/15 01:46:10.617, 0, 168789, 66, 28, 702.35
2026/09/15 01:46:10.620, 1, 168090, 77, 27, 776.10
2026/09/15 01:46:10.622, 2, 168090, 84, 28, 787.48
2026/09/15 01:46:10.625, 3, 167770, 86, 26, 805.42
2026/09/15 01:46:11.628, 0, 168789, 66, 28, 695.72
2026/09/15 01:46:11.631, 1, 168090, 77, 27, 783.86
2026/09/15 01:46:11.633, 2, 168090, 87, 28, 781.72
2026/09/15 01:46:11.636, 3, 167770, 87, 27, 806.70
2026/09/15 01:46:12.638, 0, 166911, 39, 9, 527.78
2026/09/15 01:46:12.641, 1, 166212, 0, 0, 545.78
2026/09/15 01:46:12.644, 2, 166212, 47, 11, 548.16
2026/09/15 01:46:12.647, 3, 165892, 0, 0, 554.37
2026/09/15 01:46:13.649, 0, 168629, 53, 21, 327.61
2026/09/15 01:46:13.652, 1, 167930, 73, 14, 317.69
2026/09/15 01:46:13.655, 2, 167930, 14, 2, 310.44
2026/09/15 01:46:13.658, 3, 167610, 87, 14, 342.63
2026/09/15 01:46:14.660, 0, 168789, 66, 27, 698.35
2026/09/15 01:46:14.663, 1, 168090, 81, 28, 775.66
2026/09/15 01:46:14.666, 2, 168090, 80, 26, 774.19
2026/09/15 01:46:14.669, 3, 167770, 92, 29, 813.64
2026/09/15 01:46:15.671, 0, 168789, 66, 27, 706.71
2026/09/15 01:46:15.674, 1, 168090, 80, 28, 756.58
2026/09/15 01:46:15.677, 2, 168090, 79, 26, 779.54
2026/09/15 01:46:15.679, 3, 167770, 93, 29, 810.03
2026/09/15 01:46:16.682, 0, 168789, 38, 13, 572.45
2026/09/15 01:46:16.685, 1, 168090, 79, 21, 678.06
2026/09/15 01:46:16.688, 2, 168090, 100, 27, 672.19
2026/09/15 01:46:16.690, 3, 167770, 84, 22, 688.27
2026/09/15 01:46:17.693, 0, 168789, 66, 28, 692.96
2026/09/15 01:46:17.696, 1, 168090, 73, 26, 770.11
2026/09/15 01:46:17.699, 2, 168090, 84, 27, 771.18
2026/09/15 01:46:17.701, 3, 167770, 88, 27, 801.72
2026/09/15 01:46:18.704, 0, 168789, 66, 28, 690.48
2026/09/15 01:46:18.707, 1, 168090, 81, 29, 777.57
2026/09/15 01:46:18.710, 2, 168090, 84, 27, 789.92
2026/09/15 01:46:18.712, 3, 167770, 89, 28, 806.11
2026/09/15 01:46:19.715, 0, 168789, 81, 23, 591.90
2026/09/15 01:46:19.718, 1, 168090, 100, 27, 674.75
2026/09/15 01:46:19.720, 2, 168090, 88, 25, 670.98
2026/09/15 01:46:19.723, 3, 167770, 100, 27, 704.33
2026/09/15 01:46:20.726, 0, 168789, 65, 28, 661.64
2026/09/15 01:46:20.729, 1, 168090, 79, 28, 761.71
2026/09/15 01:46:20.731, 2, 168090, 87, 29, 770.73
2026/09/15 01:46:20.734, 3, 167770, 88, 27, 801.16
2026/09/15 01:46:21.737, 0, 168789, 66, 28, 688.42
2026/09/15 01:46:21.740, 1, 168090, 81, 28, 785.37
2026/09/15 01:46:21.742, 2, 168090, 87, 28, 773.27
2026/09/15 01:46:21.745, 3, 167770, 88, 27, 798.99
2026/09/15 01:46:22.748, 0, 168789, 100, 28, 592.88
2026/09/15 01:46:22.751, 1, 168090, 100, 28, 699.70
2026/09/15 01:46:22.753, 2, 168090, 100, 27, 677.93
2026/09/15 01:46:22.756, 3, 167770, 96, 27, 693.35
2026/09/15 01:46:23.758, 0, 168789, 65, 27, 666.48
2026/09/15 01:46:23.762, 1, 168090, 74, 27, 736.08
2026/09/15 01:46:23.764, 2, 168090, 81, 27, 740.93
2026/09/15 01:46:23.767, 3, 167770, 91, 28, 793.21
2026/09/15 01:46:24.769, 0, 168789, 65, 26, 687.29
2026/09/15 01:46:24.772, 1, 168090, 72, 27, 780.71
2026/09/15 01:46:24.775, 2, 168090, 82, 27, 784.22
2026/09/15 01:46:24.778, 3, 167770, 91, 29, 821.22
2026/09/15 01:46:25.780, 0, 168789, 70, 19, 636.21
2026/09/15 01:46:25.783, 1, 168090, 85, 18, 731.20
2026/09/15 01:46:25.786, 2, 168090, 86, 18, 714.52
2026/09/15 01:46:25.788, 3, 167770, 100, 27, 730.21
2026/09/15 01:46:26.791, 0, 168789, 66, 28, 636.50
2026/09/15 01:46:26.794, 1, 168090, 81, 28, 719.92
2026/09/15 01:46:26.797, 2, 168090, 83, 27, 718.90
2026/09/15 01:46:26.799, 3, 167770, 87, 26, 746.48
2026/09/15 01:46:27.802, 0, 168789, 66, 28, 701.43
2026/09/15 01:46:27.805, 1, 168090, 81, 29, 791.44
2026/09/15 01:46:27.808, 2, 168090, 83, 26, 779.82
2026/09/15 01:46:27.810, 3, 167770, 87, 27, 804.51
2026/09/15 01:46:28.813, 0, 168789, 39, 14, 651.50
2026/09/15 01:46:28.816, 1, 168090, 100, 27, 718.29
2026/09/15 01:46:28.819, 2, 168090, 85, 17, 721.48
2026/09/15 01:46:28.821, 3, 167770, 89, 18, 768.20
2026/09/15 01:46:29.824, 0, 168789, 63, 26, 610.07
2026/09/15 01:46:29.827, 1, 168090, 72, 27, 716.60
2026/09/15 01:46:29.830, 2, 168090, 85, 28, 718.01
2026/09/15 01:46:29.832, 3, 167770, 90, 27, 742.94
2026/09/15 01:46:30.835, 0, 168789, 63, 27, 699.19
2026/09/15 01:46:30.838, 1, 168090, 80, 27, 778.94
2026/09/15 01:46:30.840, 2, 168090, 88, 28, 771.20
2026/09/15 01:46:30.843, 3, 167770, 88, 27, 804.73
2026/09/15 01:46:31.846, 0, 168789, 63, 27, 684.29
2026/09/15 01:46:31.849, 1, 168090, 80, 17, 757.48
2026/09/15 01:46:31.851, 2, 168090, 78, 14, 753.69
2026/09/15 01:46:31.854, 3, 167770, 83, 15, 785.79
2026/09/15 01:46:32.857, 0, 168789, 65, 27, 602.96
2026/09/15 01:46:32.860, 1, 168090, 77, 27, 684.52
2026/09/15 01:46:32.862, 2, 168090, 86, 28, 686.99
2026/09/15 01:46:32.865, 3, 167770, 92, 28, 699.94
2026/09/15 01:46:33.867, 0, 168789, 66, 27, 699.32
2026/09/15 01:46:33.870, 1, 168090, 74, 27, 788.22
2026/09/15 01:46:33.873, 2, 168090, 83, 28, 761.26
2026/09/15 01:46:33.876, 3, 167770, 91, 27, 803.10
2026/09/15 01:46:34.878, 0, 168789, 40, 15, 671.51
2026/09/15 01:46:34.881, 1, 168090, 67, 15, 775.50
2026/09/15 01:46:34.884, 2, 168090, 84, 28, 766.97
2026/09/15 01:46:34.887, 3, 167770, 92, 29, 796.92
2026/09/15 01:46:35.889, 0, 168789, 68, 29, 580.22
2026/09/15 01:46:35.892, 1, 168090, 81, 28, 674.01
2026/09/15 01:46:35.895, 2, 168090, 85, 27, 675.28
2026/09/15 01:46:35.898, 3, 167770, 88, 26, 691.25
2026/09/15 01:46:36.900, 0, 168789, 65, 28, 712.80
2026/09/15 01:46:36.903, 1, 168090, 81, 29, 806.36
2026/09/15 01:46:36.906, 2, 168090, 84, 27, 767.15
2026/09/15 01:46:36.909, 3, 167770, 87, 26, 806.63
2026/09/15 01:46:37.911, 0, 168789, 67, 28, 695.76
2026/09/15 01:46:37.914, 1, 168090, 80, 28, 766.66
2026/09/15 01:46:37.917, 2, 168090, 77, 17, 779.69
2026/09/15 01:46:37.920, 3, 167770, 89, 27, 798.22
2026/09/15 01:46:38.922, 0, 168789, 64, 26, 580.07
2026/09/15 01:46:38.925, 1, 168090, 75, 26, 654.54
2026/09/15 01:46:38.928, 2, 168090, 86, 28, 675.91
2026/09/15 01:46:38.930, 3, 167770, 92, 28, 698.78
2026/09/15 01:46:39.933, 0, 168789, 66, 27, 701.33
2026/09/15 01:46:39.936, 1, 168090, 77, 27, 791.32
2026/09/15 01:46:39.939, 2, 168090, 87, 28, 770.39
2026/09/15 01:46:39.942, 3, 167770, 92, 28, 815.13
2026/09/15 01:46:40.944, 0, 168789, 64, 26, 693.51
2026/09/15 01:46:40.947, 1, 168090, 78, 27, 793.70
2026/09/15 01:46:40.950, 2, 168090, 88, 28, 770.53
2026/09/15 01:46:40.953, 3, 167770, 92, 28, 807.52
2026/09/15 01:46:41.955, 0, 168789, 67, 28, 563.34
2026/09/15 01:46:41.958, 1, 168090, 82, 28, 654.97
2026/09/15 01:46:41.961, 2, 168090, 83, 27, 658.40
2026/09/15 01:46:41.963, 3, 167770, 87, 26, 692.53
2026/09/15 01:46:42.966, 0, 168789, 66, 26, 701.86
2026/09/15 01:46:42.969, 1, 168090, 77, 26, 788.31
2026/09/15 01:46:42.972, 2, 168090, 86, 27, 773.10
2026/09/15 01:46:42.974, 3, 167770, 88, 27, 809.24
2026/09/15 01:46:43.977, 0, 168789, 66, 26, 689.98
2026/09/15 01:46:43.980, 1, 168090, 81, 26, 780.41
2026/09/15 01:46:43.983, 2, 168090, 85, 27, 779.05
2026/09/15 01:46:43.985, 3, 167770, 89, 27, 794.91
2026/09/15 01:46:44.988, 0, 168789, 0, 0, 394.92
2026/09/15 01:46:44.991, 1, 168090, 0, 0, 453.96
2026/09/15 01:46:44.993, 2, 168090, 0, 0, 448.25
2026/09/15 01:46:44.996, 3, 167770, 0, 0, 450.36
2026/09/15 01:46:45.999, 0, 168789, 0, 0, 232.04
2026/09/15 01:46:46.002, 1, 168090, 0, 0, 228.47
2026/09/15 01:46:46.004, 2, 168090, 0, 0, 217.73
2026/09/15 01:46:46.007, 3, 167770, 0, 0, 234.60
2026/09/15 01:46:47.009, 0, 168789, 0, 0, 231.88
2026/09/15 01:46:47.013, 1, 168090, 0, 0, 227.26
2026/09/15 01:46:47.016, 2, 168090, 0, 0, 219.39
2026/09/15 01:46:47.019, 3, 167770, 0, 0, 236.18
2026/09/15 01:46:48.021, 0, 168789, 0, 0, 230.54
2026/09/15 01:46:48.024, 1, 168090, 0, 0, 227.27
2026/09/15 01:46:48.027, 2, 168090, 0, 0, 218.71
2026/09/15 01:46:48.030, 3, 167770, 0, 0, 234.52
2026/09/15 01:46:49.032, 0, 168789, 0, 0, 229.05
2026/09/15 01:46:49.035, 1, 168090, 0, 0, 227.27
2026/09/15 01:46:49.038, 2, 168090, 0, 0, 217.96
2026/09/15 01:46:49.041, 3, 167770, 0, 0, 233.77
2026/09/15 01:46:50.043, 0, 168789, 0, 0, 228.63
2026/09/15 01:46:50.046, 1, 168090, 0, 0, 227.27
2026/09/15 01:46:50.049, 2, 168090, 0, 0, 216.24
2026/09/15 01:46:50.051, 3, 167770, 0, 0, 232.71
2026/09/15 01:46:51.054, 0, 168789, 0, 0, 228.41
2026/09/15 01:46:51.057, 1, 168090, 0, 0, 227.27
2026/09/15 01:46:51.059, 2, 168090, 0, 0, 215.84
2026/09/15 01:46:51.062, 3, 167770, 0, 0, 232.62
2026/09/15 01:46:52.065, 0, 168789, 0, 0, 228.41
2026/09/15 01:46:52.068, 1, 168090, 0, 0, 227.27
2026/09/15 01:46:52.071, 2, 168090, 0, 0, 215.54
2026/09/15 01:46:52.074, 3, 167770, 0, 0, 232.64
2026/09/15 01:46:53.077, 0, 168789, 0, 0, 228.41
2026/09/15 01:46:53.080, 1, 168090, 0, 0, 227.27
2026/09/15 01:46:53.082, 2, 168090, 0, 0, 215.54
2026/09/15 01:46:53.085, 3, 167770, 0, 0, 232.64
2026/09/15 01:46:54.088, 0, 168789, 0, 0, 228.41
2026/09/15 01:46:54.091, 1, 168090, 0, 0, 227.27
2026/09/15 01:46:54.093, 2, 168090, 0, 0, 215.54
2026/09/15 01:46:54.096, 3, 167770, 0, 0, 232.64
2026/09/15 01:46:55.099, 0, 168789, 0, 0, 228.41
2026/09/15 01:46:55.102, 1, 168090, 0, 0, 227.27
2026/09/15 01:46:55.104, 2, 168090, 0, 0, 215.54
2026/09/15 01:46:55.107, 3, 167770, 0, 0, 232.64
2026/09/15 01:46:56.109, 0, 168789, 0, 0, 228.41
2026/09/15 01:46:56.113, 1, 168090, 0, 0, 227.27
2026/09/15 01:46:56.115, 2, 168090, 0, 0, 215.54
2026/09/15 01:46:56.118, 3, 167770, 0, 0, 232.64
2026/09/15 01:46:57.120, 0, 168789, 0, 0, 228.41
2026/09/15 01:46:57.123, 1, 168090, 0, 0, 227.27
2026/09/15 01:46:57.126, 2, 168090, 0, 0, 215.54
2026/09/15 01:46:57.129, 3, 167770, 0, 0, 232.64
2026/09/15 01:46:58.131, 0, 166831, 0, 0, 247.50
2026/09/15 01:46:58.134, 1, 166132, 0, 0, 259.00
2026/09/15 01:46:58.137, 2, 166134, 0, 0, 250.15
2026/09/15 01:46:58.140, 3, 165812, 0, 0, 263.93
2026/09/15 01:46:59.142, 0, 166831, 99, 15, 251.46
2026/09/15 01:46:59.145, 1, 166132, 99, 15, 258.73
2026/09/15 01:46:59.148, 2, 166134, 99, 15, 265.62
2026/09/15 01:46:59.150, 3, 165812, 99, 15, 283.14
2026/09/15 01:47:00.153, 0, 166831, 100, 15, 349.42
2026/09/15 01:47:00.156, 1, 166132, 99, 15, 347.55
2026/09/15 01:47:00.158, 2, 166134, 99, 15, 335.29
2026/09/15 01:47:00.161, 3, 165812, 99, 15, 347.46
2026/09/15 01:47:01.164, 0, 166831, 100, 15, 349.70
2026/09/15 01:47:01.166, 1, 166132, 99, 15, 348.62
2026/09/15 01:47:01.169, 2, 166134, 99, 15, 336.52
2026/09/15 01:47:01.172, 3, 165812, 99, 15, 348.99
2026/09/15 01:47:02.174, 0, 166831, 99, 15, 350.19
2026/09/15 01:47:02.177, 1, 166132, 99, 15, 349.37
2026/09/15 01:47:02.180, 2, 166134, 99, 15, 336.23
2026/09/15 01:47:02.182, 3, 165812, 99, 15, 349.29
2026/09/15 01:47:03.185, 0, 166831, 99, 15, 344.12
2026/09/15 01:47:03.188, 1, 166132, 99, 15, 347.05
2026/09/15 01:47:03.190, 2, 166134, 91, 13, 335.68
2026/09/15 01:47:03.193, 3, 165812, 90, 13, 347.72
2026/09/15 01:47:04.195, 0, 166831, 99, 15, 340.86
2026/09/15 01:47:04.198, 1, 166132, 99, 15, 347.20
2026/09/15 01:47:04.200, 2, 166134, 99, 15, 338.97
2026/09/15 01:47:04.203, 3, 165812, 100, 15, 350.11
2026/09/15 01:47:05.206, 0, 166831, 99, 15, 350.12
2026/09/15 01:47:05.208, 1, 166132, 99, 15, 348.22
2026/09/15 01:47:05.211, 2, 166134, 99, 15, 336.21
2026/09/15 01:47:05.213, 3, 165812, 99, 15, 348.92
2026/09/15 01:47:06.216, 0, 166831, 99, 15, 350.20
2026/09/15 01:47:06.219, 1, 166132, 99, 15, 348.33
2026/09/15 01:47:06.221, 2, 166134, 99, 15, 336.58
2026/09/15 01:47:06.224, 3, 165812, 100, 15, 349.52
2026/09/15 01:47:07.227, 0, 166831, 100, 15, 350.18
2026/09/15 01:47:07.229, 1, 166132, 99, 15, 348.10
2026/09/15 01:47:07.232, 2, 166134, 99, 15, 336.20
2026/09/15 01:47:07.234, 3, 165812, 100, 15, 349.23
2026/09/15 01:47:08.237, 0, 166831, 100, 15, 345.10
2026/09/15 01:47:08.240, 1, 166132, 99, 15, 331.46
2026/09/15 01:47:08.242, 2, 166134, 100, 15, 338.72
2026/09/15 01:47:08.245, 3, 165812, 99, 15, 349.42
2026/09/15 01:47:09.247, 0, 166831, 100, 15, 350.58
2026/09/15 01:47:09.250, 1, 166132, 99, 15, 348.11
2026/09/15 01:47:09.253, 2, 166134, 99, 15, 336.76
2026/09/15 01:47:09.255, 3, 165812, 100, 15, 348.73
2026/09/15 01:47:10.258, 0, 166831, 100, 15, 350.33
2026/09/15 01:47:10.261, 1, 166132, 99, 15, 348.86
2026/09/15 01:47:10.264, 2, 166134, 100, 15, 336.22
2026/09/15 01:47:10.266, 3, 165812, 100, 15, 349.95
2026/09/15 01:47:11.269, 0, 166831, 100, 15, 350.50
2026/09/15 01:47:11.271, 1, 166132, 99, 15, 348.40
2026/09/15 01:47:11.274, 2, 166134, 100, 15, 336.01
2026/09/15 01:47:11.277, 3, 165812, 99, 15, 348.33
2026/09/15 01:47:12.279, 0, 166831, 99, 15, 340.54
2026/09/15 01:47:12.282, 1, 166132, 99, 15, 331.19
2026/09/15 01:47:12.285, 2, 166134, 99, 15, 338.14
2026/09/15 01:47:12.287, 3, 165812, 99, 15, 348.26
2026/09/15 01:47:13.290, 0, 166831, 99, 15, 349.98
2026/09/15 01:47:13.293, 1, 166132, 99, 15, 348.01
2026/09/15 01:47:13.295, 2, 166134, 100, 15, 335.89
2026/09/15 01:47:13.298, 3, 165812, 100, 15, 347.70
2026/09/15 01:47:14.301, 0, 166831, 99, 15, 350.04
2026/09/15 01:47:14.303, 1, 166132, 99, 15, 347.79
2026/09/15 01:47:14.306, 2, 166134, 100, 15, 335.60
2026/09/15 01:47:14.309, 3, 165812, 99, 15, 349.28
2026/09/15 01:47:15.311, 0, 166831, 99, 15, 349.88
2026/09/15 01:47:15.314, 1, 166132, 99, 15, 348.87
2026/09/15 01:47:15.317, 2, 166134, 99, 15, 336.55
2026/09/15 01:47:15.319, 3, 165812, 99, 15, 347.95
2026/09/15 01:47:16.322, 0, 166831, 98, 15, 346.10
2026/09/15 01:47:16.325, 1, 166132, 99, 15, 347.26
2026/09/15 01:47:16.327, 2, 166134, 73, 2, 337.60
2026/09/15 01:47:16.330, 3, 165812, 99, 15, 348.03
2026/09/15 01:47:17.332, 0, 166831, 99, 15, 342.12
2026/09/15 01:47:17.335, 1, 166132, 99, 15, 341.98
2026/09/15 01:47:17.338, 2, 166134, 99, 15, 337.28
2026/09/15 01:47:17.340, 3, 165812, 100, 15, 349.99
2026/09/15 01:47:18.343, 0, 166831, 99, 15, 349.65
2026/09/15 01:47:18.346, 1, 166132, 99, 15, 347.62
2026/09/15 01:47:18.348, 2, 166134, 99, 15, 336.37
2026/09/15 01:47:18.351, 3, 165812, 99, 15, 348.88
2026/09/15 01:47:19.354, 0, 166831, 99, 15, 349.42
2026/09/15 01:47:19.356, 1, 166132, 99, 15, 349.46
2026/09/15 01:47:19.359, 2, 166134, 99, 15, 336.52
2026/09/15 01:47:19.362, 3, 165812, 99, 15, 347.83
2026/09/15 01:47:20.364, 0, 166831, 99, 15, 350.56
2026/09/15 01:47:20.367, 1, 166132, 99, 15, 347.89
2026/09/15 01:47:20.370, 2, 166134, 99, 15, 336.72
2026/09/15 01:47:20.372, 3, 165812, 99, 15, 349.49
2026/09/15 01:47:21.375, 0, 166831, 99, 15, 339.92
2026/09/15 01:47:21.378, 1, 166132, 99, 15, 330.81
2026/09/15 01:47:21.380, 2, 166134, 100, 15, 336.93
2026/09/15 01:47:21.383, 3, 165812, 100, 15, 347.28
2026/09/15 01:47:22.385, 0, 166831, 99, 15, 349.92
2026/09/15 01:47:22.388, 1, 166132, 99, 15, 347.95
2026/09/15 01:47:22.391, 2, 166134, 99, 15, 336.05
2026/09/15 01:47:22.393, 3, 165812, 100, 15, 348.66
2026/09/15 01:47:23.396, 0, 166831, 100, 15, 349.71
2026/09/15 01:47:23.399, 1, 166132, 99, 15, 348.03
2026/09/15 01:47:23.401, 2, 166134, 99, 15, 337.24
2026/09/15 01:47:23.404, 3, 165812, 100, 15, 348.96
2026/09/15 01:47:24.407, 0, 166831, 99, 15, 349.85
2026/09/15 01:47:24.410, 1, 166132, 99, 15, 348.34
2026/09/15 01:47:24.412, 2, 166134, 100, 15, 336.80
2026/09/15 01:47:24.415, 3, 165812, 100, 15, 348.93
2026/09/15 01:47:25.417, 0, 166831, 96, 14, 341.42
2026/09/15 01:47:25.420, 1, 166132, 93, 14, 331.62
2026/09/15 01:47:25.423, 2, 166134, 99, 15, 337.86
2026/09/15 01:47:25.425, 3, 165812, 99, 15, 348.40
2026/09/15 01:47:26.428, 0, 166831, 99, 15, 349.49
2026/09/15 01:47:26.431, 1, 166132, 99, 15, 347.36
2026/09/15 01:47:26.433, 2, 166134, 99, 15, 336.14
2026/09/15 01:47:26.436, 3, 165812, 100, 15, 348.58
2026/09/15 01:47:27.439, 0, 166831, 99, 15, 349.35
2026/09/15 01:47:27.441, 1, 166132, 99, 15, 348.41
2026/09/15 01:47:27.444, 2, 166134, 99, 15, 335.89
2026/09/15 01:47:27.446, 3, 165812, 99, 15, 347.75
2026/09/15 01:47:28.449, 0, 166831, 99, 15, 350.06
2026/09/15 01:47:28.452, 1, 166132, 99, 15, 349.76
2026/09/15 01:47:28.454, 2, 166134, 99, 15, 335.65
2026/09/15 01:47:28.457, 3, 165812, 100, 15, 348.43
2026/09/15 01:47:29.460, 0, 166831, 100, 15, 348.41
2026/09/15 01:47:29.462, 1, 166132, 26, 4, 340.29
2026/09/15 01:47:29.465, 2, 166134, 99, 15, 336.67
2026/09/15 01:47:29.468, 3, 165812, 99, 15, 348.19
2026/09/15 01:47:30.470, 0, 166831, 99, 15, 339.95
2026/09/15 01:47:30.473, 1, 166132, 99, 15, 341.69
2026/09/15 01:47:30.476, 2, 166134, 100, 15, 337.49
2026/09/15 01:47:30.478, 3, 165812, 99, 15, 346.83
2026/09/15 01:47:31.481, 0, 166831, 99, 15, 349.71
2026/09/15 01:47:31.484, 1, 166132, 99, 15, 348.10
2026/09/15 01:47:31.486, 2, 166134, 100, 15, 336.31
2026/09/15 01:47:31.489, 3, 165812, 99, 15, 347.75
2026/09/15 01:47:32.491, 0, 166831, 99, 15, 349.57
2026/09/15 01:47:32.494, 1, 166132, 99, 15, 348.10
2026/09/15 01:47:32.497, 2, 166134, 99, 15, 336.60
2026/09/15 01:47:32.499, 3, 165812, 99, 15, 348.80
2026/09/15 01:47:33.502, 0, 166831, 100, 15, 349.85
2026/09/15 01:47:33.505, 1, 166132, 99, 15, 348.11
2026/09/15 01:47:33.508, 2, 166134, 99, 15, 336.58
2026/09/15 01:47:33.510, 3, 165812, 100, 15, 350.00
2026/09/15 01:47:34.513, 0, 166831, 99, 15, 341.40
2026/09/15 01:47:34.516, 1, 166132, 99, 15, 331.49
2026/09/15 01:47:34.518, 2, 166134, 99, 15, 337.40
2026/09/15 01:47:34.521, 3, 165812, 99, 15, 347.87
2026/09/15 01:47:35.523, 0, 166831, 99, 15, 349.63
2026/09/15 01:47:35.526, 1, 166132, 99, 15, 348.24
2026/09/15 01:47:35.529, 2, 166134, 99, 15, 335.62
2026/09/15 01:47:35.532, 3, 165812, 99, 15, 347.74
2026/09/15 01:47:36.534, 0, 166831, 99, 15, 349.50
2026/09/15 01:47:36.537, 1, 166132, 99, 15, 348.71
2026/09/15 01:47:36.540, 2, 166134, 99, 15, 337.05
2026/09/15 01:47:36.542, 3, 165812, 99, 15, 347.83
2026/09/15 01:47:37.545, 0, 166831, 99, 15, 350.26
2026/09/15 01:47:37.548, 1, 166132, 99, 15, 347.89
2026/09/15 01:47:37.550, 2, 166134, 99, 15, 336.52
2026/09/15 01:47:37.553, 3, 165812, 99, 15, 349.47
2026/09/15 01:47:38.555, 0, 166831, 99, 15, 343.99
2026/09/15 01:47:38.558, 1, 166132, 99, 15, 330.97
2026/09/15 01:47:38.561, 2, 166134, 99, 15, 338.68
2026/09/15 01:47:38.563, 3, 165812, 87, 10, 348.26
2026/09/15 01:47:39.566, 0, 166831, 99, 15, 349.98
2026/09/15 01:47:39.569, 1, 166132, 99, 15, 348.62
2026/09/15 01:47:39.572, 2, 166134, 99, 15, 335.99
2026/09/15 01:47:39.574, 3, 165812, 99, 15, 348.68
2026/09/15 01:47:40.577, 0, 166831, 99, 15, 348.70
2026/09/15 01:47:40.580, 1, 166132, 99, 15, 347.95
2026/09/15 01:47:40.582, 2, 166134, 99, 15, 336.27
2026/09/15 01:47:40.585, 3, 165812, 99, 15, 346.99
2026/09/15 01:47:41.588, 0, 166831, 99, 15, 349.74
2026/09/15 01:47:41.590, 1, 166132, 99, 15, 349.14
2026/09/15 01:47:41.593, 2, 166134, 99, 15, 336.58
2026/09/15 01:47:41.596, 3, 165812, 99, 15, 347.85
2026/09/15 01:47:42.598, 0, 166831, 99, 15, 344.35
2026/09/15 01:47:42.601, 1, 166132, 99, 15, 339.75
2026/09/15 01:47:42.604, 2, 166134, 81, 8, 336.05
2026/09/15 01:47:42.606, 3, 165812, 79, 8, 347.61
2026/09/15 01:47:43.609, 0, 166831, 99, 15, 347.92
2026/09/15 01:47:43.612, 1, 166132, 99, 15, 340.70
2026/09/15 01:47:43.615, 2, 166134, 99, 15, 338.12
2026/09/15 01:47:43.617, 3, 165812, 99, 15, 348.21
2026/09/15 01:47:44.620, 0, 166831, 100, 15, 349.38
2026/09/15 01:47:44.623, 1, 166132, 99, 15, 348.57
2026/09/15 01:47:44.625, 2, 166134, 99, 15, 336.46
2026/09/15 01:47:44.628, 3, 165812, 99, 15, 347.78
2026/09/15 01:47:45.631, 0, 166831, 99, 15, 349.34
2026/09/15 01:47:45.633, 1, 166132, 99, 15, 348.75
2026/09/15 01:47:45.636, 2, 166134, 99, 15, 336.92
2026/09/15 01:47:45.639, 3, 165812, 99, 15, 349.54
2026/09/15 01:47:46.641, 0, 166831, 100, 15, 349.04
2026/09/15 01:47:46.644, 1, 166132, 99, 15, 347.02
2026/09/15 01:47:46.647, 2, 166134, 99, 15, 335.86
2026/09/15 01:47:46.649, 3, 165812, 99, 15, 347.82
2026/09/15 01:47:47.652, 0, 166831, 99, 15, 341.53
2026/09/15 01:47:47.655, 1, 166132, 99, 15, 330.47
2026/09/15 01:47:47.657, 2, 166134, 100, 15, 337.10
2026/09/15 01:47:47.660, 3, 165812, 100, 15, 348.35
2026/09/15 01:47:48.663, 0, 166831, 100, 15, 349.82
2026/09/15 01:47:48.666, 1, 166132, 99, 15, 348.87
2026/09/15 01:47:48.668, 2, 166134, 99, 15, 336.05
2026/09/15 01:47:48.671, 3, 165812, 100, 15, 349.58
2026/09/15 01:47:49.673, 0, 166831, 99, 15, 349.53
2026/09/15 01:47:49.676, 1, 166132, 99, 15, 348.47
2026/09/15 01:47:49.679, 2, 166134, 99, 15, 335.72
2026/09/15 01:47:49.681, 3, 165812, 100, 15, 349.67
2026/09/15 01:47:50.684, 0, 166831, 100, 15, 350.35
2026/09/15 01:47:50.687, 1, 166132, 99, 15, 348.31
2026/09/15 01:47:50.690, 2, 166134, 99, 15, 336.05
2026/09/15 01:47:50.692, 3, 165812, 100, 15, 348.96
2026/09/15 01:47:51.695, 0, 166831, 99, 15, 342.16
2026/09/15 01:47:51.698, 1, 166132, 99, 15, 333.03
2026/09/15 01:47:51.701, 2, 166134, 99, 15, 338.03
2026/09/15 01:47:51.704, 3, 165812, 99, 15, 347.91
2026/09/15 01:47:52.707, 0, 166831, 99, 15, 349.24
2026/09/15 01:47:52.710, 1, 166132, 99, 15, 348.02
2026/09/15 01:47:52.713, 2, 166134, 99, 15, 336.14
2026/09/15 01:47:52.715, 3, 165812, 100, 15, 347.97
2026/09/15 01:47:53.718, 0, 166831, 100, 15, 349.27
2026/09/15 01:47:53.721, 1, 166132, 99, 15, 348.63
2026/09/15 01:47:53.724, 2, 166134, 99, 15, 335.53
2026/09/15 01:47:53.727, 3, 165812, 100, 15, 347.91
2026/09/15 01:47:54.730, 0, 166831, 99, 15, 349.88
2026/09/15 01:47:54.733, 1, 166132, 99, 15, 348.01
2026/09/15 01:47:54.736, 2, 166134, 99, 15, 336.54
2026/09/15 01:47:54.739, 3, 165812, 99, 15, 348.61
2026/09/15 01:47:55.742, 0, 166831, 72, 10, 342.11
2026/09/15 01:47:55.745, 1, 166132, 71, 11, 343.31
2026/09/15 01:47:55.747, 2, 166134, 75, 1, 337.65
2026/09/15 01:47:55.750, 3, 165812, 100, 15, 347.97
2026/09/15 01:47:56.753, 0, 166831, 99, 15, 347.43
2026/09/15 01:47:56.756, 1, 166132, 99, 15, 344.88
2026/09/15 01:47:56.759, 2, 166134, 100, 15, 335.94
2026/09/15 01:47:56.762, 3, 165812, 99, 15, 348.35
2026/09/15 01:47:57.765, 0, 166831, 99, 15, 349.50
2026/09/15 01:47:57.768, 1, 166132, 99, 15, 348.16
2026/09/15 01:47:57.771, 2, 166134, 99, 15, 336.27
2026/09/15 01:47:57.774, 3, 165812, 99, 15, 347.85
2026/09/15 01:47:58.777, 0, 166831, 99, 15, 349.34
2026/09/15 01:47:58.780, 1, 166132, 99, 15, 348.48
2026/09/15 01:47:58.783, 2, 166134, 99, 15, 335.75
2026/09/15 01:47:58.786, 3, 165812, 99, 15, 348.57
2026/09/15 01:47:59.789, 0, 166831, 99, 15, 349.31
2026/09/15 01:47:59.792, 1, 166132, 99, 15, 348.23
2026/09/15 01:47:59.795, 2, 166134, 99, 15, 335.82
2026/09/15 01:47:59.798, 3, 165812, 99, 15, 348.88
2026/09/15 01:48:00.801, 0, 166831, 100, 15, 332.22
2026/09/15 01:48:00.804, 1, 166132, 99, 15, 338.82
2026/09/15 01:48:00.807, 2, 166134, 99, 15, 337.37
2026/09/15 01:48:00.810, 3, 165812, 99, 15, 348.05
2026/09/15 01:48:01.813, 0, 166831, 100, 15, 349.33
2026/09/15 01:48:01.816, 1, 166132, 99, 15, 348.47
2026/09/15 01:48:01.819, 2, 166134, 99, 15, 335.96
2026/09/15 01:48:01.821, 3, 165812, 99, 15, 347.68
2026/09/15 01:48:02.824, 0, 166831, 99, 15, 350.05
2026/09/15 01:48:02.828, 1, 166132, 99, 15, 348.77
2026/09/15 01:48:02.831, 2, 166134, 99, 15, 335.94
2026/09/15 01:48:02.833, 3, 165812, 99, 15, 348.30
2026/09/15 01:48:03.836, 0, 166831, 99, 15, 349.82
2026/09/15 01:48:03.840, 1, 166132, 99, 15, 349.01
2026/09/15 01:48:03.843, 2, 166134, 99, 15, 336.85
2026/09/15 01:48:03.845, 3, 165812, 99, 15, 348.82
2026/09/15 01:48:04.848, 0, 166831, 99, 15, 343.29
2026/09/15 01:48:04.852, 1, 166132, 99, 15, 332.12
2026/09/15 01:48:04.855, 2, 166134, 99, 15, 337.56
2026/09/15 01:48:04.857, 3, 165812, 99, 15, 348.53
2026/09/15 01:48:05.860, 0, 166831, 99, 15, 349.48
2026/09/15 01:48:05.864, 1, 166132, 99, 15, 347.02
2026/09/15 01:48:05.867, 2, 166134, 99, 15, 336.10
2026/09/15 01:48:05.869, 3, 165812, 99, 15, 347.92
2026/09/15 01:48:06.872, 0, 166831, 99, 15, 349.77
2026/09/15 01:48:06.876, 1, 166132, 99, 15, 347.87
2026/09/15 01:48:06.878, 2, 166134, 99, 15, 336.03
2026/09/15 01:48:06.881, 3, 165812, 99, 15, 348.59
2026/09/15 01:48:07.884, 0, 166831, 99, 15, 350.40
2026/09/15 01:48:07.888, 1, 166132, 99, 15, 347.94
2026/09/15 01:48:07.891, 2, 166134, 99, 15, 336.98
2026/09/15 01:48:07.894, 3, 165812, 99, 15, 349.26
2026/09/15 01:48:08.896, 0, 166831, 51, 1, 345.31
2026/09/15 01:48:08.900, 1, 166132, 11, 1, 334.36
2026/09/15 01:48:08.903, 2, 166134, 98, 15, 338.12
2026/09/15 01:48:08.905, 3, 165812, 98, 15, 350.13
2026/09/15 01:48:09.908, 0, 166831, 99, 15, 348.16
2026/09/15 01:48:09.912, 1, 166132, 99, 15, 344.07
2026/09/15 01:48:09.915, 2, 166134, 99, 15, 335.02
2026/09/15 01:48:09.917, 3, 165812, 100, 15, 346.62
2026/09/15 01:48:10.920, 0, 166831, 99, 15, 348.33
2026/09/15 01:48:10.924, 1, 166132, 99, 15, 347.17
2026/09/15 01:48:10.926, 2, 166134, 100, 15, 334.68
2026/09/15 01:48:10.929, 3, 165812, 100, 15, 347.48
2026/09/15 01:48:11.932, 0, 166831, 100, 15, 348.94
2026/09/15 01:48:11.935, 1, 166132, 99, 15, 347.67
2026/09/15 01:48:11.938, 2, 166134, 99, 15, 336.03
2026/09/15 01:48:11.941, 3, 165812, 100, 15, 347.49
2026/09/15 01:48:12.944, 0, 166831, 99, 15, 348.13
2026/09/15 01:48:12.948, 1, 166132, 99, 15, 347.81
2026/09/15 01:48:12.951, 2, 166134, 99, 15, 334.78
2026/09/15 01:48:12.953, 3, 165812, 100, 14, 348.30
2026/09/15 01:48:13.956, 0, 166831, 99, 15, 336.84
2026/09/15 01:48:13.960, 1, 166132, 99, 15, 330.15
2026/09/15 01:48:13.963, 2, 166134, 100, 14, 336.38
2026/09/15 01:48:13.965, 3, 165812, 99, 15, 347.13
2026/09/15 01:48:14.968, 0, 166831, 99, 15, 349.89
2026/09/15 01:48:14.972, 1, 166132, 99, 15, 347.43
2026/09/15 01:48:14.974, 2, 166134, 99, 15, 335.68
2026/09/15 01:48:14.977, 3, 165812, 99, 15, 347.93
2026/09/15 01:48:15.980, 0, 166831, 99, 15, 349.07
2026/09/15 01:48:15.984, 1, 166132, 99, 15, 347.43
2026/09/15 01:48:15.986, 2, 166134, 99, 15, 336.09
2026/09/15 01:48:15.989, 3, 165812, 99, 15, 349.07
2026/09/15 01:48:16.992, 0, 166831, 99, 15, 349.18
2026/09/15 01:48:16.996, 1, 166132, 99, 15, 348.68
2026/09/15 01:48:16.998, 2, 166134, 99, 15, 335.63
2026/09/15 01:48:17.001, 3, 165812, 100, 15, 347.27
2026/09/15 01:48:18.004, 0, 166831, 99, 15, 342.17
2026/09/15 01:48:18.008, 1, 166132, 99, 15, 331.32
2026/09/15 01:48:18.010, 2, 166134, 99, 15, 337.34
2026/09/15 01:48:18.013, 3, 165812, 99, 15, 348.80
2026/09/15 01:48:19.016, 0, 166831, 99, 15, 348.12
2026/09/15 01:48:19.019, 1, 166132, 99, 15, 347.18
2026/09/15 01:48:19.022, 2, 166134, 99, 15, 334.61
2026/09/15 01:48:19.025, 3, 165812, 100, 15, 347.43
2026/09/15 01:48:20.028, 0, 166831, 100, 15, 349.64
2026/09/15 01:48:20.031, 1, 166132, 99, 15, 347.83
2026/09/15 01:48:20.034, 2, 166134, 99, 15, 334.84
2026/09/15 01:48:20.037, 3, 165812, 100, 15, 347.05
2026/09/15 01:48:21.040, 0, 166831, 100, 15, 349.13
2026/09/15 01:48:21.043, 1, 166132, 99, 15, 347.26
2026/09/15 01:48:21.046, 2, 166134, 100, 15, 335.95
2026/09/15 01:48:21.049, 3, 165812, 100, 15, 346.89
2026/09/15 01:48:22.052, 0, 166831, 99, 15, 340.34
2026/09/15 01:48:22.055, 1, 166132, 99, 15, 344.81
2026/09/15 01:48:22.058, 2, 166134, 91, 13, 337.71
2026/09/15 01:48:22.061, 3, 165812, 90, 13, 349.15
2026/09/15 01:48:23.064, 0, 166831, 99, 15, 339.78
2026/09/15 01:48:23.067, 1, 166132, 99, 15, 348.21
2026/09/15 01:48:23.070, 2, 166134, 100, 15, 336.48
2026/09/15 01:48:23.073, 3, 165812, 100, 15, 349.31
2026/09/15 01:48:24.076, 0, 166831, 100, 15, 349.07
2026/09/15 01:48:24.079, 1, 166132, 99, 15, 348.03
2026/09/15 01:48:24.082, 2, 166134, 99, 15, 335.46
2026/09/15 01:48:24.085, 3, 165812, 100, 15, 348.74
2026/09/15 01:48:25.088, 0, 166831, 100, 15, 349.32
2026/09/15 01:48:25.091, 1, 166132, 99, 15, 347.49
2026/09/15 01:48:25.094, 2, 166134, 99, 15, 336.01
2026/09/15 01:48:25.097, 3, 165812, 100, 15, 347.80
2026/09/15 01:48:26.099, 0, 166831, 99, 15, 349.24
2026/09/15 01:48:26.103, 1, 166132, 99, 15, 347.73
2026/09/15 01:48:26.105, 2, 166134, 99, 15, 335.40
2026/09/15 01:48:26.108, 3, 165812, 100, 15, 348.17
2026/09/15 01:48:27.111, 0, 166831, 99, 15, 332.59
2026/09/15 01:48:27.114, 1, 166132, 99, 15, 346.49
2026/09/15 01:48:27.117, 2, 166134, 100, 15, 339.42
2026/09/15 01:48:27.120, 3, 165812, 100, 15, 350.44
2026/09/15 01:48:28.123, 0, 166831, 99, 15, 348.70
2026/09/15 01:48:28.127, 1, 166132, 99, 15, 347.06
2026/09/15 01:48:28.129, 2, 166134, 99, 15, 335.59
2026/09/15 01:48:28.132, 3, 165812, 99, 15, 347.44
2026/09/15 01:48:29.135, 0, 166831, 99, 15, 349.42
2026/09/15 01:48:29.138, 1, 166132, 99, 15, 347.88
2026/09/15 01:48:29.141, 2, 166134, 100, 15, 336.17
2026/09/15 01:48:29.144, 3, 165812, 100, 15, 349.67
2026/09/15 01:48:30.147, 0, 166831, 99, 15, 350.20
2026/09/15 01:48:30.150, 1, 166132, 99, 15, 347.89
2026/09/15 01:48:30.153, 2, 166134, 99, 15, 336.67
2026/09/15 01:48:30.156, 3, 165812, 100, 15, 349.75
2026/09/15 01:48:31.159, 0, 166831, 99, 15, 344.55
2026/09/15 01:48:31.162, 1, 166132, 99, 15, 332.06
2026/09/15 01:48:31.165, 2, 166134, 99, 15, 338.89
2026/09/15 01:48:31.168, 3, 165812, 92, 13, 349.94
2026/09/15 01:48:32.171, 0, 166831, 100, 15, 349.29
2026/09/15 01:48:32.174, 1, 166132, 99, 15, 347.42
2026/09/15 01:48:32.177, 2, 166134, 99, 15, 336.52
2026/09/15 01:48:32.180, 3, 165812, 99, 15, 347.27
2026/09/15 01:48:33.183, 0, 166831, 99, 15, 349.33
2026/09/15 01:48:33.186, 1, 166132, 99, 15, 348.16
2026/09/15 01:48:33.189, 2, 166134, 99, 15, 335.69
2026/09/15 01:48:33.192, 3, 165812, 99, 15, 348.83
2026/09/15 01:48:34.195, 0, 166831, 99, 15, 350.18
2026/09/15 01:48:34.198, 1, 166132, 99, 15, 348.11
2026/09/15 01:48:34.201, 2, 166134, 99, 15, 335.75
2026/09/15 01:48:34.204, 3, 165812, 99, 15, 347.92
2026/09/15 01:48:35.207, 0, 166831, 99, 15, 341.36
2026/09/15 01:48:35.210, 1, 166132, 99, 15, 335.48
2026/09/15 01:48:35.213, 2, 166134, 78, 5, 337.69
2026/09/15 01:48:35.216, 3, 165812, 72, 5, 349.23
2026/09/15 01:48:36.219, 0, 166831, 100, 15, 349.23
2026/09/15 01:48:36.222, 1, 166132, 99, 15, 341.81
2026/09/15 01:48:36.225, 2, 166134, 99, 15, 337.01
2026/09/15 01:48:36.228, 3, 165812, 100, 15, 348.16
2026/09/15 01:48:37.230, 0, 166831, 99, 15, 349.07
2026/09/15 01:48:37.234, 1, 166132, 99, 15, 348.40
2026/09/15 01:48:37.237, 2, 166134, 99, 15, 335.14
2026/09/15 01:48:37.239, 3, 165812, 99, 15, 349.85
2026/09/15 01:48:38.242, 0, 166831, 99, 15, 349.70
2026/09/15 01:48:38.246, 1, 166132, 99, 15, 348.24
2026/09/15 01:48:38.249, 2, 166134, 99, 15, 335.93
2026/09/15 01:48:38.251, 3, 165812, 99, 15, 347.50
2026/09/15 01:48:39.254, 0, 166831, 100, 15, 349.79
2026/09/15 01:48:39.258, 1, 166132, 99, 15, 348.78
2026/09/15 01:48:39.261, 2, 166134, 99, 15, 336.03
2026/09/15 01:48:39.263, 3, 165812, 99, 15, 349.98
2026/09/15 01:48:40.266, 0, 166831, 99, 15, 337.55
2026/09/15 01:48:40.270, 1, 166132, 99, 15, 330.96
2026/09/15 01:48:40.273, 2, 166134, 99, 15, 337.83
2026/09/15 01:48:40.275, 3, 165812, 99, 15, 347.78
2026/09/15 01:48:41.278, 0, 166831, 100, 15, 349.10
2026/09/15 01:48:41.282, 1, 166132, 99, 15, 348.95
2026/09/15 01:48:41.285, 2, 166134, 99, 15, 335.73
2026/09/15 01:48:41.287, 3, 165812, 99, 15, 347.33
2026/09/15 01:48:42.290, 0, 166831, 100, 15, 349.32
2026/09/15 01:48:42.294, 1, 166132, 99, 15, 348.56
2026/09/15 01:48:42.296, 2, 166134, 99, 15, 336.51
2026/09/15 01:48:42.299, 3, 165812, 99, 15, 349.12
2026/09/15 01:48:43.302, 0, 166831, 99, 15, 349.61
2026/09/15 01:48:43.306, 1, 166132, 99, 15, 347.64
2026/09/15 01:48:43.308, 2, 166134, 99, 15, 335.25
2026/09/15 01:48:43.311, 3, 165812, 99, 15, 349.14
2026/09/15 01:48:44.314, 0, 166831, 99, 15, 343.02
2026/09/15 01:48:44.318, 1, 166132, 99, 15, 330.21
2026/09/15 01:48:44.321, 2, 166134, 99, 15, 337.39
2026/09/15 01:48:44.323, 3, 165812, 99, 15, 348.02
2026/09/15 01:48:45.326, 0, 166831, 99, 15, 348.97
2026/09/15 01:48:45.330, 1, 166132, 99, 15, 348.42
2026/09/15 01:48:45.333, 2, 166134, 99, 15, 335.38
2026/09/15 01:48:45.335, 3, 165812, 99, 15, 347.88
2026/09/15 01:48:46.338, 0, 166831, 99, 15, 349.00
2026/09/15 01:48:46.342, 1, 166132, 99, 15, 347.93
2026/09/15 01:48:46.344, 2, 166134, 99, 15, 336.10
2026/09/15 01:48:46.347, 3, 165812, 99, 15, 348.85
2026/09/15 01:48:47.350, 0, 166831, 99, 15, 349.84
2026/09/15 01:48:47.353, 1, 166132, 99, 15, 348.64
2026/09/15 01:48:47.356, 2, 166134, 99, 15, 335.99
2026/09/15 01:48:47.359, 3, 165812, 99, 15, 348.25
2026/09/15 01:48:48.362, 0, 166831, 56, 8, 340.50
2026/09/15 01:48:48.365, 1, 166132, 52, 8, 338.88
2026/09/15 01:48:48.368, 2, 166134, 77, 1, 337.60
2026/09/15 01:48:48.371, 3, 165812, 99, 15, 346.76
2026/09/15 01:48:49.374, 0, 166831, 99, 15, 347.33
2026/09/15 01:48:49.377, 1, 166132, 99, 15, 347.56
2026/09/15 01:48:49.380, 2, 166134, 99, 15, 336.35
2026/09/15 01:48:49.383, 3, 165812, 100, 15, 348.10
2026/09/15 01:48:50.386, 0, 166831, 100, 15, 349.61
2026/09/15 01:48:50.389, 1, 166132, 99, 15, 348.08
2026/09/15 01:48:50.392, 2, 166134, 100, 15, 335.28
2026/09/15 01:48:50.395, 3, 165812, 100, 15, 348.78
2026/09/15 01:48:51.398, 0, 166831, 100, 15, 349.87
2026/09/15 01:48:51.401, 1, 166132, 99, 15, 348.17
2026/09/15 01:48:51.404, 2, 166134, 100, 15, 335.55
2026/09/15 01:48:51.407, 3, 165812, 99, 15, 348.73
2026/09/15 01:48:52.410, 0, 166831, 99, 15, 349.53
2026/09/15 01:48:52.413, 1, 166132, 99, 15, 347.49
2026/09/15 01:48:52.416, 2, 166134, 100, 15, 335.47
2026/09/15 01:48:52.418, 3, 165812, 99, 15, 348.47
2026/09/15 01:48:53.421, 0, 166831, 99, 15, 332.71
2026/09/15 01:48:53.425, 1, 166132, 99, 15, 337.71
2026/09/15 01:48:53.427, 2, 166134, 99, 15, 337.76
2026/09/15 01:48:53.430, 3, 165812, 99, 15, 348.54
2026/09/15 01:48:54.433, 0, 166831, 99, 15, 349.19
2026/09/15 01:48:54.436, 1, 166132, 99, 15, 348.15
2026/09/15 01:48:54.439, 2, 166134, 99, 15, 335.33
2026/09/15 01:48:54.442, 3, 165812, 100, 15, 347.62
2026/09/15 01:48:55.445, 0, 166831, 99, 15, 348.84
2026/09/15 01:48:55.448, 1, 166132, 99, 15, 348.69
2026/09/15 01:48:55.451, 2, 166134, 99, 15, 336.85
2026/09/15 01:48:55.454, 3, 165812, 100, 15, 347.17
2026/09/15 01:48:56.457, 0, 166831, 100, 15, 348.69
2026/09/15 01:48:56.460, 1, 166132, 99, 15, 348.34
2026/09/15 01:48:56.463, 2, 166134, 99, 15, 336.29
2026/09/15 01:48:56.466, 3, 165812, 100, 15, 347.99
2026/09/15 01:48:57.469, 0, 166831, 99, 15, 339.51
2026/09/15 01:48:57.472, 1, 166132, 99, 15, 331.49
2026/09/15 01:48:57.475, 2, 166134, 100, 15, 337.12
2026/09/15 01:48:57.478, 3, 165812, 99, 15, 348.21
2026/09/15 01:48:58.480, 0, 166831, 99, 15, 348.80
2026/09/15 01:48:58.484, 1, 166132, 99, 15, 347.44
2026/09/15 01:48:58.487, 2, 166134, 100, 15, 335.21
2026/09/15 01:48:58.489, 3, 165812, 99, 15, 348.74
2026/09/15 01:48:59.492, 0, 166831, 99, 15, 349.11
2026/09/15 01:48:59.495, 1, 166132, 99, 15, 347.55
2026/09/15 01:48:59.498, 2, 166134, 100, 15, 335.40
2026/09/15 01:48:59.501, 3, 165812, 99, 15, 348.99
2026/09/15 01:49:00.504, 0, 166831, 99, 15, 349.11
2026/09/15 01:49:00.507, 1, 166132, 99, 15, 348.33
2026/09/15 01:49:00.510, 2, 166134, 99, 15, 336.17
2026/09/15 01:49:00.513, 3, 165812, 99, 15, 348.39
2026/09/15 01:49:01.516, 0, 166831, 48, 1, 341.85
2026/09/15 01:49:01.519, 1, 166132, 10, 1, 331.33
2026/09/15 01:49:01.522, 2, 166134, 89, 12, 338.29
2026/09/15 01:49:01.525, 3, 165812, 87, 12, 349.07
2026/09/15 01:49:02.528, 0, 166831, 99, 15, 349.52
2026/09/15 01:49:02.531, 1, 166132, 99, 15, 347.76
2026/09/15 01:49:02.534, 2, 166134, 99, 15, 335.27
2026/09/15 01:49:02.537, 3, 165812, 99, 15, 348.84
2026/09/15 01:49:03.540, 0, 166831, 99, 15, 349.42
2026/09/15 01:49:03.543, 1, 166132, 99, 15, 348.01
2026/09/15 01:49:03.546, 2, 166134, 99, 15, 335.17
2026/09/15 01:49:03.548, 3, 165812, 99, 15, 347.29
2026/09/15 01:49:04.551, 0, 166831, 99, 15, 348.68
2026/09/15 01:49:04.555, 1, 166132, 99, 15, 348.47
2026/09/15 01:49:04.558, 2, 166134, 99, 15, 335.56
2026/09/15 01:49:04.560, 3, 165812, 99, 15, 348.14
2026/09/15 01:49:05.563, 0, 166831, 99, 15, 349.46
2026/09/15 01:49:05.566, 1, 166132, 99, 15, 347.78
2026/09/15 01:49:05.569, 2, 166134, 99, 15, 335.33
2026/09/15 01:49:05.572, 3, 165812, 99, 15, 348.67
2026/09/15 01:49:06.575, 0, 166831, 99, 15, 339.36
2026/09/15 01:49:06.578, 1, 166132, 99, 15, 330.95
2026/09/15 01:49:06.581, 2, 166134, 100, 15, 336.89
2026/09/15 01:49:06.584, 3, 165812, 99, 15, 349.36
2026/09/15 01:49:07.587, 0, 166831, 100, 15, 348.65
2026/09/15 01:49:07.590, 1, 166132, 99, 15, 347.87
2026/09/15 01:49:07.593, 2, 166134, 99, 15, 335.96
2026/09/15 01:49:07.596, 3, 165812, 99, 15, 347.95
2026/09/15 01:49:08.598, 0, 166831, 99, 15, 349.45
2026/09/15 01:49:08.602, 1, 166132, 99, 15, 347.93
2026/09/15 01:49:08.605, 2, 166134, 100, 15, 335.98
2026/09/15 01:49:08.607, 3, 165812, 99, 15, 347.49
2026/09/15 01:49:09.610, 0, 166831, 99, 15, 349.45
2026/09/15 01:49:09.613, 1, 166132, 99, 15, 348.23
2026/09/15 01:49:09.616, 2, 166134, 100, 15, 335.55
2026/09/15 01:49:09.619, 3, 165812, 99, 15, 347.69
2026/09/15 01:49:10.622, 0, 166831, 99, 15, 344.77
2026/09/15 01:49:10.625, 1, 166132, 99, 15, 330.49
2026/09/15 01:49:10.628, 2, 166134, 99, 15, 339.21
2026/09/15 01:49:10.631, 3, 165812, 99, 15, 350.48
2026/09/15 01:49:11.634, 0, 166831, 99, 15, 348.72
2026/09/15 01:49:11.637, 1, 166132, 99, 15, 348.18
2026/09/15 01:49:11.640, 2, 166134, 99, 15, 336.28
2026/09/15 01:49:11.643, 3, 165812, 99, 15, 348.17
2026/09/15 01:49:12.646, 0, 166831, 99, 15, 348.76
2026/09/15 01:49:12.649, 1, 166132, 99, 15, 347.90
2026/09/15 01:49:12.652, 2, 166134, 99, 15, 335.61
2026/09/15 01:49:12.654, 3, 165812, 99, 15, 348.52
2026/09/15 01:49:13.657, 0, 166831, 99, 15, 349.19
2026/09/15 01:49:13.661, 1, 166132, 99, 15, 347.71
2026/09/15 01:49:13.663, 2, 166134, 99, 15, 335.03
2026/09/15 01:49:13.666, 3, 165812, 100, 15, 348.53
2026/09/15 01:49:14.669, 0, 166831, 36, 1, 342.52
2026/09/15 01:49:14.672, 1, 166132, 94, 14, 331.32
2026/09/15 01:49:14.675, 2, 166134, 74, 1, 338.87
2026/09/15 01:49:14.678, 3, 165812, 84, 6, 350.70
2026/09/15 01:49:15.681, 0, 166831, 99, 15, 348.39
2026/09/15 01:49:15.684, 1, 166132, 99, 15, 348.31
2026/09/15 01:49:15.687, 2, 166134, 99, 15, 335.28
2026/09/15 01:49:15.690, 3, 165812, 99, 15, 348.31
2026/09/15 01:49:16.693, 0, 166831, 99, 15, 349.34
2026/09/15 01:49:16.696, 1, 166132, 99, 15, 348.99
2026/09/15 01:49:16.699, 2, 166134, 99, 15, 336.29
2026/09/15 01:49:16.701, 3, 165812, 99, 15, 348.08
2026/09/15 01:49:17.704, 0, 166831, 99, 15, 349.00
2026/09/15 01:49:17.707, 1, 166132, 99, 15, 347.71
2026/09/15 01:49:17.710, 2, 166134, 99, 15, 335.82
2026/09/15 01:49:17.713, 3, 165812, 99, 15, 348.68
2026/09/15 01:49:18.716, 0, 166831, 99, 15, 349.00
2026/09/15 01:49:18.719, 1, 166132, 99, 15, 347.31
2026/09/15 01:49:18.722, 2, 166134, 99, 15, 336.26
2026/09/15 01:49:18.725, 3, 165812, 99, 15, 349.38
2026/09/15 01:49:19.728, 0, 166831, 99, 15, 343.23
2026/09/15 01:49:19.731, 1, 166132, 99, 15, 331.51
2026/09/15 01:49:19.733, 2, 166134, 99, 15, 338.35
2026/09/15 01:49:19.736, 3, 165812, 99, 15, 351.40
2026/09/15 01:49:20.739, 0, 166831, 99, 15, 349.20
2026/09/15 01:49:20.742, 1, 166132, 99, 15, 348.57
2026/09/15 01:49:20.745, 2, 166134, 99, 15, 335.50
2026/09/15 01:49:20.748, 3, 165812, 99, 15, 346.96
2026/09/15 01:49:21.751, 0, 166831, 99, 15, 348.99
2026/09/15 01:49:21.754, 1, 166132, 99, 15, 348.28
2026/09/15 01:49:21.757, 2, 166134, 99, 15, 336.10
2026/09/15 01:49:21.759, 3, 165812, 99, 15, 348.54
2026/09/15 01:49:22.762, 0, 166831, 99, 15, 349.69
2026/09/15 01:49:22.765, 1, 166132, 99, 15, 347.88
2026/09/15 01:49:22.768, 2, 166134, 99, 15, 335.57
2026/09/15 01:49:22.771, 3, 165812, 99, 15, 347.33
2026/09/15 01:49:23.774, 0, 166831, 99, 15, 342.69
2026/09/15 01:49:23.777, 1, 166132, 99, 15, 331.52
2026/09/15 01:49:23.779, 2, 166134, 99, 15, 338.61
2026/09/15 01:49:23.782, 3, 165812, 99, 15, 350.12
2026/09/15 01:49:24.785, 0, 166831, 99, 15, 349.17
2026/09/15 01:49:24.788, 1, 166132, 99, 15, 348.17
2026/09/15 01:49:24.791, 2, 166134, 99, 15, 335.10
2026/09/15 01:49:24.794, 3, 165812, 99, 15, 347.18
2026/09/15 01:49:25.797, 0, 166831, 99, 15, 348.89
2026/09/15 01:49:25.800, 1, 166132, 99, 15, 347.97
2026/09/15 01:49:25.803, 2, 166134, 99, 15, 335.18
2026/09/15 01:49:25.805, 3, 165812, 99, 15, 346.42
2026/09/15 01:49:26.808, 0, 166831, 100, 15, 348.12
2026/09/15 01:49:26.811, 1, 166132, 99, 15, 347.61
2026/09/15 01:49:26.814, 2, 166134, 99, 15, 336.09
2026/09/15 01:49:26.817, 3, 165812, 99, 15, 348.29
2026/09/15 01:49:27.820, 0, 166831, 62, 3, 340.88
2026/09/15 01:49:27.823, 1, 166132, 34, 5, 331.30
2026/09/15 01:49:27.826, 2, 166134, 81, 2, 338.87
2026/09/15 01:49:27.828, 3, 165812, 99, 15, 350.03
2026/09/15 01:49:28.831, 0, 166831, 100, 15, 349.31
2026/09/15 01:49:28.835, 1, 166132, 99, 15, 347.13
2026/09/15 01:49:28.837, 2, 166134, 99, 15, 335.50
2026/09/15 01:49:28.840, 3, 165812, 100, 15, 348.72
2026/09/15 01:49:29.843, 0, 166831, 100, 15, 349.23
2026/09/15 01:49:29.846, 1, 166132, 99, 15, 347.48
2026/09/15 01:49:29.849, 2, 166134, 100, 15, 335.27
2026/09/15 01:49:29.852, 3, 165812, 100, 15, 347.49
2026/09/15 01:49:30.855, 0, 166831, 100, 15, 349.23
2026/09/15 01:49:30.858, 1, 166132, 99, 15, 347.89
2026/09/15 01:49:30.861, 2, 166134, 99, 15, 336.05
2026/09/15 01:49:30.864, 3, 165812, 99, 15, 348.77
2026/09/15 01:49:31.866, 0, 166831, 99, 15, 349.83
2026/09/15 01:49:31.869, 1, 166132, 99, 15, 347.55
2026/09/15 01:49:31.872, 2, 166134, 99, 15, 336.67
2026/09/15 01:49:31.875, 3, 165812, 100, 15, 347.71
2026/09/15 01:49:32.878, 0, 166831, 100, 15, 337.43
2026/09/15 01:49:32.881, 1, 166132, 99, 15, 331.10
2026/09/15 01:49:32.884, 2, 166134, 99, 15, 338.12
2026/09/15 01:49:32.887, 3, 165812, 99, 15, 350.05
2026/09/15 01:49:33.890, 0, 166831, 99, 15, 348.85
2026/09/15 01:49:33.893, 1, 166132, 99, 15, 348.11
2026/09/15 01:49:33.896, 2, 166134, 99, 15, 335.55
2026/09/15 01:49:33.898, 3, 165812, 100, 15, 347.72
2026/09/15 01:49:34.901, 0, 166831, 99, 15, 349.18
2026/09/15 01:49:34.904, 1, 166132, 99, 15, 348.24
2026/09/15 01:49:34.907, 2, 166134, 99, 15, 335.68
2026/09/15 01:49:34.910, 3, 165812, 100, 15, 348.80
2026/09/15 01:49:35.913, 0, 166831, 99, 15, 349.80
2026/09/15 01:49:35.916, 1, 166132, 99, 15, 347.37
2026/09/15 01:49:35.919, 2, 166134, 99, 15, 336.71
2026/09/15 01:49:35.922, 3, 165812, 100, 15, 346.80
2026/09/15 01:49:36.924, 0, 166831, 99, 15, 343.17
2026/09/15 01:49:36.927, 1, 166132, 99, 15, 331.60
2026/09/15 01:49:36.930, 2, 166134, 99, 15, 338.37
2026/09/15 01:49:36.933, 3, 165812, 99, 15, 350.94
2026/09/15 01:49:37.936, 0, 166831, 99, 15, 348.77
2026/09/15 01:49:37.939, 1, 166132, 99, 15, 348.40
2026/09/15 01:49:37.942, 2, 166134, 99, 15, 335.31
2026/09/15 01:49:37.945, 3, 165812, 99, 15, 347.61
2026/09/15 01:49:38.947, 0, 166831, 99, 15, 349.02
2026/09/15 01:49:38.951, 1, 166132, 99, 15, 348.15
2026/09/15 01:49:38.953, 2, 166134, 99, 15, 336.03
2026/09/15 01:49:38.956, 3, 165812, 100, 15, 348.45
2026/09/15 01:49:39.959, 0, 166831, 99, 15, 349.40
2026/09/15 01:49:39.963, 1, 166132, 99, 15, 348.77
2026/09/15 01:49:39.965, 2, 166134, 99, 15, 335.77
2026/09/15 01:49:39.968, 3, 165812, 100, 15, 347.80
2026/09/15 01:49:40.971, 0, 166831, 95, 14, 341.69
2026/09/15 01:49:40.974, 1, 166132, 11, 1, 330.88
2026/09/15 01:49:40.977, 2, 166134, 86, 9, 339.14
2026/09/15 01:49:40.980, 3, 165812, 78, 1, 351.14
2026/09/15 01:49:41.983, 0, 166831, 99, 15, 348.41
2026/09/15 01:49:41.986, 1, 166132, 99, 15, 347.36
2026/09/15 01:49:41.989, 2, 166134, 100, 15, 335.56
2026/09/15 01:49:41.991, 3, 165812, 99, 15, 347.64
2026/09/15 01:49:42.994, 0, 166831, 100, 15, 348.72
2026/09/15 01:49:42.997, 1, 166132, 99, 15, 347.95
2026/09/15 01:49:43.000, 2, 166134, 100, 15, 335.36
2026/09/15 01:49:43.003, 3, 165812, 100, 15, 349.01
2026/09/15 01:49:44.006, 0, 166831, 100, 15, 349.60
2026/09/15 01:49:44.009, 1, 166132, 99, 15, 348.23
2026/09/15 01:49:44.012, 2, 166134, 99, 15, 335.55
2026/09/15 01:49:44.015, 3, 165812, 100, 15, 347.79
2026/09/15 01:49:45.018, 0, 166831, 99, 15, 349.49
2026/09/15 01:49:45.021, 1, 166132, 99, 15, 348.94
2026/09/15 01:49:45.023, 2, 166134, 99, 15, 336.58
2026/09/15 01:49:45.026, 3, 165812, 100, 15, 348.14
2026/09/15 01:49:46.029, 0, 166831, 99, 15, 339.53
2026/09/15 01:49:46.032, 1, 166132, 99, 15, 331.02
2026/09/15 01:49:46.035, 2, 166134, 99, 15, 337.52
2026/09/15 01:49:46.038, 3, 165812, 99, 15, 349.52
2026/09/15 01:49:47.041, 0, 166831, 99, 15, 348.87
2026/09/15 01:49:47.044, 1, 166132, 99, 15, 347.40
2026/09/15 01:49:47.047, 2, 166134, 99, 15, 335.61
2026/09/15 01:49:47.050, 3, 165812, 99, 15, 348.52
2026/09/15 01:49:48.053, 0, 166831, 100, 15, 348.52
2026/09/15 01:49:48.056, 1, 166132, 99, 15, 348.25
2026/09/15 01:49:48.059, 2, 166134, 99, 15, 335.41
2026/09/15 01:49:48.061, 3, 165812, 99, 15, 348.23
2026/09/15 01:49:49.064, 0, 166831, 99, 15, 350.22
2026/09/15 01:49:49.067, 1, 166132, 99, 15, 349.39
2026/09/15 01:49:49.070, 2, 166134, 99, 15, 336.20
2026/09/15 01:49:49.073, 3, 165812, 99, 15, 349.53
2026/09/15 01:49:50.076, 0, 166831, 99, 15, 338.15
2026/09/15 01:49:50.079, 1, 166132, 99, 15, 330.73
2026/09/15 01:49:50.082, 2, 166134, 99, 15, 338.75
2026/09/15 01:49:50.084, 3, 165812, 99, 15, 349.58
2026/09/15 01:49:51.087, 0, 166831, 99, 15, 348.64
2026/09/15 01:49:51.091, 1, 166132, 99, 15, 347.37
2026/09/15 01:49:51.093, 2, 166134, 99, 15, 335.27
2026/09/15 01:49:51.096, 3, 165812, 99, 15, 348.99
2026/09/15 01:49:52.099, 0, 166831, 100, 15, 349.19
2026/09/15 01:49:52.102, 1, 166132, 99, 15, 348.02
2026/09/15 01:49:52.105, 2, 166134, 99, 15, 335.47
2026/09/15 01:49:52.108, 3, 165812, 99, 15, 348.45
2026/09/15 01:49:53.111, 0, 166831, 99, 15, 349.93
2026/09/15 01:49:53.114, 1, 166132, 99, 15, 348.33
2026/09/15 01:49:53.116, 2, 166134, 99, 15, 336.79
2026/09/15 01:49:53.119, 3, 165812, 99, 15, 349.60
2026/09/15 01:49:54.122, 0, 166831, 34, 1, 340.48
2026/09/15 01:49:54.125, 1, 166132, 72, 11, 331.93
2026/09/15 01:49:54.128, 2, 166134, 79, 1, 338.78
2026/09/15 01:49:54.131, 3, 165812, 91, 10, 350.05
2026/09/15 01:49:55.134, 0, 166831, 99, 15, 348.81
2026/09/15 01:49:55.137, 1, 166132, 99, 15, 348.22
2026/09/15 01:49:55.140, 2, 166134, 99, 15, 335.41
2026/09/15 01:49:55.143, 3, 165812, 99, 15, 346.83
2026/09/15 01:49:56.145, 0, 166831, 99, 15, 349.23
2026/09/15 01:49:56.148, 1, 166132, 99, 15, 347.44
2026/09/15 01:49:56.151, 2, 166134, 99, 15, 335.45
2026/09/15 01:49:56.154, 3, 165812, 99, 15, 347.63
2026/09/15 01:49:57.156, 0, 166831, 99, 15, 349.26
2026/09/15 01:49:57.159, 1, 166132, 99, 15, 348.42
2026/09/15 01:49:57.162, 2, 166134, 99, 15, 335.99
2026/09/15 01:49:57.165, 3, 165812, 99, 15, 346.50
2026/09/15 01:49:58.168, 0, 166831, 99, 15, 349.81
2026/09/15 01:49:58.171, 1, 166132, 99, 15, 347.96
2026/09/15 01:49:58.174, 2, 166134, 99, 15, 335.17
2026/09/15 01:49:58.176, 3, 165812, 100, 15, 347.71
2026/09/15 01:49:59.179, 0, 166831, 99, 15, 337.34
2026/09/15 01:49:59.182, 1, 166132, 99, 15, 331.48
2026/09/15 01:49:59.185, 2, 166134, 99, 15, 338.77
2026/09/15 01:49:59.188, 3, 165812, 99, 15, 350.32
2026/09/15 01:50:00.191, 0, 166831, 99, 15, 348.70
2026/09/15 01:50:00.194, 1, 166132, 99, 15, 348.20
2026/09/15 01:50:00.196, 2, 166134, 99, 15, 335.87
2026/09/15 01:50:00.199, 3, 165812, 99, 15, 347.56
2026/09/15 01:50:01.202, 0, 166831, 99, 15, 349.10
2026/09/15 01:50:01.205, 1, 166132, 99, 15, 347.58
2026/09/15 01:50:01.208, 2, 166134, 100, 15, 335.96
2026/09/15 01:50:01.210, 3, 165812, 99, 15, 348.38
2026/09/15 01:50:02.213, 0, 166831, 99, 15, 349.18
2026/09/15 01:50:02.216, 1, 166132, 99, 15, 348.61
2026/09/15 01:50:02.219, 2, 166134, 100, 15, 337.42
2026/09/15 01:50:02.222, 3, 165812, 99, 15, 348.01
2026/09/15 01:50:03.225, 0, 166831, 100, 15, 340.36
2026/09/15 01:50:03.228, 1, 166132, 99, 15, 331.38
2026/09/15 01:50:03.230, 2, 166134, 99, 15, 337.57
2026/09/15 01:50:03.233, 3, 165812, 99, 15, 349.04
2026/09/15 01:50:04.236, 0, 166831, 99, 15, 349.73
2026/09/15 01:50:04.239, 1, 166132, 99, 15, 347.49
2026/09/15 01:50:04.242, 2, 166134, 99, 15, 335.95
2026/09/15 01:50:04.245, 3, 165812, 99, 15, 348.53
2026/09/15 01:50:05.248, 0, 166831, 99, 15, 348.78
2026/09/15 01:50:05.250, 1, 166132, 99, 15, 347.88
2026/09/15 01:50:05.253, 2, 166134, 99, 15, 335.82
2026/09/15 01:50:05.256, 3, 165812, 99, 15, 350.11
2026/09/15 01:50:06.259, 0, 166831, 99, 15, 349.22
2026/09/15 01:50:06.262, 1, 166132, 99, 15, 348.84
2026/09/15 01:50:06.265, 2, 166134, 99, 15, 336.42
2026/09/15 01:50:06.268, 3, 165812, 99, 15, 349.04
2026/09/15 01:50:07.270, 0, 166831, 73, 8, 339.03
2026/09/15 01:50:07.274, 1, 166132, 10, 1, 331.50
2026/09/15 01:50:07.276, 2, 166134, 87, 7, 338.43
2026/09/15 01:50:07.279, 3, 165812, 99, 15, 350.42
2026/09/15 01:50:08.282, 0, 166831, 99, 15, 349.05
2026/09/15 01:50:08.285, 1, 166132, 99, 15, 347.89
2026/09/15 01:50:08.288, 2, 166134, 99, 15, 335.27
2026/09/15 01:50:08.291, 3, 165812, 99, 15, 347.33
2026/09/15 01:50:09.293, 0, 166831, 99, 15, 348.81
2026/09/15 01:50:09.296, 1, 166132, 99, 15, 347.84
2026/09/15 01:50:09.299, 2, 166134, 100, 15, 335.78
2026/09/15 01:50:09.302, 3, 165812, 99, 15, 346.87
2026/09/15 01:50:10.305, 0, 166831, 99, 15, 349.43
2026/09/15 01:50:10.308, 1, 166132, 99, 15, 348.78
2026/09/15 01:50:10.311, 2, 166134, 100, 15, 335.61
2026/09/15 01:50:10.314, 3, 165812, 99, 15, 347.76
2026/09/15 01:50:11.316, 0, 166831, 99, 15, 349.76
2026/09/15 01:50:11.320, 1, 166132, 99, 15, 347.48
2026/09/15 01:50:11.322, 2, 166134, 99, 15, 335.32
2026/09/15 01:50:11.325, 3, 165812, 99, 15, 348.35
2026/09/15 01:50:12.328, 0, 166831, 100, 15, 341.73
2026/09/15 01:50:12.331, 1, 166132, 99, 15, 332.04
2026/09/15 01:50:12.334, 2, 166134, 99, 15, 339.56
2026/09/15 01:50:12.336, 3, 165812, 99, 15, 351.00
2026/09/15 01:50:13.339, 0, 166831, 99, 15, 349.86
2026/09/15 01:50:13.342, 1, 166132, 99, 15, 347.73
2026/09/15 01:50:13.345, 2, 166134, 99, 15, 336.88
2026/09/15 01:50:13.348, 3, 165812, 99, 15, 348.98
2026/09/15 01:50:14.351, 0, 166831, 100, 15, 349.07
2026/09/15 01:50:14.354, 1, 166132, 99, 15, 348.09
2026/09/15 01:50:14.357, 2, 166134, 99, 15, 336.30
2026/09/15 01:50:14.359, 3, 165812, 99, 15, 347.32
2026/09/15 01:50:15.362, 0, 166831, 99, 15, 349.19
2026/09/15 01:50:15.365, 1, 166132, 99, 15, 349.07
2026/09/15 01:50:15.368, 2, 166134, 99, 15, 336.40
2026/09/15 01:50:15.371, 3, 165812, 99, 15, 348.15
2026/09/15 01:50:16.374, 0, 166831, 99, 15, 342.14
2026/09/15 01:50:16.377, 1, 166132, 99, 15, 331.40
2026/09/15 01:50:16.380, 2, 166134, 100, 15, 337.57
2026/09/15 01:50:16.383, 3, 165812, 99, 15, 350.20
2026/09/15 01:50:17.386, 0, 166831, 99, 15, 349.09
2026/09/15 01:50:17.389, 1, 166132, 99, 15, 348.48
2026/09/15 01:50:17.391, 2, 166134, 99, 15, 335.58
2026/09/15 01:50:17.394, 3, 165812, 99, 15, 347.62
2026/09/15 01:50:18.397, 0, 166831, 99, 15, 349.83
2026/09/15 01:50:18.400, 1, 166132, 99, 15, 348.24
2026/09/15 01:50:18.403, 2, 166134, 99, 15, 336.77
2026/09/15 01:50:18.406, 3, 165812, 99, 15, 348.74
2026/09/15 01:50:19.409, 0, 166831, 100, 15, 350.00
2026/09/15 01:50:19.412, 1, 166132, 99, 15, 348.16
2026/09/15 01:50:19.415, 2, 166134, 99, 15, 336.63
2026/09/15 01:50:19.417, 3, 165812, 99, 15, 348.30
2026/09/15 01:50:20.420, 0, 166831, 100, 15, 337.48
2026/09/15 01:50:20.424, 1, 166132, 36, 5, 331.60
2026/09/15 01:50:20.426, 2, 166134, 99, 15, 339.32
2026/09/15 01:50:20.429, 3, 165812, 83, 4, 351.49
2026/09/15 01:50:21.432, 0, 166831, 99, 15, 349.42
2026/09/15 01:50:21.435, 1, 166132, 99, 15, 348.08
2026/09/15 01:50:21.438, 2, 166134, 99, 15, 336.05
2026/09/15 01:50:21.441, 3, 165812, 99, 15, 348.54
2026/09/15 01:50:22.444, 0, 166831, 99, 15, 349.31
2026/09/15 01:50:22.447, 1, 166132, 99, 15, 347.94
2026/09/15 01:50:22.450, 2, 166134, 99, 15, 335.21
2026/09/15 01:50:22.452, 3, 165812, 99, 15, 347.57
2026/09/15 01:50:23.455, 0, 166831, 99, 15, 349.47
2026/09/15 01:50:23.458, 1, 166132, 99, 15, 347.09
2026/09/15 01:50:23.461, 2, 166134, 99, 15, 336.06
2026/09/15 01:50:23.464, 3, 165812, 100, 15, 348.87
2026/09/15 01:50:24.467, 0, 166831, 99, 15, 348.18
2026/09/15 01:50:24.470, 1, 166132, 99, 15, 348.41
2026/09/15 01:50:24.473, 2, 166134, 92, 14, 336.74
2026/09/15 01:50:24.476, 3, 165812, 92, 14, 347.39
2026/09/15 01:50:25.478, 0, 166831, 100, 15, 339.53
2026/09/15 01:50:25.482, 1, 166132, 99, 15, 331.68
2026/09/15 01:50:25.484, 2, 166134, 100, 15, 338.90
2026/09/15 01:50:25.487, 3, 165812, 99, 15, 351.23
2026/09/15 01:50:26.490, 0, 166831, 100, 15, 349.24
2026/09/15 01:50:26.493, 1, 166132, 99, 15, 348.48
2026/09/15 01:50:26.496, 2, 166134, 99, 15, 336.15
2026/09/15 01:50:26.499, 3, 165812, 99, 15, 348.88
2026/09/15 01:50:27.502, 0, 166831, 99, 15, 348.95
2026/09/15 01:50:27.505, 1, 166132, 99, 15, 348.26
2026/09/15 01:50:27.508, 2, 166134, 99, 15, 335.75
2026/09/15 01:50:27.510, 3, 165812, 99, 15, 348.91
2026/09/15 01:50:28.513, 0, 166831, 99, 15, 349.26
2026/09/15 01:50:28.516, 1, 166132, 99, 15, 348.25
2026/09/15 01:50:28.519, 2, 166134, 99, 15, 335.84
2026/09/15 01:50:28.522, 3, 165812, 100, 15, 348.36
2026/09/15 01:50:29.525, 0, 166831, 99, 15, 332.98
2026/09/15 01:50:29.528, 1, 166132, 99, 15, 334.68
2026/09/15 01:50:29.531, 2, 166134, 99, 15, 338.42
2026/09/15 01:50:29.534, 3, 165812, 99, 15, 349.93
2026/09/15 01:50:30.536, 0, 166831, 99, 15, 349.33
2026/09/15 01:50:30.540, 1, 166132, 99, 15, 347.63
2026/09/15 01:50:30.542, 2, 166134, 99, 15, 336.24
2026/09/15 01:50:30.545, 3, 165812, 99, 15, 347.81
2026/09/15 01:50:31.548, 0, 166831, 99, 15, 349.14
2026/09/15 01:50:31.551, 1, 166132, 99, 15, 347.28
2026/09/15 01:50:31.554, 2, 166134, 99, 15, 335.92
2026/09/15 01:50:31.557, 3, 165812, 99, 15, 349.14
2026/09/15 01:50:32.560, 0, 166831, 99, 15, 349.41
2026/09/15 01:50:32.563, 1, 166132, 99, 15, 347.95
2026/09/15 01:50:32.566, 2, 166134, 99, 15, 335.15
2026/09/15 01:50:32.569, 3, 165812, 100, 15, 347.31
2026/09/15 01:50:33.571, 0, 166831, 99, 15, 333.00
2026/09/15 01:50:33.575, 1, 166132, 96, 14, 349.25
2026/09/15 01:50:33.577, 2, 166134, 96, 14, 339.63
2026/09/15 01:50:33.580, 3, 165812, 96, 14, 353.05
2026/09/15 01:50:34.583, 0, 166831, 99, 15, 349.23
2026/09/15 01:50:34.586, 1, 166132, 99, 15, 348.40
2026/09/15 01:50:34.589, 2, 166134, 99, 15, 335.97
2026/09/15 01:50:34.592, 3, 165812, 99, 15, 349.64
2026/09/15 01:50:35.595, 0, 166831, 99, 15, 349.61
2026/09/15 01:50:35.598, 1, 166132, 99, 15, 348.46
2026/09/15 01:50:35.601, 2, 166134, 99, 15, 335.27
2026/09/15 01:50:35.603, 3, 165812, 99, 15, 347.85
2026/09/15 01:50:36.606, 0, 166831, 100, 15, 349.78
2026/09/15 01:50:36.609, 1, 166132, 99, 15, 348.85
2026/09/15 01:50:36.612, 2, 166134, 99, 15, 336.47
2026/09/15 01:50:36.615, 3, 165812, 99, 15, 348.18
2026/09/15 01:50:37.618, 0, 166831, 99, 15, 349.25
2026/09/15 01:50:37.621, 1, 166132, 99, 15, 348.36
2026/09/15 01:50:37.624, 2, 166134, 83, 4, 337.57
2026/09/15 01:50:37.627, 3, 165812, 99, 15, 349.36
2026/09/15 01:50:38.629, 0, 166831, 100, 15, 333.74
2026/09/15 01:50:38.633, 1, 166132, 99, 15, 349.09
2026/09/15 01:50:38.635, 2, 166134, 99, 15, 340.06
2026/09/15 01:50:38.638, 3, 165812, 99, 15, 351.57
2026/09/15 01:50:39.641, 0, 166831, 100, 15, 349.66
2026/09/15 01:50:39.644, 1, 166132, 99, 15, 347.80
2026/09/15 01:50:39.647, 2, 166134, 99, 15, 336.17
2026/09/15 01:50:39.650, 3, 165812, 99, 15, 347.55
2026/09/15 01:50:40.653, 0, 166831, 99, 15, 350.22
2026/09/15 01:50:40.656, 1, 166132, 99, 15, 348.49
2026/09/15 01:50:40.659, 2, 166134, 99, 15, 335.83
2026/09/15 01:50:40.661, 3, 165812, 99, 15, 348.89
2026/09/15 01:50:41.664, 0, 166831, 99, 15, 350.33
2026/09/15 01:50:41.668, 1, 166132, 99, 15, 348.10
2026/09/15 01:50:41.670, 2, 166134, 99, 15, 336.47
2026/09/15 01:50:41.673, 3, 165812, 100, 15, 348.28
2026/09/15 01:50:42.676, 0, 166831, 99, 15, 333.77
2026/09/15 01:50:42.679, 1, 166132, 99, 15, 348.88
2026/09/15 01:50:42.682, 2, 166134, 99, 15, 338.34
2026/09/15 01:50:42.685, 3, 165812, 100, 15, 353.39
2026/09/15 01:50:43.688, 0, 166831, 100, 15, 349.97
2026/09/15 01:50:43.691, 1, 166132, 99, 15, 348.61
2026/09/15 01:50:43.693, 2, 166134, 99, 15, 336.45
2026/09/15 01:50:43.696, 3, 165812, 99, 15, 349.02
2026/09/15 01:50:44.699, 0, 166831, 99, 15, 348.68
2026/09/15 01:50:44.702, 1, 166132, 99, 15, 347.79
2026/09/15 01:50:44.705, 2, 166134, 99, 15, 336.52
2026/09/15 01:50:44.708, 3, 165812, 99, 15, 348.20
2026/09/15 01:50:45.710, 0, 166831, 99, 15, 350.40
2026/09/15 01:50:45.713, 1, 166132, 99, 15, 348.71
2026/09/15 01:50:45.716, 2, 166134, 99, 15, 336.68
2026/09/15 01:50:45.719, 3, 165812, 99, 15, 349.44
2026/09/15 01:50:46.722, 0, 166831, 64, 10, 333.47
2026/09/15 01:50:46.725, 1, 166132, 99, 15, 345.84
2026/09/15 01:50:46.728, 2, 166134, 99, 15, 336.30
2026/09/15 01:50:46.731, 3, 165812, 99, 15, 351.88
2026/09/15 01:50:47.733, 0, 166831, 99, 15, 348.71
2026/09/15 01:50:47.737, 1, 166132, 99, 15, 347.78
2026/09/15 01:50:47.739, 2, 166134, 99, 15, 335.32
2026/09/15 01:50:47.742, 3, 165812, 99, 15, 347.27
2026/09/15 01:50:48.745, 0, 166831, 99, 15, 349.92
2026/09/15 01:50:48.748, 1, 166132, 99, 15, 349.08
2026/09/15 01:50:48.751, 2, 166134, 99, 15, 336.38
2026/09/15 01:50:48.754, 3, 165812, 99, 15, 347.61
2026/09/15 01:50:49.757, 0, 166831, 99, 15, 349.72
2026/09/15 01:50:49.760, 1, 166132, 99, 15, 347.47
2026/09/15 01:50:49.763, 2, 166134, 99, 15, 337.70
2026/09/15 01:50:49.765, 3, 165812, 99, 15, 349.55
2026/09/15 01:50:50.768, 0, 166831, 57, 9, 342.48
2026/09/15 01:50:50.771, 1, 166132, 79, 9, 347.42
2026/09/15 01:50:50.774, 2, 166134, 99, 15, 336.01
2026/09/15 01:50:50.777, 3, 165812, 100, 15, 349.24
2026/09/15 01:50:51.780, 0, 166831, 100, 15, 340.04
2026/09/15 01:50:51.783, 1, 166132, 99, 15, 349.67
2026/09/15 01:50:51.786, 2, 166134, 99, 15, 338.23
2026/09/15 01:50:51.788, 3, 165812, 99, 15, 351.93
2026/09/15 01:50:52.791, 0, 166831, 100, 15, 349.70
2026/09/15 01:50:52.795, 1, 166132, 99, 15, 347.73
2026/09/15 01:50:52.797, 2, 166134, 100, 15, 335.65
2026/09/15 01:50:52.800, 3, 165812, 99, 15, 348.28
2026/09/15 01:50:53.803, 0, 166831, 99, 15, 349.26
2026/09/15 01:50:53.806, 1, 166132, 99, 15, 348.51
2026/09/15 01:50:53.809, 2, 166134, 99, 15, 335.86
2026/09/15 01:50:53.812, 3, 165812, 99, 15, 348.36
2026/09/15 01:50:54.814, 0, 166831, 99, 15, 350.39
2026/09/15 01:50:54.818, 1, 166132, 99, 15, 349.08
2026/09/15 01:50:54.820, 2, 166134, 99, 15, 336.82
2026/09/15 01:50:54.823, 3, 165812, 100, 15, 348.13
2026/09/15 01:50:55.826, 0, 166831, 100, 15, 333.07
2026/09/15 01:50:55.829, 1, 166132, 99, 15, 347.80
2026/09/15 01:50:55.832, 2, 166134, 99, 15, 338.53
2026/09/15 01:50:55.835, 3, 165812, 100, 15, 352.84
2026/09/15 01:50:56.837, 0, 166831, 99, 15, 350.06
2026/09/15 01:50:56.840, 1, 166132, 99, 15, 348.44
2026/09/15 01:50:56.843, 2, 166134, 99, 15, 335.73
2026/09/15 01:50:56.846, 3, 165812, 100, 15, 346.91
2026/09/15 01:50:57.849, 0, 166831, 100, 15, 349.48
2026/09/15 01:50:57.852, 1, 166132, 99, 15, 348.70
2026/09/15 01:50:57.854, 2, 166134, 99, 15, 336.66
2026/09/15 01:50:57.857, 3, 165812, 100, 15, 348.71
2026/09/15 01:50:58.860, 0, 166831, 99, 15, 350.06
2026/09/15 01:50:58.863, 1, 166132, 99, 15, 348.02
2026/09/15 01:50:58.866, 2, 166134, 99, 15, 336.41
2026/09/15 01:50:58.868, 3, 165812, 100, 15, 348.81
2026/09/15 01:50:59.871, 0, 166831, 99, 15, 334.36
2026/09/15 01:50:59.874, 1, 166132, 99, 15, 344.82
2026/09/15 01:50:59.877, 2, 166134, 99, 15, 337.49
2026/09/15 01:50:59.880, 3, 165812, 99, 15, 351.92
2026/09/15 01:51:00.883, 0, 166831, 100, 15, 350.07
2026/09/15 01:51:00.886, 1, 166132, 99, 15, 348.33
2026/09/15 01:51:00.889, 2, 166134, 99, 15, 335.77
2026/09/15 01:51:00.891, 3, 165812, 99, 15, 349.96
2026/09/15 01:51:01.894, 0, 166831, 100, 15, 349.39
2026/09/15 01:51:01.897, 1, 166132, 99, 15, 349.01
2026/09/15 01:51:01.900, 2, 166134, 99, 15, 335.78
2026/09/15 01:51:01.903, 3, 165812, 99, 15, 348.23
2026/09/15 01:51:02.906, 0, 166831, 99, 15, 349.76
2026/09/15 01:51:02.909, 1, 166132, 99, 15, 348.39
2026/09/15 01:51:02.911, 2, 166134, 99, 15, 336.69
2026/09/15 01:51:02.914, 3, 165812, 99, 15, 349.67
2026/09/15 01:51:03.917, 0, 166831, 100, 15, 346.80
2026/09/15 01:51:03.920, 1, 166132, 58, 1, 347.25
2026/09/15 01:51:03.923, 2, 166134, 99, 15, 336.71
2026/09/15 01:51:03.926, 3, 165812, 99, 15, 348.72
2026/09/15 01:51:04.929, 0, 166831, 100, 15, 334.87
2026/09/15 01:51:04.932, 1, 166132, 99, 15, 348.15
2026/09/15 01:51:04.934, 2, 166134, 99, 15, 336.67
2026/09/15 01:51:04.937, 3, 165812, 99, 15, 351.07
2026/09/15 01:51:05.940, 0, 166831, 99, 15, 350.17
2026/09/15 01:51:05.943, 1, 166132, 99, 15, 348.54
2026/09/15 01:51:05.946, 2, 166134, 99, 15, 336.55
2026/09/15 01:51:05.949, 3, 165812, 100, 15, 348.01
2026/09/15 01:51:06.951, 0, 166831, 100, 15, 349.84
2026/09/15 01:51:06.954, 1, 166132, 99, 15, 349.02
2026/09/15 01:51:06.957, 2, 166134, 99, 15, 336.31
2026/09/15 01:51:06.960, 3, 165812, 99, 15, 347.68
2026/09/15 01:51:07.963, 0, 166831, 99, 15, 350.17
2026/09/15 01:51:07.966, 1, 166132, 99, 15, 348.80
2026/09/15 01:51:07.969, 2, 166134, 99, 15, 336.56
2026/09/15 01:51:07.971, 3, 165812, 100, 15, 348.57
2026/09/15 01:51:08.974, 0, 166831, 100, 15, 333.51
2026/09/15 01:51:08.977, 1, 166132, 99, 15, 346.05
2026/09/15 01:51:08.980, 2, 166134, 99, 15, 337.55
2026/09/15 01:51:08.983, 3, 165812, 99, 15, 350.92
2026/09/15 01:51:09.985, 0, 166831, 100, 15, 349.24
2026/09/15 01:51:09.989, 1, 166132, 99, 15, 347.43
2026/09/15 01:51:09.991, 2, 166134, 99, 15, 334.55
2026/09/15 01:51:09.994, 3, 165812, 99, 15, 346.67
2026/09/15 01:51:10.997, 0, 166831, 99, 15, 350.04
2026/09/15 01:51:11.000, 1, 166132, 99, 15, 348.24
2026/09/15 01:51:11.003, 2, 166134, 99, 15, 336.63
2026/09/15 01:51:11.005, 3, 165812, 99, 15, 348.71
2026/09/15 01:51:12.008, 0, 166831, 99, 15, 350.43
2026/09/15 01:51:12.011, 1, 166132, 99, 15, 348.72
2026/09/15 01:51:12.014, 2, 166134, 99, 15, 335.96
2026/09/15 01:51:12.017, 3, 165812, 99, 15, 348.66
2026/09/15 01:51:13.019, 0, 166831, 99, 15, 333.65
2026/09/15 01:51:13.023, 1, 166132, 99, 15, 346.41
2026/09/15 01:51:13.025, 2, 166134, 93, 12, 336.44
2026/09/15 01:51:13.028, 3, 165812, 94, 12, 352.34
2026/09/15 01:51:14.031, 0, 166831, 99, 15, 350.14
2026/09/15 01:51:14.034, 1, 166132, 99, 15, 347.71
2026/09/15 01:51:14.037, 2, 166134, 99, 15, 336.18
2026/09/15 01:51:14.039, 3, 165812, 100, 15, 349.02
2026/09/15 01:51:15.042, 0, 166831, 99, 15, 350.27
2026/09/15 01:51:15.045, 1, 166132, 99, 15, 348.99
2026/09/15 01:51:15.048, 2, 166134, 99, 15, 336.34
2026/09/15 01:51:15.051, 3, 165812, 100, 15, 349.54
2026/09/15 01:51:16.054, 0, 166831, 99, 15, 350.18
2026/09/15 01:51:16.057, 1, 166132, 99, 15, 348.91
2026/09/15 01:51:16.059, 2, 166134, 100, 15, 336.61
2026/09/15 01:51:16.062, 3, 165812, 100, 15, 348.36
2026/09/15 01:51:17.065, 0, 166831, 99, 15, 339.27
2026/09/15 01:51:17.068, 1, 166132, 99, 15, 349.07
2026/09/15 01:51:17.071, 2, 166134, 77, 6, 337.88
2026/09/15 01:51:17.073, 3, 165812, 82, 6, 351.24
2026/09/15 01:51:18.076, 0, 166831, 99, 15, 343.02
2026/09/15 01:51:18.079, 1, 166132, 99, 15, 348.14
2026/09/15 01:51:18.082, 2, 166134, 100, 15, 338.20
2026/09/15 01:51:18.085, 3, 165812, 100, 15, 351.55
2026/09/15 01:51:19.088, 0, 166831, 99, 15, 349.62
2026/09/15 01:51:19.091, 1, 166132, 99, 15, 348.08
2026/09/15 01:51:19.094, 2, 166134, 100, 15, 337.01
2026/09/15 01:51:19.096, 3, 165812, 100, 15, 348.38
2026/09/15 01:51:20.099, 0, 166831, 100, 15, 349.71
2026/09/15 01:51:20.102, 1, 166132, 99, 15, 349.36
2026/09/15 01:51:20.105, 2, 166134, 100, 15, 336.32
2026/09/15 01:51:20.108, 3, 165812, 100, 15, 348.73
2026/09/15 01:51:21.111, 0, 166831, 99, 15, 349.76
2026/09/15 01:51:21.114, 1, 166132, 99, 15, 349.08
2026/09/15 01:51:21.116, 2, 166134, 99, 15, 337.60
2026/09/15 01:51:21.119, 3, 165812, 100, 15, 349.96
2026/09/15 01:51:22.122, 0, 166831, 100, 15, 332.37
2026/09/15 01:51:22.125, 1, 166132, 99, 15, 346.57
2026/09/15 01:51:22.128, 2, 166134, 99, 15, 337.39
2026/09/15 01:51:22.131, 3, 165812, 100, 15, 352.07
2026/09/15 01:51:23.133, 0, 166831, 99, 15, 349.81
2026/09/15 01:51:23.136, 1, 166132, 99, 15, 348.98
2026/09/15 01:51:23.139, 2, 166134, 99, 15, 336.95
2026/09/15 01:51:23.142, 3, 165812, 100, 15, 348.83
2026/09/15 01:51:24.145, 0, 166831, 99, 15, 349.62
2026/09/15 01:51:24.148, 1, 166132, 99, 15, 348.41
2026/09/15 01:51:24.151, 2, 166134, 99, 15, 336.65
2026/09/15 01:51:24.153, 3, 165812, 100, 15, 348.44
2026/09/15 01:51:25.156, 0, 166831, 99, 15, 350.00
2026/09/15 01:51:25.159, 1, 166132, 99, 15, 349.07
2026/09/15 01:51:25.162, 2, 166134, 99, 15, 336.68
2026/09/15 01:51:25.165, 3, 165812, 100, 15, 349.01
2026/09/15 01:51:26.167, 0, 166831, 99, 15, 334.04
2026/09/15 01:51:26.171, 1, 166132, 99, 15, 346.28
2026/09/15 01:51:26.173, 2, 166134, 100, 15, 340.35
2026/09/15 01:51:26.176, 3, 165812, 100, 15, 353.01
2026/09/15 01:51:27.179, 0, 166831, 99, 15, 350.22
2026/09/15 01:51:27.182, 1, 166132, 99, 15, 348.57
2026/09/15 01:51:27.185, 2, 166134, 99, 15, 336.35
2026/09/15 01:51:27.187, 3, 165812, 100, 15, 349.02
2026/09/15 01:51:28.190, 0, 166831, 99, 15, 349.67
2026/09/15 01:51:28.193, 1, 166132, 99, 15, 349.70
2026/09/15 01:51:28.196, 2, 166134, 99, 15, 336.40
2026/09/15 01:51:28.199, 3, 165812, 100, 15, 349.34
2026/09/15 01:51:29.201, 0, 166831, 99, 15, 350.07
2026/09/15 01:51:29.204, 1, 166132, 99, 15, 348.72
2026/09/15 01:51:29.207, 2, 166134, 99, 15, 336.93
2026/09/15 01:51:29.210, 3, 165812, 99, 15, 348.78
2026/09/15 01:51:30.212, 0, 166831, 66, 9, 345.91
2026/09/15 01:51:30.215, 1, 166132, 62, 9, 344.70
2026/09/15 01:51:30.218, 2, 166134, 99, 15, 336.76
2026/09/15 01:51:30.221, 3, 165812, 99, 15, 349.63
2026/09/15 01:51:31.224, 0, 166831, 99, 15, 348.24
2026/09/15 01:51:31.227, 1, 166132, 99, 15, 334.40
2026/09/15 01:51:31.229, 2, 166134, 100, 15, 338.09
2026/09/15 01:51:31.232, 3, 165812, 100, 15, 350.31
2026/09/15 01:51:32.235, 0, 166831, 99, 15, 350.27
2026/09/15 01:51:32.238, 1, 166132, 99, 15, 348.64
2026/09/15 01:51:32.241, 2, 166134, 99, 15, 337.26
2026/09/15 01:51:32.244, 3, 165812, 100, 15, 349.53
2026/09/15 01:51:33.247, 0, 166831, 100, 15, 350.49
2026/09/15 01:51:33.250, 1, 166132, 99, 15, 348.91
2026/09/15 01:51:33.252, 2, 166134, 100, 15, 336.85
2026/09/15 01:51:33.255, 3, 165812, 100, 15, 349.21
2026/09/15 01:51:34.258, 0, 166831, 99, 15, 348.89
2026/09/15 01:51:34.261, 1, 166132, 99, 15, 347.91
2026/09/15 01:51:34.264, 2, 166134, 100, 15, 336.40
2026/09/15 01:51:34.267, 3, 165812, 100, 15, 348.67
2026/09/15 01:51:35.269, 0, 166831, 99, 15, 333.18
2026/09/15 01:51:35.272, 1, 166132, 99, 15, 346.30
2026/09/15 01:51:35.275, 2, 166134, 100, 15, 339.18
2026/09/15 01:51:35.278, 3, 165812, 100, 15, 352.90
2026/09/15 01:51:36.281, 0, 166831, 99, 15, 350.37
2026/09/15 01:51:36.284, 1, 166132, 99, 15, 348.46
2026/09/15 01:51:36.286, 2, 166134, 99, 15, 336.27
2026/09/15 01:51:36.289, 3, 165812, 100, 15, 348.80
2026/09/15 01:51:37.292, 0, 166831, 99, 15, 350.13
2026/09/15 01:51:37.295, 1, 166132, 99, 15, 348.77
2026/09/15 01:51:37.298, 2, 166134, 99, 15, 336.78
2026/09/15 01:51:37.300, 3, 165812, 100, 15, 348.21
2026/09/15 01:51:38.303, 0, 166831, 99, 15, 350.29
2026/09/15 01:51:38.306, 1, 166132, 99, 15, 349.46
2026/09/15 01:51:38.309, 2, 166134, 99, 15, 336.23
2026/09/15 01:51:38.312, 3, 165812, 100, 15, 348.61
2026/09/15 01:51:39.314, 0, 166831, 0, 0, 300.49
2026/09/15 01:51:39.318, 1, 166132, 0, 0, 303.17
2026/09/15 01:51:39.321, 2, 166134, 0, 0, 289.45
2026/09/15 01:51:39.323, 3, 165812, 0, 0, 301.09
2026/09/15 01:51:40.326, 0, 166831, 0, 0, 228.70
2026/09/15 01:51:40.329, 1, 166132, 0, 0, 227.27
2026/09/15 01:51:40.331, 2, 166134, 0, 0, 216.78
2026/09/15 01:51:40.334, 3, 165812, 0, 0, 232.86
2026/09/15 01:51:41.337, 0, 166831, 0, 0, 228.62
2026/09/15 01:51:41.341, 1, 166132, 0, 0, 227.03
2026/09/15 01:51:41.343, 2, 166134, 0, 0, 216.42
2026/09/15 01:51:41.346, 3, 165812, 0, 0, 232.69
2026/09/15 01:51:42.349, 0, 166831, 0, 0, 228.41
2026/09/15 01:51:42.352, 1, 166132, 0, 0, 227.27
2026/09/15 01:51:42.354, 2, 166134, 0, 0, 215.54
2026/09/15 01:51:42.357, 3, 165812, 0, 0, 232.64
2026/09/15 01:51:43.360, 0, 166831, 0, 0, 228.41
2026/09/15 01:51:43.363, 1, 166132, 0, 0, 227.27
2026/09/15 01:51:43.366, 2, 166134, 0, 0, 215.71
2026/09/15 01:51:43.368, 3, 165812, 0, 0, 232.67
2026/09/15 01:51:44.371, 0, 166831, 0, 0, 228.41
2026/09/15 01:51:44.374, 1, 166132, 0, 0, 227.27
2026/09/15 01:51:44.376, 2, 166134, 0, 0, 215.69
2026/09/15 01:51:44.379, 3, 165812, 0, 0, 232.67
2026/09/15 01:51:45.382, 0, 166831, 0, 0, 228.41
2026/09/15 01:51:45.385, 1, 166132, 0, 0, 227.27
2026/09/15 01:51:45.387, 2, 166134, 0, 0, 215.39
2026/09/15 01:51:45.390, 3, 165812, 0, 0, 232.66
2026/09/15 01:51:46.392, 0, 166831, 0, 0, 228.41
2026/09/15 01:51:46.395, 1, 166132, 0, 0, 227.27
2026/09/15 01:51:46.398, 2, 166134, 0, 0, 215.56
2026/09/15 01:51:46.400, 3, 165812, 0, 0, 232.69
2026/09/15 01:51:47.403, 0, 166831, 0, 0, 228.41
2026/09/15 01:51:47.406, 1, 166132, 0, 0, 227.27
2026/09/15 01:51:47.409, 2, 166134, 0, 0, 215.65
2026/09/15 01:51:47.412, 3, 165812, 0, 0, 232.70
2026/09/15 01:51:48.414, 0, 166831, 0, 0, 228.41
2026/09/15 01:51:48.417, 1, 166132, 0, 0, 227.27
2026/09/15 01:51:48.420, 2, 166134, 0, 0, 215.62
2026/09/15 01:51:48.423, 3, 165812, 0, 0, 232.68
2026/09/15 01:51:49.425, 0, 166831, 0, 0, 228.41
2026/09/15 01:51:49.428, 1, 166132, 0, 0, 227.27
2026/09/15 01:51:49.431, 2, 166134, 0, 0, 215.56
2026/09/15 01:51:49.433, 3, 165812, 0, 0, 232.67
2026/09/15 01:51:50.436, 0, 166831, 0, 0, 228.41
2026/09/15 01:51:50.439, 1, 166132, 0, 0, 227.27
2026/09/15 01:51:50.442, 2, 166134, 0, 0, 215.63
2026/09/15 01:51:50.444, 3, 165812, 0, 0, 232.67
2026/09/15 01:51:51.447, 0, 166831, 0, 0, 228.41
2026/09/15 01:51:51.450, 1, 166132, 0, 0, 227.27
2026/09/15 01:51:51.452, 2, 166134, 0, 0, 215.54
2026/09/15 01:51:51.455, 3, 165812, 0, 0, 232.69
2026/09/15 01:51:52.458, 0, 166831, 84, 13, 247.85
2026/09/15 01:51:52.461, 1, 166132, 86, 13, 259.96
2026/09/15 01:51:52.463, 2, 166134, 0, 0, 249.82
2026/09/15 01:51:52.466, 3, 165812, 0, 0, 267.09
2026/09/15 01:51:53.469, 0, 166831, 1, 0, 230.80
2026/09/15 01:51:53.472, 1, 166132, 1, 0, 229.11
2026/09/15 01:51:53.474, 2, 166134, 71, 1, 232.10
2026/09/15 01:51:53.477, 3, 165812, 60, 1, 247.62
2026/09/15 01:51:54.479, 0, 166831, 99, 15, 348.38
2026/09/15 01:51:54.482, 1, 166132, 99, 15, 342.93
2026/09/15 01:51:54.485, 2, 166134, 99, 15, 336.51
2026/09/15 01:51:54.487, 3, 165812, 100, 15, 348.23
2026/09/15 01:51:55.490, 0, 166831, 99, 15, 349.18
2026/09/15 01:51:55.493, 1, 166132, 99, 15, 348.55
2026/09/15 01:51:55.495, 2, 166134, 99, 15, 336.17
2026/09/15 01:51:55.498, 3, 165812, 100, 15, 347.31
2026/09/15 01:51:56.501, 0, 166831, 99, 15, 349.87
2026/09/15 01:51:56.503, 1, 166132, 99, 15, 348.55
2026/09/15 01:51:56.506, 2, 166134, 100, 15, 336.41
2026/09/15 01:51:56.508, 3, 165812, 100, 15, 348.73
2026/09/15 01:51:57.511, 0, 166831, 99, 15, 349.91
2026/09/15 01:51:57.514, 1, 166132, 99, 15, 348.55
2026/09/15 01:51:57.516, 2, 166134, 100, 15, 336.24
2026/09/15 01:51:57.519, 3, 165812, 100, 15, 348.81
2026/09/15 01:51:58.522, 0, 166831, 99, 15, 339.64
2026/09/15 01:51:58.524, 1, 166132, 99, 15, 331.24
2026/09/15 01:51:58.527, 2, 166134, 99, 15, 338.85
2026/09/15 01:51:58.529, 3, 165812, 99, 15, 349.82
2026/09/15 01:51:59.532, 0, 166831, 99, 15, 349.19
2026/09/15 01:51:59.535, 1, 166132, 99, 15, 348.17
2026/09/15 01:51:59.537, 2, 166134, 99, 15, 336.64
2026/09/15 01:51:59.540, 3, 165812, 100, 15, 347.48
2026/09/15 01:52:00.543, 0, 166831, 100, 15, 350.31
2026/09/15 01:52:00.545, 1, 166132, 99, 15, 348.47
2026/09/15 01:52:00.548, 2, 166134, 99, 15, 337.09
2026/09/15 01:52:00.550, 3, 165812, 99, 15, 347.89
2026/09/15 01:52:01.553, 0, 166831, 99, 15, 350.18
2026/09/15 01:52:01.556, 1, 166132, 99, 15, 348.16
2026/09/15 01:52:01.558, 2, 166134, 99, 15, 337.01
2026/09/15 01:52:01.561, 3, 165812, 99, 15, 350.25
2026/09/15 01:52:02.563, 0, 166831, 99, 15, 344.11
2026/09/15 01:52:02.566, 1, 166132, 99, 15, 331.32
2026/09/15 01:52:02.569, 2, 166134, 100, 15, 339.10
2026/09/15 01:52:02.571, 3, 165812, 100, 15, 348.94
2026/09/15 01:52:03.574, 0, 166831, 99, 15, 350.02
2026/09/15 01:52:03.577, 1, 166132, 99, 15, 348.17
2026/09/15 01:52:03.579, 2, 166134, 100, 15, 335.86
2026/09/15 01:52:03.582, 3, 165812, 100, 15, 348.47
2026/09/15 01:52:04.584, 0, 166831, 99, 15, 350.30
2026/09/15 01:52:04.587, 1, 166132, 99, 15, 348.87
2026/09/15 01:52:04.590, 2, 166134, 100, 15, 336.16
2026/09/15 01:52:04.592, 3, 165812, 100, 15, 348.73
2026/09/15 01:52:05.595, 0, 166831, 99, 15, 350.21
2026/09/15 01:52:05.598, 1, 166132, 99, 15, 348.92
2026/09/15 01:52:05.600, 2, 166134, 99, 15, 336.12
2026/09/15 01:52:05.603, 3, 165812, 100, 15, 350.50
2026/09/15 01:52:06.605, 0, 166831, 39, 2, 344.46
2026/09/15 01:52:06.608, 1, 166132, 18, 2, 336.65
2026/09/15 01:52:06.611, 2, 166134, 99, 15, 339.68
2026/09/15 01:52:06.613, 3, 165812, 100, 15, 350.90
2026/09/15 01:52:07.616, 0, 166831, 99, 15, 349.77
2026/09/15 01:52:07.619, 1, 166132, 99, 15, 343.58
2026/09/15 01:52:07.621, 2, 166134, 100, 15, 337.77
2026/09/15 01:52:07.624, 3, 165812, 100, 15, 348.96
2026/09/15 01:52:08.627, 0, 166831, 99, 15, 349.82
2026/09/15 01:52:08.629, 1, 166132, 99, 15, 349.01
2026/09/15 01:52:08.632, 2, 166134, 100, 15, 337.32
2026/09/15 01:52:08.634, 3, 165812, 100, 15, 348.26
2026/09/15 01:52:09.637, 0, 166831, 99, 15, 350.24
2026/09/15 01:52:09.640, 1, 166132, 99, 15, 348.79
2026/09/15 01:52:09.642, 2, 166134, 99, 15, 335.58
2026/09/15 01:52:09.645, 3, 165812, 100, 15, 350.17
2026/09/15 01:52:10.648, 0, 166831, 99, 15, 350.88
2026/09/15 01:52:10.651, 1, 166132, 99, 15, 349.53
2026/09/15 01:52:10.653, 2, 166134, 99, 15, 336.54
2026/09/15 01:52:10.656, 3, 165812, 100, 15, 350.55
2026/09/15 01:52:11.658, 0, 166831, 99, 15, 341.58
2026/09/15 01:52:11.661, 1, 166132, 99, 15, 331.97
2026/09/15 01:52:11.664, 2, 166134, 99, 15, 338.98
2026/09/15 01:52:11.666, 3, 165812, 100, 15, 350.48
2026/09/15 01:52:12.669, 0, 166831, 99, 15, 350.23
2026/09/15 01:52:12.671, 1, 166132, 99, 15, 348.69
2026/09/15 01:52:12.674, 2, 166134, 100, 15, 336.55
2026/09/15 01:52:12.677, 3, 165812, 100, 15, 348.56
2026/09/15 01:52:13.679, 0, 166831, 99, 15, 350.18
2026/09/15 01:52:13.682, 1, 166132, 99, 15, 347.79
2026/09/15 01:52:13.685, 2, 166134, 100, 15, 336.60
2026/09/15 01:52:13.687, 3, 165812, 100, 15, 350.33
2026/09/15 01:52:14.690, 0, 166831, 99, 15, 350.61
2026/09/15 01:52:14.693, 1, 166132, 99, 15, 348.93
2026/09/15 01:52:14.695, 2, 166134, 100, 15, 336.82
2026/09/15 01:52:14.698, 3, 165812, 100, 15, 349.76
2026/09/15 01:52:15.700, 0, 166831, 99, 15, 343.04
2026/09/15 01:52:15.703, 1, 166132, 99, 15, 332.22
2026/09/15 01:52:15.706, 2, 166134, 99, 15, 338.18
2026/09/15 01:52:15.708, 3, 165812, 100, 15, 349.77
2026/09/15 01:52:16.711, 0, 166831, 99, 15, 350.17
2026/09/15 01:52:16.713, 1, 166132, 99, 15, 348.16
2026/09/15 01:52:16.716, 2, 166134, 99, 15, 336.77
2026/09/15 01:52:16.719, 3, 165812, 99, 15, 348.10
2026/09/15 01:52:17.721, 0, 166831, 100, 15, 349.73
2026/09/15 01:52:17.724, 1, 166132, 99, 15, 348.11
2026/09/15 01:52:17.726, 2, 166134, 99, 15, 337.96
2026/09/15 01:52:17.729, 3, 165812, 100, 15, 348.86
2026/09/15 01:52:18.732, 0, 166831, 99, 15, 350.70
2026/09/15 01:52:18.734, 1, 166132, 99, 15, 349.12
2026/09/15 01:52:18.737, 2, 166134, 99, 15, 336.82
2026/09/15 01:52:18.740, 3, 165812, 100, 15, 349.10
2026/09/15 01:52:19.742, 0, 166831, 100, 15, 344.26
2026/09/15 01:52:19.745, 1, 166132, 99, 15, 339.41
2026/09/15 01:52:19.748, 2, 166134, 80, 7, 337.88
2026/09/15 01:52:19.750, 3, 165812, 76, 7, 350.00
2026/09/15 01:52:20.753, 0, 166831, 99, 15, 349.72
2026/09/15 01:52:20.756, 1, 166132, 99, 15, 348.20
2026/09/15 01:52:20.758, 2, 166134, 100, 15, 336.26
2026/09/15 01:52:20.761, 3, 165812, 100, 15, 347.77
2026/09/15 01:52:21.763, 0, 166831, 100, 15, 349.91
2026/09/15 01:52:21.766, 1, 166132, 99, 15, 348.70
2026/09/15 01:52:21.768, 2, 166134, 100, 15, 336.77
2026/09/15 01:52:21.771, 3, 165812, 100, 15, 348.65
2026/09/15 01:52:22.774, 0, 166831, 99, 15, 350.53
2026/09/15 01:52:22.776, 1, 166132, 99, 15, 349.62
2026/09/15 01:52:22.779, 2, 166134, 99, 15, 336.82
2026/09/15 01:52:22.781, 3, 165812, 100, 15, 350.55
2026/09/15 01:52:23.784, 0, 166831, 99, 15, 350.74
2026/09/15 01:52:23.787, 1, 166132, 99, 15, 349.46
2026/09/15 01:52:23.789, 2, 166134, 99, 15, 337.19
2026/09/15 01:52:23.792, 3, 165812, 100, 15, 349.26
2026/09/15 01:52:24.795, 0, 166831, 100, 15, 341.64
2026/09/15 01:52:24.797, 1, 166132, 99, 15, 331.79
2026/09/15 01:52:24.800, 2, 166134, 99, 15, 338.92
2026/09/15 01:52:24.802, 3, 165812, 100, 15, 349.30
2026/09/15 01:52:25.805, 0, 166831, 100, 15, 350.46
2026/09/15 01:52:25.808, 1, 166132, 99, 15, 349.06
2026/09/15 01:52:25.810, 2, 166134, 99, 15, 336.92
2026/09/15 01:52:25.813, 3, 165812, 100, 15, 349.95
2026/09/15 01:52:26.816, 0, 166831, 99, 15, 349.35
2026/09/15 01:52:26.818, 1, 166132, 99, 15, 348.64
2026/09/15 01:52:26.821, 2, 166134, 99, 15, 337.13
2026/09/15 01:52:26.823, 3, 165812, 99, 15, 350.11
2026/09/15 01:52:27.826, 0, 166831, 99, 15, 351.24
2026/09/15 01:52:27.829, 1, 166132, 99, 15, 348.93
2026/09/15 01:52:27.831, 2, 166134, 99, 15, 336.41
2026/09/15 01:52:27.834, 3, 165812, 100, 15, 349.60
2026/09/15 01:52:28.837, 0, 166831, 100, 15, 341.14
2026/09/15 01:52:28.839, 1, 166132, 99, 15, 332.57
2026/09/15 01:52:28.842, 2, 166134, 99, 15, 339.31
2026/09/15 01:52:28.845, 3, 165812, 99, 15, 349.15
2026/09/15 01:52:29.847, 0, 166831, 99, 15, 350.45
2026/09/15 01:52:29.850, 1, 166132, 99, 15, 348.27
2026/09/15 01:52:29.853, 2, 166134, 99, 15, 337.20
2026/09/15 01:52:29.855, 3, 165812, 100, 15, 348.87
2026/09/15 01:52:30.858, 0, 166831, 99, 15, 350.04
2026/09/15 01:52:30.861, 1, 166132, 99, 15, 349.00
2026/09/15 01:52:30.863, 2, 166134, 99, 15, 335.84
2026/09/15 01:52:30.866, 3, 165812, 99, 15, 348.72
2026/09/15 01:52:31.868, 0, 166831, 99, 15, 350.48
2026/09/15 01:52:31.871, 1, 166132, 99, 15, 349.38
2026/09/15 01:52:31.874, 2, 166134, 99, 15, 337.43
2026/09/15 01:52:31.876, 3, 165812, 99, 15, 348.70
2026/09/15 01:52:32.879, 0, 166831, 61, 8, 344.56
2026/09/15 01:52:32.882, 1, 166132, 59, 9, 333.71
2026/09/15 01:52:32.885, 2, 166134, 78, 1, 338.57
2026/09/15 01:52:32.887, 3, 165812, 67, 1, 348.17
2026/09/15 01:52:33.890, 0, 166831, 99, 15, 350.67
2026/09/15 01:52:33.893, 1, 166132, 99, 15, 347.16
2026/09/15 01:52:33.895, 2, 166134, 100, 15, 337.38
2026/09/15 01:52:33.898, 3, 165812, 100, 15, 348.73
2026/09/15 01:52:34.900, 0, 166831, 99, 15, 350.18
2026/09/15 01:52:34.904, 1, 166132, 99, 15, 347.78
2026/09/15 01:52:34.906, 2, 166134, 100, 15, 337.28
2026/09/15 01:52:34.909, 3, 165812, 100, 15, 349.67
2026/09/15 01:52:35.911, 0, 166831, 100, 15, 351.26
2026/09/15 01:52:35.914, 1, 166132, 99, 15, 349.63
2026/09/15 01:52:35.917, 2, 166134, 100, 15, 337.48
2026/09/15 01:52:35.919, 3, 165812, 100, 15, 349.17
2026/09/15 01:52:36.922, 0, 166831, 99, 15, 350.28
2026/09/15 01:52:36.925, 1, 166132, 99, 15, 348.12
2026/09/15 01:52:36.927, 2, 166134, 99, 15, 336.62
2026/09/15 01:52:36.929, 3, 165812, 100, 15, 349.14
2026/09/15 01:52:37.932, 0, 166831, 99, 15, 343.26
2026/09/15 01:52:37.935, 1, 166132, 99, 15, 331.33
2026/09/15 01:52:37.937, 2, 166134, 100, 15, 339.16
2026/09/15 01:52:37.940, 3, 165812, 100, 15, 349.32
2026/09/15 01:52:38.942, 0, 166831, 99, 15, 349.33
2026/09/15 01:52:38.945, 1, 166132, 99, 15, 347.63
2026/09/15 01:52:38.948, 2, 166134, 99, 15, 337.15
2026/09/15 01:52:38.950, 3, 165812, 100, 15, 348.81
2026/09/15 01:52:39.953, 0, 166831, 99, 15, 350.93
2026/09/15 01:52:39.956, 1, 166132, 99, 15, 348.71
2026/09/15 01:52:39.958, 2, 166134, 100, 15, 336.67
2026/09/15 01:52:39.960, 3, 165812, 100, 15, 348.79
2026/09/15 01:52:40.963, 0, 166831, 100, 15, 350.41
2026/09/15 01:52:40.966, 1, 166132, 99, 15, 349.02
2026/09/15 01:52:40.968, 2, 166134, 99, 15, 337.39
2026/09/15 01:52:40.971, 3, 165812, 100, 15, 348.79
2026/09/15 01:52:41.973, 0, 166831, 99, 15, 334.13
2026/09/15 01:52:41.976, 1, 166132, 99, 15, 344.39
2026/09/15 01:52:41.979, 2, 166134, 100, 15, 339.32
2026/09/15 01:52:41.981, 3, 165812, 100, 15, 349.79
2026/09/15 01:52:42.984, 0, 166831, 99, 15, 349.48
2026/09/15 01:52:42.986, 1, 166132, 99, 14, 348.93
2026/09/15 01:52:42.989, 2, 166134, 99, 15, 336.15
2026/09/15 01:52:42.991, 3, 165812, 100, 15, 348.79
2026/09/15 01:52:43.994, 0, 166831, 100, 15, 350.12
2026/09/15 01:52:43.997, 1, 166132, 99, 15, 350.12
2026/09/15 01:52:43.999, 2, 166134, 99, 15, 336.84
2026/09/15 01:52:44.002, 3, 165812, 100, 15, 350.62
2026/09/15 01:52:45.004, 0, 166831, 99, 15, 350.60
2026/09/15 01:52:45.007, 1, 166132, 99, 15, 348.15
2026/09/15 01:52:45.010, 2, 166134, 99, 15, 335.97
2026/09/15 01:52:45.012, 3, 165812, 100, 15, 348.80
2026/09/15 01:52:46.015, 0, 166831, 11, 1, 334.46
2026/09/15 01:52:46.018, 1, 166132, 57, 2, 347.28
2026/09/15 01:52:46.020, 2, 166134, 100, 15, 339.80
2026/09/15 01:52:46.023, 3, 165812, 100, 15, 351.08
2026/09/15 01:52:47.025, 0, 166831, 100, 15, 349.99
2026/09/15 01:52:47.028, 1, 166132, 99, 15, 347.58
2026/09/15 01:52:47.030, 2, 166134, 100, 15, 332.20
2026/09/15 01:52:47.033, 3, 165812, 100, 15, 348.03
2026/09/15 01:52:48.036, 0, 166831, 100, 15, 350.27
2026/09/15 01:52:48.038, 1, 166132, 99, 15, 347.95
2026/09/15 01:52:48.041, 2, 166134, 99, 15, 333.55
2026/09/15 01:52:48.043, 3, 165812, 99, 15, 347.41
2026/09/15 01:52:49.046, 0, 166831, 99, 15, 350.12
2026/09/15 01:52:49.049, 1, 166132, 99, 15, 348.85
2026/09/15 01:52:49.051, 2, 166134, 100, 15, 336.99
2026/09/15 01:52:49.054, 3, 165812, 100, 15, 348.29
2026/09/15 01:52:50.056, 0, 166831, 99, 15, 350.60
2026/09/15 01:52:50.059, 1, 166132, 99, 15, 348.15
2026/09/15 01:52:50.062, 2, 166134, 100, 15, 335.98
2026/09/15 01:52:50.064, 3, 165812, 100, 15, 348.69
2026/09/15 01:52:51.067, 0, 166831, 99, 15, 333.63
2026/09/15 01:52:51.069, 1, 166132, 99, 15, 347.12
2026/09/15 01:52:51.072, 2, 166134, 100, 15, 336.02
2026/09/15 01:52:51.074, 3, 165812, 100, 15, 350.75
2026/09/15 01:52:52.077, 0, 166831, 99, 15, 349.89
2026/09/15 01:52:52.080, 1, 166132, 99, 15, 349.67
2026/09/15 01:52:52.082, 2, 166134, 100, 15, 331.06
2026/09/15 01:52:52.085, 3, 165812, 99, 15, 348.60
2026/09/15 01:52:53.087, 0, 166831, 100, 15, 350.78
2026/09/15 01:52:53.090, 1, 166132, 99, 15, 349.07
2026/09/15 01:52:53.092, 2, 166134, 100, 15, 331.55
2026/09/15 01:52:53.095, 3, 165812, 99, 15, 348.84
2026/09/15 01:52:54.097, 0, 166831, 99, 15, 349.96
2026/09/15 01:52:54.100, 1, 166132, 99, 15, 348.70
2026/09/15 01:52:54.103, 2, 166134, 99, 15, 331.55
2026/09/15 01:52:54.105, 3, 165812, 100, 15, 348.89
2026/09/15 01:52:55.108, 0, 166831, 99, 15, 334.05
2026/09/15 01:52:55.110, 1, 166132, 99, 15, 341.99
2026/09/15 01:52:55.113, 2, 166134, 100, 15, 333.92
2026/09/15 01:52:55.115, 3, 165812, 100, 15, 350.65
2026/09/15 01:52:56.118, 0, 166831, 99, 15, 350.55
2026/09/15 01:52:56.121, 1, 166132, 99, 15, 349.36
2026/09/15 01:52:56.123, 2, 166134, 100, 15, 331.71
2026/09/15 01:52:56.126, 3, 165812, 100, 15, 347.73
2026/09/15 01:52:57.128, 0, 166831, 99, 15, 350.24
2026/09/15 01:52:57.131, 1, 166132, 99, 15, 348.15
2026/09/15 01:52:57.134, 2, 166134, 99, 15, 330.15
2026/09/15 01:52:57.136, 3, 165812, 100, 15, 349.02
2026/09/15 01:52:58.139, 0, 166831, 99, 15, 350.29
2026/09/15 01:52:58.142, 1, 166132, 99, 15, 349.71
2026/09/15 01:52:58.144, 2, 166134, 99, 15, 331.27
2026/09/15 01:52:58.147, 3, 165812, 100, 15, 350.80
2026/09/15 01:52:59.149, 0, 166831, 100, 15, 339.97
2026/09/15 01:52:59.152, 1, 166132, 99, 15, 347.78
2026/09/15 01:52:59.154, 2, 166134, 90, 11, 331.07
2026/09/15 01:52:59.157, 3, 165812, 87, 12, 349.12
2026/09/15 01:53:00.159, 0, 166831, 100, 15, 341.93
2026/09/15 01:53:00.162, 1, 166132, 99, 15, 349.92
2026/09/15 01:53:00.165, 2, 166134, 99, 15, 335.14
2026/09/15 01:53:00.167, 3, 165812, 100, 15, 350.60
2026/09/15 01:53:01.170, 0, 166831, 99, 15, 350.04
2026/09/15 01:53:01.173, 1, 166132, 99, 15, 349.61
2026/09/15 01:53:01.175, 2, 166134, 99, 15, 331.17
2026/09/15 01:53:01.178, 3, 165812, 100, 15, 348.70
2026/09/15 01:53:02.180, 0, 166831, 99, 15, 350.87
2026/09/15 01:53:02.183, 1, 166132, 99, 15, 349.29
2026/09/15 01:53:02.186, 2, 166134, 100, 15, 331.22
2026/09/15 01:53:02.188, 3, 165812, 100, 15, 349.33
2026/09/15 01:53:03.191, 0, 166831, 99, 15, 350.90
2026/09/15 01:53:03.193, 1, 166132, 99, 15, 349.30
2026/09/15 01:53:03.196, 2, 166134, 100, 15, 331.96
2026/09/15 01:53:03.198, 3, 165812, 100, 15, 349.92
2026/09/15 01:53:04.201, 0, 166831, 100, 15, 333.68
2026/09/15 01:53:04.204, 1, 166132, 99, 15, 346.52
2026/09/15 01:53:04.206, 2, 166134, 99, 15, 333.99
2026/09/15 01:53:04.209, 3, 165812, 100, 15, 351.22
2026/09/15 01:53:05.211, 0, 166831, 99, 15, 350.23
2026/09/15 01:53:05.214, 1, 166132, 99, 15, 348.61
2026/09/15 01:53:05.217, 2, 166134, 100, 15, 331.23
2026/09/15 01:53:05.219, 3, 165812, 100, 15, 349.12
2026/09/15 01:53:06.222, 0, 166831, 100, 15, 350.39
2026/09/15 01:53:06.224, 1, 166132, 99, 15, 349.39
2026/09/15 01:53:06.227, 2, 166134, 99, 15, 331.24
2026/09/15 01:53:06.229, 3, 165812, 99, 15, 349.06
2026/09/15 01:53:07.232, 0, 166831, 99, 15, 350.67
2026/09/15 01:53:07.235, 1, 166132, 99, 15, 348.94
2026/09/15 01:53:07.237, 2, 166134, 99, 15, 331.38
2026/09/15 01:53:07.240, 3, 165812, 100, 15, 349.93
2026/09/15 01:53:08.242, 0, 166831, 99, 15, 334.24
2026/09/15 01:53:08.245, 1, 166132, 99, 15, 349.48
2026/09/15 01:53:08.247, 2, 166134, 99, 15, 334.93
2026/09/15 01:53:08.250, 3, 165812, 100, 15, 351.42
2026/09/15 01:53:09.252, 0, 166831, 99, 15, 350.84
2026/09/15 01:53:09.255, 1, 166132, 99, 15, 348.98
2026/09/15 01:53:09.258, 2, 166134, 100, 15, 331.23
2026/09/15 01:53:09.260, 3, 165812, 100, 15, 348.46
2026/09/15 01:53:10.263, 0, 166831, 100, 15, 350.03
2026/09/15 01:53:10.266, 1, 166132, 99, 15, 349.46
2026/09/15 01:53:10.268, 2, 166134, 99, 15, 330.81
2026/09/15 01:53:10.271, 3, 165812, 100, 15, 350.05
2026/09/15 01:53:11.273, 0, 166831, 99, 15, 350.81
2026/09/15 01:53:11.276, 1, 166132, 99, 15, 350.07
2026/09/15 01:53:11.278, 2, 166134, 99, 15, 335.61
2026/09/15 01:53:11.281, 3, 165812, 100, 15, 349.32
2026/09/15 01:53:12.283, 0, 166831, 98, 15, 343.40
2026/09/15 01:53:12.286, 1, 166132, 99, 15, 347.73
2026/09/15 01:53:12.289, 2, 166134, 79, 2, 341.09
2026/09/15 01:53:12.291, 3, 165812, 100, 15, 350.89
2026/09/15 01:53:13.294, 0, 166831, 99, 15, 343.13
2026/09/15 01:53:13.297, 1, 166132, 99, 15, 348.71
2026/09/15 01:53:13.299, 2, 166134, 100, 15, 331.22
2026/09/15 01:53:13.302, 3, 165812, 100, 15, 348.96
2026/09/15 01:53:14.304, 0, 166831, 99, 15, 349.12
2026/09/15 01:53:14.307, 1, 166132, 99, 15, 348.17
2026/09/15 01:53:14.309, 2, 166134, 100, 15, 333.82
2026/09/15 01:53:14.312, 3, 165812, 100, 15, 348.01
2026/09/15 01:53:15.314, 0, 166831, 100, 15, 350.69
2026/09/15 01:53:15.317, 1, 166132, 99, 15, 348.77
2026/09/15 01:53:15.320, 2, 166134, 99, 15, 337.31
2026/09/15 01:53:15.322, 3, 165812, 100, 15, 348.42
2026/09/15 01:53:16.325, 0, 166831, 99, 15, 350.50
2026/09/15 01:53:16.328, 1, 166132, 99, 15, 348.99
2026/09/15 01:53:16.330, 2, 166134, 99, 15, 337.83
2026/09/15 01:53:16.332, 3, 165812, 100, 15, 348.35
2026/09/15 01:53:17.335, 0, 166831, 99, 15, 340.32
2026/09/15 01:53:17.338, 1, 166132, 99, 15, 331.49
2026/09/15 01:53:17.340, 2, 166134, 100, 15, 336.89
2026/09/15 01:53:17.343, 3, 165812, 100, 15, 353.32
2026/09/15 01:53:18.345, 0, 166831, 99, 15, 350.64
2026/09/15 01:53:18.348, 1, 166132, 99, 15, 348.94
2026/09/15 01:53:18.351, 2, 166134, 100, 15, 331.20
2026/09/15 01:53:18.353, 3, 165812, 100, 15, 348.02
2026/09/15 01:53:19.356, 0, 166831, 99, 15, 350.57
2026/09/15 01:53:19.359, 1, 166132, 99, 15, 349.75
2026/09/15 01:53:19.361, 2, 166134, 100, 15, 331.67
2026/09/15 01:53:19.364, 3, 165812, 100, 15, 348.33
2026/09/15 01:53:20.366, 0, 166831, 99, 15, 351.49
2026/09/15 01:53:20.369, 1, 166132, 99, 15, 348.08
2026/09/15 01:53:20.371, 2, 166134, 99, 15, 330.74
2026/09/15 01:53:20.374, 3, 165812, 100, 15, 350.43
2026/09/15 01:53:21.376, 0, 166831, 88, 12, 339.31
2026/09/15 01:53:21.379, 1, 166132, 99, 15, 332.76
2026/09/15 01:53:21.382, 2, 166134, 99, 15, 333.92
2026/09/15 01:53:21.384, 3, 165812, 99, 15, 351.49
2026/09/15 01:53:22.387, 0, 166831, 99, 15, 350.05
2026/09/15 01:53:22.390, 1, 166132, 99, 15, 349.13
2026/09/15 01:53:22.392, 2, 166134, 99, 15, 331.04
2026/09/15 01:53:22.395, 3, 165812, 99, 15, 349.27
2026/09/15 01:53:23.397, 0, 166831, 99, 15, 350.10
2026/09/15 01:53:23.400, 1, 166132, 99, 15, 349.14
2026/09/15 01:53:23.402, 2, 166134, 99, 15, 330.67
2026/09/15 01:53:23.405, 3, 165812, 99, 15, 349.48
2026/09/15 01:53:24.407, 0, 166831, 99, 15, 351.08
2026/09/15 01:53:24.410, 1, 166132, 99, 15, 348.99
2026/09/15 01:53:24.413, 2, 166134, 99, 15, 331.55
2026/09/15 01:53:24.415, 3, 165812, 99, 15, 348.55
2026/09/15 01:53:25.418, 0, 166831, 40, 6, 334.79
2026/09/15 01:53:25.421, 1, 166132, 55, 6, 343.76
2026/09/15 01:53:25.423, 2, 166134, 99, 15, 333.40
2026/09/15 01:53:25.426, 3, 165812, 99, 15, 351.86
2026/09/15 01:53:26.428, 0, 166831, 99, 15, 346.91
2026/09/15 01:53:26.431, 1, 166132, 99, 15, 346.43
2026/09/15 01:53:26.433, 2, 166134, 100, 15, 331.02
2026/09/15 01:53:26.436, 3, 165812, 100, 15, 349.01
2026/09/15 01:53:27.438, 0, 166831, 100, 15, 350.49
2026/09/15 01:53:27.441, 1, 166132, 99, 15, 348.61
2026/09/15 01:53:27.444, 2, 166134, 99, 15, 330.64
2026/09/15 01:53:27.446, 3, 165812, 100, 15, 349.15
2026/09/15 01:53:28.449, 0, 166831, 100, 15, 350.94
2026/09/15 01:53:28.452, 1, 166132, 99, 15, 349.45
2026/09/15 01:53:28.454, 2, 166134, 100, 15, 331.83
2026/09/15 01:53:28.456, 3, 165812, 100, 15, 349.41
2026/09/15 01:53:29.459, 0, 166831, 99, 15, 350.38
2026/09/15 01:53:29.462, 1, 166132, 99, 15, 348.91
2026/09/15 01:53:29.464, 2, 166134, 100, 15, 330.90
2026/09/15 01:53:29.467, 3, 165812, 100, 15, 349.07
2026/09/15 01:53:30.469, 0, 166831, 100, 15, 339.92
2026/09/15 01:53:30.472, 1, 166132, 99, 15, 331.60
2026/09/15 01:53:30.475, 2, 166134, 99, 15, 333.31
2026/09/15 01:53:30.477, 3, 165812, 99, 15, 351.89
2026/09/15 01:53:31.480, 0, 166831, 100, 15, 349.84
2026/09/15 01:53:31.483, 1, 166132, 99, 15, 349.92
2026/09/15 01:53:31.485, 2, 166134, 99, 15, 330.79
2026/09/15 01:53:31.488, 3, 165812, 99, 15, 347.90
2026/09/15 01:53:32.490, 0, 166831, 100, 15, 350.49
2026/09/15 01:53:32.493, 1, 166132, 99, 15, 349.24
2026/09/15 01:53:32.495, 2, 166134, 99, 15, 330.84
2026/09/15 01:53:32.498, 3, 165812, 99, 15, 347.36
2026/09/15 01:53:33.500, 0, 166831, 100, 15, 350.31
2026/09/15 01:53:33.503, 1, 166132, 99, 15, 348.43
2026/09/15 01:53:33.506, 2, 166134, 100, 15, 330.91
2026/09/15 01:53:33.508, 3, 165812, 100, 15, 348.81
2026/09/15 01:53:34.511, 0, 166831, 99, 15, 339.42
2026/09/15 01:53:34.514, 1, 166132, 99, 15, 332.23
2026/09/15 01:53:34.516, 2, 166134, 99, 15, 333.54
2026/09/15 01:53:34.519, 3, 165812, 100, 15, 350.98
2026/09/15 01:53:35.521, 0, 166831, 99, 15, 349.76
2026/09/15 01:53:35.524, 1, 166132, 99, 15, 349.38
2026/09/15 01:53:35.526, 2, 166134, 99, 15, 331.51
2026/09/15 01:53:35.529, 3, 165812, 100, 15, 348.00
2026/09/15 01:53:36.531, 0, 166831, 99, 15, 350.24
2026/09/15 01:53:36.534, 1, 166132, 99, 15, 348.85
2026/09/15 01:53:36.537, 2, 166134, 99, 15, 331.03
2026/09/15 01:53:36.539, 3, 165812, 100, 15, 349.79
2026/09/15 01:53:37.542, 0, 166831, 99, 15, 351.27
2026/09/15 01:53:37.545, 1, 166132, 99, 15, 349.23
2026/09/15 01:53:37.547, 2, 166134, 99, 15, 334.06
2026/09/15 01:53:37.550, 3, 165812, 100, 15, 348.30
2026/09/15 01:53:38.552, 0, 166831, 61, 9, 340.83
2026/09/15 01:53:38.555, 1, 166132, 99, 15, 340.21
2026/09/15 01:53:38.558, 2, 166134, 88, 10, 338.55
2026/09/15 01:53:38.560, 3, 165812, 87, 10, 350.79
2026/09/15 01:53:39.563, 0, 166831, 99, 15, 348.83
2026/09/15 01:53:39.565, 1, 166132, 99, 15, 340.54
2026/09/15 01:53:39.568, 2, 166134, 100, 15, 332.32
2026/09/15 01:53:39.570, 3, 165812, 100, 15, 349.16
2026/09/15 01:53:40.573, 0, 166831, 99, 15, 350.83
2026/09/15 01:53:40.576, 1, 166132, 99, 15, 348.80
2026/09/15 01:53:40.578, 2, 166134, 100, 15, 331.10
2026/09/15 01:53:40.581, 3, 165812, 100, 15, 349.58
2026/09/15 01:53:41.583, 0, 166831, 99, 15, 350.24
2026/09/15 01:53:41.586, 1, 166132, 99, 15, 349.60
2026/09/15 01:53:41.589, 2, 166134, 99, 15, 333.71
2026/09/15 01:53:41.591, 3, 165812, 100, 15, 349.12
2026/09/15 01:53:42.594, 0, 166831, 99, 15, 350.38
2026/09/15 01:53:42.596, 1, 166132, 99, 15, 348.54
2026/09/15 01:53:42.599, 2, 166134, 100, 15, 337.99
2026/09/15 01:53:42.601, 3, 165812, 100, 15, 349.13
2026/09/15 01:53:43.604, 0, 166831, 100, 15, 340.33
2026/09/15 01:53:43.607, 1, 166132, 99, 15, 329.83
2026/09/15 01:53:43.609, 2, 166134, 99, 15, 338.31
2026/09/15 01:53:43.612, 3, 165812, 100, 15, 350.41
2026/09/15 01:53:44.614, 0, 166831, 99, 15, 350.08
2026/09/15 01:53:44.617, 1, 166132, 99, 15, 348.26
2026/09/15 01:53:44.619, 2, 166134, 100, 15, 337.19
2026/09/15 01:53:44.622, 3, 165812, 100, 15, 347.97
2026/09/15 01:53:45.624, 0, 166831, 100, 15, 350.69
2026/09/15 01:53:45.627, 1, 166132, 99, 15, 349.25
2026/09/15 01:53:45.630, 2, 166134, 100, 15, 337.39
2026/09/15 01:53:45.632, 3, 165812, 100, 15, 347.95
2026/09/15 01:53:46.635, 0, 166831, 99, 15, 350.94
2026/09/15 01:53:46.638, 1, 166132, 99, 15, 348.45
2026/09/15 01:53:46.640, 2, 166134, 100, 15, 337.38
2026/09/15 01:53:46.643, 3, 165812, 100, 15, 348.43
2026/09/15 01:53:47.645, 0, 166831, 99, 15, 340.68
2026/09/15 01:53:47.648, 1, 166132, 99, 15, 331.73
2026/09/15 01:53:47.651, 2, 166134, 99, 15, 339.53
2026/09/15 01:53:47.653, 3, 165812, 100, 15, 351.78
2026/09/15 01:53:48.656, 0, 166831, 99, 15, 350.03
2026/09/15 01:53:48.658, 1, 166132, 99, 15, 349.22
2026/09/15 01:53:48.661, 2, 166134, 100, 15, 336.59
2026/09/15 01:53:48.663, 3, 165812, 100, 15, 348.59
2026/09/15 01:53:49.666, 0, 166831, 100, 15, 349.97
2026/09/15 01:53:49.669, 1, 166132, 99, 15, 350.08
2026/09/15 01:53:49.671, 2, 166134, 100, 15, 337.18
2026/09/15 01:53:49.674, 3, 165812, 100, 15, 348.93
2026/09/15 01:53:50.676, 0, 166831, 99, 15, 350.24
2026/09/15 01:53:50.679, 1, 166132, 99, 15, 349.67
2026/09/15 01:53:50.682, 2, 166134, 99, 15, 337.12
2026/09/15 01:53:50.684, 3, 165812, 100, 15, 348.58
2026/09/15 01:53:51.687, 0, 166831, 23, 1, 341.99
2026/09/15 01:53:51.690, 1, 166132, 85, 13, 331.80
2026/09/15 01:53:51.692, 2, 166134, 79, 1, 339.44
2026/09/15 01:53:51.695, 3, 165812, 93, 14, 349.96
2026/09/15 01:53:52.697, 0, 166831, 99, 15, 344.79
2026/09/15 01:53:52.700, 1, 166132, 99, 15, 348.39
2026/09/15 01:53:52.703, 2, 166134, 99, 15, 336.51
2026/09/15 01:53:52.705, 3, 165812, 100, 15, 351.49
2026/09/15 01:53:53.708, 0, 166831, 99, 15, 350.33
2026/09/15 01:53:53.710, 1, 166132, 99, 15, 348.04
2026/09/15 01:53:53.713, 2, 166134, 100, 15, 337.25
2026/09/15 01:53:53.715, 3, 165812, 100, 15, 348.63
2026/09/15 01:53:54.718, 0, 166831, 100, 15, 349.68
2026/09/15 01:53:54.721, 1, 166132, 99, 15, 349.33
2026/09/15 01:53:54.723, 2, 166134, 99, 15, 336.90
2026/09/15 01:53:54.726, 3, 165812, 100, 15, 349.05
2026/09/15 01:53:55.728, 0, 166831, 99, 15, 350.24
2026/09/15 01:53:55.731, 1, 166132, 99, 15, 348.92
2026/09/15 01:53:55.734, 2, 166134, 99, 15, 336.68
2026/09/15 01:53:55.736, 3, 165812, 100, 15, 349.75
2026/09/15 01:53:56.739, 0, 166831, 99, 15, 334.56
2026/09/15 01:53:56.741, 1, 166132, 99, 15, 345.83
2026/09/15 01:53:56.744, 2, 166134, 99, 15, 338.06
2026/09/15 01:53:56.746, 3, 165812, 100, 15, 349.36
2026/09/15 01:53:57.749, 0, 166831, 99, 15, 349.72
2026/09/15 01:53:57.752, 1, 166132, 99, 15, 348.32
2026/09/15 01:53:57.754, 2, 166134, 100, 15, 336.24
2026/09/15 01:53:57.757, 3, 165812, 100, 15, 349.86
2026/09/15 01:53:58.759, 0, 166831, 99, 15, 350.11
2026/09/15 01:53:58.762, 1, 166132, 99, 15, 348.61
2026/09/15 01:53:58.765, 2, 166134, 100, 15, 335.84
2026/09/15 01:53:58.767, 3, 165812, 100, 15, 349.29
2026/09/15 01:53:59.770, 0, 166831, 99, 15, 349.79
2026/09/15 01:53:59.772, 1, 166132, 99, 15, 349.01
2026/09/15 01:53:59.775, 2, 166134, 100, 15, 336.74
2026/09/15 01:53:59.777, 3, 165812, 100, 15, 349.11
2026/09/15 01:54:00.780, 0, 166831, 99, 15, 333.98
2026/09/15 01:54:00.783, 1, 166132, 99, 15, 347.69
2026/09/15 01:54:00.786, 2, 166134, 99, 15, 339.70
2026/09/15 01:54:00.788, 3, 165812, 100, 15, 351.51
2026/09/15 01:54:01.791, 0, 166831, 100, 15, 350.21
2026/09/15 01:54:01.794, 1, 166132, 99, 15, 348.24
2026/09/15 01:54:01.797, 2, 166134, 99, 15, 335.47
2026/09/15 01:54:01.800, 3, 165812, 100, 15, 348.59
2026/09/15 01:54:02.802, 0, 166831, 99, 15, 350.06
2026/09/15 01:54:02.805, 1, 166132, 99, 15, 348.41
2026/09/15 01:54:02.808, 2, 166134, 99, 15, 335.91
2026/09/15 01:54:02.811, 3, 165812, 99, 15, 347.83
2026/09/15 01:54:03.814, 0, 166831, 99, 15, 350.46
2026/09/15 01:54:03.817, 1, 166132, 99, 15, 348.63
2026/09/15 01:54:03.820, 2, 166134, 99, 15, 336.28
2026/09/15 01:54:03.822, 3, 165812, 99, 15, 349.61
2026/09/15 01:54:04.825, 0, 166831, 99, 15, 339.99
2026/09/15 01:54:04.829, 1, 166132, 67, 2, 348.41
2026/09/15 01:54:04.831, 2, 166134, 99, 15, 340.60
2026/09/15 01:54:04.834, 3, 165812, 79, 3, 353.03
2026/09/15 01:54:05.837, 0, 166831, 99, 15, 348.92
2026/09/15 01:54:05.840, 1, 166132, 99, 15, 348.59
2026/09/15 01:54:05.843, 2, 166134, 100, 15, 336.42
2026/09/15 01:54:05.846, 3, 165812, 100, 15, 348.20
2026/09/15 01:54:06.848, 0, 166831, 99, 15, 349.99
2026/09/15 01:54:06.851, 1, 166132, 99, 15, 347.86
2026/09/15 01:54:06.854, 2, 166134, 100, 15, 336.70
2026/09/15 01:54:06.857, 3, 165812, 100, 15, 349.30
2026/09/15 01:54:07.860, 0, 166831, 99, 15, 349.76
2026/09/15 01:54:07.863, 1, 166132, 99, 15, 348.03
2026/09/15 01:54:07.866, 2, 166134, 100, 15, 337.36
2026/09/15 01:54:07.869, 3, 165812, 100, 15, 348.55
2026/09/15 01:54:08.871, 0, 166831, 99, 15, 350.13
2026/09/15 01:54:08.875, 1, 166132, 99, 15, 348.70
2026/09/15 01:54:08.878, 2, 166134, 100, 15, 337.36
2026/09/15 01:54:08.880, 3, 165812, 100, 15, 349.86
2026/09/15 01:54:09.883, 0, 166831, 99, 15, 332.62
2026/09/15 01:54:09.886, 1, 166132, 99, 15, 346.83
2026/09/15 01:54:09.889, 2, 166134, 100, 15, 340.18
2026/09/15 01:54:09.892, 3, 165812, 100, 15, 351.97
2026/09/15 01:54:10.895, 0, 166831, 100, 15, 349.55
2026/09/15 01:54:10.898, 1, 166132, 99, 15, 349.17
2026/09/15 01:54:10.901, 2, 166134, 100, 15, 336.77
2026/09/15 01:54:10.904, 3, 165812, 100, 15, 348.88
2026/09/15 01:54:11.906, 0, 166831, 99, 15, 350.30
2026/09/15 01:54:11.910, 1, 166132, 99, 15, 349.38
2026/09/15 01:54:11.912, 2, 166134, 100, 15, 335.71
2026/09/15 01:54:11.915, 3, 165812, 100, 15, 348.74
2026/09/15 01:54:12.918, 0, 166831, 99, 15, 350.76
2026/09/15 01:54:12.921, 1, 166132, 99, 15, 348.64
2026/09/15 01:54:12.924, 2, 166134, 100, 15, 336.64
2026/09/15 01:54:12.927, 3, 165812, 100, 15, 349.44
2026/09/15 01:54:13.930, 0, 166831, 99, 15, 333.57
2026/09/15 01:54:13.933, 1, 166132, 99, 15, 346.69
2026/09/15 01:54:13.936, 2, 166134, 100, 15, 340.04
2026/09/15 01:54:13.938, 3, 165812, 100, 15, 352.12
2026/09/15 01:54:14.941, 0, 166831, 99, 15, 349.20
2026/09/15 01:54:14.945, 1, 166132, 99, 15, 349.24
2026/09/15 01:54:14.947, 2, 166134, 100, 15, 336.07
2026/09/15 01:54:14.950, 3, 165812, 99, 15, 349.40
2026/09/15 01:54:15.953, 0, 166831, 99, 15, 350.08
2026/09/15 01:54:15.956, 1, 166132, 99, 15, 348.40
2026/09/15 01:54:15.959, 2, 166134, 99, 15, 336.45
2026/09/15 01:54:15.962, 3, 165812, 100, 15, 349.59
2026/09/15 01:54:16.965, 0, 166831, 99, 15, 350.10
2026/09/15 01:54:16.968, 1, 166132, 99, 15, 348.49
2026/09/15 01:54:16.971, 2, 166134, 99, 15, 336.45
2026/09/15 01:54:16.974, 3, 165812, 100, 15, 348.58
2026/09/15 01:54:17.976, 0, 166831, 44, 6, 333.81
2026/09/15 01:54:17.980, 1, 166132, 99, 15, 347.08
2026/09/15 01:54:17.983, 2, 166134, 86, 8, 339.38
2026/09/15 01:54:17.985, 3, 165812, 79, 1, 352.30
2026/09/15 01:54:18.988, 0, 166831, 99, 15, 347.56
2026/09/15 01:54:18.991, 1, 166132, 99, 15, 347.77
2026/09/15 01:54:18.994, 2, 166134, 99, 15, 337.33
2026/09/15 01:54:18.997, 3, 165812, 100, 15, 351.21
2026/09/15 01:54:20.000, 0, 166831, 99, 15, 349.38
2026/09/15 01:54:20.003, 1, 166132, 99, 15, 349.00
2026/09/15 01:54:20.006, 2, 166134, 100, 15, 336.86
2026/09/15 01:54:20.009, 3, 165812, 100, 15, 347.22
2026/09/15 01:54:21.012, 0, 166831, 99, 15, 350.77
2026/09/15 01:54:21.015, 1, 166132, 99, 15, 348.56
2026/09/15 01:54:21.018, 2, 166134, 100, 15, 336.69
2026/09/15 01:54:21.021, 3, 165812, 100, 15, 348.20
2026/09/15 01:54:22.024, 0, 166831, 99, 15, 349.75
2026/09/15 01:54:22.027, 1, 166132, 99, 15, 348.50
2026/09/15 01:54:22.030, 2, 166134, 99, 15, 336.19
2026/09/15 01:54:22.033, 3, 165812, 100, 15, 348.78
2026/09/15 01:54:23.036, 0, 166831, 99, 15, 332.68
2026/09/15 01:54:23.039, 1, 166132, 99, 15, 346.93
2026/09/15 01:54:23.042, 2, 166134, 100, 15, 339.25
2026/09/15 01:54:23.044, 3, 165812, 100, 15, 353.47
2026/09/15 01:54:24.047, 0, 166831, 100, 15, 349.33
2026/09/15 01:54:24.051, 1, 166132, 99, 15, 349.13
2026/09/15 01:54:24.053, 2, 166134, 99, 15, 337.00
2026/09/15 01:54:24.056, 3, 165812, 100, 15, 348.36
2026/09/15 01:54:25.059, 0, 166831, 99, 15, 350.30
2026/09/15 01:54:25.062, 1, 166132, 99, 15, 348.00
2026/09/15 01:54:25.065, 2, 166134, 100, 15, 337.61
2026/09/15 01:54:25.068, 3, 165812, 100, 15, 349.27
2026/09/15 01:54:26.071, 0, 166831, 99, 15, 351.07
2026/09/15 01:54:26.074, 1, 166132, 99, 15, 349.30
2026/09/15 01:54:26.077, 2, 166134, 99, 15, 337.14
2026/09/15 01:54:26.080, 3, 165812, 100, 15, 349.98
2026/09/15 01:54:27.082, 0, 166831, 99, 15, 340.19
2026/09/15 01:54:27.086, 1, 166132, 99, 15, 331.24
2026/09/15 01:54:27.089, 2, 166134, 99, 15, 338.38
2026/09/15 01:54:27.091, 3, 165812, 100, 15, 350.56
2026/09/15 01:54:28.094, 0, 166831, 99, 15, 349.69
2026/09/15 01:54:28.097, 1, 166132, 99, 15, 349.36
2026/09/15 01:54:28.100, 2, 166134, 99, 15, 336.39
2026/09/15 01:54:28.103, 3, 165812, 100, 15, 348.51
2026/09/15 01:54:29.106, 0, 166831, 99, 15, 349.62
2026/09/15 01:54:29.109, 1, 166132, 99, 15, 348.92
2026/09/15 01:54:29.112, 2, 166134, 99, 15, 337.37
2026/09/15 01:54:29.115, 3, 165812, 100, 15, 349.66
2026/09/15 01:54:30.118, 0, 166831, 100, 15, 350.69
2026/09/15 01:54:30.121, 1, 166132, 99, 15, 348.32
2026/09/15 01:54:30.124, 2, 166134, 99, 15, 337.52
2026/09/15 01:54:30.126, 3, 165812, 100, 15, 349.34
2026/09/15 01:54:31.129, 0, 166831, 38, 1, 341.86
2026/09/15 01:54:31.133, 1, 166132, 70, 11, 331.15
2026/09/15 01:54:31.136, 2, 166134, 91, 10, 339.42
2026/09/15 01:54:31.138, 3, 165812, 91, 10, 351.49
2026/09/15 01:54:32.141, 0, 166831, 99, 15, 350.18
2026/09/15 01:54:32.145, 1, 166132, 99, 15, 348.62
2026/09/15 01:54:32.148, 2, 166134, 100, 15, 336.99
2026/09/15 01:54:32.150, 3, 165812, 100, 15, 349.07
2026/09/15 01:54:33.153, 0, 166831, 99, 15, 349.73
2026/09/15 01:54:33.157, 1, 166132, 99, 15, 349.43
2026/09/15 01:54:33.159, 2, 166134, 99, 15, 336.69
2026/09/15 01:54:33.162, 3, 165812, 100, 15, 348.50
2026/09/15 01:54:34.165, 0, 166831, 100, 15, 349.32
2026/09/15 01:54:34.168, 1, 166132, 99, 15, 348.34
2026/09/15 01:54:34.171, 2, 166134, 100, 15, 336.55
2026/09/15 01:54:34.174, 3, 165812, 100, 15, 350.41
2026/09/15 01:54:35.177, 0, 166831, 99, 15, 351.26
2026/09/15 01:54:35.180, 1, 166132, 99, 15, 349.69
2026/09/15 01:54:35.183, 2, 166134, 100, 15, 336.44
2026/09/15 01:54:35.185, 3, 165812, 100, 15, 349.33
2026/09/15 01:54:36.188, 0, 166831, 99, 15, 339.77
2026/09/15 01:54:36.192, 1, 166132, 99, 15, 331.76
2026/09/15 01:54:36.194, 2, 166134, 99, 15, 339.43
2026/09/15 01:54:36.197, 3, 165812, 99, 15, 351.25
2026/09/15 01:54:37.200, 0, 166831, 99, 15, 350.34
2026/09/15 01:54:37.203, 1, 166132, 99, 15, 348.32
2026/09/15 01:54:37.206, 2, 166134, 99, 15, 336.61
2026/09/15 01:54:37.209, 3, 165812, 99, 15, 348.14
2026/09/15 01:54:38.212, 0, 166831, 99, 15, 349.69
2026/09/15 01:54:38.215, 1, 166132, 99, 15, 348.41
2026/09/15 01:54:38.218, 2, 166134, 99, 15, 336.93
2026/09/15 01:54:38.221, 3, 165812, 100, 15, 349.58
2026/09/15 01:54:39.224, 0, 166831, 99, 15, 350.38
2026/09/15 01:54:39.227, 1, 166132, 99, 15, 349.47
2026/09/15 01:54:39.229, 2, 166134, 99, 15, 337.83
2026/09/15 01:54:39.232, 3, 165812, 100, 15, 350.34
2026/09/15 01:54:40.235, 0, 166831, 100, 15, 346.84
2026/09/15 01:54:40.238, 1, 166132, 99, 15, 332.74
2026/09/15 01:54:40.241, 2, 166134, 99, 15, 340.58
2026/09/15 01:54:40.244, 3, 165812, 100, 15, 352.81
2026/09/15 01:54:41.247, 0, 166831, 100, 15, 349.75
2026/09/15 01:54:41.250, 1, 166132, 99, 15, 349.09
2026/09/15 01:54:41.253, 2, 166134, 99, 15, 336.50
2026/09/15 01:54:41.255, 3, 165812, 100, 15, 348.16
2026/09/15 01:54:42.258, 0, 166831, 100, 15, 350.20
2026/09/15 01:54:42.262, 1, 166132, 99, 15, 349.40
2026/09/15 01:54:42.264, 2, 166134, 100, 15, 336.09
2026/09/15 01:54:42.267, 3, 165812, 100, 15, 348.73
2026/09/15 01:54:43.270, 0, 166831, 99, 15, 349.79
2026/09/15 01:54:43.273, 1, 166132, 99, 15, 349.69
2026/09/15 01:54:43.276, 2, 166134, 99, 15, 337.16
2026/09/15 01:54:43.279, 3, 165812, 100, 15, 350.75
2026/09/15 01:54:44.282, 0, 166831, 77, 8, 343.39
2026/09/15 01:54:44.285, 1, 166132, 10, 1, 331.25
2026/09/15 01:54:44.288, 2, 166134, 80, 1, 339.86
2026/09/15 01:54:44.291, 3, 165812, 79, 1, 352.29
2026/09/15 01:54:45.294, 0, 166831, 99, 15, 349.84
2026/09/15 01:54:45.297, 1, 166132, 99, 15, 347.95
2026/09/15 01:54:45.300, 2, 166134, 99, 15, 335.46
2026/09/15 01:54:45.303, 3, 165812, 99, 15, 348.78
2026/09/15 01:54:46.305, 0, 166831, 100, 15, 349.54
2026/09/15 01:54:46.309, 1, 166132, 99, 15, 348.33
2026/09/15 01:54:46.311, 2, 166134, 100, 15, 336.25
2026/09/15 01:54:46.314, 3, 165812, 99, 15, 348.55
2026/09/15 01:54:47.317, 0, 166831, 99, 15, 350.35
2026/09/15 01:54:47.321, 1, 166132, 99, 15, 348.42
2026/09/15 01:54:47.323, 2, 166134, 99, 15, 336.11
2026/09/15 01:54:47.326, 3, 165812, 100, 15, 349.33
2026/09/15 01:54:48.329, 0, 166831, 100, 15, 350.18
2026/09/15 01:54:48.332, 1, 166132, 99, 15, 348.84
2026/09/15 01:54:48.335, 2, 166134, 99, 15, 337.44
2026/09/15 01:54:48.338, 3, 165812, 99, 15, 349.20
2026/09/15 01:54:49.341, 0, 166831, 99, 15, 343.70
2026/09/15 01:54:49.344, 1, 166132, 99, 15, 330.86
2026/09/15 01:54:49.347, 2, 166134, 100, 15, 339.34
2026/09/15 01:54:49.350, 3, 165812, 100, 15, 351.26
2026/09/15 01:54:50.353, 0, 166831, 99, 15, 349.40
2026/09/15 01:54:50.356, 1, 166132, 99, 15, 348.26
2026/09/15 01:54:50.359, 2, 166134, 99, 15, 335.05
2026/09/15 01:54:50.362, 3, 165812, 100, 15, 349.12
2026/09/15 01:54:51.364, 0, 166831, 99, 15, 350.03
2026/09/15 01:54:51.368, 1, 166132, 99, 15, 348.33
2026/09/15 01:54:51.371, 2, 166134, 99, 15, 336.78
2026/09/15 01:54:51.373, 3, 165812, 100, 15, 350.69
2026/09/15 01:54:52.376, 0, 166831, 100, 15, 350.46
2026/09/15 01:54:52.380, 1, 166132, 99, 15, 347.89
2026/09/15 01:54:52.382, 2, 166134, 99, 15, 336.43
2026/09/15 01:54:52.385, 3, 165812, 100, 15, 347.53
2026/09/15 01:54:53.388, 0, 166831, 99, 15, 345.00
2026/09/15 01:54:53.391, 1, 166132, 99, 15, 331.13
2026/09/15 01:54:53.394, 2, 166134, 100, 15, 339.97
2026/09/15 01:54:53.397, 3, 165812, 99, 15, 350.88
2026/09/15 01:54:54.400, 0, 166831, 99, 15, 350.50
2026/09/15 01:54:54.403, 1, 166132, 99, 15, 348.72
2026/09/15 01:54:54.406, 2, 166134, 99, 15, 336.54
2026/09/15 01:54:54.409, 3, 165812, 100, 15, 348.57
2026/09/15 01:54:55.412, 0, 166831, 99, 15, 349.62
2026/09/15 01:54:55.415, 1, 166132, 99, 15, 349.61
2026/09/15 01:54:55.418, 2, 166134, 100, 15, 336.24
2026/09/15 01:54:55.420, 3, 165812, 100, 15, 348.66
2026/09/15 01:54:56.423, 0, 166831, 99, 15, 350.77
2026/09/15 01:54:56.426, 1, 166132, 99, 15, 349.23
2026/09/15 01:54:56.429, 2, 166134, 99, 15, 337.00
2026/09/15 01:54:56.432, 3, 165812, 100, 15, 348.36
2026/09/15 01:54:57.435, 0, 166831, 39, 3, 344.01
2026/09/15 01:54:57.438, 1, 166132, 33, 5, 332.26
2026/09/15 01:54:57.441, 2, 166134, 81, 4, 339.84
2026/09/15 01:54:57.444, 3, 165812, 78, 4, 349.85
2026/09/15 01:54:58.447, 0, 166831, 99, 15, 349.42
2026/09/15 01:54:58.450, 1, 166132, 99, 15, 349.08
2026/09/15 01:54:58.453, 2, 166134, 99, 15, 336.22
2026/09/15 01:54:58.456, 3, 165812, 99, 15, 349.40
2026/09/15 01:54:59.458, 0, 166831, 100, 15, 349.70
2026/09/15 01:54:59.462, 1, 166132, 99, 15, 348.78
2026/09/15 01:54:59.464, 2, 166134, 99, 15, 336.09
2026/09/15 01:54:59.467, 3, 165812, 99, 15, 347.97
2026/09/15 01:55:00.470, 0, 166831, 99, 15, 349.88
2026/09/15 01:55:00.473, 1, 166132, 99, 15, 348.26
2026/09/15 01:55:00.476, 2, 166134, 99, 15, 336.52
2026/09/15 01:55:00.479, 3, 165812, 99, 15, 348.97
2026/09/15 01:55:01.482, 0, 166831, 99, 15, 350.35
2026/09/15 01:55:01.485, 1, 166132, 99, 15, 349.15
2026/09/15 01:55:01.488, 2, 166134, 99, 15, 336.69
2026/09/15 01:55:01.491, 3, 165812, 99, 15, 350.47
2026/09/15 01:55:02.494, 0, 166831, 100, 15, 341.28
2026/09/15 01:55:02.497, 1, 166132, 99, 15, 330.30
2026/09/15 01:55:02.500, 2, 166134, 99, 15, 339.79
2026/09/15 01:55:02.503, 3, 165812, 99, 15, 352.82
2026/09/15 01:55:03.506, 0, 166831, 99, 15, 349.98
2026/09/15 01:55:03.509, 1, 166132, 99, 15, 348.84
2026/09/15 01:55:03.512, 2, 166134, 99, 15, 335.49
2026/09/15 01:55:03.515, 3, 165812, 99, 15, 348.83
2026/09/15 01:55:04.518, 0, 166831, 99, 15, 349.68
2026/09/15 01:55:04.521, 1, 166132, 99, 15, 347.90
2026/09/15 01:55:04.524, 2, 166134, 99, 15, 336.07
2026/09/15 01:55:04.526, 3, 165812, 99, 15, 348.17
2026/09/15 01:55:05.529, 0, 166831, 100, 15, 351.37
2026/09/15 01:55:05.533, 1, 166132, 99, 15, 348.99
2026/09/15 01:55:05.535, 2, 166134, 99, 15, 337.14
2026/09/15 01:55:05.538, 3, 165812, 100, 15, 349.41
2026/09/15 01:55:06.541, 0, 166831, 99, 15, 341.64
2026/09/15 01:55:06.544, 1, 166132, 99, 15, 331.19
2026/09/15 01:55:06.547, 2, 166134, 99, 15, 339.16
2026/09/15 01:55:06.550, 3, 165812, 100, 15, 351.70
2026/09/15 01:55:07.553, 0, 166831, 99, 15, 349.30
2026/09/15 01:55:07.556, 1, 166132, 99, 15, 348.48
2026/09/15 01:55:07.559, 2, 166134, 99, 15, 336.10
2026/09/15 01:55:07.562, 3, 165812, 100, 15, 349.55
2026/09/15 01:55:08.565, 0, 166831, 100, 15, 349.78
2026/09/15 01:55:08.568, 1, 166132, 99, 15, 348.45
2026/09/15 01:55:08.571, 2, 166134, 100, 15, 335.85
2026/09/15 01:55:08.574, 3, 165812, 100, 15, 348.98
2026/09/15 01:55:09.577, 0, 166831, 99, 15, 349.92
2026/09/15 01:55:09.580, 1, 166132, 99, 15, 348.52
2026/09/15 01:55:09.583, 2, 166134, 99, 15, 337.40
2026/09/15 01:55:09.585, 3, 165812, 100, 15, 348.93
2026/09/15 01:55:10.588, 0, 166831, 48, 2, 341.35
2026/09/15 01:55:10.592, 1, 166132, 15, 2, 332.14
2026/09/15 01:55:10.594, 2, 166134, 99, 15, 338.69
2026/09/15 01:55:10.597, 3, 165812, 98, 15, 350.35
2026/09/15 01:55:11.600, 0, 166831, 99, 15, 349.19
2026/09/15 01:55:11.603, 1, 166132, 99, 15, 347.79
2026/09/15 01:55:11.606, 2, 166134, 100, 15, 336.33
2026/09/15 01:55:11.609, 3, 165812, 100, 15, 348.23
2026/09/15 01:55:12.612, 0, 166831, 99, 15, 349.63
2026/09/15 01:55:12.615, 1, 166132, 99, 15, 348.12
2026/09/15 01:55:12.618, 2, 166134, 100, 15, 336.80
2026/09/15 01:55:12.621, 3, 165812, 100, 15, 348.02
2026/09/15 01:55:13.624, 0, 166831, 99, 15, 350.36
2026/09/15 01:55:13.627, 1, 166132, 99, 15, 348.55
2026/09/15 01:55:13.630, 2, 166134, 100, 15, 336.83
2026/09/15 01:55:13.632, 3, 165812, 100, 15, 349.35
2026/09/15 01:55:14.635, 0, 166831, 99, 15, 349.96
2026/09/15 01:55:14.638, 1, 166132, 99, 15, 348.54
2026/09/15 01:55:14.641, 2, 166134, 99, 15, 337.10
2026/09/15 01:55:14.644, 3, 165812, 100, 15, 348.70
2026/09/15 01:55:15.647, 0, 166831, 99, 15, 341.78
2026/09/15 01:55:15.650, 1, 166132, 99, 15, 330.64
2026/09/15 01:55:15.653, 2, 166134, 99, 15, 339.39
2026/09/15 01:55:15.656, 3, 165812, 100, 15, 350.18
2026/09/15 01:55:16.659, 0, 166831, 99, 15, 349.97
2026/09/15 01:55:16.662, 1, 166132, 99, 15, 348.41
2026/09/15 01:55:16.665, 2, 166134, 100, 15, 336.56
2026/09/15 01:55:16.667, 3, 165812, 100, 15, 349.05
2026/09/15 01:55:17.670, 0, 166831, 99, 15, 349.84
2026/09/15 01:55:17.674, 1, 166132, 99, 15, 348.92
2026/09/15 01:55:17.676, 2, 166134, 100, 15, 336.17
2026/09/15 01:55:17.679, 3, 165812, 100, 15, 348.88
2026/09/15 01:55:18.682, 0, 166831, 99, 15, 349.79
2026/09/15 01:55:18.685, 1, 166132, 99, 15, 348.16
2026/09/15 01:55:18.688, 2, 166134, 99, 15, 336.06
2026/09/15 01:55:18.691, 3, 165812, 100, 15, 350.27
2026/09/15 01:55:19.694, 0, 166831, 99, 15, 332.88
2026/09/15 01:55:19.697, 1, 166132, 99, 15, 335.91
2026/09/15 01:55:19.700, 2, 166134, 99, 15, 339.21
2026/09/15 01:55:19.703, 3, 165812, 100, 15, 350.80
2026/09/15 01:55:20.706, 0, 166831, 99, 15, 349.68
2026/09/15 01:55:20.709, 1, 166132, 99, 15, 348.24
2026/09/15 01:55:20.712, 2, 166134, 99, 15, 336.23
2026/09/15 01:55:20.714, 3, 165812, 100, 15, 348.76
2026/09/15 01:55:21.717, 0, 166831, 100, 15, 349.82
2026/09/15 01:55:21.720, 1, 166132, 99, 15, 348.02
2026/09/15 01:55:21.723, 2, 166134, 99, 15, 336.27
2026/09/15 01:55:21.726, 3, 165812, 99, 15, 349.51
2026/09/15 01:55:22.729, 0, 166831, 99, 15, 349.59
2026/09/15 01:55:22.733, 1, 166132, 99, 15, 348.15
2026/09/15 01:55:22.735, 2, 166134, 99, 15, 336.76
2026/09/15 01:55:22.738, 3, 165812, 99, 15, 348.10
2026/09/15 01:55:23.741, 0, 166831, 85, 13, 333.90
2026/09/15 01:55:23.744, 1, 166132, 95, 13, 345.33
2026/09/15 01:55:23.747, 2, 166134, 100, 15, 339.38
2026/09/15 01:55:23.750, 3, 165812, 100, 15, 352.72
2026/09/15 01:55:24.753, 0, 166831, 99, 15, 349.34
2026/09/15 01:55:24.756, 1, 166132, 99, 15, 347.72
2026/09/15 01:55:24.758, 2, 166134, 100, 15, 335.71
2026/09/15 01:55:24.761, 3, 165812, 100, 15, 348.22
2026/09/15 01:55:25.764, 0, 166831, 100, 15, 349.44
2026/09/15 01:55:25.767, 1, 166132, 99, 15, 349.62
2026/09/15 01:55:25.770, 2, 166134, 100, 15, 336.37
2026/09/15 01:55:25.773, 3, 165812, 100, 15, 349.15
2026/09/15 01:55:26.776, 0, 166831, 99, 15, 349.98
2026/09/15 01:55:26.779, 1, 166132, 99, 15, 348.56
2026/09/15 01:55:26.782, 2, 166134, 100, 15, 337.15
2026/09/15 01:55:26.785, 3, 165812, 100, 15, 349.10
2026/09/15 01:55:27.788, 0, 166831, 100, 15, 349.67
2026/09/15 01:55:27.791, 1, 166132, 99, 15, 349.06
2026/09/15 01:55:27.794, 2, 166134, 100, 15, 337.28
2026/09/15 01:55:27.796, 3, 165812, 100, 15, 348.54
2026/09/15 01:55:28.799, 0, 166831, 100, 15, 333.28
2026/09/15 01:55:28.802, 1, 166132, 99, 15, 347.29
2026/09/15 01:55:28.805, 2, 166134, 99, 15, 339.96
2026/09/15 01:55:28.808, 3, 165812, 100, 15, 351.82
2026/09/15 01:55:29.811, 0, 166831, 100, 15, 349.61
2026/09/15 01:55:29.814, 1, 166132, 99, 15, 348.02
2026/09/15 01:55:29.817, 2, 166134, 99, 15, 336.17
2026/09/15 01:55:29.820, 3, 165812, 99, 15, 347.68
2026/09/15 01:55:30.823, 0, 166831, 99, 15, 350.37
2026/09/15 01:55:30.826, 1, 166132, 99, 15, 347.93
2026/09/15 01:55:30.829, 2, 166134, 100, 15, 336.54
2026/09/15 01:55:30.832, 3, 165812, 100, 15, 348.51
2026/09/15 01:55:31.835, 0, 166831, 100, 15, 350.36
2026/09/15 01:55:31.838, 1, 166132, 99, 15, 348.85
2026/09/15 01:55:31.841, 2, 166134, 99, 15, 336.93
2026/09/15 01:55:31.843, 3, 165812, 99, 15, 349.01
2026/09/15 01:55:32.846, 0, 166831, 99, 15, 333.87
2026/09/15 01:55:32.850, 1, 166132, 99, 15, 345.76
2026/09/15 01:55:32.853, 2, 166134, 99, 15, 339.85
2026/09/15 01:55:32.856, 3, 165812, 99, 15, 351.33
2026/09/15 01:55:33.858, 0, 166831, 100, 15, 350.07
2026/09/15 01:55:33.862, 1, 166132, 99, 15, 349.11
2026/09/15 01:55:33.864, 2, 166134, 99, 15, 336.31
2026/09/15 01:55:33.867, 3, 165812, 99, 15, 347.87
2026/09/15 01:55:34.870, 0, 166831, 99, 15, 350.43
2026/09/15 01:55:34.874, 1, 166132, 99, 15, 348.69
2026/09/15 01:55:34.876, 2, 166134, 99, 15, 336.70
2026/09/15 01:55:34.879, 3, 165812, 100, 15, 349.55
2026/09/15 01:55:35.882, 0, 166831, 99, 15, 349.67
2026/09/15 01:55:35.885, 1, 166132, 99, 15, 348.77
2026/09/15 01:55:35.888, 2, 166134, 99, 15, 336.53
2026/09/15 01:55:35.891, 3, 165812, 100, 15, 348.40
2026/09/15 01:55:36.894, 0, 166831, 99, 15, 333.29
2026/09/15 01:55:36.897, 1, 166132, 99, 15, 345.67
2026/09/15 01:55:36.900, 2, 166134, 91, 9, 340.01
2026/09/15 01:55:36.903, 3, 165812, 89, 8, 351.32
2026/09/15 01:55:37.906, 0, 166831, 99, 15, 349.00
2026/09/15 01:55:37.909, 1, 166132, 99, 15, 348.50
2026/09/15 01:55:37.912, 2, 166134, 99, 15, 336.54
2026/09/15 01:55:37.915, 3, 165812, 99, 15, 347.89
2026/09/15 01:55:38.918, 0, 166831, 100, 15, 349.61
2026/09/15 01:55:38.921, 1, 166132, 99, 15, 347.55
2026/09/15 01:55:38.924, 2, 166134, 99, 15, 335.83
2026/09/15 01:55:38.927, 3, 165812, 99, 15, 349.48
2026/09/15 01:55:39.929, 0, 166831, 100, 15, 349.86
2026/09/15 01:55:39.933, 1, 166132, 99, 15, 348.46
2026/09/15 01:55:39.936, 2, 166134, 99, 15, 336.70
2026/09/15 01:55:39.938, 3, 165812, 100, 15, 348.28
2026/09/15 01:55:40.941, 0, 166831, 99, 15, 350.25
2026/09/15 01:55:40.945, 1, 166132, 99, 15, 346.83
2026/09/15 01:55:40.947, 2, 166134, 87, 10, 337.50
2026/09/15 01:55:40.950, 3, 165812, 87, 10, 350.30
2026/09/15 01:55:41.953, 0, 166831, 99, 15, 333.48
2026/09/15 01:55:41.956, 1, 166132, 99, 15, 349.22
2026/09/15 01:55:41.959, 2, 166134, 100, 15, 339.49
2026/09/15 01:55:41.962, 3, 165812, 99, 15, 351.23
2026/09/15 01:55:42.965, 0, 166831, 99, 15, 349.37
2026/09/15 01:55:42.968, 1, 166132, 99, 15, 348.71
2026/09/15 01:55:42.971, 2, 166134, 100, 15, 336.40
2026/09/15 01:55:42.973, 3, 165812, 100, 15, 348.83
2026/09/15 01:55:43.976, 0, 166831, 100, 15, 350.41
2026/09/15 01:55:43.979, 1, 166132, 99, 15, 348.74
2026/09/15 01:55:43.982, 2, 166134, 99, 15, 336.54
2026/09/15 01:55:43.985, 3, 165812, 100, 15, 349.19
2026/09/15 01:55:44.988, 0, 166831, 99, 15, 349.28
2026/09/15 01:55:44.991, 1, 166132, 99, 15, 349.90
2026/09/15 01:55:44.994, 2, 166134, 100, 15, 337.31
2026/09/15 01:55:44.997, 3, 165812, 99, 15, 349.80
2026/09/15 01:55:46.000, 0, 166831, 99, 15, 332.89
2026/09/15 01:55:46.003, 1, 166132, 99, 15, 347.32
2026/09/15 01:55:46.006, 2, 166134, 99, 15, 340.73
2026/09/15 01:55:46.009, 3, 165812, 100, 15, 351.54
2026/09/15 01:55:47.011, 0, 166831, 99, 15, 349.42
2026/09/15 01:55:47.015, 1, 166132, 99, 15, 348.56
2026/09/15 01:55:47.018, 2, 166134, 100, 15, 336.01
2026/09/15 01:55:47.020, 3, 165812, 100, 15, 347.92
2026/09/15 01:55:48.023, 0, 166831, 100, 15, 349.13
2026/09/15 01:55:48.027, 1, 166132, 99, 15, 349.32
2026/09/15 01:55:48.030, 2, 166134, 99, 15, 336.11
2026/09/15 01:55:48.032, 3, 165812, 100, 15, 346.90
2026/09/15 01:55:49.035, 0, 166831, 99, 15, 349.91
2026/09/15 01:55:49.038, 1, 166132, 99, 15, 349.23
2026/09/15 01:55:49.041, 2, 166134, 99, 15, 335.44
2026/09/15 01:55:49.044, 3, 165812, 100, 15, 348.51
2026/09/15 01:55:50.047, 0, 166831, 43, 6, 333.83
2026/09/15 01:55:50.050, 1, 166132, 99, 15, 345.92
2026/09/15 01:55:50.053, 2, 166134, 99, 15, 339.79
2026/09/15 01:55:50.056, 3, 165812, 99, 15, 351.86
2026/09/15 01:55:51.059, 0, 166831, 99, 15, 349.46
2026/09/15 01:55:51.062, 1, 166132, 99, 15, 347.98
2026/09/15 01:55:51.065, 2, 166134, 100, 15, 335.78
2026/09/15 01:55:51.068, 3, 165812, 100, 15, 348.46
2026/09/15 01:55:52.071, 0, 166831, 99, 15, 349.44
2026/09/15 01:55:52.074, 1, 166132, 99, 15, 348.26
2026/09/15 01:55:52.077, 2, 166134, 100, 15, 335.64
2026/09/15 01:55:52.079, 3, 165812, 100, 15, 349.32
2026/09/15 01:55:53.082, 0, 166831, 100, 15, 349.55
2026/09/15 01:55:53.086, 1, 166132, 99, 15, 348.00
2026/09/15 01:55:53.088, 2, 166134, 100, 15, 336.58
2026/09/15 01:55:53.091, 3, 165812, 100, 15, 348.62
2026/09/15 01:55:54.094, 0, 166831, 80, 12, 345.93
2026/09/15 01:55:54.097, 1, 166132, 79, 12, 345.87
2026/09/15 01:55:54.100, 2, 166134, 100, 15, 336.01
2026/09/15 01:55:54.103, 3, 165812, 100, 15, 348.70
2026/09/15 01:55:55.106, 0, 166831, 99, 15, 347.43
2026/09/15 01:55:55.109, 1, 166132, 99, 15, 334.21
2026/09/15 01:55:55.112, 2, 166134, 99, 15, 339.73
2026/09/15 01:55:55.115, 3, 165812, 99, 15, 350.98
2026/09/15 01:55:56.118, 0, 166831, 100, 15, 349.91
2026/09/15 01:55:56.121, 1, 166132, 99, 15, 348.04
2026/09/15 01:55:56.124, 2, 166134, 99, 15, 336.53
2026/09/15 01:55:56.126, 3, 165812, 99, 15, 348.11
2026/09/15 01:55:57.129, 0, 166831, 99, 15, 349.57
2026/09/15 01:55:57.132, 1, 166132, 99, 15, 348.65
2026/09/15 01:55:57.135, 2, 166134, 99, 15, 335.61
2026/09/15 01:55:57.138, 3, 165812, 99, 15, 347.39
2026/09/15 01:55:58.141, 0, 166831, 99, 15, 350.29
2026/09/15 01:55:58.144, 1, 166132, 99, 15, 348.16
2026/09/15 01:55:58.147, 2, 166134, 99, 15, 337.06
2026/09/15 01:55:58.150, 3, 165812, 99, 15, 348.63
2026/09/15 01:55:59.153, 0, 166831, 100, 15, 344.61
2026/09/15 01:55:59.156, 1, 166132, 99, 15, 331.67
2026/09/15 01:55:59.159, 2, 166134, 100, 15, 338.59
2026/09/15 01:55:59.162, 3, 165812, 100, 15, 350.95
2026/09/15 01:56:00.165, 0, 166831, 99, 15, 349.40
2026/09/15 01:56:00.168, 1, 166132, 99, 15, 348.02
2026/09/15 01:56:00.171, 2, 166134, 99, 15, 335.39
2026/09/15 01:56:00.174, 3, 165812, 100, 15, 349.33
2026/09/15 01:56:01.176, 0, 166831, 99, 15, 349.89
2026/09/15 01:56:01.180, 1, 166132, 99, 15, 348.41
2026/09/15 01:56:01.182, 2, 166134, 100, 15, 336.00
2026/09/15 01:56:01.185, 3, 165812, 100, 15, 349.11
2026/09/15 01:56:02.188, 0, 166831, 99, 15, 350.44
2026/09/15 01:56:02.191, 1, 166132, 99, 15, 347.90
2026/09/15 01:56:02.194, 2, 166134, 100, 15, 336.39
2026/09/15 01:56:02.197, 3, 165812, 100, 15, 349.35
2026/09/15 01:56:03.200, 0, 166831, 99, 15, 344.94
2026/09/15 01:56:03.203, 1, 166132, 99, 15, 331.44
2026/09/15 01:56:03.206, 2, 166134, 100, 15, 338.99
2026/09/15 01:56:03.209, 3, 165812, 100, 15, 350.51
2026/09/15 01:56:04.212, 0, 166831, 99, 15, 350.05
2026/09/15 01:56:04.215, 1, 166132, 99, 15, 348.42
2026/09/15 01:56:04.218, 2, 166134, 99, 15, 335.55
2026/09/15 01:56:04.221, 3, 165812, 99, 15, 349.21
2026/09/15 01:56:05.224, 0, 166831, 99, 15, 348.97
2026/09/15 01:56:05.227, 1, 166132, 99, 15, 348.18
2026/09/15 01:56:05.230, 2, 166134, 99, 15, 335.29
2026/09/15 01:56:05.233, 3, 165812, 99, 15, 347.38
2026/09/15 01:56:06.236, 0, 166831, 99, 15, 349.59
2026/09/15 01:56:06.239, 1, 166132, 99, 15, 348.02
2026/09/15 01:56:06.242, 2, 166134, 99, 15, 336.13
2026/09/15 01:56:06.245, 3, 165812, 99, 15, 348.26
2026/09/15 01:56:07.247, 0, 166831, 100, 15, 345.24
2026/09/15 01:56:07.251, 1, 166132, 56, 2, 346.45
2026/09/15 01:56:07.253, 2, 166134, 99, 15, 339.30
2026/09/15 01:56:07.256, 3, 165812, 99, 15, 349.46
2026/09/15 01:56:08.259, 0, 166831, 99, 15, 337.24
2026/09/15 01:56:08.262, 1, 166132, 99, 15, 348.03
2026/09/15 01:56:08.265, 2, 166134, 100, 15, 337.38
2026/09/15 01:56:08.268, 3, 165812, 100, 15, 349.71
2026/09/15 01:56:09.271, 0, 166831, 100, 15, 349.16
2026/09/15 01:56:09.274, 1, 166132, 99, 15, 348.77
2026/09/15 01:56:09.277, 2, 166134, 100, 15, 336.51
2026/09/15 01:56:09.280, 3, 165812, 100, 15, 348.54
2026/09/15 01:56:10.282, 0, 166831, 100, 15, 349.59
2026/09/15 01:56:10.286, 1, 166132, 99, 15, 348.46
2026/09/15 01:56:10.289, 2, 166134, 100, 15, 336.44
2026/09/15 01:56:10.291, 3, 165812, 100, 15, 350.08
2026/09/15 01:56:11.294, 0, 166831, 100, 15, 349.95
2026/09/15 01:56:11.297, 1, 166132, 99, 15, 349.01
2026/09/15 01:56:11.300, 2, 166134, 99, 15, 336.46
2026/09/15 01:56:11.303, 3, 165812, 100, 15, 348.31
2026/09/15 01:56:12.306, 0, 166831, 99, 15, 332.65
2026/09/15 01:56:12.309, 1, 166132, 99, 15, 345.23
2026/09/15 01:56:12.312, 2, 166134, 99, 15, 339.64
2026/09/15 01:56:12.315, 3, 165812, 100, 15, 352.69
2026/09/15 01:56:13.317, 0, 166831, 99, 15, 349.04
2026/09/15 01:56:13.321, 1, 166132, 99, 15, 349.08
2026/09/15 01:56:13.323, 2, 166134, 99, 15, 336.07
2026/09/15 01:56:13.326, 3, 165812, 100, 15, 347.82
2026/09/15 01:56:14.329, 0, 166831, 100, 15, 349.14
2026/09/15 01:56:14.332, 1, 166132, 99, 15, 347.22
2026/09/15 01:56:14.335, 2, 166134, 100, 15, 336.33
2026/09/15 01:56:14.338, 3, 165812, 100, 15, 348.05
2026/09/15 01:56:15.341, 0, 166831, 99, 15, 349.49
2026/09/15 01:56:15.344, 1, 166132, 99, 15, 347.70
2026/09/15 01:56:15.347, 2, 166134, 99, 15, 336.39
2026/09/15 01:56:15.350, 3, 165812, 100, 15, 348.78
2026/09/15 01:56:16.352, 0, 166831, 99, 15, 331.80
2026/09/15 01:56:16.356, 1, 166132, 99, 15, 345.35
2026/09/15 01:56:16.359, 2, 166134, 99, 15, 340.35
2026/09/15 01:56:16.361, 3, 165812, 91, 10, 350.71
2026/09/15 01:56:17.364, 0, 166831, 99, 15, 348.85
2026/09/15 01:56:17.367, 1, 166132, 99, 15, 348.10
2026/09/15 01:56:17.370, 2, 166134, 99, 15, 335.25
2026/09/15 01:56:17.373, 3, 165812, 99, 15, 348.12
2026/09/15 01:56:18.376, 0, 166831, 100, 15, 349.99
2026/09/15 01:56:18.379, 1, 166132, 99, 15, 348.38
2026/09/15 01:56:18.382, 2, 166134, 99, 15, 336.21
2026/09/15 01:56:18.385, 3, 165812, 99, 15, 348.33
2026/09/15 01:56:19.388, 0, 166831, 99, 15, 349.91
2026/09/15 01:56:19.391, 1, 166132, 99, 15, 348.68
2026/09/15 01:56:19.394, 2, 166134, 99, 15, 335.92
2026/09/15 01:56:19.397, 3, 165812, 99, 15, 347.33
2026/09/15 01:56:20.399, 0, 166831, 99, 15, 338.93
2026/09/15 01:56:20.403, 1, 166132, 99, 15, 346.92
2026/09/15 01:56:20.405, 2, 166134, 85, 8, 337.89
2026/09/15 01:56:20.408, 3, 165812, 84, 8, 350.72
2026/09/15 01:56:21.411, 0, 166831, 99, 15, 340.93
2026/09/15 01:56:21.414, 1, 166132, 99, 15, 348.02
2026/09/15 01:56:21.417, 2, 166134, 99, 15, 338.53
2026/09/15 01:56:21.420, 3, 165812, 99, 15, 351.08
2026/09/15 01:56:22.423, 0, 166831, 99, 15, 349.33
2026/09/15 01:56:22.426, 1, 166132, 99, 15, 348.18
2026/09/15 01:56:22.429, 2, 166134, 99, 15, 336.16
2026/09/15 01:56:22.432, 3, 165812, 100, 15, 348.91
2026/09/15 01:56:23.434, 0, 166831, 99, 15, 349.77
2026/09/15 01:56:23.438, 1, 166132, 99, 15, 348.78
2026/09/15 01:56:23.441, 2, 166134, 100, 15, 337.01
2026/09/15 01:56:23.443, 3, 165812, 100, 15, 349.15
2026/09/15 01:56:24.446, 0, 166831, 99, 15, 349.53
2026/09/15 01:56:24.450, 1, 166132, 99, 15, 348.17
2026/09/15 01:56:24.452, 2, 166134, 99, 15, 336.75
2026/09/15 01:56:24.455, 3, 165812, 100, 15, 349.57
2026/09/15 01:56:25.458, 0, 166831, 100, 15, 331.87
2026/09/15 01:56:25.461, 1, 166132, 99, 15, 345.61
2026/09/15 01:56:25.464, 2, 166134, 100, 15, 338.58
2026/09/15 01:56:25.467, 3, 165812, 100, 15, 352.15
2026/09/15 01:56:26.470, 0, 166831, 99, 15, 348.83
2026/09/15 01:56:26.473, 1, 166132, 99, 15, 348.70
2026/09/15 01:56:26.476, 2, 166134, 99, 15, 336.27
2026/09/15 01:56:26.479, 3, 165812, 100, 15, 349.35
2026/09/15 01:56:27.482, 0, 166831, 99, 15, 349.44
2026/09/15 01:56:27.485, 1, 166132, 99, 15, 346.98
2026/09/15 01:56:27.488, 2, 166134, 100, 15, 336.09
2026/09/15 01:56:27.490, 3, 165812, 99, 15, 348.98
2026/09/15 01:56:28.493, 0, 166831, 99, 15, 349.62
2026/09/15 01:56:28.497, 1, 166132, 99, 15, 348.50
2026/09/15 01:56:28.499, 2, 166134, 100, 15, 336.13
2026/09/15 01:56:28.502, 3, 165812, 100, 15, 348.66
2026/09/15 01:56:29.505, 0, 166831, 99, 15, 332.85
2026/09/15 01:56:29.508, 1, 166132, 99, 15, 347.72
2026/09/15 01:56:29.511, 2, 166134, 99, 15, 338.84
2026/09/15 01:56:29.514, 3, 165812, 100, 15, 352.40
2026/09/15 01:56:30.517, 0, 166831, 100, 15, 349.48
2026/09/15 01:56:30.520, 1, 166132, 99, 15, 348.02
2026/09/15 01:56:30.523, 2, 166134, 100, 15, 336.02
2026/09/15 01:56:30.526, 3, 165812, 100, 15, 347.48
2026/09/15 01:56:31.529, 0, 166831, 99, 15, 349.25
2026/09/15 01:56:31.532, 1, 166132, 99, 15, 348.93
2026/09/15 01:56:31.535, 2, 166134, 99, 15, 336.77
2026/09/15 01:56:31.537, 3, 165812, 100, 15, 347.75
2026/09/15 01:56:32.540, 0, 166831, 99, 15, 349.92
2026/09/15 01:56:32.543, 1, 166132, 99, 15, 348.20
2026/09/15 01:56:32.546, 2, 166134, 99, 15, 336.15
2026/09/15 01:56:32.549, 3, 165812, 100, 15, 346.42
2026/09/15 01:56:33.552, 0, 166831, 70, 11, 339.02
2026/09/15 01:56:33.555, 1, 166132, 72, 11, 330.31
2026/09/15 01:56:33.558, 2, 166134, 0, 0, 319.52
2026/09/15 01:56:33.561, 3, 165812, 100, 15, 341.57
2026/09/15 01:56:34.563, 0, 166831, 0, 0, 228.70
2026/09/15 01:56:34.566, 1, 166132, 0, 0, 227.27
2026/09/15 01:56:34.569, 2, 166134, 0, 0, 216.37
2026/09/15 01:56:34.571, 3, 165812, 0, 0, 232.64
2026/09/15 01:56:35.574, 0, 166831, 0, 0, 228.40
2026/09/15 01:56:35.578, 1, 166132, 0, 0, 227.03
2026/09/15 01:56:35.581, 2, 166134, 0, 0, 215.70
2026/09/15 01:56:35.583, 3, 165812, 0, 0, 232.70
2026/09/15 01:56:36.586, 0, 166831, 0, 0, 228.41
2026/09/15 01:56:36.590, 1, 166132, 0, 0, 227.27
2026/09/15 01:56:36.592, 2, 166134, 0, 0, 215.63
2026/09/15 01:56:36.595, 3, 165812, 0, 0, 232.68
2026/09/15 01:56:37.597, 0, 166831, 0, 0, 228.41
2026/09/15 01:56:37.600, 1, 166132, 0, 0, 227.27
2026/09/15 01:56:37.603, 2, 166134, 0, 0, 215.55
2026/09/15 01:56:37.605, 3, 165812, 0, 0, 232.67
2026/09/15 01:56:38.608, 0, 166831, 0, 0, 228.41
2026/09/15 01:56:38.611, 1, 166132, 0, 0, 227.27
2026/09/15 01:56:38.614, 2, 166134, 0, 0, 215.63
2026/09/15 01:56:38.616, 3, 165812, 0, 0, 232.67
2026/09/15 01:56:39.619, 0, 166831, 0, 0, 228.41
2026/09/15 01:56:39.622, 1, 166132, 0, 0, 227.27
2026/09/15 01:56:39.624, 2, 166134, 0, 0, 215.39
2026/09/15 01:56:39.627, 3, 165812, 0, 0, 232.66
2026/09/15 01:56:40.629, 0, 166831, 0, 0, 228.41
2026/09/15 01:56:40.632, 1, 166132, 0, 0, 227.27
2026/09/15 01:56:40.635, 2, 166134, 0, 0, 215.55
2026/09/15 01:56:40.637, 3, 165812, 0, 0, 232.67
2026/09/15 01:56:41.640, 0, 166831, 0, 0, 228.41
2026/09/15 01:56:41.643, 1, 166132, 0, 0, 227.27
2026/09/15 01:56:41.646, 2, 166134, 0, 0, 215.54
2026/09/15 01:56:41.648, 3, 165812, 0, 0, 232.66
2026/09/15 01:56:42.651, 0, 166831, 0, 0, 228.41
2026/09/15 01:56:42.654, 1, 166132, 0, 0, 227.27
2026/09/15 01:56:42.657, 2, 166134, 0, 0, 215.55
2026/09/15 01:56:42.659, 3, 165812, 0, 0, 232.67
2026/09/15 01:56:43.662, 0, 166831, 0, 0, 228.41
2026/09/15 01:56:43.665, 1, 166132, 0, 0, 227.19
2026/09/15 01:56:43.668, 2, 166134, 0, 0, 215.54
2026/09/15 01:56:43.670, 3, 165812, 0, 0, 232.68
2026/09/15 01:56:44.673, 0, 166831, 0, 0, 228.41
2026/09/15 01:56:44.677, 1, 166132, 0, 0, 227.27
2026/09/15 01:56:44.680, 2, 166134, 0, 0, 215.54
2026/09/15 01:56:44.683, 3, 165812, 0, 0, 232.67
2026/09/15 01:56:45.686, 0, 166831, 0, 0, 228.41
2026/09/15 01:56:45.689, 1, 166132, 0, 0, 227.27
2026/09/15 01:56:45.692, 2, 166134, 0, 0, 215.54
2026/09/15 01:56:45.694, 3, 165812, 0, 0, 232.68
2026/09/15 01:56:46.697, 0, 166831, 10, 1, 235.95
2026/09/15 01:56:46.700, 1, 166132, 69, 1, 244.18
2026/09/15 01:56:46.703, 2, 166134, 8, 0, 238.78
2026/09/15 01:56:46.705, 3, 165812, 8, 0, 255.10
2026/09/15 01:56:47.708, 0, 166831, 0, 0, 242.96
2026/09/15 01:56:47.711, 1, 166132, 0, 0, 244.42
2026/09/15 01:56:47.713, 2, 166134, 0, 0, 233.26
2026/09/15 01:56:47.716, 3, 165812, 0, 0, 249.60
2026/09/15 01:56:48.718, 0, 166831, 100, 15, 317.64
2026/09/15 01:56:48.721, 1, 166132, 99, 15, 324.43
2026/09/15 01:56:48.724, 2, 166134, 99, 15, 317.85
2026/09/15 01:56:48.726, 3, 165812, 100, 15, 332.74
2026/09/15 01:56:49.729, 0, 166831, 99, 15, 348.44
2026/09/15 01:56:49.732, 1, 166132, 99, 15, 347.48
2026/09/15 01:56:49.734, 2, 166134, 100, 15, 335.06
2026/09/15 01:56:49.737, 3, 165812, 100, 15, 347.25
2026/09/15 01:56:50.739, 0, 166831, 99, 15, 349.04
2026/09/15 01:56:50.742, 1, 166132, 99, 15, 348.45
2026/09/15 01:56:50.745, 2, 166134, 100, 15, 335.29
2026/09/15 01:56:50.747, 3, 165812, 100, 15, 347.71
2026/09/15 01:56:51.750, 0, 166831, 99, 15, 349.05
2026/09/15 01:56:51.752, 1, 166132, 99, 15, 348.56
2026/09/15 01:56:51.755, 2, 166134, 100, 15, 336.17
2026/09/15 01:56:51.757, 3, 165812, 100, 15, 348.38
2026/09/15 01:56:52.760, 0, 166831, 99, 15, 342.49
2026/09/15 01:56:52.763, 1, 166132, 99, 15, 331.70
2026/09/15 01:56:52.765, 2, 166134, 100, 15, 336.91
2026/09/15 01:56:52.768, 3, 165812, 100, 15, 350.21
2026/09/15 01:56:53.770, 0, 166831, 99, 15, 349.47
2026/09/15 01:56:53.773, 1, 166132, 99, 15, 348.25
2026/09/15 01:56:53.775, 2, 166134, 99, 15, 335.78
2026/09/15 01:56:53.778, 3, 165812, 100, 15, 347.62
2026/09/15 01:56:54.780, 0, 166831, 99, 15, 349.44
2026/09/15 01:56:54.784, 1, 166132, 99, 15, 347.80
2026/09/15 01:56:54.786, 2, 166134, 99, 15, 336.26
2026/09/15 01:56:54.789, 3, 165812, 99, 15, 349.36
2026/09/15 01:56:55.791, 0, 166831, 99, 15, 349.31
2026/09/15 01:56:55.794, 1, 166132, 99, 15, 348.93
2026/09/15 01:56:55.796, 2, 166134, 99, 15, 336.00
2026/09/15 01:56:55.799, 3, 165812, 100, 15, 347.26
2026/09/15 01:56:56.801, 0, 166831, 46, 4, 342.07
2026/09/15 01:56:56.804, 1, 166132, 29, 4, 330.60
2026/09/15 01:56:56.807, 2, 166134, 73, 2, 336.63
2026/09/15 01:56:56.809, 3, 165812, 81, 2, 352.02
2026/09/15 01:56:57.812, 0, 166831, 100, 15, 349.54
2026/09/15 01:56:57.815, 1, 166132, 99, 15, 347.83
2026/09/15 01:56:57.817, 2, 166134, 100, 15, 335.65
2026/09/15 01:56:57.819, 3, 165812, 100, 15, 347.84
2026/09/15 01:56:58.822, 0, 166831, 99, 15, 349.74
2026/09/15 01:56:58.825, 1, 166132, 99, 15, 348.27
2026/09/15 01:56:58.827, 2, 166134, 100, 15, 335.97
2026/09/15 01:56:58.830, 3, 165812, 100, 15, 349.25
2026/09/15 01:56:59.832, 0, 166831, 99, 15, 349.32
2026/09/15 01:56:59.835, 1, 166132, 99, 15, 348.09
2026/09/15 01:56:59.837, 2, 166134, 100, 15, 335.23
2026/09/15 01:56:59.840, 3, 165812, 100, 15, 349.12
2026/09/15 01:57:00.842, 0, 166831, 99, 15, 349.65
2026/09/15 01:57:00.845, 1, 166132, 99, 15, 348.27
2026/09/15 01:57:00.848, 2, 166134, 99, 15, 336.32
2026/09/15 01:57:00.850, 3, 165812, 100, 15, 349.73
2026/09/15 01:57:01.853, 0, 166831, 99, 15, 341.94
2026/09/15 01:57:01.856, 1, 166132, 99, 15, 329.84
2026/09/15 01:57:01.858, 2, 166134, 100, 15, 334.54
2026/09/15 01:57:01.861, 3, 165812, 100, 15, 350.38
2026/09/15 01:57:02.863, 0, 166831, 99, 15, 349.58
2026/09/15 01:57:02.866, 1, 166132, 99, 15, 347.84
2026/09/15 01:57:02.868, 2, 166134, 99, 15, 336.27
2026/09/15 01:57:02.871, 3, 165812, 100, 15, 348.37
2026/09/15 01:57:03.873, 0, 166831, 99, 15, 349.17
2026/09/15 01:57:03.876, 1, 166132, 99, 15, 348.46
2026/09/15 01:57:03.879, 2, 166134, 99, 15, 335.46
2026/09/15 01:57:03.881, 3, 165812, 100, 15, 347.38
2026/09/15 01:57:04.884, 0, 166831, 99, 15, 349.47
2026/09/15 01:57:04.887, 1, 166132, 99, 15, 348.50
2026/09/15 01:57:04.890, 2, 166134, 99, 15, 336.48
2026/09/15 01:57:04.892, 3, 165812, 100, 15, 348.59
2026/09/15 01:57:05.895, 0, 166831, 99, 15, 343.64
2026/09/15 01:57:05.898, 1, 166132, 99, 15, 331.24
2026/09/15 01:57:05.901, 2, 166134, 99, 15, 337.27
2026/09/15 01:57:05.904, 3, 165812, 100, 15, 352.23
2026/09/15 01:57:06.907, 0, 166831, 99, 15, 348.51
2026/09/15 01:57:06.910, 1, 166132, 99, 15, 348.12
2026/09/15 01:57:06.912, 2, 166134, 99, 15, 335.48
2026/09/15 01:57:06.915, 3, 165812, 100, 15, 347.48
2026/09/15 01:57:07.918, 0, 166831, 99, 15, 348.86
2026/09/15 01:57:07.921, 1, 166132, 99, 15, 349.16
2026/09/15 01:57:07.924, 2, 166134, 99, 15, 335.65
2026/09/15 01:57:07.927, 3, 165812, 100, 15, 348.07
2026/09/15 01:57:08.929, 0, 166831, 99, 15, 349.32
2026/09/15 01:57:08.933, 1, 166132, 99, 15, 348.12
2026/09/15 01:57:08.935, 2, 166134, 99, 15, 336.54
2026/09/15 01:57:08.938, 3, 165812, 100, 15, 349.03
2026/09/15 01:57:09.941, 0, 166831, 35, 1, 339.32
2026/09/15 01:57:09.944, 1, 166132, 11, 1, 331.99
2026/09/15 01:57:09.947, 2, 166134, 78, 8, 336.15
2026/09/15 01:57:09.950, 3, 165812, 83, 8, 350.43
2026/09/15 01:57:10.953, 0, 166831, 99, 15, 348.95
2026/09/15 01:57:10.956, 1, 166132, 99, 15, 347.85
2026/09/15 01:57:10.959, 2, 166134, 99, 15, 335.97
2026/09/15 01:57:10.962, 3, 165812, 100, 15, 347.55
2026/09/15 01:57:11.964, 0, 166831, 99, 15, 350.36
2026/09/15 01:57:11.968, 1, 166132, 99, 15, 349.15
2026/09/15 01:57:11.970, 2, 166134, 99, 15, 334.88
2026/09/15 01:57:11.973, 3, 165812, 100, 15, 348.01
2026/09/15 01:57:12.976, 0, 166831, 99, 15, 349.43
2026/09/15 01:57:12.979, 1, 166132, 99, 15, 348.72
2026/09/15 01:57:12.982, 2, 166134, 99, 15, 336.08
2026/09/15 01:57:12.985, 3, 165812, 100, 15, 348.59
2026/09/15 01:57:13.988, 0, 166831, 100, 15, 350.08
2026/09/15 01:57:13.991, 1, 166132, 99, 15, 348.73
2026/09/15 01:57:13.994, 2, 166134, 99, 15, 336.83
2026/09/15 01:57:13.997, 3, 165812, 100, 15, 349.96
2026/09/15 01:57:14.999, 0, 166831, 99, 15, 343.32
2026/09/15 01:57:15.003, 1, 166132, 99, 15, 331.97
2026/09/15 01:57:15.006, 2, 166134, 99, 15, 336.04
2026/09/15 01:57:15.009, 3, 165812, 100, 15, 350.81
2026/09/15 01:57:16.011, 0, 166831, 100, 15, 349.51
2026/09/15 01:57:16.015, 1, 166132, 99, 15, 348.71
2026/09/15 01:57:16.017, 2, 166134, 99, 15, 335.74
2026/09/15 01:57:16.020, 3, 165812, 100, 15, 348.69
2026/09/15 01:57:17.023, 0, 166831, 99, 15, 349.07
2026/09/15 01:57:17.026, 1, 166132, 99, 15, 348.04
2026/09/15 01:57:17.029, 2, 166134, 99, 15, 335.88
2026/09/15 01:57:17.032, 3, 165812, 100, 15, 349.07
2026/09/15 01:57:18.035, 0, 166831, 99, 15, 349.34
2026/09/15 01:57:18.038, 1, 166132, 99, 15, 348.00
2026/09/15 01:57:18.041, 2, 166134, 99, 15, 336.45
2026/09/15 01:57:18.044, 3, 165812, 100, 15, 347.91
2026/09/15 01:57:19.047, 0, 166831, 99, 15, 339.39
2026/09/15 01:57:19.050, 1, 166132, 99, 15, 331.56
2026/09/15 01:57:19.053, 2, 166134, 100, 15, 335.78
2026/09/15 01:57:19.056, 3, 165812, 100, 15, 351.85
2026/09/15 01:57:20.058, 0, 166831, 99, 15, 349.32
2026/09/15 01:57:20.062, 1, 166132, 99, 15, 348.57
2026/09/15 01:57:20.065, 2, 166134, 99, 15, 335.38
2026/09/15 01:57:20.067, 3, 165812, 100, 15, 347.97
2026/09/15 01:57:21.070, 0, 166831, 99, 15, 349.40
2026/09/15 01:57:21.074, 1, 166132, 99, 15, 347.08
2026/09/15 01:57:21.076, 2, 166134, 99, 15, 334.96
2026/09/15 01:57:21.079, 3, 165812, 99, 15, 349.05
2026/09/15 01:57:22.082, 0, 166831, 99, 15, 349.52
2026/09/15 01:57:22.085, 1, 166132, 99, 15, 347.95
2026/09/15 01:57:22.088, 2, 166134, 99, 15, 335.45
2026/09/15 01:57:22.091, 3, 165812, 99, 15, 347.90
2026/09/15 01:57:23.094, 0, 166831, 67, 9, 341.31
2026/09/15 01:57:23.097, 1, 166132, 78, 12, 331.70
2026/09/15 01:57:23.100, 2, 166134, 74, 1, 337.12
2026/09/15 01:57:23.103, 3, 165812, 82, 1, 351.39
2026/09/15 01:57:24.106, 0, 166831, 99, 15, 349.33
2026/09/15 01:57:24.109, 1, 166132, 99, 15, 347.73
2026/09/15 01:57:24.112, 2, 166134, 99, 15, 336.45
2026/09/15 01:57:24.115, 3, 165812, 99, 15, 347.57
2026/09/15 01:57:25.117, 0, 166831, 99, 15, 348.83
2026/09/15 01:57:25.121, 1, 166132, 99, 15, 348.93
2026/09/15 01:57:25.124, 2, 166134, 99, 15, 336.31
2026/09/15 01:57:25.127, 3, 165812, 99, 15, 348.32
2026/09/15 01:57:26.130, 0, 166831, 99, 15, 349.04
2026/09/15 01:57:26.133, 1, 166132, 99, 15, 348.26
2026/09/15 01:57:26.136, 2, 166134, 99, 15, 336.54
2026/09/15 01:57:26.138, 3, 165812, 99, 15, 348.43
2026/09/15 01:57:27.141, 0, 166831, 99, 15, 349.91
2026/09/15 01:57:27.145, 1, 166132, 99, 15, 349.08
2026/09/15 01:57:27.147, 2, 166134, 99, 15, 336.86
2026/09/15 01:57:27.150, 3, 165812, 99, 15, 348.83
2026/09/15 01:57:28.153, 0, 166831, 99, 15, 339.67
2026/09/15 01:57:28.156, 1, 166132, 99, 15, 331.99
2026/09/15 01:57:28.159, 2, 166134, 100, 15, 335.35
2026/09/15 01:57:28.162, 3, 165812, 100, 15, 349.94
2026/09/15 01:57:29.165, 0, 166831, 99, 15, 349.30
2026/09/15 01:57:29.168, 1, 166132, 99, 15, 348.41
2026/09/15 01:57:29.171, 2, 166134, 99, 15, 335.88
2026/09/15 01:57:29.174, 3, 165812, 100, 15, 348.36
2026/09/15 01:57:30.177, 0, 166831, 99, 15, 349.45
2026/09/15 01:57:30.180, 1, 166132, 99, 15, 348.18
2026/09/15 01:57:30.183, 2, 166134, 100, 15, 335.07
2026/09/15 01:57:30.186, 3, 165812, 100, 15, 348.28
2026/09/15 01:57:31.189, 0, 166831, 99, 15, 349.15
2026/09/15 01:57:31.192, 1, 166132, 99, 15, 348.42
2026/09/15 01:57:31.195, 2, 166134, 100, 15, 337.32
2026/09/15 01:57:31.197, 3, 165812, 100, 15, 348.71
2026/09/15 01:57:32.200, 0, 166831, 100, 15, 338.81
2026/09/15 01:57:32.204, 1, 166132, 99, 15, 331.65
2026/09/15 01:57:32.206, 2, 166134, 100, 15, 333.45
2026/09/15 01:57:32.209, 3, 165812, 100, 15, 348.48
2026/09/15 01:57:33.212, 0, 166831, 99, 15, 348.81
2026/09/15 01:57:33.215, 1, 166132, 99, 15, 347.57
2026/09/15 01:57:33.218, 2, 166134, 100, 15, 335.37
2026/09/15 01:57:33.221, 3, 165812, 100, 15, 348.43
2026/09/15 01:57:34.224, 0, 166831, 99, 15, 348.96
2026/09/15 01:57:34.227, 1, 166132, 99, 15, 347.47
2026/09/15 01:57:34.230, 2, 166134, 100, 15, 335.70
2026/09/15 01:57:34.233, 3, 165812, 100, 15, 348.73
2026/09/15 01:57:35.236, 0, 166831, 99, 15, 349.47
2026/09/15 01:57:35.239, 1, 166132, 99, 15, 347.97
2026/09/15 01:57:35.242, 2, 166134, 100, 15, 335.83
2026/09/15 01:57:35.245, 3, 165812, 100, 15, 347.79
2026/09/15 01:57:36.248, 0, 166831, 50, 1, 345.32
2026/09/15 01:57:36.251, 1, 166132, 11, 1, 330.62
2026/09/15 01:57:36.254, 2, 166134, 83, 6, 336.55
2026/09/15 01:57:36.257, 3, 165812, 87, 6, 351.75
2026/09/15 01:57:37.260, 0, 166831, 99, 15, 349.22
2026/09/15 01:57:37.263, 1, 166132, 99, 15, 348.24
2026/09/15 01:57:37.266, 2, 166134, 100, 15, 335.92
2026/09/15 01:57:37.269, 3, 165812, 100, 15, 348.36
2026/09/15 01:57:38.271, 0, 166831, 100, 15, 348.87
2026/09/15 01:57:38.275, 1, 166132, 99, 15, 348.56
2026/09/15 01:57:38.278, 2, 166134, 100, 15, 336.20
2026/09/15 01:57:38.280, 3, 165812, 100, 15, 347.71
2026/09/15 01:57:39.283, 0, 166831, 99, 15, 349.20
2026/09/15 01:57:39.287, 1, 166132, 99, 15, 348.47
2026/09/15 01:57:39.289, 2, 166134, 100, 15, 336.18
2026/09/15 01:57:39.292, 3, 165812, 100, 15, 348.28
2026/09/15 01:57:40.295, 0, 166831, 99, 15, 349.52
2026/09/15 01:57:40.298, 1, 166132, 99, 15, 348.84
2026/09/15 01:57:40.301, 2, 166134, 100, 15, 335.88
2026/09/15 01:57:40.304, 3, 165812, 100, 15, 349.17
2026/09/15 01:57:41.307, 0, 166831, 99, 15, 342.49
2026/09/15 01:57:41.310, 1, 166132, 99, 15, 331.20
2026/09/15 01:57:41.313, 2, 166134, 99, 15, 336.79
2026/09/15 01:57:41.316, 3, 165812, 100, 15, 351.25
2026/09/15 01:57:42.318, 0, 166831, 99, 15, 349.66
2026/09/15 01:57:42.322, 1, 166132, 99, 15, 347.34
2026/09/15 01:57:42.324, 2, 166134, 99, 15, 336.05
2026/09/15 01:57:42.327, 3, 165812, 100, 15, 347.56
2026/09/15 01:57:43.330, 0, 166831, 99, 15, 349.12
2026/09/15 01:57:43.333, 1, 166132, 99, 15, 348.63
2026/09/15 01:57:43.336, 2, 166134, 100, 15, 335.69
2026/09/15 01:57:43.339, 3, 165812, 100, 15, 348.82
2026/09/15 01:57:44.342, 0, 166831, 99, 15, 349.43
2026/09/15 01:57:44.345, 1, 166132, 99, 15, 348.39
2026/09/15 01:57:44.348, 2, 166134, 99, 15, 336.38
2026/09/15 01:57:44.351, 3, 165812, 100, 15, 348.29
2026/09/15 01:57:45.353, 0, 166831, 99, 15, 340.66
2026/09/15 01:57:45.357, 1, 166132, 99, 15, 330.70
2026/09/15 01:57:45.359, 2, 166134, 100, 15, 335.55
2026/09/15 01:57:45.362, 3, 165812, 100, 15, 351.09
2026/09/15 01:57:46.365, 0, 166831, 99, 15, 349.15
2026/09/15 01:57:46.368, 1, 166132, 99, 15, 348.46
2026/09/15 01:57:46.371, 2, 166134, 100, 15, 335.40
2026/09/15 01:57:46.374, 3, 165812, 100, 15, 348.46
2026/09/15 01:57:47.377, 0, 166831, 99, 15, 349.43
2026/09/15 01:57:47.380, 1, 166132, 99, 15, 347.93
2026/09/15 01:57:47.383, 2, 166134, 99, 15, 336.09
2026/09/15 01:57:47.386, 3, 165812, 100, 15, 348.05
2026/09/15 01:57:48.389, 0, 166831, 100, 15, 349.73
2026/09/15 01:57:48.392, 1, 166132, 99, 15, 349.07
2026/09/15 01:57:48.395, 2, 166134, 99, 15, 336.95
2026/09/15 01:57:48.398, 3, 165812, 100, 15, 348.37
2026/09/15 01:57:49.401, 0, 166831, 99, 15, 343.88
2026/09/15 01:57:49.404, 1, 166132, 29, 4, 331.96
2026/09/15 01:57:49.407, 2, 166134, 100, 15, 336.04
2026/09/15 01:57:49.410, 3, 165812, 100, 15, 349.55
2026/09/15 01:57:50.412, 0, 166831, 99, 15, 348.07
2026/09/15 01:57:50.416, 1, 166132, 99, 15, 346.94
2026/09/15 01:57:50.419, 2, 166134, 99, 15, 336.17
2026/09/15 01:57:50.421, 3, 165812, 100, 15, 347.12
2026/09/15 01:57:51.424, 0, 166831, 99, 15, 349.28
2026/09/15 01:57:51.428, 1, 166132, 99, 15, 348.04
2026/09/15 01:57:51.430, 2, 166134, 100, 15, 335.09
2026/09/15 01:57:51.433, 3, 165812, 100, 15, 346.97
2026/09/15 01:57:52.436, 0, 166831, 99, 15, 349.21
2026/09/15 01:57:52.439, 1, 166132, 99, 15, 348.27
2026/09/15 01:57:52.442, 2, 166134, 99, 15, 335.70
2026/09/15 01:57:52.445, 3, 165812, 100, 15, 348.83
2026/09/15 01:57:53.448, 0, 166831, 99, 15, 348.65
2026/09/15 01:57:53.451, 1, 166132, 99, 15, 348.25
2026/09/15 01:57:53.454, 2, 166134, 99, 15, 336.27
2026/09/15 01:57:53.457, 3, 165812, 100, 15, 348.29
2026/09/15 01:57:54.459, 0, 166831, 100, 15, 340.71
2026/09/15 01:57:54.463, 1, 166132, 99, 15, 330.86
2026/09/15 01:57:54.466, 2, 166134, 100, 15, 336.96
2026/09/15 01:57:54.468, 3, 165812, 100, 15, 351.63
2026/09/15 01:57:55.471, 0, 166831, 99, 15, 349.43
2026/09/15 01:57:55.474, 1, 166132, 99, 15, 348.01
2026/09/15 01:57:55.477, 2, 166134, 100, 15, 336.00
2026/09/15 01:57:55.480, 3, 165812, 100, 15, 348.23
2026/09/15 01:57:56.483, 0, 166831, 99, 15, 349.83
2026/09/15 01:57:56.486, 1, 166132, 99, 15, 347.45
2026/09/15 01:57:56.489, 2, 166134, 100, 15, 335.35
2026/09/15 01:57:56.492, 3, 165812, 100, 15, 347.18
2026/09/15 01:57:57.495, 0, 166831, 99, 15, 349.70
2026/09/15 01:57:57.498, 1, 166132, 99, 15, 348.39
2026/09/15 01:57:57.501, 2, 166134, 100, 15, 336.27
2026/09/15 01:57:57.504, 3, 165812, 100, 15, 348.76
2026/09/15 01:57:58.507, 0, 166831, 99, 15, 334.13
2026/09/15 01:57:58.510, 1, 166132, 99, 15, 346.25
2026/09/15 01:57:58.513, 2, 166134, 99, 15, 338.17
2026/09/15 01:57:58.516, 3, 165812, 99, 15, 350.11
2026/09/15 01:57:59.518, 0, 166831, 99, 15, 349.23
2026/09/15 01:57:59.522, 1, 166132, 99, 15, 348.19
2026/09/15 01:57:59.525, 2, 166134, 99, 15, 335.72
2026/09/15 01:57:59.527, 3, 165812, 100, 15, 348.38
2026/09/15 01:58:00.530, 0, 166831, 99, 15, 349.28
2026/09/15 01:58:00.534, 1, 166132, 99, 15, 348.48
2026/09/15 01:58:00.536, 2, 166134, 99, 15, 335.81
2026/09/15 01:58:00.539, 3, 165812, 100, 15, 348.48
2026/09/15 01:58:01.542, 0, 166831, 100, 15, 349.22
2026/09/15 01:58:01.545, 1, 166132, 99, 15, 348.41
2026/09/15 01:58:01.548, 2, 166134, 99, 15, 335.70
2026/09/15 01:58:01.551, 3, 165812, 100, 15, 349.01
2026/09/15 01:58:02.554, 0, 166831, 99, 15, 333.15
2026/09/15 01:58:02.557, 1, 166132, 95, 14, 346.25
2026/09/15 01:58:02.560, 2, 166134, 73, 1, 336.35
2026/09/15 01:58:02.563, 3, 165812, 82, 1, 351.99
2026/09/15 01:58:03.565, 0, 166831, 99, 15, 349.08
2026/09/15 01:58:03.569, 1, 166132, 99, 15, 348.78
2026/09/15 01:58:03.572, 2, 166134, 100, 15, 335.54
2026/09/15 01:58:03.574, 3, 165812, 100, 15, 347.88
2026/09/15 01:58:04.577, 0, 166831, 100, 15, 348.82
2026/09/15 01:58:04.581, 1, 166132, 99, 15, 348.69
2026/09/15 01:58:04.583, 2, 166134, 100, 15, 336.98
2026/09/15 01:58:04.586, 3, 165812, 99, 15, 348.02
2026/09/15 01:58:05.589, 0, 166831, 100, 15, 349.37
2026/09/15 01:58:05.592, 1, 166132, 99, 15, 347.38
2026/09/15 01:58:05.595, 2, 166134, 100, 15, 335.93
2026/09/15 01:58:05.598, 3, 165812, 100, 15, 346.88
2026/09/15 01:58:06.601, 0, 166831, 99, 15, 349.59
2026/09/15 01:58:06.604, 1, 166132, 99, 15, 345.09
2026/09/15 01:58:06.607, 2, 166134, 99, 15, 335.10
2026/09/15 01:58:06.610, 3, 165812, 100, 15, 346.96
2026/09/15 01:58:07.613, 0, 166831, 100, 15, 333.76
2026/09/15 01:58:07.616, 1, 166132, 99, 15, 347.92
2026/09/15 01:58:07.619, 2, 166134, 99, 15, 336.69
2026/09/15 01:58:07.622, 3, 165812, 99, 15, 351.15
2026/09/15 01:58:08.624, 0, 166831, 99, 15, 349.58
2026/09/15 01:58:08.628, 1, 166132, 99, 15, 348.87
2026/09/15 01:58:08.630, 2, 166134, 99, 15, 336.11
2026/09/15 01:58:08.633, 3, 165812, 99, 15, 348.27
2026/09/15 01:58:09.636, 0, 166831, 100, 15, 349.54
2026/09/15 01:58:09.639, 1, 166132, 99, 15, 348.03
2026/09/15 01:58:09.642, 2, 166134, 99, 15, 335.44
2026/09/15 01:58:09.645, 3, 165812, 100, 15, 347.23
2026/09/15 01:58:10.648, 0, 166831, 99, 15, 349.91
2026/09/15 01:58:10.651, 1, 166132, 99, 15, 348.40
2026/09/15 01:58:10.654, 2, 166134, 99, 15, 335.76
2026/09/15 01:58:10.657, 3, 165812, 100, 15, 349.12
2026/09/15 01:58:11.660, 0, 166831, 99, 15, 333.17
2026/09/15 01:58:11.663, 1, 166132, 99, 15, 346.82
2026/09/15 01:58:11.666, 2, 166134, 100, 15, 337.56
2026/09/15 01:58:11.669, 3, 165812, 100, 15, 352.28
2026/09/15 01:58:12.672, 0, 166831, 99, 15, 348.95
2026/09/15 01:58:12.675, 1, 166132, 99, 15, 347.29
2026/09/15 01:58:12.678, 2, 166134, 99, 15, 335.19
2026/09/15 01:58:12.680, 3, 165812, 100, 15, 348.16
2026/09/15 01:58:13.683, 0, 166831, 99, 15, 349.03
2026/09/15 01:58:13.687, 1, 166132, 99, 15, 347.72
2026/09/15 01:58:13.689, 2, 166134, 99, 15, 335.92
2026/09/15 01:58:13.692, 3, 165812, 99, 15, 347.19
2026/09/15 01:58:14.695, 0, 166831, 99, 15, 349.65
2026/09/15 01:58:14.698, 1, 166132, 99, 15, 347.64
2026/09/15 01:58:14.701, 2, 166134, 99, 15, 336.34
2026/09/15 01:58:14.704, 3, 165812, 100, 15, 348.13
2026/09/15 01:58:15.707, 0, 166831, 57, 9, 333.47
2026/09/15 01:58:15.710, 1, 166132, 99, 15, 346.58
2026/09/15 01:58:15.713, 2, 166134, 83, 7, 337.63
2026/09/15 01:58:15.716, 3, 165812, 89, 8, 353.36
2026/09/15 01:58:16.719, 0, 166831, 100, 15, 348.73
2026/09/15 01:58:16.722, 1, 166132, 99, 15, 348.30
2026/09/15 01:58:16.725, 2, 166134, 100, 15, 335.04
2026/09/15 01:58:16.728, 3, 165812, 100, 15, 348.54
2026/09/15 01:58:17.731, 0, 166831, 99, 15, 349.08
2026/09/15 01:58:17.734, 1, 166132, 99, 15, 348.39
2026/09/15 01:58:17.737, 2, 166134, 100, 15, 335.64
2026/09/15 01:58:17.739, 3, 165812, 100, 15, 347.35
2026/09/15 01:58:18.742, 0, 166831, 99, 15, 349.46
2026/09/15 01:58:18.745, 1, 166132, 99, 15, 348.73
2026/09/15 01:58:18.748, 2, 166134, 100, 15, 335.31
2026/09/15 01:58:18.751, 3, 165812, 100, 15, 349.12
2026/09/15 01:58:19.754, 0, 166831, 62, 9, 344.53
2026/09/15 01:58:19.757, 1, 166132, 99, 15, 347.71
2026/09/15 01:58:19.760, 2, 166134, 100, 15, 334.85
2026/09/15 01:58:19.763, 3, 165812, 100, 15, 348.51
2026/09/15 01:58:20.765, 0, 166831, 99, 15, 336.99
2026/09/15 01:58:20.769, 1, 166132, 99, 15, 346.26
2026/09/15 01:58:20.771, 2, 166134, 99, 15, 339.11
2026/09/15 01:58:20.774, 3, 165812, 99, 15, 352.75
2026/09/15 01:58:21.777, 0, 166831, 100, 15, 349.67
2026/09/15 01:58:21.780, 1, 166132, 99, 15, 348.10
2026/09/15 01:58:21.783, 2, 166134, 99, 15, 336.03
2026/09/15 01:58:21.786, 3, 165812, 99, 15, 348.25
2026/09/15 01:58:22.789, 0, 166831, 99, 15, 349.32
2026/09/15 01:58:22.792, 1, 166132, 99, 15, 349.41
2026/09/15 01:58:22.795, 2, 166134, 99, 15, 336.34
2026/09/15 01:58:22.798, 3, 165812, 99, 15, 346.74
2026/09/15 01:58:23.801, 0, 166831, 100, 15, 349.80
2026/09/15 01:58:23.804, 1, 166132, 99, 15, 348.08
2026/09/15 01:58:23.807, 2, 166134, 99, 15, 336.70
2026/09/15 01:58:23.810, 3, 165812, 99, 15, 348.84
2026/09/15 01:58:24.812, 0, 166831, 99, 15, 342.49
2026/09/15 01:58:24.816, 1, 166132, 99, 15, 330.54
2026/09/15 01:58:24.819, 2, 166134, 99, 15, 337.75
2026/09/15 01:58:24.821, 3, 165812, 99, 15, 349.74
2026/09/15 01:58:25.824, 0, 166831, 100, 15, 348.49
2026/09/15 01:58:25.827, 1, 166132, 99, 15, 347.96
2026/09/15 01:58:25.830, 2, 166134, 99, 15, 335.82
2026/09/15 01:58:25.833, 3, 165812, 99, 15, 348.74
2026/09/15 01:58:26.836, 0, 166831, 99, 15, 349.09
2026/09/15 01:58:26.839, 1, 166132, 99, 15, 348.39
2026/09/15 01:58:26.842, 2, 166134, 99, 15, 335.62
2026/09/15 01:58:26.845, 3, 165812, 99, 15, 348.53
2026/09/15 01:58:27.848, 0, 166831, 100, 15, 349.18
2026/09/15 01:58:27.851, 1, 166132, 99, 15, 348.49
2026/09/15 01:58:27.854, 2, 166134, 99, 15, 335.52
2026/09/15 01:58:27.857, 3, 165812, 99, 15, 347.99
2026/09/15 01:58:28.859, 0, 166831, 99, 15, 339.26
2026/09/15 01:58:28.863, 1, 166132, 37, 5, 332.07
2026/09/15 01:58:28.866, 2, 166134, 100, 15, 338.62
2026/09/15 01:58:28.869, 3, 165812, 100, 15, 349.00
2026/09/15 01:58:29.871, 0, 166831, 99, 15, 349.52
2026/09/15 01:58:29.875, 1, 166132, 99, 15, 348.58
2026/09/15 01:58:29.878, 2, 166134, 99, 15, 334.95
2026/09/15 01:58:29.880, 3, 165812, 100, 15, 347.66
2026/09/15 01:58:30.883, 0, 166831, 99, 15, 349.22
2026/09/15 01:58:30.886, 1, 166132, 99, 15, 347.55
2026/09/15 01:58:30.889, 2, 166134, 100, 15, 335.78
2026/09/15 01:58:30.892, 3, 165812, 100, 15, 347.52
2026/09/15 01:58:31.895, 0, 166831, 99, 15, 349.64
2026/09/15 01:58:31.898, 1, 166132, 99, 15, 348.51
2026/09/15 01:58:31.901, 2, 166134, 100, 15, 335.74
2026/09/15 01:58:31.904, 3, 165812, 100, 15, 348.97
2026/09/15 01:58:32.907, 0, 166831, 100, 15, 347.06
2026/09/15 01:58:32.910, 1, 166132, 83, 13, 339.04
2026/09/15 01:58:32.913, 2, 166134, 99, 15, 337.37
2026/09/15 01:58:32.915, 3, 165812, 91, 14, 349.11
2026/09/15 01:58:33.918, 0, 166831, 99, 15, 341.64
2026/09/15 01:58:33.922, 1, 166132, 99, 15, 339.93
2026/09/15 01:58:33.924, 2, 166134, 99, 15, 336.52
2026/09/15 01:58:33.927, 3, 165812, 100, 15, 348.83
2026/09/15 01:58:34.930, 0, 166831, 99, 15, 348.98
2026/09/15 01:58:34.933, 1, 166132, 99, 15, 348.79
2026/09/15 01:58:34.936, 2, 166134, 99, 15, 336.01
2026/09/15 01:58:34.939, 3, 165812, 100, 15, 348.17
2026/09/15 01:58:35.942, 0, 166831, 99, 15, 350.01
2026/09/15 01:58:35.945, 1, 166132, 99, 15, 347.89
2026/09/15 01:58:35.948, 2, 166134, 99, 15, 335.97
2026/09/15 01:58:35.951, 3, 165812, 100, 15, 350.20
2026/09/15 01:58:36.954, 0, 166831, 99, 15, 349.72
2026/09/15 01:58:36.957, 1, 166132, 99, 15, 348.88
2026/09/15 01:58:36.960, 2, 166134, 100, 15, 335.96
2026/09/15 01:58:36.962, 3, 165812, 100, 15, 348.20
2026/09/15 01:58:37.965, 0, 166831, 99, 15, 337.38
2026/09/15 01:58:37.969, 1, 166132, 99, 15, 332.20
2026/09/15 01:58:37.971, 2, 166134, 99, 15, 336.40
2026/09/15 01:58:37.974, 3, 165812, 100, 15, 346.53
2026/09/15 01:58:38.977, 0, 166831, 99, 15, 349.77
2026/09/15 01:58:38.980, 1, 166132, 99, 15, 348.55
2026/09/15 01:58:38.983, 2, 166134, 100, 15, 336.27
2026/09/15 01:58:38.986, 3, 165812, 100, 15, 348.43
2026/09/15 01:58:39.989, 0, 166831, 99, 15, 350.08
2026/09/15 01:58:39.992, 1, 166132, 99, 15, 348.26
2026/09/15 01:58:39.995, 2, 166134, 99, 15, 336.71
2026/09/15 01:58:39.997, 3, 165812, 100, 15, 348.08
2026/09/15 01:58:41.000, 0, 166831, 99, 15, 349.71
2026/09/15 01:58:41.004, 1, 166132, 99, 15, 348.40
2026/09/15 01:58:41.006, 2, 166134, 100, 15, 336.03
2026/09/15 01:58:41.009, 3, 165812, 100, 15, 349.28
2026/09/15 01:58:42.012, 0, 166831, 99, 15, 333.66
2026/09/15 01:58:42.015, 1, 166132, 99, 15, 346.13
2026/09/15 01:58:42.018, 2, 166134, 100, 15, 338.47
2026/09/15 01:58:42.021, 3, 165812, 99, 15, 350.01
2026/09/15 01:58:43.024, 0, 166831, 99, 15, 348.93
2026/09/15 01:58:43.027, 1, 166132, 99, 15, 348.27
2026/09/15 01:58:43.030, 2, 166134, 99, 15, 335.78
2026/09/15 01:58:43.033, 3, 165812, 99, 15, 348.17
2026/09/15 01:58:44.036, 0, 166831, 99, 15, 349.37
2026/09/15 01:58:44.039, 1, 166132, 99, 15, 348.41
2026/09/15 01:58:44.042, 2, 166134, 99, 15, 335.41
2026/09/15 01:58:44.045, 3, 165812, 99, 15, 348.84
2026/09/15 01:58:45.048, 0, 166831, 99, 15, 350.02
2026/09/15 01:58:45.051, 1, 166132, 99, 15, 348.55
2026/09/15 01:58:45.054, 2, 166134, 99, 15, 335.93
2026/09/15 01:58:45.057, 3, 165812, 99, 15, 348.68
2026/09/15 01:58:46.059, 0, 166831, 100, 15, 340.45
2026/09/15 01:58:46.063, 1, 166132, 99, 15, 346.82
2026/09/15 01:58:46.065, 2, 166134, 78, 3, 336.83
2026/09/15 01:58:46.068, 3, 165812, 73, 3, 348.47
2026/09/15 01:58:47.071, 0, 166831, 99, 15, 341.74
2026/09/15 01:58:47.074, 1, 166132, 99, 15, 347.28
2026/09/15 01:58:47.077, 2, 166134, 100, 15, 337.39
2026/09/15 01:58:47.080, 3, 165812, 100, 15, 350.03
2026/09/15 01:58:48.083, 0, 166831, 100, 15, 348.77
2026/09/15 01:58:48.086, 1, 166132, 99, 15, 348.48
2026/09/15 01:58:48.089, 2, 166134, 100, 15, 336.00
2026/09/15 01:58:48.092, 3, 165812, 100, 15, 348.21
2026/09/15 01:58:49.094, 0, 166831, 100, 15, 349.44
2026/09/15 01:58:49.098, 1, 166132, 99, 15, 347.98
2026/09/15 01:58:49.100, 2, 166134, 100, 15, 336.41
2026/09/15 01:58:49.103, 3, 165812, 100, 15, 347.83
2026/09/15 01:58:50.106, 0, 166831, 99, 15, 350.09
2026/09/15 01:58:50.109, 1, 166132, 99, 15, 349.83
2026/09/15 01:58:50.112, 2, 166134, 99, 15, 336.45
2026/09/15 01:58:50.115, 3, 165812, 100, 15, 348.32
2026/09/15 01:58:51.118, 0, 166831, 100, 15, 332.75
2026/09/15 01:58:51.121, 1, 166132, 99, 15, 346.55
2026/09/15 01:58:51.124, 2, 166134, 99, 15, 339.56
2026/09/15 01:58:51.127, 3, 165812, 99, 15, 350.23
2026/09/15 01:58:52.130, 0, 166831, 100, 15, 348.60
2026/09/15 01:58:52.133, 1, 166132, 99, 15, 347.44
2026/09/15 01:58:52.136, 2, 166134, 99, 15, 335.43
2026/09/15 01:58:52.138, 3, 165812, 99, 15, 347.19
2026/09/15 01:58:53.141, 0, 166831, 99, 15, 349.22
2026/09/15 01:58:53.144, 1, 166132, 99, 15, 348.46
2026/09/15 01:58:53.147, 2, 166134, 99, 15, 336.26
2026/09/15 01:58:53.150, 3, 165812, 100, 15, 348.94
2026/09/15 01:58:54.153, 0, 166831, 99, 15, 349.66
2026/09/15 01:58:54.156, 1, 166132, 99, 15, 348.48
2026/09/15 01:58:54.159, 2, 166134, 99, 15, 336.33
2026/09/15 01:58:54.162, 3, 165812, 100, 15, 348.23
2026/09/15 01:58:55.165, 0, 166831, 99, 15, 332.71
2026/09/15 01:58:55.168, 1, 166132, 99, 15, 347.46
2026/09/15 01:58:55.171, 2, 166134, 100, 15, 341.22
2026/09/15 01:58:55.173, 3, 165812, 99, 15, 351.97
2026/09/15 01:58:56.176, 0, 166831, 100, 15, 349.43
2026/09/15 01:58:56.179, 1, 166132, 99, 15, 348.04
2026/09/15 01:58:56.182, 2, 166134, 99, 15, 335.71
2026/09/15 01:58:56.185, 3, 165812, 99, 15, 347.54
2026/09/15 01:58:57.188, 0, 166831, 100, 15, 350.16
2026/09/15 01:58:57.191, 1, 166132, 99, 15, 348.56
2026/09/15 01:58:57.194, 2, 166134, 100, 15, 335.70
2026/09/15 01:58:57.197, 3, 165812, 99, 15, 348.10
2026/09/15 01:58:58.200, 0, 166831, 99, 15, 349.19
2026/09/15 01:58:58.203, 1, 166132, 99, 15, 348.47
2026/09/15 01:58:58.206, 2, 166134, 100, 15, 335.47
2026/09/15 01:58:58.209, 3, 165812, 99, 15, 348.28
2026/09/15 01:58:59.211, 0, 166831, 47, 7, 343.44
2026/09/15 01:58:59.215, 1, 166132, 99, 15, 346.92
2026/09/15 01:58:59.217, 2, 166134, 80, 1, 339.55
2026/09/15 01:58:59.220, 3, 165812, 100, 15, 347.86
2026/09/15 01:59:00.223, 0, 166831, 99, 15, 337.38
2026/09/15 01:59:00.226, 1, 166132, 99, 15, 348.27
2026/09/15 01:59:00.229, 2, 166134, 99, 15, 335.55
2026/09/15 01:59:00.232, 3, 165812, 99, 15, 349.25
2026/09/15 01:59:01.235, 0, 166831, 99, 15, 349.92
2026/09/15 01:59:01.238, 1, 166132, 99, 15, 348.55
2026/09/15 01:59:01.241, 2, 166134, 99, 15, 335.36
2026/09/15 01:59:01.243, 3, 165812, 99, 15, 348.66
2026/09/15 01:59:02.246, 0, 166831, 99, 15, 349.69
2026/09/15 01:59:02.249, 1, 166132, 99, 15, 348.54
2026/09/15 01:59:02.252, 2, 166134, 99, 15, 336.01
2026/09/15 01:59:02.255, 3, 165812, 99, 15, 348.22
2026/09/15 01:59:03.258, 0, 166831, 99, 15, 349.40
2026/09/15 01:59:03.261, 1, 166132, 99, 15, 348.56
2026/09/15 01:59:03.264, 2, 166134, 99, 15, 336.75
2026/09/15 01:59:03.266, 3, 165812, 99, 15, 348.97
2026/09/15 01:59:04.269, 0, 166831, 99, 15, 332.69
2026/09/15 01:59:04.273, 1, 166132, 99, 15, 346.86
2026/09/15 01:59:04.275, 2, 166134, 99, 15, 339.78
2026/09/15 01:59:04.278, 3, 165812, 99, 15, 350.65
2026/09/15 01:59:05.281, 0, 166831, 99, 15, 349.79
2026/09/15 01:59:05.284, 1, 166132, 99, 15, 348.78
2026/09/15 01:59:05.287, 2, 166134, 99, 15, 335.19
2026/09/15 01:59:05.290, 3, 165812, 100, 15, 349.89
2026/09/15 01:59:06.293, 0, 166831, 99, 15, 349.67
2026/09/15 01:59:06.296, 1, 166132, 99, 15, 348.17
2026/09/15 01:59:06.299, 2, 166134, 100, 15, 336.84
2026/09/15 01:59:06.302, 3, 165812, 100, 15, 348.98
2026/09/15 01:59:07.305, 0, 166831, 99, 15, 349.49
2026/09/15 01:59:07.308, 1, 166132, 99, 15, 348.71
2026/09/15 01:59:07.311, 2, 166134, 100, 15, 336.48
2026/09/15 01:59:07.313, 3, 165812, 100, 15, 349.02
2026/09/15 01:59:08.316, 0, 166831, 100, 15, 332.24
2026/09/15 01:59:08.319, 1, 166132, 99, 15, 348.13
2026/09/15 01:59:08.322, 2, 166134, 99, 15, 338.88
2026/09/15 01:59:08.325, 3, 165812, 100, 15, 351.23
2026/09/15 01:59:09.328, 0, 166831, 100, 15, 349.19
2026/09/15 01:59:09.331, 1, 166132, 99, 15, 348.64
2026/09/15 01:59:09.334, 2, 166134, 100, 15, 335.83
2026/09/15 01:59:09.336, 3, 165812, 100, 15, 350.51
2026/09/15 01:59:10.339, 0, 166831, 99, 15, 349.25
2026/09/15 01:59:10.342, 1, 166132, 99, 15, 347.75
2026/09/15 01:59:10.345, 2, 166134, 100, 15, 336.41
2026/09/15 01:59:10.348, 3, 165812, 100, 15, 349.12
2026/09/15 01:59:11.351, 0, 166831, 99, 15, 349.71
2026/09/15 01:59:11.354, 1, 166132, 99, 15, 348.54
2026/09/15 01:59:11.357, 2, 166134, 100, 15, 335.73
2026/09/15 01:59:11.360, 3, 165812, 100, 15, 349.28
2026/09/15 01:59:12.363, 0, 166831, 25, 1, 337.65
2026/09/15 01:59:12.366, 1, 166132, 84, 13, 337.78
2026/09/15 01:59:12.369, 2, 166134, 93, 14, 337.12
2026/09/15 01:59:12.371, 3, 165812, 93, 14, 347.72
2026/09/15 01:59:13.374, 0, 166831, 99, 15, 347.80
2026/09/15 01:59:13.377, 1, 166132, 99, 15, 339.66
2026/09/15 01:59:13.380, 2, 166134, 99, 15, 336.70
2026/09/15 01:59:13.383, 3, 165812, 100, 15, 348.98
2026/09/15 01:59:14.386, 0, 166831, 99, 15, 349.68
2026/09/15 01:59:14.389, 1, 166132, 99, 15, 348.81
2026/09/15 01:59:14.392, 2, 166134, 100, 15, 335.55
2026/09/15 01:59:14.394, 3, 165812, 100, 15, 347.70
2026/09/15 01:59:15.397, 0, 166831, 99, 15, 349.77
2026/09/15 01:59:15.400, 1, 166132, 99, 15, 348.71
2026/09/15 01:59:15.403, 2, 166134, 99, 15, 336.54
2026/09/15 01:59:15.406, 3, 165812, 99, 15, 349.00
2026/09/15 01:59:16.409, 0, 166831, 99, 15, 349.06
2026/09/15 01:59:16.412, 1, 166132, 99, 15, 348.97
2026/09/15 01:59:16.415, 2, 166134, 100, 15, 335.70
2026/09/15 01:59:16.417, 3, 165812, 100, 15, 347.92
2026/09/15 01:59:17.420, 0, 166831, 99, 15, 333.15
2026/09/15 01:59:17.423, 1, 166132, 99, 15, 346.71
2026/09/15 01:59:17.426, 2, 166134, 99, 15, 339.11
2026/09/15 01:59:17.429, 3, 165812, 99, 15, 349.72
2026/09/15 01:59:18.432, 0, 166831, 99, 15, 349.77
2026/09/15 01:59:18.435, 1, 166132, 99, 15, 347.94
2026/09/15 01:59:18.438, 2, 166134, 99, 15, 336.04
2026/09/15 01:59:18.441, 3, 165812, 99, 15, 346.59
2026/09/15 01:59:19.444, 0, 166831, 99, 15, 349.51
2026/09/15 01:59:19.447, 1, 166132, 99, 15, 348.55
2026/09/15 01:59:19.450, 2, 166134, 99, 15, 336.79
2026/09/15 01:59:19.452, 3, 165812, 99, 15, 348.68
2026/09/15 01:59:20.455, 0, 166831, 99, 15, 349.57
2026/09/15 01:59:20.458, 1, 166132, 99, 15, 347.96
2026/09/15 01:59:20.461, 2, 166134, 99, 15, 336.83
2026/09/15 01:59:20.464, 3, 165812, 99, 15, 350.29
2026/09/15 01:59:21.467, 0, 166831, 100, 15, 332.46
2026/09/15 01:59:21.470, 1, 166132, 99, 15, 349.35
2026/09/15 01:59:21.473, 2, 166134, 100, 15, 339.68
2026/09/15 01:59:21.476, 3, 165812, 100, 15, 351.70
2026/09/15 01:59:22.479, 0, 166831, 99, 15, 349.08
2026/09/15 01:59:22.482, 1, 166132, 99, 15, 347.92
2026/09/15 01:59:22.485, 2, 166134, 99, 15, 335.32
2026/09/15 01:59:22.487, 3, 165812, 100, 15, 348.63
2026/09/15 01:59:23.490, 0, 166831, 99, 15, 349.67
2026/09/15 01:59:23.493, 1, 166132, 99, 15, 348.16
2026/09/15 01:59:23.496, 2, 166134, 99, 15, 336.26
2026/09/15 01:59:23.499, 3, 165812, 100, 15, 348.06
2026/09/15 01:59:24.502, 0, 166831, 99, 15, 349.31
2026/09/15 01:59:24.505, 1, 166132, 99, 15, 347.57
2026/09/15 01:59:24.507, 2, 166134, 99, 15, 336.57
2026/09/15 01:59:24.510, 3, 165812, 100, 15, 348.36
2026/09/15 01:59:25.513, 0, 166831, 99, 15, 337.77
2026/09/15 01:59:25.516, 1, 166132, 72, 5, 346.67
2026/09/15 01:59:25.519, 2, 166134, 78, 3, 338.13
2026/09/15 01:59:25.522, 3, 165812, 73, 3, 348.57
2026/09/15 01:59:26.525, 0, 166831, 99, 15, 344.57
2026/09/15 01:59:26.528, 1, 166132, 99, 15, 348.18
2026/09/15 01:59:26.531, 2, 166134, 100, 15, 335.80
2026/09/15 01:59:26.534, 3, 165812, 99, 15, 348.37
2026/09/15 01:59:27.536, 0, 166831, 99, 15, 349.59
2026/09/15 01:59:27.539, 1, 166132, 99, 15, 348.11
2026/09/15 01:59:27.542, 2, 166134, 99, 15, 336.37
2026/09/15 01:59:27.545, 3, 165812, 99, 15, 348.16
2026/09/15 01:59:28.548, 0, 166831, 99, 15, 349.37
2026/09/15 01:59:28.551, 1, 166132, 99, 15, 348.13
2026/09/15 01:59:28.554, 2, 166134, 100, 15, 335.89
2026/09/15 01:59:28.557, 3, 165812, 99, 15, 349.41
2026/09/15 01:59:29.559, 0, 166831, 99, 15, 349.28
2026/09/15 01:59:29.563, 1, 166132, 99, 15, 348.33
2026/09/15 01:59:29.566, 2, 166134, 99, 15, 336.42
2026/09/15 01:59:29.568, 3, 165812, 99, 15, 348.73
2026/09/15 01:59:30.571, 0, 166831, 99, 15, 332.33
2026/09/15 01:59:30.574, 1, 166132, 99, 15, 347.78
2026/09/15 01:59:30.577, 2, 166134, 100, 15, 339.67
2026/09/15 01:59:30.580, 3, 165812, 100, 15, 350.76
2026/09/15 01:59:31.583, 0, 166831, 99, 15, 349.41
2026/09/15 01:59:31.586, 1, 166132, 99, 15, 347.63
2026/09/15 01:59:31.589, 2, 166134, 99, 15, 336.03
2026/09/15 01:59:31.591, 3, 165812, 100, 15, 348.39
2026/09/15 01:59:32.594, 0, 166831, 99, 15, 349.01
2026/09/15 01:59:32.598, 1, 166132, 99, 15, 348.61
2026/09/15 01:59:32.600, 2, 166134, 100, 15, 335.42
2026/09/15 01:59:32.603, 3, 165812, 99, 15, 349.17
2026/09/15 01:59:33.606, 0, 166831, 99, 15, 349.66
2026/09/15 01:59:33.609, 1, 166132, 99, 15, 348.36
2026/09/15 01:59:33.612, 2, 166134, 100, 15, 336.70
2026/09/15 01:59:33.615, 3, 165812, 100, 15, 350.50
2026/09/15 01:59:34.617, 0, 166831, 99, 15, 333.08
2026/09/15 01:59:34.621, 1, 166132, 99, 15, 347.88
2026/09/15 01:59:34.623, 2, 166134, 99, 15, 339.76
2026/09/15 01:59:34.626, 3, 165812, 99, 15, 352.36
2026/09/15 01:59:35.629, 0, 166831, 100, 15, 348.75
2026/09/15 01:59:35.632, 1, 166132, 99, 15, 348.57
2026/09/15 01:59:35.635, 2, 166134, 100, 15, 335.79
2026/09/15 01:59:35.638, 3, 165812, 100, 15, 347.10
2026/09/15 01:59:36.641, 0, 166831, 99, 15, 349.47
2026/09/15 01:59:36.644, 1, 166132, 99, 15, 348.04
2026/09/15 01:59:36.646, 2, 166134, 100, 15, 336.52
2026/09/15 01:59:36.649, 3, 165812, 100, 15, 348.27
2026/09/15 01:59:37.652, 0, 166831, 99, 15, 349.90
2026/09/15 01:59:37.655, 1, 166132, 99, 15, 348.50
2026/09/15 01:59:37.658, 2, 166134, 100, 15, 336.68
2026/09/15 01:59:37.661, 3, 165812, 100, 15, 348.05
2026/09/15 01:59:38.664, 0, 166831, 39, 6, 333.30
2026/09/15 01:59:38.667, 1, 166132, 72, 6, 347.73
2026/09/15 01:59:38.669, 2, 166134, 80, 1, 338.77
2026/09/15 01:59:38.672, 3, 165812, 78, 1, 350.72
2026/09/15 01:59:39.675, 0, 166831, 100, 15, 348.58
2026/09/15 01:59:39.678, 1, 166132, 99, 15, 346.97
2026/09/15 01:59:39.681, 2, 166134, 99, 15, 335.57
2026/09/15 01:59:39.684, 3, 165812, 99, 15, 347.48
2026/09/15 01:59:40.687, 0, 166831, 99, 15, 348.36
2026/09/15 01:59:40.690, 1, 166132, 99, 15, 347.87
2026/09/15 01:59:40.692, 2, 166134, 99, 15, 335.72
2026/09/15 01:59:40.695, 3, 165812, 99, 15, 347.36
2026/09/15 01:59:41.698, 0, 166831, 100, 15, 349.80
2026/09/15 01:59:41.701, 1, 166132, 99, 15, 348.20
2026/09/15 01:59:41.704, 2, 166134, 99, 15, 335.83
2026/09/15 01:59:41.706, 3, 165812, 99, 15, 349.29
2026/09/15 01:59:42.709, 0, 166831, 99, 15, 349.77
2026/09/15 01:59:42.712, 1, 166132, 99, 15, 348.41
2026/09/15 01:59:42.715, 2, 166134, 99, 15, 336.93
2026/09/15 01:59:42.718, 3, 165812, 99, 15, 349.04
2026/09/15 01:59:43.721, 0, 166831, 99, 15, 333.85
2026/09/15 01:59:43.724, 1, 166132, 99, 15, 346.22
2026/09/15 01:59:43.726, 2, 166134, 99, 15, 337.92
2026/09/15 01:59:43.729, 3, 165812, 100, 15, 350.50
2026/09/15 01:59:44.732, 0, 166831, 99, 15, 349.11
2026/09/15 01:59:44.735, 1, 166132, 99, 15, 347.87
2026/09/15 01:59:44.738, 2, 166134, 99, 15, 335.40
2026/09/15 01:59:44.741, 3, 165812, 100, 15, 347.50
2026/09/15 01:59:45.744, 0, 166831, 99, 15, 349.24
2026/09/15 01:59:45.747, 1, 166132, 99, 15, 348.12
2026/09/15 01:59:45.750, 2, 166134, 99, 15, 336.57
2026/09/15 01:59:45.752, 3, 165812, 100, 15, 348.07
2026/09/15 01:59:46.755, 0, 166831, 100, 15, 349.35
2026/09/15 01:59:46.758, 1, 166132, 99, 15, 348.17
2026/09/15 01:59:46.761, 2, 166134, 99, 15, 336.24
2026/09/15 01:59:46.764, 3, 165812, 100, 15, 349.05
2026/09/15 01:59:47.767, 0, 166831, 99, 15, 332.49
2026/09/15 01:59:47.770, 1, 166132, 99, 15, 345.89
2026/09/15 01:59:47.773, 2, 166134, 99, 15, 338.67
2026/09/15 01:59:47.776, 3, 165812, 100, 15, 351.33
2026/09/15 01:59:48.778, 0, 166831, 99, 15, 349.08
2026/09/15 01:59:48.781, 1, 166132, 99, 15, 347.59
2026/09/15 01:59:48.784, 2, 166134, 100, 15, 335.08
2026/09/15 01:59:48.787, 3, 165812, 100, 15, 347.10
2026/09/15 01:59:49.790, 0, 166831, 100, 15, 349.27
2026/09/15 01:59:49.793, 1, 166132, 99, 15, 348.41
2026/09/15 01:59:49.796, 2, 166134, 99, 15, 335.95
2026/09/15 01:59:49.798, 3, 165812, 100, 15, 348.71
2026/09/15 01:59:50.801, 0, 166831, 99, 15, 348.64
2026/09/15 01:59:50.804, 1, 166132, 99, 15, 348.24
2026/09/15 01:59:50.807, 2, 166134, 99, 15, 336.24
2026/09/15 01:59:50.810, 3, 165812, 100, 15, 348.07
2026/09/15 01:59:51.813, 0, 166831, 10, 1, 333.65
2026/09/15 01:59:51.816, 1, 166132, 66, 1, 347.46
2026/09/15 01:59:51.819, 2, 166134, 90, 11, 340.78
2026/09/15 01:59:51.821, 3, 165812, 90, 11, 352.30
2026/09/15 01:59:52.824, 0, 166831, 99, 15, 348.31
2026/09/15 01:59:52.827, 1, 166132, 99, 15, 347.49
2026/09/15 01:59:52.830, 2, 166134, 99, 15, 335.69
2026/09/15 01:59:52.833, 3, 165812, 99, 15, 348.92
2026/09/15 01:59:53.836, 0, 166831, 99, 15, 348.61
2026/09/15 01:59:53.839, 1, 166132, 99, 15, 347.75
2026/09/15 01:59:53.842, 2, 166134, 99, 15, 334.61
2026/09/15 01:59:53.844, 3, 165812, 100, 15, 346.82
2026/09/15 01:59:54.847, 0, 166831, 100, 15, 348.95
2026/09/15 01:59:54.850, 1, 166132, 99, 15, 348.09
2026/09/15 01:59:54.853, 2, 166134, 100, 15, 335.18
2026/09/15 01:59:54.856, 3, 165812, 100, 15, 347.78
2026/09/15 01:59:55.859, 0, 166831, 99, 15, 349.43
2026/09/15 01:59:55.862, 1, 166132, 99, 15, 349.23
2026/09/15 01:59:55.865, 2, 166134, 99, 15, 336.10
2026/09/15 01:59:55.867, 3, 165812, 100, 15, 348.42
2026/09/15 01:59:56.870, 0, 166831, 100, 15, 332.15
2026/09/15 01:59:56.873, 1, 166132, 99, 15, 346.09
2026/09/15 01:59:56.876, 2, 166134, 99, 15, 339.86
2026/09/15 01:59:56.879, 3, 165812, 99, 15, 351.81
2026/09/15 01:59:57.882, 0, 166831, 99, 15, 348.67
2026/09/15 01:59:57.885, 1, 166132, 99, 15, 347.37
2026/09/15 01:59:57.888, 2, 166134, 99, 15, 334.53
2026/09/15 01:59:57.890, 3, 165812, 99, 15, 347.33
2026/09/15 01:59:58.893, 0, 166831, 100, 15, 349.14
2026/09/15 01:59:58.897, 1, 166132, 99, 15, 348.12
2026/09/15 01:59:58.900, 2, 166134, 99, 15, 335.98
2026/09/15 01:59:58.902, 3, 165812, 99, 15, 348.70
2026/09/15 01:59:59.905, 0, 166831, 100, 15, 348.84
2026/09/15 01:59:59.908, 1, 166132, 99, 15, 347.21
2026/09/15 01:59:59.911, 2, 166134, 99, 15, 335.42
2026/09/15 01:59:59.914, 3, 165812, 100, 15, 347.69
2026/09/15 02:00:00.916, 0, 166831, 99, 15, 332.77
2026/09/15 02:00:00.920, 1, 166132, 99, 15, 345.92
2026/09/15 02:00:00.922, 2, 166134, 100, 15, 337.86
2026/09/15 02:00:00.925, 3, 165812, 100, 15, 352.01
2026/09/15 02:00:01.928, 0, 166831, 99, 15, 348.60
2026/09/15 02:00:01.931, 1, 166132, 99, 15, 347.70
2026/09/15 02:00:01.934, 2, 166134, 100, 15, 335.90
2026/09/15 02:00:01.937, 3, 165812, 100, 15, 347.33
2026/09/15 02:00:02.940, 0, 166831, 99, 15, 349.57
2026/09/15 02:00:02.943, 1, 166132, 99, 15, 348.48
2026/09/15 02:00:02.945, 2, 166134, 100, 15, 336.20
2026/09/15 02:00:02.948, 3, 165812, 100, 15, 348.71
2026/09/15 02:00:03.951, 0, 166831, 99, 15, 349.02
2026/09/15 02:00:03.954, 1, 166132, 99, 15, 347.63
2026/09/15 02:00:03.957, 2, 166134, 100, 15, 335.43
2026/09/15 02:00:03.960, 3, 165812, 100, 15, 347.87
2026/09/15 02:00:04.962, 0, 166831, 93, 14, 333.63
2026/09/15 02:00:04.966, 1, 166132, 79, 7, 348.97
2026/09/15 02:00:04.968, 2, 166134, 78, 1, 339.41
2026/09/15 02:00:04.971, 3, 165812, 77, 1, 351.82
2026/09/15 02:00:05.974, 0, 166831, 100, 15, 348.88
2026/09/15 02:00:05.977, 1, 166132, 99, 15, 347.96
2026/09/15 02:00:05.980, 2, 166134, 99, 15, 336.34
2026/09/15 02:00:05.983, 3, 165812, 100, 15, 349.16
2026/09/15 02:00:06.985, 0, 166831, 99, 15, 348.60
2026/09/15 02:00:06.989, 1, 166132, 99, 15, 348.09
2026/09/15 02:00:06.991, 2, 166134, 99, 15, 335.39
2026/09/15 02:00:06.994, 3, 165812, 99, 15, 347.63
2026/09/15 02:00:07.997, 0, 166831, 100, 15, 349.44
2026/09/15 02:00:08.000, 1, 166132, 99, 15, 348.35
2026/09/15 02:00:08.003, 2, 166134, 99, 15, 336.22
2026/09/15 02:00:08.006, 3, 165812, 99, 15, 348.34
2026/09/15 02:00:09.008, 0, 166831, 99, 15, 349.71
2026/09/15 02:00:09.012, 1, 166132, 99, 15, 348.95
2026/09/15 02:00:09.015, 2, 166134, 99, 15, 337.01
2026/09/15 02:00:09.017, 3, 165812, 100, 15, 348.85
2026/09/15 02:00:10.020, 0, 166831, 99, 15, 332.77
2026/09/15 02:00:10.024, 1, 166132, 99, 15, 346.68
2026/09/15 02:00:10.026, 2, 166134, 99, 15, 338.95
2026/09/15 02:00:10.029, 3, 165812, 99, 15, 352.09
2026/09/15 02:00:11.032, 0, 166831, 99, 15, 349.00
2026/09/15 02:00:11.035, 1, 166132, 99, 15, 348.74
2026/09/15 02:00:11.038, 2, 166134, 99, 15, 335.42
2026/09/15 02:00:11.041, 3, 165812, 100, 15, 347.12
2026/09/15 02:00:12.044, 0, 166831, 99, 15, 348.98
2026/09/15 02:00:12.047, 1, 166132, 99, 15, 347.73
2026/09/15 02:00:12.050, 2, 166134, 99, 15, 334.68
2026/09/15 02:00:12.052, 3, 165812, 100, 15, 348.89
2026/09/15 02:00:13.055, 0, 166831, 99, 15, 349.43
2026/09/15 02:00:13.059, 1, 166132, 99, 15, 348.09
2026/09/15 02:00:13.061, 2, 166134, 99, 15, 336.16
2026/09/15 02:00:13.064, 3, 165812, 100, 15, 347.98
2026/09/15 02:00:14.067, 0, 166831, 99, 15, 331.97
2026/09/15 02:00:14.070, 1, 166132, 99, 15, 346.42
2026/09/15 02:00:14.073, 2, 166134, 100, 15, 340.77
2026/09/15 02:00:14.076, 3, 165812, 100, 15, 353.24
2026/09/15 02:00:15.079, 0, 166831, 99, 15, 348.63
2026/09/15 02:00:15.082, 1, 166132, 99, 15, 347.93
2026/09/15 02:00:15.085, 2, 166134, 100, 15, 335.53
2026/09/15 02:00:15.087, 3, 165812, 100, 15, 347.43
2026/09/15 02:00:16.090, 0, 166831, 99, 15, 349.17
2026/09/15 02:00:16.094, 1, 166132, 99, 15, 347.15
2026/09/15 02:00:16.096, 2, 166134, 99, 15, 336.25
2026/09/15 02:00:16.099, 3, 165812, 100, 15, 346.59
2026/09/15 02:00:17.102, 0, 166831, 100, 15, 348.56
2026/09/15 02:00:17.105, 1, 166132, 99, 15, 347.80
2026/09/15 02:00:17.108, 2, 166134, 99, 15, 336.24
2026/09/15 02:00:17.111, 3, 165812, 99, 15, 347.54
2026/09/15 02:00:18.114, 0, 166831, 29, 4, 332.64
2026/09/15 02:00:18.117, 1, 166132, 64, 4, 345.61
2026/09/15 02:00:18.120, 2, 166134, 81, 2, 339.60
2026/09/15 02:00:18.123, 3, 165812, 81, 2, 351.81
2026/09/15 02:00:19.126, 0, 166831, 100, 15, 349.17
2026/09/15 02:00:19.129, 1, 166132, 99, 15, 348.17
2026/09/15 02:00:19.132, 2, 166134, 100, 15, 335.69
2026/09/15 02:00:19.135, 3, 165812, 100, 15, 348.08
2026/09/15 02:00:20.137, 0, 166831, 99, 15, 348.55
2026/09/15 02:00:20.141, 1, 166132, 99, 15, 348.61
2026/09/15 02:00:20.143, 2, 166134, 99, 15, 336.65
2026/09/15 02:00:20.146, 3, 165812, 100, 15, 348.24
2026/09/15 02:00:21.149, 0, 166831, 99, 15, 349.58
2026/09/15 02:00:21.152, 1, 166132, 99, 15, 348.86
2026/09/15 02:00:21.155, 2, 166134, 99, 15, 335.78
2026/09/15 02:00:21.158, 3, 165812, 100, 15, 347.55
2026/09/15 02:00:22.161, 0, 166831, 100, 15, 349.88
2026/09/15 02:00:22.164, 1, 166132, 99, 15, 348.40
2026/09/15 02:00:22.167, 2, 166134, 99, 15, 335.96
2026/09/15 02:00:22.170, 3, 165812, 100, 15, 347.63
2026/09/15 02:00:23.173, 0, 166831, 100, 15, 332.20
2026/09/15 02:00:23.176, 1, 166132, 99, 15, 344.46
2026/09/15 02:00:23.179, 2, 166134, 100, 15, 337.96
2026/09/15 02:00:23.181, 3, 165812, 100, 15, 348.81
2026/09/15 02:00:24.184, 0, 166831, 99, 15, 348.16
2026/09/15 02:00:24.188, 1, 166132, 99, 15, 347.76
2026/09/15 02:00:24.190, 2, 166134, 100, 15, 335.70
2026/09/15 02:00:24.193, 3, 165812, 100, 15, 347.60
2026/09/15 02:00:25.196, 0, 166831, 99, 15, 348.86
2026/09/15 02:00:25.199, 1, 166132, 99, 15, 347.45
2026/09/15 02:00:25.202, 2, 166134, 99, 15, 335.62
2026/09/15 02:00:25.205, 3, 165812, 100, 15, 347.22
2026/09/15 02:00:26.208, 0, 166831, 99, 15, 349.43
2026/09/15 02:00:26.211, 1, 166132, 99, 15, 348.78
2026/09/15 02:00:26.214, 2, 166134, 99, 15, 336.01
2026/09/15 02:00:26.217, 3, 165812, 100, 15, 349.79
2026/09/15 02:00:27.220, 0, 166831, 99, 15, 333.46
2026/09/15 02:00:27.223, 1, 166132, 99, 15, 341.18
2026/09/15 02:00:27.226, 2, 166134, 100, 15, 337.88
2026/09/15 02:00:27.229, 3, 165812, 100, 15, 351.05
2026/09/15 02:00:28.231, 0, 166831, 99, 15, 348.83
2026/09/15 02:00:28.235, 1, 166132, 99, 15, 347.96
2026/09/15 02:00:28.238, 2, 166134, 99, 15, 335.36
2026/09/15 02:00:28.240, 3, 165812, 100, 15, 348.61
2026/09/15 02:00:29.243, 0, 166831, 100, 15, 348.25
2026/09/15 02:00:29.247, 1, 166132, 99, 15, 348.05
2026/09/15 02:00:29.249, 2, 166134, 100, 15, 336.35
2026/09/15 02:00:29.252, 3, 165812, 100, 15, 348.29
2026/09/15 02:00:30.255, 0, 166831, 99, 15, 349.32
2026/09/15 02:00:30.258, 1, 166132, 99, 15, 349.42
2026/09/15 02:00:30.261, 2, 166134, 100, 15, 335.79
2026/09/15 02:00:30.264, 3, 165812, 100, 15, 347.96
2026/09/15 02:00:31.267, 0, 166831, 43, 1, 339.88
2026/09/15 02:00:31.270, 1, 166132, 11, 1, 330.54
2026/09/15 02:00:31.273, 2, 166134, 94, 13, 337.96
2026/09/15 02:00:31.276, 3, 165812, 94, 13, 351.08
2026/09/15 02:00:32.279, 0, 166831, 99, 15, 349.00
2026/09/15 02:00:32.282, 1, 166132, 99, 15, 347.22
2026/09/15 02:00:32.285, 2, 166134, 100, 15, 335.17
2026/09/15 02:00:32.288, 3, 165812, 100, 15, 347.84
2026/09/15 02:00:33.291, 0, 166831, 99, 15, 348.94
2026/09/15 02:00:33.294, 1, 166132, 99, 15, 347.92
2026/09/15 02:00:33.297, 2, 166134, 100, 15, 335.51
2026/09/15 02:00:33.299, 3, 165812, 100, 15, 347.93
2026/09/15 02:00:34.302, 0, 166831, 99, 15, 348.90
2026/09/15 02:00:34.305, 1, 166132, 99, 15, 347.74
2026/09/15 02:00:34.308, 2, 166134, 100, 15, 336.14
2026/09/15 02:00:34.311, 3, 165812, 99, 15, 348.98
2026/09/15 02:00:35.314, 0, 166831, 99, 15, 349.41
2026/09/15 02:00:35.317, 1, 166132, 99, 15, 347.65
2026/09/15 02:00:35.320, 2, 166134, 99, 15, 335.75
2026/09/15 02:00:35.323, 3, 165812, 100, 15, 349.00
2026/09/15 02:00:36.326, 0, 166831, 99, 15, 341.32
2026/09/15 02:00:36.329, 1, 166132, 99, 15, 331.77
2026/09/15 02:00:36.332, 2, 166134, 99, 15, 338.55
2026/09/15 02:00:36.335, 3, 165812, 100, 15, 349.72
2026/09/15 02:00:37.337, 0, 166831, 99, 15, 348.73
2026/09/15 02:00:37.341, 1, 166132, 99, 15, 348.18
2026/09/15 02:00:37.343, 2, 166134, 99, 15, 335.51
2026/09/15 02:00:37.346, 3, 165812, 99, 15, 348.71
2026/09/15 02:00:38.349, 0, 166831, 99, 15, 349.75
2026/09/15 02:00:38.352, 1, 166132, 99, 15, 348.64
2026/09/15 02:00:38.355, 2, 166134, 99, 15, 335.65
2026/09/15 02:00:38.358, 3, 165812, 99, 15, 348.59
2026/09/15 02:00:39.361, 0, 166831, 99, 15, 349.66
2026/09/15 02:00:39.365, 1, 166132, 99, 15, 348.28
2026/09/15 02:00:39.368, 2, 166134, 99, 15, 336.25
2026/09/15 02:00:39.370, 3, 165812, 100, 15, 349.99
2026/09/15 02:00:40.373, 0, 166831, 100, 15, 338.45
2026/09/15 02:00:40.376, 1, 166132, 99, 15, 329.89
2026/09/15 02:00:40.379, 2, 166134, 100, 15, 338.11
2026/09/15 02:00:40.382, 3, 165812, 100, 15, 350.14
2026/09/15 02:00:41.385, 0, 166831, 99, 15, 348.32
2026/09/15 02:00:41.388, 1, 166132, 99, 15, 348.48
2026/09/15 02:00:41.391, 2, 166134, 99, 15, 335.88
2026/09/15 02:00:41.394, 3, 165812, 99, 15, 347.42
2026/09/15 02:00:42.397, 0, 166831, 99, 15, 348.77
2026/09/15 02:00:42.400, 1, 166132, 99, 15, 349.01
2026/09/15 02:00:42.403, 2, 166134, 100, 15, 335.49
2026/09/15 02:00:42.406, 3, 165812, 100, 15, 348.46
2026/09/15 02:00:43.409, 0, 166831, 100, 15, 349.31
2026/09/15 02:00:43.412, 1, 166132, 99, 15, 348.18
2026/09/15 02:00:43.415, 2, 166134, 100, 15, 336.31
2026/09/15 02:00:43.418, 3, 165812, 100, 15, 348.68
2026/09/15 02:00:44.420, 0, 166831, 85, 12, 338.65
2026/09/15 02:00:44.424, 1, 166132, 74, 11, 331.79
2026/09/15 02:00:44.427, 2, 166134, 77, 1, 338.29
2026/09/15 02:00:44.430, 3, 165812, 76, 1, 351.18
2026/09/15 02:00:45.432, 0, 166831, 99, 15, 348.61
2026/09/15 02:00:45.435, 1, 166132, 99, 15, 348.65
2026/09/15 02:00:45.438, 2, 166134, 100, 15, 334.83
2026/09/15 02:00:45.441, 3, 165812, 100, 15, 348.08
2026/09/15 02:00:46.444, 0, 166831, 99, 15, 348.33
2026/09/15 02:00:46.447, 1, 166132, 99, 15, 348.56
2026/09/15 02:00:46.450, 2, 166134, 100, 15, 335.54
2026/09/15 02:00:46.453, 3, 165812, 100, 15, 347.78
2026/09/15 02:00:47.456, 0, 166831, 99, 15, 349.08
2026/09/15 02:00:47.459, 1, 166132, 99, 15, 348.54
2026/09/15 02:00:47.462, 2, 166134, 100, 15, 335.88
2026/09/15 02:00:47.465, 3, 165812, 100, 15, 348.31
2026/09/15 02:00:48.467, 0, 166831, 100, 15, 349.39
2026/09/15 02:00:48.471, 1, 166132, 99, 15, 348.26
2026/09/15 02:00:48.473, 2, 166134, 100, 15, 335.95
2026/09/15 02:00:48.476, 3, 165812, 100, 15, 347.57
2026/09/15 02:00:49.479, 0, 166831, 100, 15, 342.26
2026/09/15 02:00:49.482, 1, 166132, 99, 15, 331.33
2026/09/15 02:00:49.485, 2, 166134, 100, 15, 338.06
2026/09/15 02:00:49.488, 3, 165812, 100, 15, 350.46
2026/09/15 02:00:50.491, 0, 166831, 99, 15, 349.66
2026/09/15 02:00:50.494, 1, 166132, 99, 15, 348.85
2026/09/15 02:00:50.497, 2, 166134, 100, 15, 335.52
2026/09/15 02:00:50.500, 3, 165812, 100, 15, 348.60
2026/09/15 02:00:51.503, 0, 166831, 99, 15, 348.95
2026/09/15 02:00:51.506, 1, 166132, 99, 15, 347.89
2026/09/15 02:00:51.509, 2, 166134, 100, 15, 336.41
2026/09/15 02:00:51.512, 3, 165812, 100, 15, 348.61
2026/09/15 02:00:52.515, 0, 166831, 100, 15, 350.05
2026/09/15 02:00:52.518, 1, 166132, 99, 15, 347.59
2026/09/15 02:00:52.521, 2, 166134, 100, 15, 336.80
2026/09/15 02:00:52.523, 3, 165812, 100, 15, 348.31
2026/09/15 02:00:53.526, 0, 166831, 99, 15, 343.62
2026/09/15 02:00:53.530, 1, 166132, 99, 15, 330.63
2026/09/15 02:00:53.532, 2, 166134, 99, 15, 339.12
2026/09/15 02:00:53.535, 3, 165812, 100, 15, 352.28
2026/09/15 02:00:54.538, 0, 166831, 99, 15, 349.18
2026/09/15 02:00:54.541, 1, 166132, 99, 15, 348.93
2026/09/15 02:00:54.544, 2, 166134, 100, 15, 335.61
2026/09/15 02:00:54.547, 3, 165812, 100, 15, 346.68
2026/09/15 02:00:55.550, 0, 166831, 100, 15, 349.48
2026/09/15 02:00:55.553, 1, 166132, 99, 15, 348.19
2026/09/15 02:00:55.556, 2, 166134, 100, 15, 336.10
2026/09/15 02:00:55.559, 3, 165812, 100, 15, 348.90
2026/09/15 02:00:56.562, 0, 166831, 99, 15, 349.68
2026/09/15 02:00:56.565, 1, 166132, 99, 15, 348.82
2026/09/15 02:00:56.568, 2, 166134, 100, 15, 335.86
2026/09/15 02:00:56.571, 3, 165812, 100, 15, 347.79
2026/09/15 02:00:57.574, 0, 166831, 22, 1, 339.04
2026/09/15 02:00:57.577, 1, 166132, 99, 15, 330.73
2026/09/15 02:00:57.580, 2, 166134, 78, 6, 334.76
2026/09/15 02:00:57.583, 3, 165812, 86, 6, 350.30
2026/09/15 02:00:58.586, 0, 166831, 100, 15, 349.11
2026/09/15 02:00:58.589, 1, 166132, 99, 15, 348.27
2026/09/15 02:00:58.592, 2, 166134, 100, 15, 334.29
2026/09/15 02:00:58.595, 3, 165812, 100, 15, 348.53
2026/09/15 02:00:59.597, 0, 166831, 99, 15, 348.94
2026/09/15 02:00:59.601, 1, 166132, 99, 15, 348.31
2026/09/15 02:00:59.603, 2, 166134, 100, 15, 335.56
2026/09/15 02:00:59.606, 3, 165812, 100, 15, 349.36
2026/09/15 02:01:00.609, 0, 166831, 99, 15, 349.03
2026/09/15 02:01:00.613, 1, 166132, 99, 15, 348.70
2026/09/15 02:01:00.615, 2, 166134, 100, 15, 336.62
2026/09/15 02:01:00.618, 3, 165812, 100, 15, 348.56
2026/09/15 02:01:01.621, 0, 166831, 99, 15, 349.86
2026/09/15 02:01:01.624, 1, 166132, 99, 15, 348.81
2026/09/15 02:01:01.627, 2, 166134, 99, 15, 336.57
2026/09/15 02:01:01.630, 3, 165812, 100, 15, 347.84
2026/09/15 02:01:02.633, 0, 166831, 99, 15, 335.94
2026/09/15 02:01:02.636, 1, 166132, 99, 15, 331.15
2026/09/15 02:01:02.639, 2, 166134, 99, 15, 335.93
2026/09/15 02:01:02.641, 3, 165812, 100, 15, 350.64
2026/09/15 02:01:03.644, 0, 166831, 99, 15, 349.14
2026/09/15 02:01:03.647, 1, 166132, 99, 15, 348.12
2026/09/15 02:01:03.650, 2, 166134, 99, 15, 335.93
2026/09/15 02:01:03.653, 3, 165812, 100, 15, 347.19
2026/09/15 02:01:04.656, 0, 166831, 99, 15, 349.14
2026/09/15 02:01:04.659, 1, 166132, 99, 15, 347.98
2026/09/15 02:01:04.662, 2, 166134, 99, 15, 336.56
2026/09/15 02:01:04.665, 3, 165812, 100, 15, 348.58
2026/09/15 02:01:05.668, 0, 166831, 100, 15, 349.36
2026/09/15 02:01:05.671, 1, 166132, 99, 15, 347.87
2026/09/15 02:01:05.674, 2, 166134, 99, 15, 336.52
2026/09/15 02:01:05.677, 3, 165812, 100, 15, 349.42
2026/09/15 02:01:06.679, 0, 166831, 99, 15, 339.32
2026/09/15 02:01:06.683, 1, 166132, 99, 15, 331.22
2026/09/15 02:01:06.686, 2, 166134, 100, 15, 335.95
2026/09/15 02:01:06.688, 3, 165812, 100, 15, 351.73
2026/09/15 02:01:07.691, 0, 166831, 99, 15, 349.20
2026/09/15 02:01:07.694, 1, 166132, 99, 15, 348.85
2026/09/15 02:01:07.697, 2, 166134, 100, 15, 335.81
2026/09/15 02:01:07.700, 3, 165812, 100, 15, 347.93
2026/09/15 02:01:08.703, 0, 166831, 99, 15, 349.18
2026/09/15 02:01:08.706, 1, 166132, 99, 15, 348.78
2026/09/15 02:01:08.709, 2, 166134, 100, 15, 336.03
2026/09/15 02:01:08.712, 3, 165812, 100, 15, 347.48
2026/09/15 02:01:09.715, 0, 166831, 100, 15, 348.65
2026/09/15 02:01:09.718, 1, 166132, 99, 15, 347.41
2026/09/15 02:01:09.721, 2, 166134, 100, 15, 336.74
2026/09/15 02:01:09.724, 3, 165812, 100, 15, 349.16
2026/09/15 02:01:10.726, 0, 166831, 60, 4, 341.02
2026/09/15 02:01:10.730, 1, 166132, 26, 4, 331.43
2026/09/15 02:01:10.733, 2, 166134, 99, 15, 336.32
2026/09/15 02:01:10.735, 3, 165812, 99, 15, 350.91
2026/09/15 02:01:11.738, 0, 166831, 100, 15, 348.84
2026/09/15 02:01:11.742, 1, 166132, 99, 15, 348.89
2026/09/15 02:01:11.744, 2, 166134, 100, 15, 335.74
2026/09/15 02:01:11.747, 3, 165812, 100, 15, 348.24
2026/09/15 02:01:12.750, 0, 166831, 99, 15, 349.24
2026/09/15 02:01:12.753, 1, 166132, 99, 15, 348.97
2026/09/15 02:01:12.756, 2, 166134, 99, 15, 335.45
2026/09/15 02:01:12.759, 3, 165812, 100, 15, 347.55
2026/09/15 02:01:13.762, 0, 166831, 99, 15, 349.69
2026/09/15 02:01:13.765, 1, 166132, 99, 15, 348.88
2026/09/15 02:01:13.768, 2, 166134, 99, 15, 336.34
2026/09/15 02:01:13.770, 3, 165812, 100, 15, 348.96
2026/09/15 02:01:14.773, 0, 166831, 99, 15, 350.23
2026/09/15 02:01:14.776, 1, 166132, 93, 14, 344.32
2026/09/15 02:01:14.779, 2, 166134, 99, 15, 334.95
2026/09/15 02:01:14.782, 3, 165812, 100, 15, 349.04
2026/09/15 02:01:15.785, 0, 166831, 99, 15, 339.31
2026/09/15 02:01:15.788, 1, 166132, 99, 15, 332.52
2026/09/15 02:01:15.791, 2, 166134, 100, 15, 335.99
2026/09/15 02:01:15.794, 3, 165812, 100, 15, 350.60
2026/09/15 02:01:16.796, 0, 166831, 99, 15, 349.67
2026/09/15 02:01:16.800, 1, 166132, 99, 15, 348.20
2026/09/15 02:01:16.803, 2, 166134, 99, 15, 336.78
2026/09/15 02:01:16.805, 3, 165812, 100, 15, 348.98
2026/09/15 02:01:17.808, 0, 166831, 99, 15, 349.06
2026/09/15 02:01:17.811, 1, 166132, 99, 15, 348.57
2026/09/15 02:01:17.814, 2, 166134, 99, 15, 336.70
2026/09/15 02:01:17.817, 3, 165812, 100, 15, 348.72
2026/09/15 02:01:18.820, 0, 166831, 99, 15, 349.34
2026/09/15 02:01:18.823, 1, 166132, 99, 15, 347.82
2026/09/15 02:01:18.826, 2, 166134, 99, 15, 335.74
2026/09/15 02:01:18.829, 3, 165812, 100, 15, 349.44
2026/09/15 02:01:19.832, 0, 166831, 99, 15, 336.39
2026/09/15 02:01:19.835, 1, 166132, 99, 15, 333.08
2026/09/15 02:01:19.838, 2, 166134, 100, 15, 335.72
2026/09/15 02:01:19.841, 3, 165812, 100, 15, 351.09
2026/09/15 02:01:20.844, 0, 166831, 100, 15, 349.15
2026/09/15 02:01:20.847, 1, 166132, 99, 15, 348.40
2026/09/15 02:01:20.850, 2, 166134, 99, 15, 335.64
2026/09/15 02:01:20.853, 3, 165812, 100, 15, 348.30
2026/09/15 02:01:21.856, 0, 166831, 100, 15, 349.08
2026/09/15 02:01:21.859, 1, 166132, 99, 15, 349.11
2026/09/15 02:01:21.862, 2, 166134, 99, 15, 336.35
2026/09/15 02:01:21.865, 3, 165812, 99, 15, 348.68
2026/09/15 02:01:22.868, 0, 166831, 99, 15, 349.43
2026/09/15 02:01:22.871, 1, 166132, 99, 15, 348.10
2026/09/15 02:01:22.874, 2, 166134, 99, 15, 335.36
2026/09/15 02:01:22.877, 3, 165812, 99, 15, 347.96
2026/09/15 02:01:23.879, 0, 166831, 95, 14, 338.74
2026/09/15 02:01:23.882, 1, 166132, 91, 14, 331.97
2026/09/15 02:01:23.885, 2, 166134, 100, 15, 333.91
2026/09/15 02:01:23.888, 3, 165812, 100, 15, 350.36
2026/09/15 02:01:24.891, 0, 166831, 99, 15, 349.07
2026/09/15 02:01:24.894, 1, 166132, 99, 15, 346.82
2026/09/15 02:01:24.897, 2, 166134, 99, 15, 335.83
2026/09/15 02:01:24.900, 3, 165812, 100, 15, 349.57
2026/09/15 02:01:25.903, 0, 166831, 99, 15, 349.41
2026/09/15 02:01:25.906, 1, 166132, 99, 15, 349.08
2026/09/15 02:01:25.909, 2, 166134, 99, 15, 336.06
2026/09/15 02:01:25.912, 3, 165812, 100, 15, 347.76
2026/09/15 02:01:26.915, 0, 166831, 99, 15, 349.93
2026/09/15 02:01:26.918, 1, 166132, 99, 15, 347.95
2026/09/15 02:01:26.921, 2, 166134, 100, 15, 336.26
2026/09/15 02:01:26.924, 3, 165812, 100, 15, 348.75
2026/09/15 02:01:27.926, 0, 166831, 99, 15, 343.76
2026/09/15 02:01:27.930, 1, 166132, 99, 15, 346.18
2026/09/15 02:01:27.932, 2, 166134, 100, 15, 334.82
2026/09/15 02:01:27.935, 3, 165812, 100, 15, 344.68
2026/09/15 02:01:28.938, 0, 166831, 0, 0, 228.78
2026/09/15 02:01:28.941, 1, 166132, 0, 0, 227.35
2026/09/15 02:01:28.944, 2, 166134, 0, 0, 216.45
2026/09/15 02:01:28.946, 3, 165812, 0, 0, 232.88
2026/09/15 02:01:29.949, 0, 166831, 0, 0, 228.40
2026/09/15 02:01:29.952, 1, 166132, 0, 0, 226.96
2026/09/15 02:01:29.955, 2, 166134, 0, 0, 215.56
2026/09/15 02:01:29.957, 3, 165812, 0, 0, 232.66
2026/09/15 02:01:30.960, 0, 166831, 0, 0, 228.41
2026/09/15 02:01:30.963, 1, 166132, 0, 0, 227.27
2026/09/15 02:01:30.966, 2, 166134, 0, 0, 215.55
2026/09/15 02:01:30.968, 3, 165812, 0, 0, 232.67
2026/09/15 02:01:31.971, 0, 166831, 0, 0, 228.41
2026/09/15 02:01:31.974, 1, 166132, 0, 0, 227.27
2026/09/15 02:01:31.977, 2, 166134, 0, 0, 215.62
2026/09/15 02:01:31.980, 3, 165812, 0, 0, 232.70
2026/09/15 02:01:32.983, 0, 166831, 0, 0, 228.41
2026/09/15 02:01:32.987, 1, 166132, 0, 0, 227.27
2026/09/15 02:01:32.989, 2, 166134, 0, 0, 215.74
2026/09/15 02:01:32.991, 3, 165812, 0, 0, 232.72
2026/09/15 02:01:33.994, 0, 166831, 0, 0, 228.41
2026/09/15 02:01:33.997, 1, 166132, 0, 0, 227.27
2026/09/15 02:01:33.999, 2, 166134, 0, 0, 215.50
2026/09/15 02:01:34.002, 3, 165812, 0, 0, 232.70
2026/09/15 02:01:35.004, 0, 166831, 0, 0, 228.41
2026/09/15 02:01:35.007, 1, 166132, 0, 0, 227.19
2026/09/15 02:01:35.010, 2, 166134, 0, 0, 215.57
2026/09/15 02:01:35.012, 3, 165812, 0, 0, 232.71
2026/09/15 02:01:36.015, 0, 166831, 0, 0, 228.41
2026/09/15 02:01:36.018, 1, 166132, 0, 0, 227.27
2026/09/15 02:01:36.021, 2, 166134, 0, 0, 215.56
2026/09/15 02:01:36.023, 3, 165812, 0, 0, 232.70
2026/09/15 02:01:37.026, 0, 166831, 0, 0, 228.41
2026/09/15 02:01:37.029, 1, 166132, 0, 0, 227.27
2026/09/15 02:01:37.032, 2, 166134, 0, 0, 215.56
2026/09/15 02:01:37.034, 3, 165812, 0, 0, 232.70
2026/09/15 02:01:38.037, 0, 166831, 0, 0, 228.41
2026/09/15 02:01:38.040, 1, 166132, 0, 0, 227.27
2026/09/15 02:01:38.042, 2, 166134, 0, 0, 215.60
2026/09/15 02:01:38.045, 3, 165812, 0, 0, 232.73
2026/09/15 02:01:39.047, 0, 166831, 0, 0, 228.41
2026/09/15 02:01:39.050, 1, 166132, 0, 0, 227.27
2026/09/15 02:01:39.053, 2, 166134, 0, 0, 215.57
2026/09/15 02:01:39.055, 3, 165812, 0, 0, 232.72
2026/09/15 02:01:40.058, 0, 166831, 0, 0, 228.41
2026/09/15 02:01:40.061, 1, 166132, 0, 0, 227.27
2026/09/15 02:01:40.063, 2, 166134, 0, 0, 215.55
2026/09/15 02:01:40.066, 3, 165812, 0, 0, 232.69
2026/09/15 02:01:41.068, 0, 166831, 18, 1, 244.46
2026/09/15 02:01:41.072, 1, 166134, 39, 1, 270.20
2026/09/15 02:01:41.074, 2, 166134, 81, 1, 278.63
2026/09/15 02:01:41.077, 3, 165814, 77, 1, 286.40
2026/09/15 02:01:42.080, 0, 166831, 0, 0, 247.62
2026/09/15 02:01:42.083, 1, 166134, 0, 0, 240.44
2026/09/15 02:01:42.086, 2, 166134, 0, 0, 225.95
2026/09/15 02:01:42.088, 3, 165814, 0, 0, 263.51
2026/09/15 02:01:43.091, 0, 166831, 100, 18, 326.88
2026/09/15 02:01:43.094, 1, 166134, 99, 18, 332.92
2026/09/15 02:01:43.097, 2, 166134, 100, 18, 370.08
2026/09/15 02:01:43.099, 3, 165814, 100, 18, 366.22
2026/09/15 02:01:44.102, 0, 166831, 100, 19, 382.45
2026/09/15 02:01:44.105, 1, 166134, 100, 19, 381.77
2026/09/15 02:01:44.108, 2, 166134, 100, 19, 365.18
2026/09/15 02:01:44.111, 3, 165814, 100, 19, 369.96
2026/09/15 02:01:45.113, 0, 166831, 100, 19, 389.60
2026/09/15 02:01:45.116, 1, 166134, 99, 19, 385.73
2026/09/15 02:01:45.119, 2, 166134, 100, 19, 369.75
2026/09/15 02:01:45.122, 3, 165814, 100, 19, 372.70
2026/09/15 02:01:46.125, 0, 166831, 100, 19, 387.99
2026/09/15 02:01:46.128, 1, 166134, 100, 19, 386.84
2026/09/15 02:01:46.130, 2, 166134, 100, 19, 369.55
2026/09/15 02:01:46.133, 3, 165814, 100, 19, 372.74
2026/09/15 02:01:47.136, 0, 166831, 100, 20, 388.54
2026/09/15 02:01:47.139, 1, 166134, 99, 20, 386.92
2026/09/15 02:01:47.141, 2, 166134, 100, 19, 371.98
2026/09/15 02:01:47.144, 3, 165814, 100, 19, 373.13
2026/09/15 02:01:48.147, 0, 166831, 100, 19, 377.39
2026/09/15 02:01:48.150, 1, 166134, 100, 19, 343.18
2026/09/15 02:01:48.153, 2, 166134, 100, 19, 391.44
2026/09/15 02:01:48.155, 3, 165814, 100, 19, 388.07
2026/09/15 02:01:49.158, 0, 166831, 100, 18, 383.16
2026/09/15 02:01:49.161, 1, 166134, 100, 18, 382.04
2026/09/15 02:01:49.164, 2, 166134, 100, 18, 364.92
2026/09/15 02:01:49.166, 3, 165814, 99, 18, 370.48
2026/09/15 02:01:50.169, 0, 166831, 100, 18, 381.35
2026/09/15 02:01:50.172, 1, 166134, 100, 18, 379.26
2026/09/15 02:01:50.175, 2, 166134, 100, 18, 364.75
2026/09/15 02:01:50.177, 3, 165814, 100, 18, 367.09
2026/09/15 02:01:51.180, 0, 166831, 100, 18, 382.11
2026/09/15 02:01:51.183, 1, 166134, 100, 19, 380.70
2026/09/15 02:01:51.186, 2, 166134, 100, 18, 364.79
2026/09/15 02:01:51.188, 3, 165814, 100, 19, 370.80
2026/09/15 02:01:52.191, 0, 166831, 100, 19, 376.51
2026/09/15 02:01:52.194, 1, 166134, 25, 4, 362.07
2026/09/15 02:01:52.197, 2, 166134, 100, 19, 362.99
2026/09/15 02:01:52.199, 3, 165814, 100, 19, 366.32
2026/09/15 02:01:53.202, 0, 166831, 100, 19, 391.90
2026/09/15 02:01:53.205, 1, 166134, 100, 19, 362.07
2026/09/15 02:01:53.208, 2, 166134, 100, 19, 389.48
2026/09/15 02:01:53.210, 3, 165814, 99, 19, 392.48
2026/09/15 02:01:54.213, 0, 166831, 100, 19, 387.14
2026/09/15 02:01:54.216, 1, 166134, 100, 19, 385.73
2026/09/15 02:01:54.219, 2, 166134, 100, 19, 360.90
2026/09/15 02:01:54.221, 3, 165814, 99, 19, 372.56
2026/09/15 02:01:55.224, 0, 166831, 100, 19, 386.88
2026/09/15 02:01:55.227, 1, 166134, 99, 19, 387.70
2026/09/15 02:01:55.230, 2, 166134, 100, 19, 361.79
2026/09/15 02:01:55.232, 3, 165814, 99, 19, 372.50
2026/09/15 02:01:56.235, 0, 166831, 100, 19, 391.31
2026/09/15 02:01:56.238, 1, 166134, 100, 19, 386.21
2026/09/15 02:01:56.240, 2, 166134, 100, 19, 362.93
2026/09/15 02:01:56.243, 3, 165814, 99, 19, 372.85
2026/09/15 02:01:57.246, 0, 166831, 26, 1, 370.69
2026/09/15 02:01:57.249, 1, 166134, 11, 1, 366.99
2026/09/15 02:01:57.252, 2, 166134, 100, 19, 360.09
2026/09/15 02:01:57.254, 3, 165814, 99, 19, 369.01
2026/09/15 02:01:58.257, 0, 166831, 99, 19, 385.90
2026/09/15 02:01:58.260, 1, 166134, 100, 19, 361.29
2026/09/15 02:01:58.262, 2, 166134, 100, 19, 394.89
2026/09/15 02:01:58.265, 3, 165814, 100, 19, 390.80
2026/09/15 02:01:59.268, 0, 166831, 100, 19, 390.59
2026/09/15 02:01:59.271, 1, 166134, 100, 19, 388.20
2026/09/15 02:01:59.273, 2, 166134, 100, 19, 368.79
2026/09/15 02:01:59.276, 3, 165814, 100, 20, 373.34
2026/09/15 02:02:00.279, 0, 166831, 99, 19, 388.95
2026/09/15 02:02:00.282, 1, 166134, 100, 19, 388.51
2026/09/15 02:02:00.284, 2, 166134, 100, 20, 371.81
2026/09/15 02:02:00.287, 3, 165814, 100, 20, 374.01
2026/09/15 02:02:01.289, 0, 166831, 100, 19, 385.01
2026/09/15 02:02:01.292, 1, 166134, 100, 19, 385.43
2026/09/15 02:02:01.295, 2, 166134, 100, 19, 367.84
2026/09/15 02:02:01.298, 3, 165814, 100, 19, 371.62
2026/09/15 02:02:02.301, 0, 166831, 10, 1, 357.36
2026/09/15 02:02:02.304, 1, 166134, 70, 1, 384.64
2026/09/15 02:02:02.306, 2, 166134, 72, 2, 385.98
2026/09/15 02:02:02.309, 3, 165814, 62, 2, 386.80
2026/09/15 02:02:03.311, 0, 166831, 100, 19, 373.29
2026/09/15 02:02:03.315, 1, 166134, 100, 19, 390.04
2026/09/15 02:02:03.317, 2, 166134, 100, 19, 373.43
2026/09/15 02:02:03.320, 3, 165814, 100, 19, 376.62
2026/09/15 02:02:04.323, 0, 166831, 99, 19, 389.07
2026/09/15 02:02:04.326, 1, 166134, 100, 19, 386.87
2026/09/15 02:02:04.328, 2, 166134, 100, 19, 368.72
2026/09/15 02:02:04.331, 3, 165814, 100, 19, 373.32
2026/09/15 02:02:05.334, 0, 166831, 100, 20, 389.77
2026/09/15 02:02:05.337, 1, 166134, 99, 20, 388.39
2026/09/15 02:02:05.339, 2, 166134, 100, 20, 370.95
2026/09/15 02:02:05.342, 3, 165814, 100, 20, 373.02
2026/09/15 02:02:06.345, 0, 166831, 99, 19, 385.89
2026/09/15 02:02:06.348, 1, 166134, 99, 19, 385.74
2026/09/15 02:02:06.350, 2, 166134, 100, 18, 369.28
2026/09/15 02:02:06.353, 3, 165814, 99, 18, 372.41
2026/09/15 02:02:07.356, 0, 166831, 10, 1, 341.82
2026/09/15 02:02:07.359, 1, 166134, 66, 1, 388.08
2026/09/15 02:02:07.361, 2, 166134, 75, 2, 389.95
2026/09/15 02:02:07.364, 3, 165814, 67, 2, 392.24
2026/09/15 02:02:08.367, 0, 166831, 100, 19, 382.43
2026/09/15 02:02:08.370, 1, 166134, 100, 19, 385.46
2026/09/15 02:02:08.372, 2, 166134, 100, 18, 363.82
2026/09/15 02:02:08.375, 3, 165814, 99, 18, 369.88
2026/09/15 02:02:09.378, 0, 166831, 99, 17, 373.00
2026/09/15 02:02:09.381, 1, 166134, 100, 17, 372.72
2026/09/15 02:02:09.383, 2, 166134, 100, 17, 350.88
2026/09/15 02:02:09.386, 3, 165814, 99, 17, 364.85
2026/09/15 02:02:10.389, 0, 166831, 100, 17, 371.10
2026/09/15 02:02:10.392, 1, 166134, 99, 17, 373.77
2026/09/15 02:02:10.394, 2, 166134, 100, 17, 351.59
2026/09/15 02:02:10.397, 3, 165814, 99, 17, 364.87
2026/09/15 02:02:11.400, 0, 166831, 100, 18, 374.55
2026/09/15 02:02:11.402, 1, 166134, 99, 18, 374.55
2026/09/15 02:02:11.405, 2, 166134, 100, 18, 350.66
2026/09/15 02:02:11.408, 3, 165814, 99, 18, 366.36
2026/09/15 02:02:12.410, 0, 166831, 80, 15, 341.84
2026/09/15 02:02:12.413, 1, 166134, 100, 19, 386.38
2026/09/15 02:02:12.416, 2, 166134, 93, 14, 385.70
2026/09/15 02:02:12.419, 3, 165814, 90, 14, 390.28
2026/09/15 02:02:13.421, 0, 166831, 100, 20, 389.10
2026/09/15 02:02:13.424, 1, 166134, 100, 19, 388.62
2026/09/15 02:02:13.427, 2, 166134, 100, 20, 363.72
2026/09/15 02:02:13.429, 3, 165814, 100, 20, 372.83
2026/09/15 02:02:14.432, 0, 166831, 100, 20, 390.50
2026/09/15 02:02:14.435, 1, 166134, 100, 20, 389.65
2026/09/15 02:02:14.438, 2, 166134, 100, 20, 369.62
2026/09/15 02:02:14.440, 3, 165814, 100, 20, 373.20
2026/09/15 02:02:15.443, 0, 166831, 100, 20, 390.14
2026/09/15 02:02:15.446, 1, 166134, 100, 20, 390.02
2026/09/15 02:02:15.449, 2, 166134, 100, 20, 371.61
2026/09/15 02:02:15.451, 3, 165814, 99, 20, 373.42
2026/09/15 02:02:16.454, 0, 166831, 100, 20, 390.48
2026/09/15 02:02:16.457, 1, 166134, 100, 20, 390.64
2026/09/15 02:02:16.459, 2, 166134, 100, 20, 372.06
2026/09/15 02:02:16.462, 3, 165814, 100, 20, 375.22
2026/09/15 02:02:17.465, 0, 166831, 99, 19, 346.24
2026/09/15 02:02:17.468, 1, 166134, 100, 18, 391.89
2026/09/15 02:02:17.470, 2, 166134, 88, 11, 390.18
2026/09/15 02:02:17.473, 3, 165814, 84, 11, 391.83
2026/09/15 02:02:18.476, 0, 166831, 99, 19, 384.08
2026/09/15 02:02:18.478, 1, 166134, 99, 19, 379.99
2026/09/15 02:02:18.481, 2, 166134, 100, 19, 364.77
2026/09/15 02:02:18.484, 3, 165814, 99, 19, 371.02
2026/09/15 02:02:19.486, 0, 166831, 100, 18, 383.19
2026/09/15 02:02:19.489, 1, 166134, 99, 18, 382.38
2026/09/15 02:02:19.492, 2, 166134, 100, 18, 365.17
2026/09/15 02:02:19.495, 3, 165814, 99, 18, 370.10
2026/09/15 02:02:20.497, 0, 166831, 99, 17, 377.49
2026/09/15 02:02:20.500, 1, 166134, 99, 18, 375.27
2026/09/15 02:02:20.503, 2, 166134, 100, 17, 360.74
2026/09/15 02:02:20.505, 3, 165814, 99, 18, 367.06
2026/09/15 02:02:21.508, 0, 166831, 99, 18, 375.28
2026/09/15 02:02:21.511, 1, 166134, 100, 18, 373.02
2026/09/15 02:02:21.513, 2, 166134, 100, 18, 357.07
2026/09/15 02:02:21.516, 3, 165814, 99, 18, 367.24
2026/09/15 02:02:22.519, 0, 166831, 99, 19, 341.41
2026/09/15 02:02:22.522, 1, 166134, 99, 19, 365.57
2026/09/15 02:02:22.524, 2, 166134, 100, 19, 390.31
2026/09/15 02:02:22.527, 3, 165814, 100, 19, 390.29
2026/09/15 02:02:23.530, 0, 166831, 99, 19, 386.73
2026/09/15 02:02:23.533, 1, 166134, 99, 19, 386.08
2026/09/15 02:02:23.535, 2, 166134, 100, 19, 363.13
2026/09/15 02:02:23.538, 3, 165814, 100, 19, 372.56
2026/09/15 02:02:24.540, 0, 166831, 99, 19, 384.03
2026/09/15 02:02:24.543, 1, 166134, 99, 19, 383.62
2026/09/15 02:02:24.546, 2, 166134, 100, 19, 359.73
2026/09/15 02:02:24.549, 3, 165814, 100, 19, 370.35
2026/09/15 02:02:25.551, 0, 166831, 100, 19, 384.67
2026/09/15 02:02:25.554, 1, 166134, 99, 19, 384.79
2026/09/15 02:02:25.557, 2, 166134, 100, 19, 361.16
2026/09/15 02:02:25.559, 3, 165814, 100, 19, 371.16
2026/09/15 02:02:26.562, 0, 166831, 100, 19, 385.78
2026/09/15 02:02:26.565, 1, 166134, 99, 19, 384.77
2026/09/15 02:02:26.568, 2, 166134, 100, 19, 361.42
2026/09/15 02:02:26.570, 3, 165814, 100, 19, 372.16
2026/09/15 02:02:27.573, 0, 166831, 100, 19, 344.21
2026/09/15 02:02:27.576, 1, 166134, 99, 19, 393.76
2026/09/15 02:02:27.579, 2, 166134, 100, 19, 387.68
2026/09/15 02:02:27.581, 3, 165814, 100, 19, 393.43
2026/09/15 02:02:28.584, 0, 166831, 99, 19, 387.46
2026/09/15 02:02:28.587, 1, 166134, 99, 19, 387.47
2026/09/15 02:02:28.589, 2, 166134, 100, 19, 368.79
2026/09/15 02:02:28.592, 3, 165814, 99, 19, 371.86
2026/09/15 02:02:29.595, 0, 166831, 99, 19, 386.56
2026/09/15 02:02:29.597, 1, 166134, 99, 19, 383.31
2026/09/15 02:02:29.600, 2, 166134, 100, 19, 367.32
2026/09/15 02:02:29.603, 3, 165814, 99, 19, 372.53
2026/09/15 02:02:30.605, 0, 166831, 99, 19, 385.00
2026/09/15 02:02:30.608, 1, 166134, 99, 19, 384.23
2026/09/15 02:02:30.611, 2, 166134, 100, 19, 366.53
2026/09/15 02:02:30.613, 3, 165814, 99, 19, 371.75
2026/09/15 02:02:31.616, 0, 166831, 99, 19, 389.86
2026/09/15 02:02:31.619, 1, 166134, 99, 19, 389.63
2026/09/15 02:02:31.622, 2, 166134, 100, 19, 371.19
2026/09/15 02:02:31.624, 3, 165814, 99, 19, 373.83
2026/09/15 02:02:32.627, 0, 166831, 100, 19, 347.77
2026/09/15 02:02:32.630, 1, 166134, 100, 19, 389.01
2026/09/15 02:02:32.633, 2, 166134, 100, 19, 391.66
2026/09/15 02:02:32.635, 3, 165814, 100, 19, 391.10
2026/09/15 02:02:33.638, 0, 166831, 100, 20, 387.73
2026/09/15 02:02:33.641, 1, 166134, 100, 20, 386.34
2026/09/15 02:02:33.643, 2, 166134, 100, 19, 364.47
2026/09/15 02:02:33.646, 3, 165814, 100, 20, 372.04
2026/09/15 02:02:34.649, 0, 166831, 100, 19, 390.48
2026/09/15 02:02:34.652, 1, 166134, 100, 20, 389.59
2026/09/15 02:02:34.654, 2, 166134, 100, 20, 365.72
2026/09/15 02:02:34.657, 3, 165814, 100, 20, 373.68
2026/09/15 02:02:35.660, 0, 166831, 99, 20, 390.45
2026/09/15 02:02:35.662, 1, 166134, 100, 20, 390.05
2026/09/15 02:02:35.665, 2, 166134, 100, 20, 364.56
2026/09/15 02:02:35.668, 3, 165814, 100, 20, 374.70
2026/09/15 02:02:36.670, 0, 166831, 100, 20, 390.20
2026/09/15 02:02:36.673, 1, 166134, 100, 20, 390.14
2026/09/15 02:02:36.676, 2, 166134, 100, 20, 365.31
2026/09/15 02:02:36.679, 3, 165814, 100, 20, 374.49
2026/09/15 02:02:37.681, 0, 166831, 100, 19, 345.27
2026/09/15 02:02:37.684, 1, 166134, 100, 19, 385.86
2026/09/15 02:02:37.687, 2, 166134, 100, 19, 390.73
2026/09/15 02:02:37.689, 3, 165814, 100, 19, 393.90
2026/09/15 02:02:38.692, 0, 166831, 100, 19, 388.68
2026/09/15 02:02:38.695, 1, 166134, 100, 19, 388.83
2026/09/15 02:02:38.697, 2, 166134, 100, 19, 364.38
2026/09/15 02:02:38.700, 3, 165814, 100, 19, 372.18
2026/09/15 02:02:39.703, 0, 166831, 100, 20, 390.39
2026/09/15 02:02:39.706, 1, 166134, 100, 19, 389.74
2026/09/15 02:02:39.708, 2, 166134, 100, 20, 372.18
2026/09/15 02:02:39.711, 3, 165814, 100, 20, 373.99
2026/09/15 02:02:40.714, 0, 166831, 100, 19, 390.86
2026/09/15 02:02:40.717, 1, 166134, 100, 20, 389.83
2026/09/15 02:02:40.719, 2, 166134, 100, 20, 372.71
2026/09/15 02:02:40.722, 3, 165814, 100, 20, 374.93
2026/09/15 02:02:41.725, 0, 166831, 100, 20, 391.67
2026/09/15 02:02:41.728, 1, 166134, 100, 20, 385.47
2026/09/15 02:02:41.730, 2, 166134, 100, 20, 371.32
2026/09/15 02:02:41.733, 3, 165814, 76, 7, 373.62
2026/09/15 02:02:42.735, 0, 166831, 100, 19, 356.80
2026/09/15 02:02:42.738, 1, 166134, 100, 19, 382.27
2026/09/15 02:02:42.741, 2, 166134, 100, 19, 387.66
2026/09/15 02:02:42.744, 3, 165814, 100, 19, 392.55
2026/09/15 02:02:43.746, 0, 166831, 100, 18, 381.41
2026/09/15 02:02:43.749, 1, 166134, 100, 18, 379.87
2026/09/15 02:02:43.752, 2, 166134, 100, 18, 357.95
2026/09/15 02:02:43.754, 3, 165814, 99, 18, 370.21
2026/09/15 02:02:44.757, 0, 166831, 100, 18, 381.08
2026/09/15 02:02:44.760, 1, 166134, 100, 18, 380.04
2026/09/15 02:02:44.762, 2, 166134, 100, 18, 358.07
2026/09/15 02:02:44.765, 3, 165814, 100, 18, 368.46
2026/09/15 02:02:45.767, 0, 166831, 100, 18, 382.59
2026/09/15 02:02:45.770, 1, 166134, 100, 18, 380.85
2026/09/15 02:02:45.773, 2, 166134, 100, 18, 358.64
2026/09/15 02:02:45.775, 3, 165814, 100, 18, 367.95
2026/09/15 02:02:46.778, 0, 166831, 40, 7, 359.82
2026/09/15 02:02:46.781, 1, 166134, 100, 18, 375.90
2026/09/15 02:02:46.784, 2, 166134, 82, 8, 357.40
2026/09/15 02:02:46.786, 3, 165814, 73, 1, 365.83
2026/09/15 02:02:47.789, 0, 166831, 100, 19, 370.08
2026/09/15 02:02:47.792, 1, 166134, 100, 19, 374.38
2026/09/15 02:02:47.794, 2, 166134, 100, 19, 388.76
2026/09/15 02:02:47.797, 3, 165814, 99, 19, 396.72
2026/09/15 02:02:48.799, 0, 166831, 100, 19, 388.25
2026/09/15 02:02:48.802, 1, 166134, 100, 19, 387.93
2026/09/15 02:02:48.805, 2, 166134, 100, 19, 364.86
2026/09/15 02:02:48.807, 3, 165814, 100, 19, 372.89
2026/09/15 02:02:49.810, 0, 166831, 100, 19, 391.32
2026/09/15 02:02:49.813, 1, 166134, 100, 19, 387.67
2026/09/15 02:02:49.815, 2, 166134, 100, 19, 365.21
2026/09/15 02:02:49.818, 3, 165814, 99, 19, 374.06
2026/09/15 02:02:50.821, 0, 166831, 100, 19, 389.10
2026/09/15 02:02:50.824, 1, 166134, 100, 20, 387.69
2026/09/15 02:02:50.826, 2, 166134, 100, 20, 364.39
2026/09/15 02:02:50.829, 3, 165814, 99, 20, 373.37
2026/09/15 02:02:51.831, 0, 166831, 34, 6, 364.91
2026/09/15 02:02:51.834, 1, 166134, 67, 1, 385.00
2026/09/15 02:02:51.837, 2, 166134, 82, 1, 376.70
2026/09/15 02:02:51.839, 3, 165814, 72, 1, 388.29
2026/09/15 02:02:52.842, 0, 166831, 100, 19, 376.30
2026/09/15 02:02:52.845, 1, 166134, 100, 19, 396.19
2026/09/15 02:02:52.848, 2, 166134, 100, 19, 379.24
2026/09/15 02:02:52.850, 3, 165814, 100, 19, 381.81
2026/09/15 02:02:53.853, 0, 166831, 100, 19, 389.19
2026/09/15 02:02:53.856, 1, 166134, 100, 19, 386.90
2026/09/15 02:02:53.858, 2, 166134, 100, 19, 365.58
2026/09/15 02:02:53.861, 3, 165814, 100, 19, 373.23
2026/09/15 02:02:54.864, 0, 166831, 100, 19, 388.33
2026/09/15 02:02:54.867, 1, 166134, 100, 19, 386.96
2026/09/15 02:02:54.869, 2, 166134, 100, 19, 362.13
2026/09/15 02:02:54.872, 3, 165814, 100, 19, 372.02
2026/09/15 02:02:55.874, 0, 166831, 100, 19, 388.76
2026/09/15 02:02:55.877, 1, 166134, 100, 19, 388.15
2026/09/15 02:02:55.880, 2, 166134, 100, 19, 364.49
2026/09/15 02:02:55.882, 3, 165814, 100, 19, 373.96
2026/09/15 02:02:56.885, 0, 166831, 12, 2, 351.46
2026/09/15 02:02:56.888, 1, 166134, 54, 1, 385.36
2026/09/15 02:02:56.890, 2, 166134, 73, 1, 377.74
2026/09/15 02:02:56.893, 3, 165814, 70, 1, 390.35
2026/09/15 02:02:57.896, 0, 166831, 100, 19, 381.33
2026/09/15 02:02:57.899, 1, 166134, 100, 19, 395.63
2026/09/15 02:02:57.901, 2, 166134, 100, 19, 381.72
2026/09/15 02:02:57.904, 3, 165814, 100, 19, 382.56
2026/09/15 02:02:58.906, 0, 166831, 100, 19, 389.00
2026/09/15 02:02:58.909, 1, 166134, 100, 19, 387.07
2026/09/15 02:02:58.912, 2, 166134, 100, 19, 361.90
2026/09/15 02:02:58.914, 3, 165814, 100, 19, 373.16
2026/09/15 02:02:59.917, 0, 166831, 100, 19, 389.43
2026/09/15 02:02:59.920, 1, 166134, 100, 19, 387.52
2026/09/15 02:02:59.922, 2, 166134, 100, 19, 362.90
2026/09/15 02:02:59.925, 3, 165814, 100, 19, 372.48
2026/09/15 02:03:00.928, 0, 166831, 100, 19, 388.64
2026/09/15 02:03:00.931, 1, 166134, 100, 19, 387.01
2026/09/15 02:03:00.933, 2, 166134, 100, 19, 363.28
2026/09/15 02:03:00.936, 3, 165814, 99, 19, 373.31
2026/09/15 02:03:01.938, 0, 166831, 0, 0, 322.69
2026/09/15 02:03:01.941, 1, 166134, 0, 0, 325.77
2026/09/15 02:03:01.944, 2, 166134, 0, 0, 307.96
2026/09/15 02:03:01.947, 3, 165814, 0, 0, 316.63
2026/09/15 02:03:02.949, 0, 166831, 0, 0, 229.19
2026/09/15 02:03:02.952, 1, 166134, 0, 0, 227.27
2026/09/15 02:03:02.954, 2, 166134, 0, 0, 217.20
2026/09/15 02:03:02.957, 3, 165814, 0, 0, 232.65
2026/09/15 02:03:03.959, 0, 166831, 0, 0, 228.40
2026/09/15 02:03:03.963, 1, 166134, 0, 0, 227.11
2026/09/15 02:03:03.966, 2, 166134, 0, 0, 216.39
2026/09/15 02:03:03.969, 3, 165814, 0, 0, 232.71
2026/09/15 02:03:04.971, 0, 166831, 0, 0, 228.41
2026/09/15 02:03:04.974, 1, 166134, 0, 0, 227.27
2026/09/15 02:03:04.977, 2, 166134, 0, 0, 215.62
2026/09/15 02:03:04.979, 3, 165814, 0, 0, 232.65
2026/09/15 02:03:05.982, 0, 166831, 0, 0, 228.48
2026/09/15 02:03:05.985, 1, 166134, 0, 0, 227.27
2026/09/15 02:03:05.988, 2, 166134, 0, 0, 215.69
2026/09/15 02:03:05.990, 3, 165814, 0, 0, 232.66
2026/09/15 02:03:06.993, 0, 166831, 0, 0, 228.41
2026/09/15 02:03:06.996, 1, 166134, 0, 0, 227.27
2026/09/15 02:03:06.998, 2, 166134, 0, 0, 215.56
2026/09/15 02:03:07.001, 3, 165814, 0, 0, 232.67
2026/09/15 02:03:08.003, 0, 166831, 0, 0, 228.41
2026/09/15 02:03:08.006, 1, 166134, 0, 0, 227.27
2026/09/15 02:03:08.009, 2, 166134, 0, 0, 215.49
2026/09/15 02:03:08.011, 3, 165814, 0, 0, 232.68
2026/09/15 02:03:09.013, 0, 166831, 0, 0, 228.41
2026/09/15 02:03:09.017, 1, 166134, 0, 0, 227.27
2026/09/15 02:03:09.019, 2, 166134, 0, 0, 215.55
2026/09/15 02:03:09.022, 3, 165814, 0, 0, 232.69
2026/09/15 02:03:10.024, 0, 166831, 0, 0, 228.41
2026/09/15 02:03:10.027, 1, 166134, 0, 0, 227.27
2026/09/15 02:03:10.030, 2, 166134, 0, 0, 215.56
2026/09/15 02:03:10.032, 3, 165814, 0, 0, 232.70
2026/09/15 02:03:11.035, 0, 166831, 0, 0, 228.41
2026/09/15 02:03:11.038, 1, 166134, 0, 0, 227.27
2026/09/15 02:03:11.041, 2, 166134, 0, 0, 215.56
2026/09/15 02:03:11.043, 3, 165814, 0, 0, 232.70
2026/09/15 02:03:12.046, 0, 166831, 0, 0, 228.41
2026/09/15 02:03:12.049, 1, 166134, 0, 0, 227.27
2026/09/15 02:03:12.051, 2, 166134, 0, 0, 215.56
2026/09/15 02:03:12.054, 3, 165814, 0, 0, 232.69
2026/09/15 02:03:13.056, 0, 166831, 0, 0, 228.41
2026/09/15 02:03:13.060, 1, 166134, 0, 0, 227.27
2026/09/15 02:03:13.064, 2, 166134, 0, 0, 215.57
2026/09/15 02:03:13.068, 3, 165814, 0, 0, 232.72
2026/09/15 02:03:14.071, 0, 166831, 0, 0, 228.41
2026/09/15 02:03:14.074, 1, 166134, 0, 0, 227.27
2026/09/15 02:03:14.077, 2, 166134, 0, 0, 215.55
2026/09/15 02:03:14.079, 3, 165814, 0, 0, 232.69
2026/09/15 02:03:15.082, 0, 166831, 0, 0, 257.20
2026/09/15 02:03:15.085, 1, 166134, 67, 10, 307.87
2026/09/15 02:03:15.087, 2, 166134, 77, 12, 315.94
2026/09/15 02:03:15.090, 3, 165814, 74, 11, 325.99
2026/09/15 02:03:16.092, 0, 166831, 48, 1, 240.40
2026/09/15 02:03:16.095, 1, 166134, 3, 0, 228.96
2026/09/15 02:03:16.098, 2, 166134, 7, 0, 233.23
2026/09/15 02:03:16.100, 3, 165814, 6, 0, 248.18
2026/09/15 02:03:17.103, 0, 166831, 100, 18, 360.92
2026/09/15 02:03:17.106, 1, 166134, 99, 18, 381.60
2026/09/15 02:03:17.109, 2, 166134, 99, 18, 384.93
2026/09/15 02:03:17.111, 3, 165814, 99, 18, 387.76
2026/09/15 02:03:18.114, 0, 166831, 100, 19, 384.88
2026/09/15 02:03:18.117, 1, 166134, 99, 19, 384.52
2026/09/15 02:03:18.119, 2, 166134, 100, 19, 367.89
2026/09/15 02:03:18.122, 3, 165814, 100, 19, 371.38
2026/09/15 02:03:19.124, 0, 166831, 99, 19, 385.79
2026/09/15 02:03:19.127, 1, 166134, 99, 19, 387.46
2026/09/15 02:03:19.129, 2, 166134, 100, 19, 371.46
2026/09/15 02:03:19.132, 3, 165814, 100, 19, 372.50
2026/09/15 02:03:20.134, 0, 166831, 99, 19, 388.00
2026/09/15 02:03:20.137, 1, 166134, 99, 19, 387.21
2026/09/15 02:03:20.140, 2, 166134, 99, 20, 371.18
2026/09/15 02:03:20.142, 3, 165814, 100, 20, 373.08
2026/09/15 02:03:21.145, 0, 166831, 10, 1, 365.01
2026/09/15 02:03:21.147, 1, 166134, 55, 8, 366.36
2026/09/15 02:03:21.150, 2, 166134, 70, 2, 381.51
2026/09/15 02:03:21.152, 3, 165814, 65, 2, 381.73
2026/09/15 02:03:22.155, 0, 166831, 100, 19, 387.92
2026/09/15 02:03:22.158, 1, 166134, 99, 19, 376.58
2026/09/15 02:03:22.160, 2, 166134, 99, 19, 375.40
2026/09/15 02:03:22.163, 3, 165814, 99, 19, 381.22
2026/09/15 02:03:23.165, 0, 166831, 100, 18, 381.57
2026/09/15 02:03:23.168, 1, 166134, 99, 18, 379.69
2026/09/15 02:03:23.171, 2, 166134, 99, 18, 357.82
2026/09/15 02:03:23.173, 3, 165814, 99, 18, 366.82
2026/09/15 02:03:24.176, 0, 166831, 100, 19, 381.77
2026/09/15 02:03:24.179, 1, 166134, 99, 19, 381.11
2026/09/15 02:03:24.181, 2, 166134, 99, 19, 359.30
2026/09/15 02:03:24.184, 3, 165814, 100, 19, 370.10
2026/09/15 02:03:25.186, 0, 166831, 99, 18, 382.37
2026/09/15 02:03:25.189, 1, 166134, 99, 18, 382.40
2026/09/15 02:03:25.191, 2, 166134, 99, 19, 359.54
2026/09/15 02:03:25.194, 3, 165814, 99, 19, 370.17
2026/09/15 02:03:26.196, 0, 166831, 12, 2, 343.63
2026/09/15 02:03:26.199, 1, 166134, 43, 2, 376.04
2026/09/15 02:03:26.202, 2, 166134, 76, 3, 382.84
2026/09/15 02:03:26.204, 3, 165814, 71, 3, 390.25
2026/09/15 02:03:27.207, 0, 166831, 99, 19, 388.83
2026/09/15 02:03:27.210, 1, 166134, 99, 19, 386.63
2026/09/15 02:03:27.212, 2, 166134, 99, 19, 363.63
2026/09/15 02:03:27.214, 3, 165814, 100, 19, 371.52
2026/09/15 02:03:28.217, 0, 166831, 99, 19, 386.78
2026/09/15 02:03:28.220, 1, 166134, 99, 19, 386.59
2026/09/15 02:03:28.222, 2, 166134, 99, 19, 360.79
2026/09/15 02:03:28.225, 3, 165814, 99, 19, 372.56
2026/09/15 02:03:29.227, 0, 166831, 100, 19, 389.09
2026/09/15 02:03:29.230, 1, 166134, 99, 19, 386.42
2026/09/15 02:03:29.233, 2, 166134, 99, 19, 364.47
2026/09/15 02:03:29.235, 3, 165814, 100, 19, 373.56
2026/09/15 02:03:30.238, 0, 166831, 100, 19, 388.36
2026/09/15 02:03:30.241, 1, 166134, 99, 20, 388.06
2026/09/15 02:03:30.243, 2, 166134, 99, 20, 362.80
2026/09/15 02:03:30.246, 3, 165814, 99, 20, 373.68
2026/09/15 02:03:31.248, 0, 166831, 45, 2, 377.05
2026/09/15 02:03:31.251, 1, 166134, 99, 19, 345.77
2026/09/15 02:03:31.254, 2, 166134, 84, 8, 384.06
2026/09/15 02:03:31.256, 3, 165814, 80, 8, 390.60
2026/09/15 02:03:32.259, 0, 166831, 99, 19, 388.00
2026/09/15 02:03:32.261, 1, 166134, 99, 19, 386.14
2026/09/15 02:03:32.264, 2, 166134, 99, 19, 362.86
2026/09/15 02:03:32.266, 3, 165814, 99, 19, 371.56
2026/09/15 02:03:33.269, 0, 166831, 99, 19, 390.51
2026/09/15 02:03:33.272, 1, 166134, 99, 19, 388.42
2026/09/15 02:03:33.274, 2, 166134, 99, 19, 364.34
2026/09/15 02:03:33.277, 3, 165814, 100, 19, 373.83
2026/09/15 02:03:34.279, 0, 166831, 99, 19, 387.59
2026/09/15 02:03:34.282, 1, 166134, 99, 19, 388.67
2026/09/15 02:03:34.285, 2, 166134, 100, 19, 363.57
2026/09/15 02:03:34.287, 3, 165814, 100, 19, 373.15
2026/09/15 02:03:35.290, 0, 166831, 99, 19, 386.51
2026/09/15 02:03:35.292, 1, 166134, 99, 19, 385.22
2026/09/15 02:03:35.295, 2, 166134, 99, 19, 362.78
2026/09/15 02:03:35.297, 3, 165814, 99, 19, 371.91
2026/09/15 02:03:36.300, 0, 166831, 100, 19, 370.48
2026/09/15 02:03:36.303, 1, 166134, 99, 19, 343.82
2026/09/15 02:03:36.305, 2, 166134, 89, 12, 380.82
2026/09/15 02:03:36.308, 3, 165814, 87, 12, 388.91
2026/09/15 02:03:37.310, 0, 166831, 99, 19, 387.78
2026/09/15 02:03:37.313, 1, 166134, 99, 19, 385.95
2026/09/15 02:03:37.316, 2, 166134, 100, 19, 362.99
2026/09/15 02:03:37.318, 3, 165814, 99, 19, 372.95
2026/09/15 02:03:38.321, 0, 166831, 100, 19, 387.75
2026/09/15 02:03:38.323, 1, 166134, 99, 19, 388.06
2026/09/15 02:03:38.326, 2, 166134, 99, 19, 364.34
2026/09/15 02:03:38.328, 3, 165814, 99, 19, 373.19
2026/09/15 02:03:39.331, 0, 166831, 99, 19, 390.10
2026/09/15 02:03:39.334, 1, 166134, 99, 20, 388.96
2026/09/15 02:03:39.336, 2, 166134, 99, 20, 364.85
2026/09/15 02:03:39.339, 3, 165814, 99, 19, 374.64
2026/09/15 02:03:40.341, 0, 166831, 100, 18, 383.85
2026/09/15 02:03:40.344, 1, 166134, 99, 18, 382.23
2026/09/15 02:03:40.347, 2, 166134, 100, 18, 359.41
2026/09/15 02:03:40.349, 3, 165814, 99, 18, 371.14
2026/09/15 02:03:41.352, 0, 166831, 100, 19, 368.78
2026/09/15 02:03:41.355, 1, 166134, 99, 19, 340.13
2026/09/15 02:03:41.357, 2, 166134, 99, 19, 383.83
2026/09/15 02:03:41.360, 3, 165814, 99, 19, 388.89
2026/09/15 02:03:42.362, 0, 166831, 100, 17, 379.14
2026/09/15 02:03:42.365, 1, 166134, 99, 17, 378.55
2026/09/15 02:03:42.367, 2, 166134, 99, 17, 359.68
2026/09/15 02:03:42.370, 3, 165814, 99, 17, 366.35
2026/09/15 02:03:43.372, 0, 166831, 100, 17, 375.89
2026/09/15 02:03:43.375, 1, 166134, 99, 17, 371.11
2026/09/15 02:03:43.378, 2, 166134, 99, 17, 357.43
2026/09/15 02:03:43.380, 3, 165814, 99, 17, 365.46
2026/09/15 02:03:44.383, 0, 166831, 99, 17, 378.08
2026/09/15 02:03:44.386, 1, 166134, 99, 17, 372.93
2026/09/15 02:03:44.388, 2, 166134, 99, 18, 358.20
2026/09/15 02:03:44.390, 3, 165814, 99, 18, 365.86
2026/09/15 02:03:45.393, 0, 166831, 99, 17, 375.11
2026/09/15 02:03:45.396, 1, 166134, 99, 18, 374.12
2026/09/15 02:03:45.398, 2, 166134, 99, 18, 357.47
2026/09/15 02:03:45.401, 3, 165814, 99, 18, 366.64
2026/09/15 02:03:46.403, 0, 166831, 99, 19, 375.07
2026/09/15 02:03:46.406, 1, 166134, 99, 19, 339.48
2026/09/15 02:03:46.409, 2, 166134, 99, 19, 390.46
2026/09/15 02:03:46.411, 3, 165814, 99, 19, 391.88
2026/09/15 02:03:47.414, 0, 166831, 99, 20, 390.33
2026/09/15 02:03:47.417, 1, 166134, 99, 20, 389.87
2026/09/15 02:03:47.419, 2, 166134, 99, 20, 365.78
2026/09/15 02:03:47.422, 3, 165814, 99, 20, 373.60
2026/09/15 02:03:48.424, 0, 166831, 99, 20, 391.00
2026/09/15 02:03:48.427, 1, 166134, 99, 20, 389.53
2026/09/15 02:03:48.429, 2, 166134, 99, 20, 365.22
2026/09/15 02:03:48.432, 3, 165814, 100, 20, 373.88
2026/09/15 02:03:49.434, 0, 166831, 100, 20, 390.29
2026/09/15 02:03:49.437, 1, 166134, 99, 20, 389.90
2026/09/15 02:03:49.439, 2, 166134, 99, 20, 366.23
2026/09/15 02:03:49.442, 3, 165814, 100, 20, 373.95
2026/09/15 02:03:50.444, 0, 166831, 99, 20, 391.51
2026/09/15 02:03:50.447, 1, 166134, 99, 20, 389.84
2026/09/15 02:03:50.450, 2, 166134, 100, 20, 367.13
2026/09/15 02:03:50.452, 3, 165814, 99, 20, 374.98
2026/09/15 02:03:51.455, 0, 166831, 99, 19, 385.70
2026/09/15 02:03:51.457, 1, 166134, 99, 19, 339.06
2026/09/15 02:03:51.460, 2, 166134, 99, 19, 387.71
2026/09/15 02:03:51.462, 3, 165814, 99, 19, 389.84
2026/09/15 02:03:52.465, 0, 166831, 99, 19, 383.88
2026/09/15 02:03:52.467, 1, 166134, 99, 19, 382.14
2026/09/15 02:03:52.470, 2, 166134, 99, 19, 360.03
2026/09/15 02:03:52.472, 3, 165814, 99, 19, 370.23
2026/09/15 02:03:53.475, 0, 166831, 100, 18, 382.18
2026/09/15 02:03:53.478, 1, 166134, 99, 18, 381.33
2026/09/15 02:03:53.480, 2, 166134, 100, 18, 359.99
2026/09/15 02:03:53.483, 3, 165814, 99, 18, 368.46
2026/09/15 02:03:54.485, 0, 166831, 99, 17, 375.96
2026/09/15 02:03:54.488, 1, 166134, 99, 17, 374.01
2026/09/15 02:03:54.491, 2, 166134, 99, 17, 353.09
2026/09/15 02:03:54.493, 3, 165814, 99, 18, 366.82
2026/09/15 02:03:55.496, 0, 166831, 99, 18, 374.08
2026/09/15 02:03:55.498, 1, 166134, 99, 18, 373.63
2026/09/15 02:03:55.501, 2, 166134, 99, 18, 353.83
2026/09/15 02:03:55.503, 3, 165814, 99, 18, 368.03
2026/09/15 02:03:56.506, 0, 166831, 99, 19, 378.63
2026/09/15 02:03:56.509, 1, 166134, 99, 19, 343.11
2026/09/15 02:03:56.511, 2, 166134, 100, 19, 387.89
2026/09/15 02:03:56.514, 3, 165814, 100, 19, 390.35
2026/09/15 02:03:57.516, 0, 166831, 100, 19, 385.68
2026/09/15 02:03:57.519, 1, 166134, 99, 19, 384.83
2026/09/15 02:03:57.522, 2, 166134, 99, 19, 368.93
2026/09/15 02:03:57.524, 3, 165814, 99, 19, 372.34
2026/09/15 02:03:58.527, 0, 166831, 100, 19, 384.68
2026/09/15 02:03:58.529, 1, 166134, 99, 19, 382.55
2026/09/15 02:03:58.532, 2, 166134, 100, 19, 367.48
2026/09/15 02:03:58.534, 3, 165814, 99, 19, 371.29
2026/09/15 02:03:59.537, 0, 166831, 100, 19, 385.23
2026/09/15 02:03:59.540, 1, 166134, 99, 19, 384.65
2026/09/15 02:03:59.542, 2, 166134, 99, 19, 368.08
2026/09/15 02:03:59.544, 3, 165814, 99, 19, 372.26
2026/09/15 02:04:00.547, 0, 166831, 77, 14, 378.20
2026/09/15 02:04:00.550, 1, 166134, 81, 15, 365.45
2026/09/15 02:04:00.552, 2, 166134, 80, 1, 365.02
2026/09/15 02:04:00.555, 3, 165814, 70, 1, 367.52
2026/09/15 02:04:01.557, 0, 166831, 100, 19, 373.68
2026/09/15 02:04:01.560, 1, 166134, 99, 19, 357.36
2026/09/15 02:04:01.562, 2, 166134, 100, 19, 390.26
2026/09/15 02:04:01.565, 3, 165814, 100, 19, 395.56
2026/09/15 02:04:02.567, 0, 166831, 100, 19, 387.01
2026/09/15 02:04:02.570, 1, 166134, 99, 19, 386.73
2026/09/15 02:04:02.573, 2, 166134, 99, 19, 369.01
2026/09/15 02:04:02.575, 3, 165814, 100, 19, 373.33
2026/09/15 02:04:03.578, 0, 166831, 100, 19, 385.99
2026/09/15 02:04:03.580, 1, 166134, 99, 19, 385.42
2026/09/15 02:04:03.583, 2, 166134, 100, 19, 367.79
2026/09/15 02:04:03.585, 3, 165814, 100, 19, 371.79
2026/09/15 02:04:04.588, 0, 166831, 99, 19, 386.62
2026/09/15 02:04:04.591, 1, 166134, 99, 19, 384.59
2026/09/15 02:04:04.593, 2, 166134, 99, 20, 369.21
2026/09/15 02:04:04.596, 3, 165814, 100, 20, 372.69
2026/09/15 02:04:05.598, 0, 166831, 47, 6, 370.95
2026/09/15 02:04:05.601, 1, 166134, 39, 7, 363.23
2026/09/15 02:04:05.603, 2, 166134, 78, 1, 369.60
2026/09/15 02:04:05.606, 3, 165814, 70, 1, 372.27
2026/09/15 02:04:06.608, 0, 166831, 100, 19, 397.15
2026/09/15 02:04:06.611, 1, 166134, 99, 19, 367.61
2026/09/15 02:04:06.614, 2, 166134, 99, 19, 391.36
2026/09/15 02:04:06.616, 3, 165814, 99, 19, 394.82
2026/09/15 02:04:07.619, 0, 166831, 99, 20, 387.71
2026/09/15 02:04:07.622, 1, 166134, 99, 20, 387.51
2026/09/15 02:04:07.624, 2, 166134, 100, 20, 364.08
2026/09/15 02:04:07.627, 3, 165814, 100, 20, 372.93
2026/09/15 02:04:08.629, 0, 166831, 99, 19, 389.51
2026/09/15 02:04:08.632, 1, 166134, 99, 19, 390.11
2026/09/15 02:04:08.635, 2, 166134, 99, 20, 365.70
2026/09/15 02:04:08.637, 3, 165814, 100, 20, 372.91
2026/09/15 02:04:09.640, 0, 166831, 100, 20, 390.10
2026/09/15 02:04:09.642, 1, 166134, 99, 20, 388.99
2026/09/15 02:04:09.645, 2, 166134, 99, 20, 365.33
2026/09/15 02:04:09.647, 3, 165814, 99, 20, 374.49
2026/09/15 02:04:10.650, 0, 166831, 47, 7, 374.95
2026/09/15 02:04:10.653, 1, 166134, 13, 2, 354.61
2026/09/15 02:04:10.655, 2, 166134, 79, 1, 381.42
2026/09/15 02:04:10.658, 3, 165814, 71, 1, 376.50
2026/09/15 02:04:11.660, 0, 166831, 99, 19, 394.67
2026/09/15 02:04:11.663, 1, 166134, 99, 19, 381.25
2026/09/15 02:04:11.665, 2, 166134, 100, 19, 367.62
2026/09/15 02:04:11.668, 3, 165814, 99, 19, 372.21
2026/09/15 02:04:12.670, 0, 166831, 100, 20, 384.86
2026/09/15 02:04:12.673, 1, 166134, 99, 20, 389.39
2026/09/15 02:04:12.676, 2, 166134, 99, 20, 365.27
2026/09/15 02:04:12.678, 3, 165814, 100, 20, 373.60
2026/09/15 02:04:13.680, 0, 166831, 99, 20, 384.27
2026/09/15 02:04:13.683, 1, 166134, 99, 20, 389.71
2026/09/15 02:04:13.686, 2, 166134, 100, 20, 367.57
2026/09/15 02:04:13.688, 3, 165814, 99, 20, 373.13
2026/09/15 02:04:14.691, 0, 166831, 99, 20, 384.22
2026/09/15 02:04:14.693, 1, 166134, 99, 20, 388.52
2026/09/15 02:04:14.696, 2, 166134, 99, 20, 372.11
2026/09/15 02:04:14.698, 3, 165814, 99, 20, 373.77
2026/09/15 02:04:15.701, 0, 166831, 45, 2, 374.63
2026/09/15 02:04:15.704, 1, 166134, 13, 2, 352.97
2026/09/15 02:04:15.706, 2, 166134, 79, 1, 388.48
2026/09/15 02:04:15.709, 3, 165814, 73, 1, 389.22
2026/09/15 02:04:16.711, 0, 166831, 100, 19, 384.95
2026/09/15 02:04:16.714, 1, 166134, 100, 19, 374.27
2026/09/15 02:04:16.717, 2, 166134, 100, 19, 372.62
2026/09/15 02:04:16.719, 3, 165814, 100, 19, 373.38
2026/09/15 02:04:17.722, 0, 166831, 100, 18, 380.23
2026/09/15 02:04:17.724, 1, 166134, 100, 18, 379.51
2026/09/15 02:04:17.727, 2, 166134, 100, 18, 357.48
2026/09/15 02:04:17.729, 3, 165814, 100, 18, 364.55
2026/09/15 02:04:18.732, 0, 166831, 100, 18, 381.17
2026/09/15 02:04:18.735, 1, 166134, 100, 18, 381.35
2026/09/15 02:04:18.737, 2, 166134, 100, 18, 358.43
2026/09/15 02:04:18.740, 3, 165814, 100, 18, 367.14
2026/09/15 02:04:19.742, 0, 166831, 100, 18, 381.48
2026/09/15 02:04:19.745, 1, 166134, 100, 18, 380.59
2026/09/15 02:04:19.748, 2, 166134, 100, 18, 358.63
2026/09/15 02:04:19.750, 3, 165814, 100, 18, 372.91
2026/09/15 02:04:20.753, 0, 166831, 59, 5, 369.73
2026/09/15 02:04:20.755, 1, 166134, 29, 5, 341.01
2026/09/15 02:04:20.758, 2, 166134, 100, 19, 382.74
2026/09/15 02:04:20.760, 3, 165814, 62, 2, 391.09
2026/09/15 02:04:21.763, 0, 166831, 100, 19, 389.21
2026/09/15 02:04:21.766, 1, 166134, 100, 19, 386.64
2026/09/15 02:04:21.768, 2, 166134, 100, 19, 364.17
2026/09/15 02:04:21.771, 3, 165814, 100, 19, 368.80
2026/09/15 02:04:22.773, 0, 166831, 100, 19, 388.98
2026/09/15 02:04:22.776, 1, 166134, 100, 19, 387.23
2026/09/15 02:04:22.778, 2, 166134, 100, 19, 364.18
2026/09/15 02:04:22.781, 3, 165814, 100, 19, 371.70
2026/09/15 02:04:23.783, 0, 166831, 100, 19, 388.94
2026/09/15 02:04:23.786, 1, 166134, 100, 19, 388.24
2026/09/15 02:04:23.788, 2, 166134, 100, 19, 364.86
2026/09/15 02:04:23.791, 3, 165814, 100, 19, 373.36
2026/09/15 02:04:24.793, 0, 166831, 100, 19, 389.87
2026/09/15 02:04:24.796, 1, 166134, 100, 19, 389.21
2026/09/15 02:04:24.799, 2, 166134, 100, 19, 364.42
2026/09/15 02:04:24.801, 3, 165814, 100, 19, 373.35
2026/09/15 02:04:25.803, 0, 166831, 65, 7, 372.73
2026/09/15 02:04:25.806, 1, 166134, 37, 6, 346.78
2026/09/15 02:04:25.809, 2, 166134, 100, 19, 388.24
2026/09/15 02:04:25.811, 3, 165814, 100, 19, 390.00
2026/09/15 02:04:26.814, 0, 166831, 100, 19, 387.94
2026/09/15 02:04:26.817, 1, 166134, 100, 19, 386.73
2026/09/15 02:04:26.819, 2, 166134, 100, 19, 363.91
2026/09/15 02:04:26.821, 3, 165814, 100, 19, 370.17
2026/09/15 02:04:27.824, 0, 166831, 100, 19, 388.28
2026/09/15 02:04:27.827, 1, 166134, 100, 19, 387.28
2026/09/15 02:04:27.829, 2, 166134, 100, 19, 361.56
2026/09/15 02:04:27.832, 3, 165814, 100, 19, 373.25
2026/09/15 02:04:28.834, 0, 166831, 100, 19, 386.91
2026/09/15 02:04:28.837, 1, 166134, 100, 19, 388.26
2026/09/15 02:04:28.839, 2, 166134, 100, 19, 364.09
2026/09/15 02:04:28.842, 3, 165814, 100, 19, 374.12
2026/09/15 02:04:29.844, 0, 166831, 100, 19, 390.28
2026/09/15 02:04:29.847, 1, 166134, 100, 19, 389.21
2026/09/15 02:04:29.849, 2, 166134, 100, 19, 366.42
2026/09/15 02:04:29.852, 3, 165814, 100, 20, 373.42
2026/09/15 02:04:30.854, 0, 166831, 71, 11, 365.29
2026/09/15 02:04:30.857, 1, 166134, 99, 19, 344.95
2026/09/15 02:04:30.860, 2, 166134, 100, 19, 386.66
2026/09/15 02:04:30.862, 3, 165814, 100, 19, 389.41
2026/09/15 02:04:31.865, 0, 166831, 100, 19, 387.58
2026/09/15 02:04:31.867, 1, 166134, 100, 19, 386.93
2026/09/15 02:04:31.870, 2, 166134, 100, 19, 363.74
2026/09/15 02:04:31.872, 3, 165814, 100, 19, 372.06
2026/09/15 02:04:32.875, 0, 166831, 100, 19, 387.47
2026/09/15 02:04:32.878, 1, 166134, 100, 19, 387.00
2026/09/15 02:04:32.880, 2, 166134, 100, 19, 364.73
2026/09/15 02:04:32.883, 3, 165814, 100, 19, 373.26
2026/09/15 02:04:33.885, 0, 166831, 100, 19, 389.49
2026/09/15 02:04:33.888, 1, 166134, 100, 19, 388.20
2026/09/15 02:04:33.890, 2, 166134, 100, 19, 364.41
2026/09/15 02:04:33.893, 3, 165814, 100, 19, 374.01
2026/09/15 02:04:34.895, 0, 166831, 100, 19, 387.20
2026/09/15 02:04:34.898, 1, 166134, 99, 19, 387.33
2026/09/15 02:04:34.900, 2, 166134, 100, 19, 363.68
2026/09/15 02:04:34.903, 3, 165814, 100, 19, 372.23
2026/09/15 02:04:35.905, 0, 166831, 0, 0, 288.07
2026/09/15 02:04:35.908, 1, 166134, 0, 0, 286.50
2026/09/15 02:04:35.911, 2, 166134, 0, 0, 276.15
2026/09/15 02:04:35.913, 3, 165814, 0, 0, 286.86
2026/09/15 02:04:36.916, 0, 166831, 0, 0, 229.22
2026/09/15 02:04:36.919, 1, 166134, 0, 0, 227.27
2026/09/15 02:04:36.921, 2, 166134, 0, 0, 217.71
2026/09/15 02:04:36.923, 3, 165814, 0, 0, 232.71
2026/09/15 02:04:37.926, 0, 166831, 0, 0, 228.55
2026/09/15 02:04:37.930, 1, 166134, 0, 0, 227.11
2026/09/15 02:04:37.933, 2, 166134, 0, 0, 217.14
2026/09/15 02:04:37.935, 3, 165814, 0, 0, 232.68
2026/09/15 02:04:38.938, 0, 166831, 0, 0, 228.41
2026/09/15 02:04:38.941, 1, 166134, 0, 0, 227.27
2026/09/15 02:04:38.943, 2, 166134, 0, 0, 216.32
2026/09/15 02:04:38.946, 3, 165814, 0, 0, 232.65
2026/09/15 02:04:39.948, 0, 166831, 0, 0, 228.49
2026/09/15 02:04:39.951, 1, 166134, 0, 0, 227.27
2026/09/15 02:04:39.954, 2, 166134, 0, 0, 215.78
2026/09/15 02:04:39.956, 3, 165814, 0, 0, 232.69
2026/09/15 02:04:40.959, 0, 166831, 0, 0, 228.41
2026/09/15 02:04:40.962, 1, 166134, 0, 0, 227.27
2026/09/15 02:04:40.964, 2, 166134, 0, 0, 215.84
2026/09/15 02:04:40.967, 3, 165814, 0, 0, 232.65
2026/09/15 02:04:41.969, 0, 166831, 0, 0, 228.41
2026/09/15 02:04:41.972, 1, 166134, 0, 0, 227.27
2026/09/15 02:04:41.975, 2, 166134, 0, 0, 215.53
2026/09/15 02:04:41.977, 3, 165814, 0, 0, 232.64
2026/09/15 02:04:42.980, 0, 166831, 0, 0, 228.41
2026/09/15 02:04:42.983, 1, 166134, 0, 0, 227.27
2026/09/15 02:04:42.985, 2, 166134, 0, 0, 215.77
2026/09/15 02:04:42.988, 3, 165814, 0, 0, 232.67
2026/09/15 02:04:43.990, 0, 166831, 0, 0, 228.41
2026/09/15 02:04:43.993, 1, 166134, 0, 0, 227.27
2026/09/15 02:04:43.996, 2, 166134, 0, 0, 215.55
2026/09/15 02:04:43.998, 3, 165814, 0, 0, 232.66
2026/09/15 02:04:45.001, 0, 166831, 0, 0, 228.41
2026/09/15 02:04:45.004, 1, 166134, 0, 0, 227.27
2026/09/15 02:04:45.007, 2, 166134, 0, 0, 215.55
2026/09/15 02:04:45.009, 3, 165814, 0, 0, 232.66
2026/09/15 02:04:46.012, 0, 166831, 0, 0, 228.41
2026/09/15 02:04:46.015, 1, 166134, 0, 0, 227.27
2026/09/15 02:04:46.017, 2, 166134, 0, 0, 215.55
2026/09/15 02:04:46.020, 3, 165814, 0, 0, 232.69
2026/09/15 02:04:47.022, 0, 166831, 0, 0, 228.41
2026/09/15 02:04:47.026, 1, 166134, 0, 0, 227.27
2026/09/15 02:04:47.028, 2, 166134, 0, 0, 215.64
2026/09/15 02:04:47.031, 3, 165814, 0, 0, 232.70
2026/09/15 02:04:48.033, 0, 166831, 0, 0, 228.41
2026/09/15 02:04:48.036, 1, 166134, 0, 0, 227.27
2026/09/15 02:04:48.039, 2, 166134, 0, 0, 215.55
2026/09/15 02:04:48.041, 3, 165814, 0, 0, 232.67
2026/09/15 02:04:49.044, 0, 166831, 0, 0, 260.94
2026/09/15 02:04:49.047, 1, 166134, 0, 0, 280.76
2026/09/15 02:04:49.049, 2, 166134, 0, 0, 303.12
2026/09/15 02:04:49.052, 3, 165814, 0, 0, 314.04
2026/09/15 02:04:50.054, 0, 166831, 50, 1, 265.25
2026/09/15 02:04:50.057, 1, 166134, 30, 5, 242.96
2026/09/15 02:04:50.060, 2, 166134, 63, 2, 270.40
2026/09/15 02:04:50.062, 3, 165814, 36, 2, 268.41
2026/09/15 02:04:51.065, 0, 166831, 100, 18, 386.50
2026/09/15 02:04:51.067, 1, 166134, 100, 18, 379.49
2026/09/15 02:04:51.070, 2, 166134, 100, 19, 365.03
2026/09/15 02:04:51.072, 3, 165814, 100, 19, 377.37
2026/09/15 02:04:52.075, 0, 166831, 100, 19, 387.42
2026/09/15 02:04:52.077, 1, 166134, 100, 19, 385.56
2026/09/15 02:04:52.080, 2, 166134, 100, 19, 368.18
2026/09/15 02:04:52.082, 3, 165814, 100, 19, 371.57
2026/09/15 02:04:53.085, 0, 166831, 100, 19, 388.93
2026/09/15 02:04:53.087, 1, 166134, 100, 19, 387.53
2026/09/15 02:04:53.090, 2, 166134, 100, 19, 369.77
2026/09/15 02:04:53.092, 3, 165814, 100, 19, 373.43
2026/09/15 02:04:54.095, 0, 166831, 100, 19, 387.89
2026/09/15 02:04:54.098, 1, 166134, 100, 19, 387.48
2026/09/15 02:04:54.100, 2, 166134, 100, 20, 369.49
2026/09/15 02:04:54.102, 3, 165814, 100, 20, 372.86
2026/09/15 02:04:55.105, 0, 166831, 84, 12, 385.52
2026/09/15 02:04:55.108, 1, 166134, 61, 11, 345.92
2026/09/15 02:04:55.110, 2, 166134, 77, 2, 393.46
2026/09/15 02:04:55.113, 3, 165814, 71, 2, 391.94
2026/09/15 02:04:56.115, 0, 166831, 100, 19, 387.15
2026/09/15 02:04:56.118, 1, 166134, 100, 19, 385.53
2026/09/15 02:04:56.120, 2, 166134, 100, 19, 363.11
2026/09/15 02:04:56.123, 3, 165814, 100, 19, 370.15
2026/09/15 02:04:57.125, 0, 166831, 100, 18, 380.74
2026/09/15 02:04:57.128, 1, 166134, 100, 18, 379.05
2026/09/15 02:04:57.131, 2, 166134, 100, 18, 357.74
2026/09/15 02:04:57.133, 3, 165814, 100, 18, 370.84
2026/09/15 02:04:58.136, 0, 166831, 100, 18, 382.64
2026/09/15 02:04:58.138, 1, 166134, 100, 19, 377.55
2026/09/15 02:04:58.141, 2, 166134, 100, 19, 358.92
2026/09/15 02:04:58.143, 3, 165814, 99, 19, 371.57
2026/09/15 02:04:59.146, 0, 166831, 100, 19, 382.62
2026/09/15 02:04:59.148, 1, 166134, 100, 19, 384.69
2026/09/15 02:04:59.151, 2, 166134, 100, 19, 359.80
2026/09/15 02:04:59.153, 3, 165814, 100, 19, 370.82
2026/09/15 02:05:00.156, 0, 166831, 100, 19, 379.77
2026/09/15 02:05:00.159, 1, 166134, 100, 19, 340.01
2026/09/15 02:05:00.161, 2, 166134, 85, 7, 385.08
2026/09/15 02:05:00.163, 3, 165814, 81, 7, 389.17
2026/09/15 02:05:01.166, 0, 166831, 100, 19, 389.35
2026/09/15 02:05:01.169, 1, 166134, 100, 19, 386.72
2026/09/15 02:05:01.171, 2, 166134, 100, 19, 364.48
2026/09/15 02:05:01.174, 3, 165814, 100, 19, 371.95
2026/09/15 02:05:02.176, 0, 166831, 100, 19, 387.02
2026/09/15 02:05:02.179, 1, 166134, 100, 19, 385.63
2026/09/15 02:05:02.182, 2, 166134, 100, 19, 362.53
2026/09/15 02:05:02.184, 3, 165814, 99, 19, 371.92
2026/09/15 02:05:03.187, 0, 166831, 100, 19, 386.96
2026/09/15 02:05:03.189, 1, 166134, 100, 19, 387.79
2026/09/15 02:05:03.192, 2, 166134, 100, 19, 363.52
2026/09/15 02:05:03.194, 3, 165814, 99, 19, 373.17
2026/09/15 02:05:04.197, 0, 166831, 100, 19, 389.87
2026/09/15 02:05:04.199, 1, 166134, 100, 19, 387.66
2026/09/15 02:05:04.202, 2, 166134, 100, 19, 364.95
2026/09/15 02:05:04.204, 3, 165814, 100, 19, 374.72
2026/09/15 02:05:05.207, 0, 166831, 100, 19, 383.50
2026/09/15 02:05:05.210, 1, 166134, 100, 19, 345.39
2026/09/15 02:05:05.212, 2, 166134, 100, 19, 385.44
2026/09/15 02:05:05.214, 3, 165814, 100, 19, 386.85
2026/09/15 02:05:06.217, 0, 166831, 100, 19, 386.98
2026/09/15 02:05:06.220, 1, 166134, 100, 19, 385.57
2026/09/15 02:05:06.222, 2, 166134, 100, 19, 363.08
2026/09/15 02:05:06.225, 3, 165814, 100, 19, 372.56
2026/09/15 02:05:07.227, 0, 166831, 100, 19, 389.64
2026/09/15 02:05:07.230, 1, 166134, 100, 19, 388.03
2026/09/15 02:05:07.233, 2, 166134, 100, 19, 364.63
2026/09/15 02:05:07.235, 3, 165814, 100, 19, 375.69
2026/09/15 02:05:08.238, 0, 166831, 100, 18, 388.34
2026/09/15 02:05:08.240, 1, 166134, 100, 18, 387.67
2026/09/15 02:05:08.243, 2, 166134, 100, 19, 363.82
2026/09/15 02:05:08.245, 3, 165814, 100, 19, 373.45
2026/09/15 02:05:09.248, 0, 166831, 100, 19, 386.86
2026/09/15 02:05:09.250, 1, 166134, 100, 19, 385.82
2026/09/15 02:05:09.253, 2, 166134, 100, 19, 361.83
2026/09/15 02:05:09.255, 3, 165814, 100, 19, 372.27
2026/09/15 02:05:10.258, 0, 166831, 100, 19, 381.30
2026/09/15 02:05:10.261, 1, 166134, 100, 19, 341.49
2026/09/15 02:05:10.263, 2, 166134, 100, 19, 383.14
2026/09/15 02:05:10.266, 3, 165814, 99, 19, 387.01
2026/09/15 02:05:11.268, 0, 166831, 100, 19, 388.35
2026/09/15 02:05:11.271, 1, 166134, 100, 19, 387.82
2026/09/15 02:05:11.274, 2, 166134, 100, 19, 362.81
2026/09/15 02:05:11.276, 3, 165814, 100, 19, 373.63
2026/09/15 02:05:12.279, 0, 166831, 100, 19, 388.12
2026/09/15 02:05:12.281, 1, 166134, 100, 20, 387.91
2026/09/15 02:05:12.284, 2, 166134, 100, 19, 364.62
2026/09/15 02:05:12.286, 3, 165814, 100, 19, 373.00
2026/09/15 02:05:13.289, 0, 166831, 100, 20, 390.37
2026/09/15 02:05:13.292, 1, 166134, 100, 19, 389.19
2026/09/15 02:05:13.294, 2, 166134, 100, 20, 365.95
2026/09/15 02:05:13.297, 3, 165814, 100, 20, 374.16
2026/09/15 02:05:14.299, 0, 166831, 100, 18, 381.85
2026/09/15 02:05:14.302, 1, 166134, 100, 18, 381.31
2026/09/15 02:05:14.304, 2, 166134, 100, 18, 358.37
2026/09/15 02:05:14.307, 3, 165814, 99, 18, 369.83
2026/09/15 02:05:15.309, 0, 166831, 100, 19, 376.86
2026/09/15 02:05:15.312, 1, 166134, 100, 19, 339.40
2026/09/15 02:05:15.314, 2, 166134, 100, 19, 380.96
2026/09/15 02:05:15.317, 3, 165814, 100, 19, 387.38
2026/09/15 02:05:16.319, 0, 166831, 100, 17, 377.89
2026/09/15 02:05:16.323, 1, 166134, 100, 17, 376.89
2026/09/15 02:05:16.326, 2, 166134, 100, 17, 356.20
2026/09/15 02:05:16.328, 3, 165814, 99, 17, 363.73
2026/09/15 02:05:17.331, 0, 166831, 100, 17, 378.20
2026/09/15 02:05:17.334, 1, 166134, 100, 17, 372.39
2026/09/15 02:05:17.337, 2, 166134, 100, 17, 350.10
2026/09/15 02:05:17.340, 3, 165814, 99, 17, 361.30
2026/09/15 02:05:18.343, 0, 166831, 100, 17, 377.26
2026/09/15 02:05:18.346, 1, 166134, 100, 17, 373.12
2026/09/15 02:05:18.348, 2, 166134, 100, 18, 352.57
2026/09/15 02:05:18.351, 3, 165814, 100, 18, 361.57
2026/09/15 02:05:19.354, 0, 166831, 99, 18, 376.04
2026/09/15 02:05:19.357, 1, 166134, 100, 18, 374.51
2026/09/15 02:05:19.360, 2, 166134, 100, 18, 352.07
2026/09/15 02:05:19.362, 3, 165814, 99, 18, 362.42
2026/09/15 02:05:20.365, 0, 166831, 100, 19, 347.46
2026/09/15 02:05:20.368, 1, 166134, 100, 19, 401.15
2026/09/15 02:05:20.371, 2, 166134, 100, 19, 389.63
2026/09/15 02:05:20.374, 3, 165814, 100, 19, 391.73
2026/09/15 02:05:21.377, 0, 166831, 100, 20, 389.55
2026/09/15 02:05:21.380, 1, 166134, 100, 20, 390.17
2026/09/15 02:05:21.383, 2, 166134, 100, 20, 365.30
2026/09/15 02:05:21.385, 3, 165814, 100, 20, 369.51
2026/09/15 02:05:22.388, 0, 166831, 100, 20, 391.63
2026/09/15 02:05:22.391, 1, 166134, 100, 20, 390.09
2026/09/15 02:05:22.394, 2, 166134, 100, 20, 365.71
2026/09/15 02:05:22.397, 3, 165814, 100, 20, 370.66
2026/09/15 02:05:23.400, 0, 166831, 99, 20, 390.93
2026/09/15 02:05:23.403, 1, 166134, 100, 20, 390.61
2026/09/15 02:05:23.406, 2, 166134, 100, 20, 365.97
2026/09/15 02:05:23.409, 3, 165814, 100, 20, 374.98
2026/09/15 02:05:24.411, 0, 166831, 100, 20, 386.43
2026/09/15 02:05:24.415, 1, 166134, 100, 20, 390.00
2026/09/15 02:05:24.417, 2, 166134, 100, 20, 365.36
2026/09/15 02:05:24.420, 3, 165814, 100, 20, 373.27
2026/09/15 02:05:25.423, 0, 166831, 100, 19, 348.90
2026/09/15 02:05:25.426, 1, 166134, 100, 19, 383.15
2026/09/15 02:05:25.429, 2, 166134, 100, 19, 383.52
2026/09/15 02:05:25.432, 3, 165814, 99, 19, 391.62
2026/09/15 02:05:26.434, 0, 166831, 100, 19, 384.37
2026/09/15 02:05:26.438, 1, 166134, 100, 19, 379.02
2026/09/15 02:05:26.440, 2, 166134, 100, 19, 360.01
2026/09/15 02:05:26.443, 3, 165814, 99, 19, 369.58
2026/09/15 02:05:27.446, 0, 166831, 100, 18, 380.62
2026/09/15 02:05:27.449, 1, 166134, 100, 18, 377.18
2026/09/15 02:05:27.452, 2, 166134, 100, 18, 358.32
2026/09/15 02:05:27.455, 3, 165814, 100, 18, 369.13
2026/09/15 02:05:28.457, 0, 166831, 100, 17, 375.20
2026/09/15 02:05:28.460, 1, 166134, 100, 17, 370.83
2026/09/15 02:05:28.463, 2, 166134, 100, 17, 354.95
2026/09/15 02:05:28.466, 3, 165814, 99, 17, 366.56
2026/09/15 02:05:29.469, 0, 166831, 99, 18, 355.89
2026/09/15 02:05:29.472, 1, 166134, 59, 1, 365.61
2026/09/15 02:05:29.475, 2, 166134, 78, 5, 351.39
2026/09/15 02:05:29.478, 3, 165814, 74, 5, 366.68
2026/09/15 02:05:30.481, 0, 166831, 99, 19, 367.71
2026/09/15 02:05:30.484, 1, 166134, 99, 19, 399.18
2026/09/15 02:05:30.486, 2, 166134, 99, 19, 379.02
2026/09/15 02:05:30.489, 3, 165814, 100, 19, 387.80
2026/09/15 02:05:31.492, 0, 166831, 99, 19, 385.50
2026/09/15 02:05:31.495, 1, 166134, 99, 19, 381.39
2026/09/15 02:05:31.498, 2, 166134, 99, 19, 361.17
2026/09/15 02:05:31.501, 3, 165814, 100, 19, 371.23
2026/09/15 02:05:32.504, 0, 166831, 99, 19, 384.35
2026/09/15 02:05:32.507, 1, 166134, 99, 19, 379.90
2026/09/15 02:05:32.509, 2, 166134, 99, 19, 360.98
2026/09/15 02:05:32.512, 3, 165814, 100, 19, 371.24
2026/09/15 02:05:33.515, 0, 166831, 99, 19, 385.41
2026/09/15 02:05:33.518, 1, 166134, 99, 19, 380.77
2026/09/15 02:05:33.521, 2, 166134, 99, 19, 360.90
2026/09/15 02:05:33.524, 3, 165814, 100, 19, 370.96
2026/09/15 02:05:34.526, 0, 166831, 12, 2, 350.04
2026/09/15 02:05:34.530, 1, 166134, 56, 2, 387.81
2026/09/15 02:05:34.532, 2, 166134, 80, 1, 383.38
2026/09/15 02:05:34.535, 3, 165814, 76, 1, 388.93
2026/09/15 02:05:35.538, 0, 166831, 99, 19, 379.61
2026/09/15 02:05:35.541, 1, 166134, 99, 19, 392.01
2026/09/15 02:05:35.544, 2, 166134, 99, 19, 371.79
2026/09/15 02:05:35.547, 3, 165814, 100, 19, 381.42
2026/09/15 02:05:36.549, 0, 166831, 99, 19, 388.75
2026/09/15 02:05:36.553, 1, 166134, 99, 19, 382.43
2026/09/15 02:05:36.555, 2, 166134, 99, 19, 363.59
2026/09/15 02:05:36.558, 3, 165814, 100, 19, 372.74
2026/09/15 02:05:37.561, 0, 166831, 100, 19, 385.06
2026/09/15 02:05:37.564, 1, 166134, 99, 19, 378.88
2026/09/15 02:05:37.567, 2, 166134, 99, 19, 366.01
2026/09/15 02:05:37.570, 3, 165814, 100, 19, 372.49
2026/09/15 02:05:38.573, 0, 166831, 100, 19, 386.14
2026/09/15 02:05:38.576, 1, 166134, 99, 19, 382.63
2026/09/15 02:05:38.578, 2, 166134, 99, 20, 369.18
2026/09/15 02:05:38.581, 3, 165814, 100, 20, 372.73
2026/09/15 02:05:39.584, 0, 166831, 12, 2, 346.87
2026/09/15 02:05:39.587, 1, 166134, 65, 2, 397.02
2026/09/15 02:05:39.590, 2, 166134, 85, 8, 396.80
2026/09/15 02:05:39.592, 3, 165814, 84, 8, 399.80
2026/09/15 02:05:40.595, 0, 166831, 99, 19, 387.98
2026/09/15 02:05:40.598, 1, 166134, 99, 19, 384.25
2026/09/15 02:05:40.601, 2, 166134, 100, 19, 362.39
2026/09/15 02:05:40.604, 3, 165814, 100, 19, 367.95
2026/09/15 02:05:41.607, 0, 166831, 99, 20, 389.95
2026/09/15 02:05:41.610, 1, 166134, 100, 20, 389.60
2026/09/15 02:05:41.612, 2, 166134, 100, 20, 363.75
2026/09/15 02:05:41.615, 3, 165814, 100, 19, 368.54
2026/09/15 02:05:42.618, 0, 166831, 100, 19, 391.09
2026/09/15 02:05:42.621, 1, 166134, 99, 19, 390.32
2026/09/15 02:05:42.624, 2, 166134, 100, 19, 365.48
2026/09/15 02:05:42.627, 3, 165814, 100, 19, 369.36
2026/09/15 02:05:43.630, 0, 166831, 100, 20, 390.88
2026/09/15 02:05:43.633, 1, 166134, 99, 20, 389.81
2026/09/15 02:05:43.635, 2, 166134, 100, 20, 366.45
2026/09/15 02:05:43.638, 3, 165814, 100, 20, 370.16
2026/09/15 02:05:44.641, 0, 166831, 14, 2, 348.21
2026/09/15 02:05:44.644, 1, 166134, 37, 2, 386.51
2026/09/15 02:05:44.647, 2, 166134, 85, 8, 388.22
2026/09/15 02:05:44.650, 3, 165814, 85, 8, 396.10
2026/09/15 02:05:45.652, 0, 166831, 99, 19, 389.66
2026/09/15 02:05:45.655, 1, 166134, 99, 19, 388.03
2026/09/15 02:05:45.658, 2, 166134, 99, 19, 365.40
2026/09/15 02:05:45.661, 3, 165814, 100, 19, 369.38
2026/09/15 02:05:46.664, 0, 166831, 100, 20, 390.05
2026/09/15 02:05:46.667, 1, 166134, 99, 20, 388.37
2026/09/15 02:05:46.670, 2, 166134, 99, 20, 365.92
2026/09/15 02:05:46.673, 3, 165814, 100, 20, 373.42
2026/09/15 02:05:47.676, 0, 166831, 100, 20, 391.47
2026/09/15 02:05:47.679, 1, 166134, 99, 20, 389.65
2026/09/15 02:05:47.682, 2, 166134, 99, 20, 365.38
2026/09/15 02:05:47.684, 3, 165814, 100, 20, 374.34
2026/09/15 02:05:48.687, 0, 166831, 99, 20, 391.07
2026/09/15 02:05:48.690, 1, 166134, 99, 20, 389.78
2026/09/15 02:05:48.693, 2, 166134, 100, 20, 365.78
2026/09/15 02:05:48.696, 3, 165814, 100, 20, 375.04
2026/09/15 02:05:49.699, 0, 166831, 16, 2, 349.42
2026/09/15 02:05:49.702, 1, 166134, 99, 19, 356.42
2026/09/15 02:05:49.705, 2, 166134, 84, 5, 386.53
2026/09/15 02:05:49.708, 3, 165814, 84, 6, 398.51
2026/09/15 02:05:50.710, 0, 166831, 100, 18, 384.56
2026/09/15 02:05:50.713, 1, 166134, 99, 18, 383.79
2026/09/15 02:05:50.716, 2, 166134, 99, 18, 361.40
2026/09/15 02:05:50.719, 3, 165814, 100, 18, 368.39
2026/09/15 02:05:51.722, 0, 166831, 100, 18, 380.89
2026/09/15 02:05:51.725, 1, 166134, 99, 18, 378.92
2026/09/15 02:05:51.728, 2, 166134, 99, 18, 357.45
2026/09/15 02:05:51.731, 3, 165814, 99, 18, 367.25
2026/09/15 02:05:52.734, 0, 166831, 100, 18, 381.88
2026/09/15 02:05:52.737, 1, 166134, 99, 18, 382.09
2026/09/15 02:05:52.739, 2, 166134, 99, 18, 358.78
2026/09/15 02:05:52.742, 3, 165814, 99, 18, 368.78
2026/09/15 02:05:53.745, 0, 166831, 99, 18, 381.83
2026/09/15 02:05:53.748, 1, 166134, 99, 18, 382.01
2026/09/15 02:05:53.751, 2, 166134, 99, 18, 359.28
2026/09/15 02:05:53.754, 3, 165814, 99, 18, 373.44
2026/09/15 02:05:54.757, 0, 166831, 100, 19, 344.57
2026/09/15 02:05:54.760, 1, 166134, 100, 19, 392.04
2026/09/15 02:05:54.763, 2, 166134, 100, 19, 390.90
2026/09/15 02:05:54.766, 3, 165814, 100, 19, 402.06
2026/09/15 02:05:55.769, 0, 166831, 100, 19, 389.13
2026/09/15 02:05:55.772, 1, 166134, 100, 19, 384.14
2026/09/15 02:05:55.774, 2, 166134, 100, 19, 364.20
2026/09/15 02:05:55.777, 3, 165814, 100, 19, 372.45
2026/09/15 02:05:56.780, 0, 166831, 100, 19, 387.93
2026/09/15 02:05:56.783, 1, 166134, 100, 19, 384.12
2026/09/15 02:05:56.786, 2, 166134, 100, 19, 364.70
2026/09/15 02:05:56.789, 3, 165814, 100, 19, 372.69
2026/09/15 02:05:57.792, 0, 166831, 100, 19, 388.95
2026/09/15 02:05:57.795, 1, 166134, 100, 19, 384.62
2026/09/15 02:05:57.798, 2, 166134, 100, 19, 364.85
2026/09/15 02:05:57.800, 3, 165814, 100, 19, 373.64
2026/09/15 02:05:58.803, 0, 166831, 100, 19, 391.43
2026/09/15 02:05:58.806, 1, 166134, 100, 19, 384.58
2026/09/15 02:05:58.809, 2, 166134, 100, 20, 365.52
2026/09/15 02:05:58.812, 3, 165814, 100, 20, 374.58
2026/09/15 02:05:59.815, 0, 166831, 99, 19, 345.74
2026/09/15 02:05:59.818, 1, 166134, 100, 19, 391.73
2026/09/15 02:05:59.821, 2, 166134, 100, 19, 389.60
2026/09/15 02:05:59.823, 3, 165814, 99, 19, 398.59
2026/09/15 02:06:00.826, 0, 166831, 100, 19, 387.21
2026/09/15 02:06:00.829, 1, 166134, 100, 19, 383.43
2026/09/15 02:06:00.832, 2, 166134, 100, 19, 363.53
2026/09/15 02:06:00.835, 3, 165814, 100, 19, 367.19
2026/09/15 02:06:01.838, 0, 166831, 99, 19, 387.82
2026/09/15 02:06:01.841, 1, 166134, 100, 19, 384.02
2026/09/15 02:06:01.844, 2, 166134, 100, 19, 364.53
2026/09/15 02:06:01.847, 3, 165814, 100, 19, 368.41
2026/09/15 02:06:02.849, 0, 166831, 100, 19, 387.72
2026/09/15 02:06:02.852, 1, 166134, 100, 19, 384.47
2026/09/15 02:06:02.855, 2, 166134, 100, 19, 363.81
2026/09/15 02:06:02.858, 3, 165814, 100, 19, 370.08
2026/09/15 02:06:03.861, 0, 166831, 100, 19, 389.93
2026/09/15 02:06:03.864, 1, 166134, 100, 19, 385.62
2026/09/15 02:06:03.867, 2, 166134, 100, 19, 365.23
2026/09/15 02:06:03.870, 3, 165814, 100, 19, 375.09
2026/09/15 02:06:04.873, 0, 166831, 100, 19, 348.28
2026/09/15 02:06:04.876, 1, 166134, 99, 19, 388.01
2026/09/15 02:06:04.879, 2, 166134, 100, 19, 387.57
2026/09/15 02:06:04.881, 3, 165814, 99, 19, 400.30
2026/09/15 02:06:05.884, 0, 166831, 100, 19, 388.32
2026/09/15 02:06:05.887, 1, 166134, 100, 19, 383.72
2026/09/15 02:06:05.890, 2, 166134, 100, 19, 364.98
2026/09/15 02:06:05.893, 3, 165814, 99, 19, 371.25
2026/09/15 02:06:06.896, 0, 166831, 100, 19, 388.81
2026/09/15 02:06:06.899, 1, 166134, 100, 19, 384.39
2026/09/15 02:06:06.901, 2, 166134, 100, 19, 364.40
2026/09/15 02:06:06.904, 3, 165814, 100, 19, 372.99
2026/09/15 02:06:07.907, 0, 166831, 100, 19, 389.62
2026/09/15 02:06:07.910, 1, 166134, 100, 19, 385.26
2026/09/15 02:06:07.913, 2, 166134, 100, 19, 365.04
2026/09/15 02:06:07.916, 3, 165814, 99, 19, 372.34
2026/09/15 02:06:08.919, 0, 166831, 100, 19, 387.02
2026/09/15 02:06:08.922, 1, 166134, 100, 19, 383.15
2026/09/15 02:06:08.925, 2, 166134, 100, 19, 362.78
2026/09/15 02:06:08.928, 3, 165814, 99, 19, 373.39
2026/09/15 02:06:09.931, 0, 166831, 0, 0, 253.44
2026/09/15 02:06:09.934, 1, 166134, 0, 0, 253.02
2026/09/15 02:06:09.936, 2, 166134, 0, 0, 243.18
2026/09/15 02:06:09.939, 3, 165814, 0, 0, 252.49
2026/09/15 02:06:10.941, 0, 166831, 0, 0, 229.14
2026/09/15 02:06:10.945, 1, 166134, 0, 0, 227.27
2026/09/15 02:06:10.948, 2, 166134, 0, 0, 217.32
2026/09/15 02:06:10.950, 3, 165814, 0, 0, 232.65
2026/09/15 02:06:11.953, 0, 166831, 0, 0, 228.48
2026/09/15 02:06:11.957, 1, 166134, 0, 0, 227.18
2026/09/15 02:06:11.960, 2, 166134, 0, 0, 216.83
2026/09/15 02:06:11.962, 3, 165814, 0, 0, 232.67
2026/09/15 02:06:12.965, 0, 166831, 0, 0, 228.48
2026/09/15 02:06:12.968, 1, 166134, 0, 0, 227.27
2026/09/15 02:06:12.971, 2, 166134, 0, 0, 216.06
2026/09/15 02:06:12.973, 3, 165814, 0, 0, 232.66
2026/09/15 02:06:13.976, 0, 166831, 0, 0, 228.41
2026/09/15 02:06:13.979, 1, 166134, 0, 0, 227.27
2026/09/15 02:06:13.982, 2, 166134, 0, 0, 215.86
2026/09/15 02:06:13.985, 3, 165814, 0, 0, 232.66
2026/09/15 02:06:14.987, 0, 166831, 0, 0, 228.41
2026/09/15 02:06:14.990, 1, 166134, 0, 0, 227.27
2026/09/15 02:06:14.993, 2, 166134, 0, 0, 215.70
2026/09/15 02:06:14.995, 3, 165814, 0, 0, 232.66
2026/09/15 02:06:15.998, 0, 166831, 0, 0, 228.41
2026/09/15 02:06:16.001, 1, 166134, 0, 0, 227.27
2026/09/15 02:06:16.003, 2, 166134, 0, 0, 215.61
2026/09/15 02:06:16.006, 3, 165814, 0, 0, 232.65
2026/09/15 02:06:17.008, 0, 166831, 0, 0, 228.41
2026/09/15 02:06:17.012, 1, 166134, 0, 0, 227.27
2026/09/15 02:06:17.014, 2, 166134, 0, 0, 215.55
2026/09/15 02:06:17.017, 3, 165814, 0, 0, 232.67
2026/09/15 02:06:18.020, 0, 166831, 0, 0, 228.41
2026/09/15 02:06:18.023, 1, 166134, 0, 0, 227.27
2026/09/15 02:06:18.026, 2, 166134, 0, 0, 215.62
2026/09/15 02:06:18.028, 3, 165814, 0, 0, 232.67
2026/09/15 02:06:19.031, 0, 166831, 0, 0, 228.41
2026/09/15 02:06:19.034, 1, 166134, 0, 0, 227.27
2026/09/15 02:06:19.036, 2, 166134, 0, 0, 215.55
2026/09/15 02:06:19.039, 3, 165814, 0, 0, 232.69
2026/09/15 02:06:20.042, 0, 166831, 0, 0, 228.41
2026/09/15 02:06:20.044, 1, 166134, 0, 0, 227.27
2026/09/15 02:06:20.047, 2, 166134, 0, 0, 215.55
2026/09/15 02:06:20.049, 3, 165814, 0, 0, 232.67
2026/09/15 02:06:21.052, 0, 166831, 0, 0, 228.41
2026/09/15 02:06:21.055, 1, 166134, 0, 0, 227.27
2026/09/15 02:06:21.058, 2, 166134, 0, 0, 215.57
2026/09/15 02:06:21.060, 3, 165814, 0, 0, 232.73
2026/09/15 02:06:22.063, 0, 166831, 0, 0, 228.41
2026/09/15 02:06:22.066, 1, 166134, 0, 0, 227.27
2026/09/15 02:06:22.068, 2, 166134, 0, 0, 215.56
2026/09/15 02:06:22.071, 3, 165814, 0, 0, 232.69
2026/09/15 02:06:23.073, 0, 166833, 0, 0, 279.85
2026/09/15 02:06:23.076, 1, 166134, 0, 0, 326.75
2026/09/15 02:06:23.079, 2, 166134, 0, 0, 340.50
2026/09/15 02:06:23.081, 3, 165814, 0, 0, 350.27
2026/09/15 02:06:24.084, 0, 166833, 62, 6, 310.19
2026/09/15 02:06:24.087, 1, 166134, 17, 4, 260.00
2026/09/15 02:06:24.089, 2, 166134, 78, 6, 317.54
2026/09/15 02:06:24.092, 3, 165814, 77, 6, 326.71
2026/09/15 02:06:25.094, 0, 166833, 100, 25, 462.33
2026/09/15 02:06:25.097, 1, 166134, 100, 26, 458.20
2026/09/15 02:06:25.099, 2, 166134, 100, 25, 426.54
2026/09/15 02:06:25.102, 3, 165814, 100, 25, 421.80
2026/09/15 02:06:26.104, 0, 166833, 100, 25, 454.63
2026/09/15 02:06:26.107, 1, 166134, 100, 25, 456.56
2026/09/15 02:06:26.109, 2, 166134, 100, 25, 424.62
2026/09/15 02:06:26.112, 3, 165814, 100, 25, 424.27
2026/09/15 02:06:27.114, 0, 166833, 100, 25, 454.31
2026/09/15 02:06:27.117, 1, 166134, 100, 25, 457.12
2026/09/15 02:06:27.120, 2, 166134, 100, 25, 428.07
2026/09/15 02:06:27.122, 3, 165814, 100, 25, 422.71
2026/09/15 02:06:28.125, 0, 166833, 100, 25, 453.57
2026/09/15 02:06:28.127, 1, 166134, 100, 25, 458.30
2026/09/15 02:06:28.130, 2, 166134, 100, 25, 428.12
2026/09/15 02:06:28.132, 3, 165814, 100, 25, 427.26
2026/09/15 02:06:29.135, 0, 166833, 100, 25, 457.91
2026/09/15 02:06:29.137, 1, 166134, 100, 25, 462.15
2026/09/15 02:06:29.140, 2, 166134, 100, 26, 428.39
2026/09/15 02:06:29.142, 3, 165814, 100, 25, 426.38
2026/09/15 02:06:30.145, 0, 166833, 39, 6, 441.43
2026/09/15 02:06:30.148, 1, 166134, 100, 26, 447.82
2026/09/15 02:06:30.150, 2, 166134, 100, 26, 424.40
2026/09/15 02:06:30.153, 3, 165814, 100, 26, 421.15
2026/09/15 02:06:31.155, 0, 166833, 100, 25, 441.96
2026/09/15 02:06:31.158, 1, 166134, 100, 26, 406.86
2026/09/15 02:06:31.160, 2, 166134, 100, 25, 441.26
2026/09/15 02:06:31.163, 3, 165814, 100, 26, 443.25
2026/09/15 02:06:32.165, 0, 166833, 100, 24, 452.62
2026/09/15 02:06:32.168, 1, 166134, 100, 24, 455.01
2026/09/15 02:06:32.171, 2, 166134, 100, 25, 418.47
2026/09/15 02:06:32.173, 3, 165814, 100, 24, 416.44
2026/09/15 02:06:33.176, 0, 166833, 100, 24, 444.00
2026/09/15 02:06:33.178, 1, 166134, 100, 24, 448.54
2026/09/15 02:06:33.181, 2, 166134, 100, 24, 420.05
2026/09/15 02:06:33.183, 3, 165814, 100, 24, 414.54
2026/09/15 02:06:34.186, 0, 166833, 100, 23, 446.86
2026/09/15 02:06:34.189, 1, 166134, 100, 23, 447.80
2026/09/15 02:06:34.191, 2, 166134, 100, 23, 419.95
2026/09/15 02:06:34.194, 3, 165814, 100, 23, 416.09
2026/09/15 02:06:35.196, 0, 166833, 100, 22, 442.07
2026/09/15 02:06:35.199, 1, 166134, 100, 23, 444.06
2026/09/15 02:06:35.201, 2, 166134, 100, 23, 416.66
2026/09/15 02:06:35.204, 3, 165814, 100, 23, 413.40
2026/09/15 02:06:36.206, 0, 166833, 100, 23, 439.88
2026/09/15 02:06:36.209, 1, 166134, 100, 22, 441.00
2026/09/15 02:06:36.211, 2, 166134, 100, 22, 416.23
2026/09/15 02:06:36.214, 3, 165814, 100, 22, 412.38
2026/09/15 02:06:37.216, 0, 166833, 100, 26, 396.61
2026/09/15 02:06:37.219, 1, 166134, 100, 26, 442.78
2026/09/15 02:06:37.222, 2, 166134, 100, 26, 439.17
2026/09/15 02:06:37.224, 3, 165814, 100, 26, 441.09
2026/09/15 02:06:38.227, 0, 166833, 100, 26, 462.74
2026/09/15 02:06:38.230, 1, 166134, 100, 26, 455.85
2026/09/15 02:06:38.232, 2, 166134, 100, 27, 426.27
2026/09/15 02:06:38.235, 3, 165814, 100, 27, 414.88
2026/09/15 02:06:39.237, 0, 166833, 100, 26, 457.97
2026/09/15 02:06:39.240, 1, 166134, 100, 26, 456.05
2026/09/15 02:06:39.242, 2, 166134, 100, 26, 424.02
2026/09/15 02:06:39.245, 3, 165814, 100, 26, 414.22
2026/09/15 02:06:40.247, 0, 166833, 100, 27, 458.20
2026/09/15 02:06:40.250, 1, 166134, 100, 26, 453.96
2026/09/15 02:06:40.253, 2, 166134, 100, 27, 424.46
2026/09/15 02:06:40.255, 3, 165814, 100, 27, 416.13
2026/09/15 02:06:41.258, 0, 166833, 100, 26, 463.33
2026/09/15 02:06:41.261, 1, 166134, 100, 26, 458.06
2026/09/15 02:06:41.263, 2, 166134, 100, 26, 427.94
2026/09/15 02:06:41.265, 3, 165814, 100, 26, 416.97
2026/09/15 02:06:42.268, 0, 166833, 100, 26, 458.79
2026/09/15 02:06:42.271, 1, 166134, 100, 26, 452.86
2026/09/15 02:06:42.273, 2, 166134, 100, 26, 422.63
2026/09/15 02:06:42.276, 3, 165814, 100, 26, 416.38
2026/09/15 02:06:43.278, 0, 166833, 16, 3, 411.55
2026/09/15 02:06:43.281, 1, 166134, 71, 1, 448.67
2026/09/15 02:06:43.284, 2, 166134, 74, 3, 441.04
2026/09/15 02:06:43.286, 3, 165814, 81, 6, 440.29
2026/09/15 02:06:44.289, 0, 166833, 100, 27, 456.72
2026/09/15 02:06:44.292, 1, 166134, 100, 27, 464.48
2026/09/15 02:06:44.294, 2, 166134, 100, 27, 440.27
2026/09/15 02:06:44.297, 3, 165814, 100, 27, 419.02
2026/09/15 02:06:45.299, 0, 166833, 100, 26, 461.34
2026/09/15 02:06:45.302, 1, 166134, 100, 26, 456.29
2026/09/15 02:06:45.304, 2, 166134, 100, 26, 435.53
2026/09/15 02:06:45.307, 3, 165814, 100, 26, 417.41
2026/09/15 02:06:46.309, 0, 166833, 100, 26, 463.40
2026/09/15 02:06:46.312, 1, 166134, 100, 26, 455.98
2026/09/15 02:06:46.315, 2, 166134, 100, 26, 435.60
2026/09/15 02:06:46.317, 3, 165814, 100, 26, 418.28
2026/09/15 02:06:47.320, 0, 166833, 100, 26, 458.97
2026/09/15 02:06:47.322, 1, 166134, 100, 26, 454.63
2026/09/15 02:06:47.325, 2, 166134, 100, 26, 434.66
2026/09/15 02:06:47.327, 3, 165814, 100, 26, 414.93
2026/09/15 02:06:48.330, 0, 166833, 100, 26, 459.57
2026/09/15 02:06:48.333, 1, 166134, 100, 26, 453.93
2026/09/15 02:06:48.336, 2, 166134, 100, 26, 433.04
2026/09/15 02:06:48.338, 3, 165814, 100, 26, 416.65
2026/09/15 02:06:49.341, 0, 166833, 100, 26, 460.87
2026/09/15 02:06:49.344, 1, 166134, 100, 26, 453.93
2026/09/15 02:06:49.347, 2, 166134, 100, 26, 433.11
2026/09/15 02:06:49.350, 3, 165814, 100, 26, 417.57
2026/09/15 02:06:50.352, 0, 166833, 100, 26, 404.33
2026/09/15 02:06:50.355, 1, 166134, 100, 26, 430.03
2026/09/15 02:06:50.358, 2, 166134, 100, 26, 441.90
2026/09/15 02:06:50.361, 3, 165814, 100, 26, 444.69
2026/09/15 02:06:51.364, 0, 166833, 100, 26, 457.57
2026/09/15 02:06:51.367, 1, 166134, 100, 26, 452.60
2026/09/15 02:06:51.370, 2, 166134, 100, 26, 422.75
2026/09/15 02:06:51.373, 3, 165814, 100, 26, 414.58
2026/09/15 02:06:52.375, 0, 166833, 100, 26, 459.38
2026/09/15 02:06:52.378, 1, 166134, 100, 26, 452.36
2026/09/15 02:06:52.381, 2, 166134, 100, 26, 425.62
2026/09/15 02:06:52.384, 3, 165814, 100, 26, 415.35
2026/09/15 02:06:53.387, 0, 166833, 100, 26, 461.18
2026/09/15 02:06:53.390, 1, 166134, 100, 26, 454.33
2026/09/15 02:06:53.393, 2, 166134, 100, 26, 423.60
2026/09/15 02:06:53.396, 3, 165814, 100, 26, 415.61
2026/09/15 02:06:54.399, 0, 166833, 100, 26, 458.63
2026/09/15 02:06:54.402, 1, 166134, 100, 26, 450.65
2026/09/15 02:06:54.405, 2, 166134, 100, 26, 422.20
2026/09/15 02:06:54.407, 3, 165814, 100, 26, 414.20
2026/09/15 02:06:55.410, 0, 166833, 100, 26, 461.87
2026/09/15 02:06:55.413, 1, 166134, 100, 26, 454.06
2026/09/15 02:06:55.416, 2, 166134, 100, 26, 425.82
2026/09/15 02:06:55.419, 3, 165814, 100, 26, 417.59
2026/09/15 02:06:56.422, 0, 166833, 59, 13, 408.81
2026/09/15 02:06:56.425, 1, 166134, 63, 6, 449.83
2026/09/15 02:06:56.428, 2, 166134, 100, 23, 441.96
2026/09/15 02:06:56.431, 3, 165814, 82, 6, 447.08
2026/09/15 02:06:57.434, 0, 166833, 100, 25, 451.31
2026/09/15 02:06:57.437, 1, 166134, 100, 25, 446.18
2026/09/15 02:06:57.440, 2, 166134, 100, 25, 420.61
2026/09/15 02:06:57.442, 3, 165814, 100, 25, 411.57
2026/09/15 02:06:58.445, 0, 166833, 100, 22, 441.11
2026/09/15 02:06:58.448, 1, 166134, 100, 22, 442.24
2026/09/15 02:06:58.451, 2, 166134, 100, 22, 414.17
2026/09/15 02:06:58.454, 3, 165814, 100, 22, 407.43
2026/09/15 02:06:59.457, 0, 166833, 100, 23, 441.43
2026/09/15 02:06:59.460, 1, 166134, 100, 23, 441.74
2026/09/15 02:06:59.463, 2, 166134, 100, 23, 416.79
2026/09/15 02:06:59.466, 3, 165814, 100, 23, 406.73
2026/09/15 02:07:00.469, 0, 166833, 100, 23, 442.26
2026/09/15 02:07:00.471, 1, 166134, 100, 23, 441.17
2026/09/15 02:07:00.474, 2, 166134, 100, 23, 415.97
2026/09/15 02:07:00.477, 3, 165814, 100, 23, 406.63
2026/09/15 02:07:01.480, 0, 166833, 100, 23, 441.94
2026/09/15 02:07:01.483, 1, 166134, 100, 23, 443.26
2026/09/15 02:07:01.486, 2, 166134, 100, 23, 417.62
2026/09/15 02:07:01.488, 3, 165814, 100, 23, 407.42
2026/09/15 02:07:02.491, 0, 166833, 28, 6, 407.64
2026/09/15 02:07:02.494, 1, 166134, 100, 23, 425.04
2026/09/15 02:07:02.497, 2, 166134, 77, 1, 406.45
2026/09/15 02:07:02.500, 3, 165814, 80, 1, 401.16
2026/09/15 02:07:03.503, 0, 166833, 100, 26, 441.95
2026/09/15 02:07:03.506, 1, 166134, 100, 26, 435.52
2026/09/15 02:07:03.509, 2, 166134, 100, 27, 450.56
2026/09/15 02:07:03.511, 3, 165814, 100, 27, 449.64
2026/09/15 02:07:04.514, 0, 166833, 100, 25, 457.83
2026/09/15 02:07:04.517, 1, 166134, 100, 24, 457.88
2026/09/15 02:07:04.520, 2, 166134, 100, 25, 420.43
2026/09/15 02:07:04.523, 3, 165814, 100, 25, 413.01
2026/09/15 02:07:05.526, 0, 166833, 100, 23, 443.54
2026/09/15 02:07:05.528, 1, 166134, 100, 23, 446.15
2026/09/15 02:07:05.531, 2, 166134, 100, 23, 411.01
2026/09/15 02:07:05.534, 3, 165814, 100, 23, 407.95
2026/09/15 02:07:06.537, 0, 166833, 100, 23, 440.74
2026/09/15 02:07:06.540, 1, 166134, 100, 23, 443.28
2026/09/15 02:07:06.543, 2, 166134, 100, 23, 408.70
2026/09/15 02:07:06.545, 3, 165814, 100, 23, 405.67
2026/09/15 02:07:07.548, 0, 166833, 100, 23, 439.47
2026/09/15 02:07:07.551, 1, 166134, 100, 23, 442.85
2026/09/15 02:07:07.554, 2, 166134, 100, 23, 408.84
2026/09/15 02:07:07.557, 3, 165814, 100, 23, 407.14
2026/09/15 02:07:08.559, 0, 166833, 100, 23, 444.74
2026/09/15 02:07:08.563, 1, 166134, 100, 23, 445.37
2026/09/15 02:07:08.565, 2, 166134, 100, 23, 411.25
2026/09/15 02:07:08.568, 3, 165814, 100, 23, 408.99
2026/09/15 02:07:09.571, 0, 166833, 100, 27, 404.14
2026/09/15 02:07:09.574, 1, 166134, 100, 27, 445.66
2026/09/15 02:07:09.577, 2, 166134, 100, 26, 443.60
2026/09/15 02:07:09.579, 3, 165814, 100, 26, 444.37
2026/09/15 02:07:10.582, 0, 166833, 100, 26, 464.13
2026/09/15 02:07:10.585, 1, 166134, 100, 26, 466.08
2026/09/15 02:07:10.588, 2, 166134, 100, 26, 436.83
2026/09/15 02:07:10.591, 3, 165814, 100, 26, 422.13
2026/09/15 02:07:11.593, 0, 166833, 100, 27, 465.59
2026/09/15 02:07:11.596, 1, 166134, 100, 27, 469.29
2026/09/15 02:07:11.599, 2, 166134, 100, 27, 437.60
2026/09/15 02:07:11.602, 3, 165814, 100, 27, 421.08
2026/09/15 02:07:12.605, 0, 166833, 100, 27, 466.69
2026/09/15 02:07:12.608, 1, 166134, 100, 27, 469.42
2026/09/15 02:07:12.610, 2, 166134, 100, 27, 438.06
2026/09/15 02:07:12.613, 3, 165814, 100, 27, 427.33
2026/09/15 02:07:13.616, 0, 166833, 100, 26, 463.51
2026/09/15 02:07:13.619, 1, 166134, 100, 26, 465.91
2026/09/15 02:07:13.622, 2, 166134, 100, 26, 436.81
2026/09/15 02:07:13.624, 3, 165814, 100, 26, 425.47
2026/09/15 02:07:14.627, 0, 166833, 100, 27, 463.96
2026/09/15 02:07:14.630, 1, 166134, 100, 27, 467.00
2026/09/15 02:07:14.633, 2, 166134, 100, 27, 436.64
2026/09/15 02:07:14.636, 3, 165814, 100, 27, 424.63
2026/09/15 02:07:15.638, 0, 166833, 47, 10, 406.77
2026/09/15 02:07:15.641, 1, 166134, 27, 6, 437.99
2026/09/15 02:07:15.644, 2, 166134, 100, 23, 449.94
2026/09/15 02:07:15.647, 3, 165814, 100, 23, 447.36
2026/09/15 02:07:16.649, 0, 166833, 100, 25, 456.10
2026/09/15 02:07:16.652, 1, 166134, 100, 25, 448.29
2026/09/15 02:07:16.655, 2, 166134, 100, 25, 422.14
2026/09/15 02:07:16.658, 3, 165814, 100, 25, 413.74
2026/09/15 02:07:17.661, 0, 166833, 100, 24, 448.91
2026/09/15 02:07:17.663, 1, 166134, 100, 24, 444.41
2026/09/15 02:07:17.666, 2, 166134, 100, 24, 415.30
2026/09/15 02:07:17.669, 3, 165814, 100, 24, 415.53
2026/09/15 02:07:18.672, 0, 166833, 100, 24, 447.17
2026/09/15 02:07:18.675, 1, 166134, 100, 24, 440.11
2026/09/15 02:07:18.678, 2, 166134, 100, 24, 414.55
2026/09/15 02:07:18.680, 3, 165814, 100, 24, 416.55
2026/09/15 02:07:19.683, 0, 166833, 100, 24, 447.93
2026/09/15 02:07:19.686, 1, 166134, 100, 24, 443.52
2026/09/15 02:07:19.689, 2, 166134, 100, 25, 415.45
2026/09/15 02:07:19.692, 3, 165814, 100, 25, 419.01
2026/09/15 02:07:20.694, 0, 166833, 100, 24, 448.73
2026/09/15 02:07:20.697, 1, 166134, 100, 24, 442.15
2026/09/15 02:07:20.700, 2, 166134, 100, 24, 419.64
2026/09/15 02:07:20.703, 3, 165814, 100, 24, 416.75
2026/09/15 02:07:21.706, 0, 166833, 100, 25, 432.96
2026/09/15 02:07:21.709, 1, 166134, 100, 25, 435.38
2026/09/15 02:07:21.711, 2, 166134, 73, 9, 417.46
2026/09/15 02:07:21.714, 3, 165814, 73, 9, 412.13
2026/09/15 02:07:22.717, 0, 166833, 100, 27, 425.25
2026/09/15 02:07:22.720, 1, 166134, 100, 27, 460.46
2026/09/15 02:07:22.723, 2, 166134, 100, 27, 451.95
2026/09/15 02:07:22.726, 3, 165814, 100, 27, 451.30
2026/09/15 02:07:23.729, 0, 166833, 100, 25, 456.71
2026/09/15 02:07:23.732, 1, 166134, 100, 26, 460.39
2026/09/15 02:07:23.734, 2, 166134, 100, 26, 431.55
2026/09/15 02:07:23.737, 3, 165814, 100, 26, 421.25
2026/09/15 02:07:24.740, 0, 166833, 100, 26, 460.23
2026/09/15 02:07:24.743, 1, 166134, 100, 26, 461.74
2026/09/15 02:07:24.746, 2, 166134, 100, 26, 432.23
2026/09/15 02:07:24.749, 3, 165814, 100, 26, 422.35
2026/09/15 02:07:25.752, 0, 166833, 100, 26, 462.40
2026/09/15 02:07:25.755, 1, 166134, 100, 26, 463.52
2026/09/15 02:07:25.757, 2, 166134, 100, 26, 433.51
2026/09/15 02:07:25.760, 3, 165814, 100, 26, 422.59
2026/09/15 02:07:26.763, 0, 166833, 100, 26, 461.00
2026/09/15 02:07:26.766, 1, 166134, 100, 26, 464.30
2026/09/15 02:07:26.769, 2, 166134, 100, 26, 435.56
2026/09/15 02:07:26.772, 3, 165814, 100, 26, 422.72
2026/09/15 02:07:27.774, 0, 166833, 100, 26, 459.80
2026/09/15 02:07:27.777, 1, 166134, 100, 26, 461.64
2026/09/15 02:07:27.780, 2, 166134, 100, 26, 430.86
2026/09/15 02:07:27.783, 3, 165814, 100, 26, 422.87
2026/09/15 02:07:28.786, 0, 166833, 0, 0, 311.40
2026/09/15 02:07:28.789, 1, 166134, 0, 0, 312.04
2026/09/15 02:07:28.791, 2, 166134, 0, 0, 293.37
2026/09/15 02:07:28.794, 3, 165814, 0, 0, 296.70
2026/09/15 02:07:29.796, 0, 166833, 0, 0, 230.67
2026/09/15 02:07:29.799, 1, 166134, 0, 0, 227.27
2026/09/15 02:07:29.801, 2, 166134, 0, 0, 218.70
2026/09/15 02:07:29.804, 3, 165814, 0, 0, 233.16
2026/09/15 02:07:30.806, 0, 166833, 0, 0, 229.06
2026/09/15 02:07:30.810, 1, 166134, 0, 0, 227.26
2026/09/15 02:07:30.813, 2, 166134, 0, 0, 217.08
2026/09/15 02:07:30.815, 3, 165814, 0, 0, 232.70
2026/09/15 02:07:31.818, 0, 166833, 0, 0, 228.41
2026/09/15 02:07:31.821, 1, 166134, 0, 0, 227.27
2026/09/15 02:07:31.824, 2, 166134, 0, 0, 216.16
2026/09/15 02:07:31.826, 3, 165814, 0, 0, 232.67
2026/09/15 02:07:32.829, 0, 166833, 0, 0, 228.48
2026/09/15 02:07:32.832, 1, 166134, 0, 0, 227.27
2026/09/15 02:07:32.834, 2, 166134, 0, 0, 216.09
2026/09/15 02:07:32.837, 3, 165814, 0, 0, 232.68
2026/09/15 02:07:33.839, 0, 166833, 0, 0, 228.41
2026/09/15 02:07:33.842, 1, 166134, 0, 0, 227.27
2026/09/15 02:07:33.845, 2, 166134, 0, 0, 215.63
2026/09/15 02:07:33.847, 3, 165814, 0, 0, 232.69
2026/09/15 02:07:34.850, 0, 166833, 0, 0, 228.41
2026/09/15 02:07:34.853, 1, 166134, 0, 0, 227.27
2026/09/15 02:07:34.855, 2, 166134, 0, 0, 215.54
2026/09/15 02:07:34.858, 3, 165814, 0, 0, 232.69
2026/09/15 02:07:35.860, 0, 166833, 0, 0, 228.41
2026/09/15 02:07:35.863, 1, 166134, 0, 0, 227.27
2026/09/15 02:07:35.866, 2, 166134, 0, 0, 215.63
2026/09/15 02:07:35.868, 3, 165814, 0, 0, 232.70
2026/09/15 02:07:36.871, 0, 166833, 0, 0, 228.41
2026/09/15 02:07:36.874, 1, 166134, 0, 0, 227.27
2026/09/15 02:07:36.877, 2, 166134, 0, 0, 215.55
2026/09/15 02:07:36.879, 3, 165814, 0, 0, 232.67
2026/09/15 02:07:37.882, 0, 166833, 0, 0, 228.41
2026/09/15 02:07:37.885, 1, 166134, 0, 0, 227.27
2026/09/15 02:07:37.887, 2, 166134, 0, 0, 215.62
2026/09/15 02:07:37.890, 3, 165814, 0, 0, 232.66
2026/09/15 02:07:38.892, 0, 166833, 0, 0, 228.41
2026/09/15 02:07:38.895, 1, 166134, 0, 0, 227.27
2026/09/15 02:07:38.898, 2, 166134, 0, 0, 215.55
2026/09/15 02:07:38.900, 3, 165814, 0, 0, 232.67
2026/09/15 02:07:39.903, 0, 166833, 0, 0, 228.41
2026/09/15 02:07:39.906, 1, 166134, 0, 0, 227.27
2026/09/15 02:07:39.908, 2, 166134, 0, 0, 215.54
2026/09/15 02:07:39.911, 3, 165814, 0, 0, 232.65
2026/09/15 02:07:40.913, 0, 166833, 0, 0, 228.41
2026/09/15 02:07:40.916, 1, 166134, 0, 0, 227.27
2026/09/15 02:07:40.919, 2, 166134, 0, 0, 215.54
2026/09/15 02:07:40.922, 3, 165814, 0, 0, 232.66
2026/09/15 02:07:41.924, 0, 166833, 100, 15, 279.57
2026/09/15 02:07:41.927, 1, 166134, 100, 15, 322.84
2026/09/15 02:07:41.930, 2, 166134, 14, 2, 330.96
2026/09/15 02:07:41.932, 3, 165814, 15, 2, 343.55
2026/09/15 02:07:42.935, 0, 166833, 0, 0, 233.89
2026/09/15 02:07:42.938, 1, 166134, 16, 2, 237.06
2026/09/15 02:07:42.940, 2, 166134, 47, 1, 242.60
2026/09/15 02:07:42.942, 3, 165814, 41, 1, 242.79
2026/09/15 02:07:43.945, 0, 166833, 100, 25, 432.79
2026/09/15 02:07:43.948, 1, 166134, 100, 25, 471.91
2026/09/15 02:07:43.950, 2, 166134, 100, 25, 454.58
2026/09/15 02:07:43.953, 3, 165814, 100, 25, 437.55
2026/09/15 02:07:44.955, 0, 166833, 100, 25, 458.20
2026/09/15 02:07:44.958, 1, 166134, 100, 25, 457.00
2026/09/15 02:07:44.960, 2, 166134, 100, 24, 425.82
2026/09/15 02:07:44.963, 3, 165814, 100, 24, 421.46
2026/09/15 02:07:45.965, 0, 166833, 100, 25, 455.48
2026/09/15 02:07:45.968, 1, 166134, 100, 25, 456.28
2026/09/15 02:07:45.971, 2, 166134, 100, 26, 428.62
2026/09/15 02:07:45.973, 3, 165814, 100, 26, 424.19
2026/09/15 02:07:46.976, 0, 166833, 100, 25, 452.92
2026/09/15 02:07:46.978, 1, 166134, 100, 25, 457.33
2026/09/15 02:07:46.981, 2, 166134, 100, 25, 427.03
2026/09/15 02:07:46.983, 3, 165814, 100, 25, 424.74
2026/09/15 02:07:47.986, 0, 166833, 100, 26, 457.97
2026/09/15 02:07:47.988, 1, 166134, 100, 26, 459.72
2026/09/15 02:07:47.991, 2, 166134, 100, 26, 430.11
2026/09/15 02:07:47.993, 3, 165814, 100, 26, 427.20
2026/09/15 02:07:48.996, 0, 166833, 100, 26, 457.92
2026/09/15 02:07:48.999, 1, 166134, 100, 26, 458.31
2026/09/15 02:07:49.001, 2, 166134, 100, 25, 427.91
2026/09/15 02:07:49.003, 3, 165814, 100, 25, 425.05
2026/09/15 02:07:50.006, 0, 166833, 100, 25, 437.38
2026/09/15 02:07:50.009, 1, 166134, 100, 25, 397.95
2026/09/15 02:07:50.011, 2, 166134, 100, 24, 436.93
2026/09/15 02:07:50.014, 3, 165814, 100, 24, 428.70
2026/09/15 02:07:51.016, 0, 166833, 100, 25, 455.10
2026/09/15 02:07:51.019, 1, 166134, 100, 25, 455.71
2026/09/15 02:07:51.021, 2, 166134, 100, 25, 427.16
2026/09/15 02:07:51.024, 3, 165814, 100, 25, 418.16
2026/09/15 02:07:52.026, 0, 166833, 100, 24, 446.76
2026/09/15 02:07:52.029, 1, 166134, 100, 24, 449.23
2026/09/15 02:07:52.031, 2, 166134, 100, 23, 420.46
2026/09/15 02:07:52.034, 3, 165814, 100, 23, 416.22
2026/09/15 02:07:53.036, 0, 166833, 100, 24, 446.61
2026/09/15 02:07:53.039, 1, 166134, 100, 24, 450.03
2026/09/15 02:07:53.042, 2, 166134, 100, 24, 422.64
2026/09/15 02:07:53.044, 3, 165814, 100, 24, 413.92
2026/09/15 02:07:54.047, 0, 166833, 100, 23, 443.67
2026/09/15 02:07:54.049, 1, 166134, 100, 23, 445.86
2026/09/15 02:07:54.052, 2, 166134, 100, 23, 418.18
2026/09/15 02:07:54.054, 3, 165814, 100, 23, 414.23
2026/09/15 02:07:55.057, 0, 166833, 100, 23, 438.59
2026/09/15 02:07:55.059, 1, 166134, 100, 23, 440.48
2026/09/15 02:07:55.062, 2, 166134, 100, 23, 416.01
2026/09/15 02:07:55.064, 3, 165814, 100, 23, 412.85
2026/09/15 02:07:56.067, 0, 166833, 90, 17, 437.82
2026/09/15 02:07:56.069, 1, 166134, 74, 17, 392.78
2026/09/15 02:07:56.072, 2, 166134, 100, 24, 438.19
2026/09/15 02:07:56.074, 3, 165814, 100, 24, 430.16
2026/09/15 02:07:57.077, 0, 166833, 100, 27, 451.46
2026/09/15 02:07:57.080, 1, 166134, 100, 27, 462.35
2026/09/15 02:07:57.082, 2, 166134, 100, 26, 428.32
2026/09/15 02:07:57.085, 3, 165814, 100, 26, 415.35
2026/09/15 02:07:58.087, 0, 166833, 100, 26, 451.44
2026/09/15 02:07:58.090, 1, 166134, 100, 26, 463.69
2026/09/15 02:07:58.092, 2, 166134, 100, 26, 434.13
2026/09/15 02:07:58.095, 3, 165814, 100, 26, 422.52
2026/09/15 02:07:59.097, 0, 166833, 100, 26, 450.42
2026/09/15 02:07:59.100, 1, 166134, 100, 26, 463.65
2026/09/15 02:07:59.103, 2, 166134, 100, 26, 435.02
2026/09/15 02:07:59.105, 3, 165814, 100, 26, 422.03
2026/09/15 02:08:00.108, 0, 166833, 100, 27, 456.02
2026/09/15 02:08:00.110, 1, 166134, 100, 27, 467.46
2026/09/15 02:08:00.113, 2, 166134, 100, 26, 436.87
2026/09/15 02:08:00.115, 3, 165814, 100, 26, 425.13
2026/09/15 02:08:01.118, 0, 166833, 100, 26, 447.98
2026/09/15 02:08:01.120, 1, 166134, 100, 26, 462.53
2026/09/15 02:08:01.123, 2, 166134, 100, 26, 431.70
2026/09/15 02:08:01.125, 3, 165814, 100, 26, 422.92
2026/09/15 02:08:02.128, 0, 166833, 100, 27, 452.10
2026/09/15 02:08:02.130, 1, 166134, 100, 27, 466.06
2026/09/15 02:08:02.133, 2, 166134, 100, 27, 432.21
2026/09/15 02:08:02.135, 3, 165814, 100, 27, 421.90
2026/09/15 02:08:03.138, 0, 166833, 100, 26, 435.25
2026/09/15 02:08:03.141, 1, 166134, 100, 27, 425.14
2026/09/15 02:08:03.143, 2, 166134, 100, 26, 440.42
2026/09/15 02:08:03.146, 3, 165814, 100, 26, 438.84
2026/09/15 02:08:04.148, 0, 166833, 100, 27, 454.77
2026/09/15 02:08:04.151, 1, 166134, 100, 26, 466.50
2026/09/15 02:08:04.153, 2, 166134, 100, 26, 426.98
2026/09/15 02:08:04.156, 3, 165814, 100, 26, 425.65
2026/09/15 02:08:05.158, 0, 166833, 100, 26, 454.80
2026/09/15 02:08:05.161, 1, 166134, 100, 26, 466.70
2026/09/15 02:08:05.164, 2, 166134, 100, 26, 426.62
2026/09/15 02:08:05.166, 3, 165814, 100, 26, 423.58
2026/09/15 02:08:06.169, 0, 166833, 100, 26, 449.93
2026/09/15 02:08:06.171, 1, 166134, 100, 26, 463.36
2026/09/15 02:08:06.174, 2, 166134, 100, 26, 424.12
2026/09/15 02:08:06.176, 3, 165814, 100, 26, 422.37
2026/09/15 02:08:07.179, 0, 166833, 100, 26, 451.56
2026/09/15 02:08:07.181, 1, 166134, 100, 26, 463.12
2026/09/15 02:08:07.184, 2, 166134, 100, 26, 424.68
2026/09/15 02:08:07.186, 3, 165814, 100, 26, 423.96
2026/09/15 02:08:08.189, 0, 166833, 100, 26, 452.07
2026/09/15 02:08:08.192, 1, 166134, 100, 26, 464.14
2026/09/15 02:08:08.194, 2, 166134, 100, 26, 427.29
2026/09/15 02:08:08.196, 3, 165814, 100, 26, 423.59
2026/09/15 02:08:09.199, 0, 166833, 100, 25, 427.44
2026/09/15 02:08:09.202, 1, 166134, 100, 25, 407.57
2026/09/15 02:08:09.204, 2, 166134, 100, 24, 440.44
2026/09/15 02:08:09.207, 3, 165814, 100, 24, 436.80
2026/09/15 02:08:10.209, 0, 166833, 100, 26, 460.07
2026/09/15 02:08:10.212, 1, 166134, 100, 26, 462.44
2026/09/15 02:08:10.214, 2, 166134, 100, 26, 425.52
2026/09/15 02:08:10.217, 3, 165814, 100, 26, 420.73
2026/09/15 02:08:11.219, 0, 166833, 100, 26, 460.89
2026/09/15 02:08:11.222, 1, 166134, 100, 26, 462.71
2026/09/15 02:08:11.225, 2, 166134, 100, 26, 422.93
2026/09/15 02:08:11.227, 3, 165814, 100, 26, 421.41
2026/09/15 02:08:12.230, 0, 166833, 100, 26, 461.03
2026/09/15 02:08:12.232, 1, 166134, 100, 26, 464.06
2026/09/15 02:08:12.235, 2, 166134, 100, 26, 425.48
2026/09/15 02:08:12.237, 3, 165814, 100, 26, 420.87
2026/09/15 02:08:13.240, 0, 166833, 100, 26, 460.55
2026/09/15 02:08:13.242, 1, 166134, 100, 26, 462.31
2026/09/15 02:08:13.245, 2, 166134, 100, 25, 423.02
2026/09/15 02:08:13.247, 3, 165814, 100, 25, 421.98
2026/09/15 02:08:14.250, 0, 166833, 100, 26, 460.50
2026/09/15 02:08:14.252, 1, 166134, 100, 26, 463.40
2026/09/15 02:08:14.255, 2, 166134, 100, 26, 422.89
2026/09/15 02:08:14.257, 3, 165814, 100, 26, 422.26
2026/09/15 02:08:15.260, 0, 166833, 38, 7, 445.17
2026/09/15 02:08:15.263, 1, 166134, 29, 7, 429.27
2026/09/15 02:08:15.265, 2, 166134, 75, 1, 417.06
2026/09/15 02:08:15.268, 3, 165814, 65, 1, 414.71
2026/09/15 02:08:16.270, 0, 166833, 100, 26, 460.23
2026/09/15 02:08:16.273, 1, 166134, 100, 26, 434.60
2026/09/15 02:08:16.275, 2, 166134, 100, 25, 451.45
2026/09/15 02:08:16.278, 3, 165814, 100, 25, 439.19
2026/09/15 02:08:17.280, 0, 166833, 100, 23, 441.53
2026/09/15 02:08:17.283, 1, 166134, 100, 23, 450.12
2026/09/15 02:08:17.286, 2, 166134, 100, 23, 414.36
2026/09/15 02:08:17.288, 3, 165814, 100, 23, 408.71
2026/09/15 02:08:18.291, 0, 166833, 100, 23, 430.41
2026/09/15 02:08:18.293, 1, 166134, 100, 23, 441.61
2026/09/15 02:08:18.296, 2, 166134, 100, 23, 407.07
2026/09/15 02:08:18.298, 3, 165814, 100, 23, 404.41
2026/09/15 02:08:19.301, 0, 166833, 100, 23, 431.04
2026/09/15 02:08:19.304, 1, 166134, 100, 23, 443.10
2026/09/15 02:08:19.306, 2, 166134, 100, 23, 408.08
2026/09/15 02:08:19.309, 3, 165814, 100, 23, 406.03
2026/09/15 02:08:20.311, 0, 166833, 100, 23, 431.76
2026/09/15 02:08:20.314, 1, 166134, 100, 23, 442.92
2026/09/15 02:08:20.317, 2, 166134, 100, 23, 409.53
2026/09/15 02:08:20.319, 3, 165814, 100, 23, 407.65
2026/09/15 02:08:21.321, 0, 166833, 100, 23, 433.44
2026/09/15 02:08:21.324, 1, 166134, 100, 23, 443.22
2026/09/15 02:08:21.327, 2, 166134, 100, 23, 410.78
2026/09/15 02:08:21.329, 3, 165814, 100, 23, 408.37
2026/09/15 02:08:22.332, 0, 166833, 100, 26, 438.00
2026/09/15 02:08:22.335, 1, 166134, 100, 26, 401.11
2026/09/15 02:08:22.337, 2, 166134, 100, 26, 438.67
2026/09/15 02:08:22.340, 3, 165814, 100, 26, 435.16
2026/09/15 02:08:23.342, 0, 166833, 100, 25, 449.02
2026/09/15 02:08:23.345, 1, 166134, 100, 25, 463.38
2026/09/15 02:08:23.347, 2, 166134, 100, 25, 426.90
2026/09/15 02:08:23.350, 3, 165814, 100, 25, 418.36
2026/09/15 02:08:24.352, 0, 166833, 100, 23, 442.08
2026/09/15 02:08:24.355, 1, 166134, 100, 23, 446.62
2026/09/15 02:08:24.357, 2, 166134, 100, 23, 421.20
2026/09/15 02:08:24.360, 3, 165814, 100, 23, 413.68
2026/09/15 02:08:25.362, 0, 166833, 100, 24, 440.92
2026/09/15 02:08:25.365, 1, 166134, 100, 23, 442.90
2026/09/15 02:08:25.367, 2, 166134, 100, 23, 417.54
2026/09/15 02:08:25.370, 3, 165814, 100, 23, 414.58
2026/09/15 02:08:26.372, 0, 166833, 100, 23, 440.24
2026/09/15 02:08:26.375, 1, 166134, 100, 23, 442.30
2026/09/15 02:08:26.378, 2, 166134, 100, 23, 415.24
2026/09/15 02:08:26.380, 3, 165814, 100, 23, 413.38
2026/09/15 02:08:27.383, 0, 166833, 100, 24, 443.00
2026/09/15 02:08:27.385, 1, 166134, 100, 24, 443.74
2026/09/15 02:08:27.388, 2, 166134, 100, 24, 417.43
2026/09/15 02:08:27.390, 3, 165814, 100, 24, 414.05
2026/09/15 02:08:28.393, 0, 166833, 100, 26, 429.13
2026/09/15 02:08:28.396, 1, 166134, 100, 26, 395.74
2026/09/15 02:08:28.398, 2, 166134, 100, 25, 441.19
2026/09/15 02:08:28.400, 3, 165814, 100, 25, 435.01
2026/09/15 02:08:29.403, 0, 166833, 100, 27, 465.59
2026/09/15 02:08:29.406, 1, 166134, 100, 27, 465.88
2026/09/15 02:08:29.408, 2, 166134, 100, 27, 434.29
2026/09/15 02:08:29.411, 3, 165814, 100, 27, 421.78
2026/09/15 02:08:30.413, 0, 166833, 100, 27, 464.13
2026/09/15 02:08:30.416, 1, 166134, 100, 27, 466.97
2026/09/15 02:08:30.418, 2, 166134, 100, 27, 437.11
2026/09/15 02:08:30.421, 3, 165814, 100, 27, 425.58
2026/09/15 02:08:31.423, 0, 166833, 100, 27, 466.04
2026/09/15 02:08:31.426, 1, 166134, 100, 27, 466.89
2026/09/15 02:08:31.428, 2, 166134, 100, 27, 437.71
2026/09/15 02:08:31.431, 3, 165814, 100, 27, 424.27
2026/09/15 02:08:32.433, 0, 166833, 100, 27, 467.10
2026/09/15 02:08:32.436, 1, 166134, 100, 27, 468.00
2026/09/15 02:08:32.439, 2, 166134, 100, 27, 437.45
2026/09/15 02:08:32.441, 3, 165814, 100, 27, 426.62
2026/09/15 02:08:33.443, 0, 166833, 100, 26, 462.44
2026/09/15 02:08:33.446, 1, 166134, 100, 26, 465.54
2026/09/15 02:08:33.449, 2, 166134, 100, 26, 436.22
2026/09/15 02:08:33.451, 3, 165814, 100, 26, 424.90
2026/09/15 02:08:34.454, 0, 166833, 47, 9, 441.51
2026/09/15 02:08:34.456, 1, 166134, 41, 10, 425.96
2026/09/15 02:08:34.459, 2, 166134, 100, 27, 425.58
2026/09/15 02:08:34.461, 3, 165814, 100, 27, 413.95
2026/09/15 02:08:35.464, 0, 166833, 100, 26, 455.85
2026/09/15 02:08:35.467, 1, 166134, 100, 26, 437.06
2026/09/15 02:08:35.469, 2, 166134, 100, 26, 451.83
2026/09/15 02:08:35.472, 3, 165814, 100, 26, 437.90
2026/09/15 02:08:36.474, 0, 166833, 100, 25, 453.53
2026/09/15 02:08:36.477, 1, 166134, 100, 25, 455.21
2026/09/15 02:08:36.479, 2, 166134, 100, 25, 426.96
2026/09/15 02:08:36.482, 3, 165814, 100, 25, 410.29
2026/09/15 02:08:37.484, 0, 166833, 100, 24, 447.72
2026/09/15 02:08:37.487, 1, 166134, 100, 24, 449.97
2026/09/15 02:08:37.489, 2, 166134, 100, 24, 422.73
2026/09/15 02:08:37.492, 3, 165814, 100, 24, 410.05
2026/09/15 02:08:38.494, 0, 166833, 100, 24, 449.17
2026/09/15 02:08:38.497, 1, 166134, 100, 24, 451.73
2026/09/15 02:08:38.499, 2, 166134, 100, 24, 423.83
2026/09/15 02:08:38.502, 3, 165814, 100, 24, 410.12
2026/09/15 02:08:39.504, 0, 166833, 100, 24, 450.44
2026/09/15 02:08:39.507, 1, 166134, 100, 24, 451.91
2026/09/15 02:08:39.509, 2, 166134, 100, 24, 423.73
2026/09/15 02:08:39.512, 3, 165814, 100, 24, 412.16
2026/09/15 02:08:40.514, 0, 166833, 100, 24, 451.18
2026/09/15 02:08:40.517, 1, 166134, 100, 25, 453.11
2026/09/15 02:08:40.520, 2, 166134, 100, 25, 423.44
2026/09/15 02:08:40.522, 3, 165814, 100, 25, 412.84
2026/09/15 02:08:41.524, 0, 166833, 100, 26, 436.70
2026/09/15 02:08:41.527, 1, 166134, 100, 26, 403.65
2026/09/15 02:08:41.530, 2, 166134, 100, 27, 442.68
2026/09/15 02:08:41.532, 3, 165814, 100, 27, 432.04
2026/09/15 02:08:42.535, 0, 166833, 100, 26, 459.80
2026/09/15 02:08:42.538, 1, 166134, 100, 26, 462.50
2026/09/15 02:08:42.540, 2, 166134, 100, 26, 425.14
2026/09/15 02:08:42.543, 3, 165814, 100, 26, 413.75
2026/09/15 02:08:43.545, 0, 166833, 100, 26, 460.40
2026/09/15 02:08:43.548, 1, 166134, 100, 26, 461.32
2026/09/15 02:08:43.550, 2, 166134, 100, 26, 429.68
2026/09/15 02:08:43.553, 3, 165814, 100, 26, 415.02
2026/09/15 02:08:44.555, 0, 166833, 100, 26, 459.90
2026/09/15 02:08:44.558, 1, 166134, 100, 26, 462.32
2026/09/15 02:08:44.561, 2, 166134, 100, 26, 431.18
2026/09/15 02:08:44.563, 3, 165814, 100, 26, 414.83
2026/09/15 02:08:45.566, 0, 166833, 100, 27, 461.79
2026/09/15 02:08:45.568, 1, 166134, 100, 26, 465.10
2026/09/15 02:08:45.571, 2, 166134, 100, 27, 435.71
2026/09/15 02:08:45.573, 3, 165814, 100, 27, 417.23
2026/09/15 02:08:46.576, 0, 166833, 100, 25, 460.36
2026/09/15 02:08:46.578, 1, 166134, 100, 26, 461.03
2026/09/15 02:08:46.581, 2, 166134, 100, 26, 432.55
2026/09/15 02:08:46.583, 3, 165814, 100, 26, 416.99
2026/09/15 02:08:47.586, 0, 166833, 0, 0, 365.48
2026/09/15 02:08:47.589, 1, 166134, 0, 0, 373.11
2026/09/15 02:08:47.591, 2, 166134, 0, 0, 348.30
2026/09/15 02:08:47.594, 3, 165814, 0, 0, 340.61
2026/09/15 02:08:48.596, 0, 166833, 0, 0, 231.04
2026/09/15 02:08:48.599, 1, 166134, 0, 0, 227.35
2026/09/15 02:08:48.601, 2, 166134, 0, 0, 219.00
2026/09/15 02:08:48.604, 3, 165814, 0, 0, 233.46
2026/09/15 02:08:49.606, 0, 166833, 0, 0, 228.98
2026/09/15 02:08:49.610, 1, 166134, 0, 0, 227.11
2026/09/15 02:08:49.613, 2, 166134, 0, 0, 217.44
2026/09/15 02:08:49.616, 3, 165814, 0, 0, 232.66
2026/09/15 02:08:50.619, 0, 166833, 0, 0, 228.48
2026/09/15 02:08:50.622, 1, 166134, 0, 0, 227.27
2026/09/15 02:08:50.624, 2, 166134, 0, 0, 215.85
2026/09/15 02:08:50.627, 3, 165814, 0, 0, 232.66
2026/09/15 02:08:51.630, 0, 166833, 0, 0, 228.49
2026/09/15 02:08:51.638, 1, 166134, 0, 0, 227.27
2026/09/15 02:08:51.651, 2, 166134, 0, 0, 215.93
2026/09/15 02:08:51.653, 3, 165814, 0, 0, 232.67
2026/09/15 02:08:52.657, 0, 166833, 0, 0, 228.48
2026/09/15 02:08:52.660, 1, 166134, 0, 0, 227.27
2026/09/15 02:08:52.662, 2, 166134, 0, 0, 215.62
2026/09/15 02:08:52.665, 3, 165814, 0, 0, 232.66
2026/09/15 02:08:53.667, 0, 166833, 0, 0, 228.41
2026/09/15 02:08:53.670, 1, 166134, 0, 0, 227.27
2026/09/15 02:08:53.673, 2, 166134, 0, 0, 215.54
2026/09/15 02:08:53.675, 3, 165814, 0, 0, 232.65
2026/09/15 02:08:54.678, 0, 166833, 0, 0, 228.41
2026/09/15 02:08:54.681, 1, 166134, 0, 0, 227.27
2026/09/15 02:08:54.683, 2, 166134, 0, 0, 215.71
2026/09/15 02:08:54.686, 3, 165814, 0, 0, 232.68
2026/09/15 02:08:55.688, 0, 166833, 0, 0, 228.41
2026/09/15 02:08:55.692, 1, 166134, 0, 0, 227.27
2026/09/15 02:08:55.695, 2, 166134, 0, 0, 215.55
2026/09/15 02:08:55.697, 3, 165814, 0, 0, 232.68
2026/09/15 02:08:56.700, 0, 166833, 0, 0, 228.41
2026/09/15 02:08:56.703, 1, 166134, 0, 0, 227.27
2026/09/15 02:08:56.705, 2, 166134, 0, 0, 215.56
2026/09/15 02:08:56.708, 3, 165814, 0, 0, 232.69
2026/09/15 02:08:57.710, 0, 166833, 0, 0, 228.41
2026/09/15 02:08:57.713, 1, 166134, 0, 0, 227.27
2026/09/15 02:08:57.716, 2, 166134, 0, 0, 215.55
2026/09/15 02:08:57.718, 3, 165814, 0, 0, 232.69
2026/09/15 02:08:58.721, 0, 166833, 0, 0, 228.41
2026/09/15 02:08:58.724, 1, 166134, 0, 0, 227.27
2026/09/15 02:08:58.727, 2, 166134, 0, 0, 215.55
2026/09/15 02:08:58.729, 3, 165814, 0, 0, 232.68
2026/09/15 02:08:59.732, 0, 166833, 0, 0, 228.41
2026/09/15 02:08:59.735, 1, 166134, 0, 0, 227.27
2026/09/15 02:08:59.737, 2, 166134, 0, 0, 215.55
2026/09/15 02:08:59.740, 3, 165814, 0, 0, 232.69
2026/09/15 02:09:00.743, 0, 166833, 20, 5, 267.72
2026/09/15 02:09:00.746, 1, 166134, 60, 5, 309.18
2026/09/15 02:09:00.748, 2, 166134, 81, 9, 310.62
2026/09/15 02:09:00.751, 3, 165814, 86, 9, 336.99
2026/09/15 02:09:01.753, 0, 166833, 0, 0, 243.43
2026/09/15 02:09:01.756, 1, 166134, 0, 0, 244.72
2026/09/15 02:09:01.759, 2, 166134, 0, 0, 230.95
2026/09/15 02:09:01.761, 3, 165814, 0, 0, 247.87
2026/09/15 02:09:02.764, 0, 166833, 100, 26, 384.74
2026/09/15 02:09:02.767, 1, 166134, 100, 25, 450.04
2026/09/15 02:09:02.769, 2, 166134, 100, 25, 433.56
2026/09/15 02:09:02.772, 3, 165814, 100, 25, 432.11
2026/09/15 02:09:03.774, 0, 166833, 100, 25, 459.55
2026/09/15 02:09:03.777, 1, 166134, 100, 25, 458.76
2026/09/15 02:09:03.780, 2, 166134, 100, 25, 424.94
2026/09/15 02:09:03.782, 3, 165814, 100, 25, 423.20
2026/09/15 02:09:04.785, 0, 166833, 100, 26, 458.10
2026/09/15 02:09:04.788, 1, 166134, 100, 26, 460.92
2026/09/15 02:09:04.790, 2, 166134, 100, 25, 427.09
2026/09/15 02:09:04.793, 3, 165814, 100, 25, 424.06
2026/09/15 02:09:05.795, 0, 166833, 100, 25, 453.33
2026/09/15 02:09:05.798, 1, 166134, 100, 25, 461.14
2026/09/15 02:09:05.801, 2, 166134, 100, 25, 426.54
2026/09/15 02:09:05.803, 3, 165814, 100, 25, 424.51
2026/09/15 02:09:06.806, 0, 166833, 100, 26, 458.04
2026/09/15 02:09:06.808, 1, 166134, 100, 26, 459.32
2026/09/15 02:09:06.811, 2, 166134, 100, 26, 428.39
2026/09/15 02:09:06.813, 3, 165814, 100, 25, 426.72
2026/09/15 02:09:07.816, 0, 166833, 100, 25, 455.89
2026/09/15 02:09:07.819, 1, 166134, 100, 25, 459.47
2026/09/15 02:09:07.821, 2, 166134, 100, 25, 427.68
2026/09/15 02:09:07.824, 3, 165814, 100, 25, 426.17
2026/09/15 02:09:08.826, 0, 166833, 100, 24, 404.25
2026/09/15 02:09:08.829, 1, 166134, 100, 24, 452.73
2026/09/15 02:09:08.832, 2, 166134, 92, 17, 439.97
2026/09/15 02:09:08.834, 3, 165814, 93, 17, 450.17
2026/09/15 02:09:09.836, 0, 166833, 100, 25, 452.61
2026/09/15 02:09:09.839, 1, 166134, 100, 25, 449.28
2026/09/15 02:09:09.842, 2, 166134, 100, 25, 427.22
2026/09/15 02:09:09.844, 3, 165814, 100, 25, 419.16
2026/09/15 02:09:10.847, 0, 166833, 100, 24, 448.20
2026/09/15 02:09:10.850, 1, 166134, 100, 24, 441.27
2026/09/15 02:09:10.852, 2, 166134, 100, 23, 421.64
2026/09/15 02:09:10.855, 3, 165814, 100, 23, 415.82
2026/09/15 02:09:11.857, 0, 166833, 100, 24, 445.80
2026/09/15 02:09:11.860, 1, 166134, 100, 24, 448.31
2026/09/15 02:09:11.862, 2, 166134, 100, 24, 422.21
2026/09/15 02:09:11.865, 3, 165814, 100, 24, 415.96
2026/09/15 02:09:12.868, 0, 166833, 100, 23, 443.68
2026/09/15 02:09:12.870, 1, 166134, 100, 23, 445.77
2026/09/15 02:09:12.873, 2, 166134, 100, 23, 420.32
2026/09/15 02:09:12.875, 3, 165814, 100, 23, 414.09
2026/09/15 02:09:13.878, 0, 166833, 100, 22, 439.28
2026/09/15 02:09:13.881, 1, 166134, 100, 22, 441.24
2026/09/15 02:09:13.883, 2, 166134, 100, 23, 416.08
2026/09/15 02:09:13.886, 3, 165814, 100, 23, 412.52
2026/09/15 02:09:14.888, 0, 166833, 51, 2, 434.77
2026/09/15 02:09:14.891, 1, 166134, 13, 2, 393.31
2026/09/15 02:09:14.893, 2, 166134, 81, 6, 435.90
2026/09/15 02:09:14.896, 3, 165814, 78, 6, 439.95
2026/09/15 02:09:15.898, 0, 166833, 100, 26, 450.99
2026/09/15 02:09:15.901, 1, 166134, 100, 26, 460.15
2026/09/15 02:09:15.904, 2, 166134, 100, 26, 428.56
2026/09/15 02:09:15.906, 3, 165814, 100, 26, 414.88
2026/09/15 02:09:16.909, 0, 166833, 100, 25, 450.75
2026/09/15 02:09:16.911, 1, 166134, 100, 25, 462.56
2026/09/15 02:09:16.914, 2, 166134, 100, 25, 433.42
2026/09/15 02:09:16.916, 3, 165814, 100, 25, 421.13
2026/09/15 02:09:17.919, 0, 166833, 100, 26, 451.09
2026/09/15 02:09:17.922, 1, 166134, 100, 26, 462.80
2026/09/15 02:09:17.924, 2, 166134, 100, 26, 430.56
2026/09/15 02:09:17.927, 3, 165814, 100, 26, 420.97
2026/09/15 02:09:18.929, 0, 166833, 100, 26, 454.85
2026/09/15 02:09:18.932, 1, 166134, 100, 26, 466.60
2026/09/15 02:09:18.934, 2, 166134, 100, 27, 434.04
2026/09/15 02:09:18.937, 3, 165814, 100, 27, 423.74
2026/09/15 02:09:19.939, 0, 166833, 100, 26, 449.08
2026/09/15 02:09:19.942, 1, 166134, 100, 26, 462.85
2026/09/15 02:09:19.945, 2, 166134, 100, 26, 429.56
2026/09/15 02:09:19.947, 3, 165814, 100, 26, 423.60
2026/09/15 02:09:20.950, 0, 166833, 100, 27, 451.60
2026/09/15 02:09:20.952, 1, 166134, 100, 27, 462.99
2026/09/15 02:09:20.955, 2, 166134, 100, 27, 434.22
2026/09/15 02:09:20.957, 3, 165814, 100, 27, 423.58
2026/09/15 02:09:21.960, 0, 166833, 100, 26, 442.57
2026/09/15 02:09:21.963, 1, 166134, 100, 26, 409.28
2026/09/15 02:09:21.966, 2, 166134, 100, 25, 445.06
2026/09/15 02:09:21.969, 3, 165814, 100, 25, 441.28
2026/09/15 02:09:22.971, 0, 166833, 100, 27, 463.83
2026/09/15 02:09:22.975, 1, 166134, 100, 26, 465.98
2026/09/15 02:09:22.977, 2, 166134, 100, 27, 426.39
2026/09/15 02:09:22.980, 3, 165814, 100, 27, 423.00
2026/09/15 02:09:23.983, 0, 166833, 100, 27, 462.69
2026/09/15 02:09:23.986, 1, 166134, 100, 26, 464.99
2026/09/15 02:09:23.988, 2, 166134, 100, 27, 426.26
2026/09/15 02:09:23.991, 3, 165814, 100, 27, 422.86
2026/09/15 02:09:24.994, 0, 166833, 100, 26, 459.66
2026/09/15 02:09:24.997, 1, 166134, 100, 26, 464.68
2026/09/15 02:09:25.000, 2, 166134, 100, 26, 424.81
2026/09/15 02:09:25.002, 3, 165814, 100, 26, 422.46
2026/09/15 02:09:26.005, 0, 166833, 100, 26, 458.15
2026/09/15 02:09:26.008, 1, 166134, 100, 26, 462.23
2026/09/15 02:09:26.011, 2, 166134, 100, 26, 425.27
2026/09/15 02:09:26.014, 3, 165814, 100, 26, 422.89
2026/09/15 02:09:27.016, 0, 166833, 100, 26, 461.97
2026/09/15 02:09:27.019, 1, 166134, 100, 26, 462.51
2026/09/15 02:09:27.022, 2, 166134, 100, 26, 424.74
2026/09/15 02:09:27.025, 3, 165814, 100, 26, 423.18
2026/09/15 02:09:28.028, 0, 166833, 65, 9, 440.59
2026/09/15 02:09:28.031, 1, 166134, 35, 8, 405.46
2026/09/15 02:09:28.033, 2, 166134, 75, 5, 445.21
2026/09/15 02:09:28.036, 3, 165814, 73, 5, 445.52
2026/09/15 02:09:29.039, 0, 166833, 100, 26, 448.71
2026/09/15 02:09:29.042, 1, 166134, 100, 26, 460.45
2026/09/15 02:09:29.045, 2, 166134, 100, 26, 425.60
2026/09/15 02:09:29.047, 3, 165814, 100, 26, 418.52
2026/09/15 02:09:30.050, 0, 166833, 100, 26, 450.42
2026/09/15 02:09:30.053, 1, 166134, 100, 26, 463.11
2026/09/15 02:09:30.056, 2, 166134, 100, 26, 431.76
2026/09/15 02:09:30.058, 3, 165814, 100, 26, 420.64
2026/09/15 02:09:31.061, 0, 166833, 100, 26, 452.08
2026/09/15 02:09:31.064, 1, 166134, 100, 26, 462.97
2026/09/15 02:09:31.067, 2, 166134, 100, 26, 435.45
2026/09/15 02:09:31.069, 3, 165814, 100, 26, 421.77
2026/09/15 02:09:32.072, 0, 166833, 100, 25, 452.05
2026/09/15 02:09:32.075, 1, 166134, 100, 25, 461.48
2026/09/15 02:09:32.078, 2, 166134, 100, 26, 431.72
2026/09/15 02:09:32.081, 3, 165814, 100, 26, 421.73
2026/09/15 02:09:33.083, 0, 166833, 100, 26, 447.55
2026/09/15 02:09:33.086, 1, 166134, 100, 26, 462.80
2026/09/15 02:09:33.089, 2, 166134, 100, 26, 430.15
2026/09/15 02:09:33.092, 3, 165814, 100, 26, 422.79
2026/09/15 02:09:34.094, 0, 166833, 100, 27, 448.48
2026/09/15 02:09:34.097, 1, 166134, 100, 27, 465.20
2026/09/15 02:09:34.100, 2, 166134, 100, 27, 433.47
2026/09/15 02:09:34.103, 3, 165814, 100, 27, 422.51
2026/09/15 02:09:35.105, 0, 166833, 100, 26, 437.38
2026/09/15 02:09:35.108, 1, 166134, 100, 26, 400.78
2026/09/15 02:09:35.111, 2, 166134, 100, 25, 441.68
2026/09/15 02:09:35.114, 3, 165814, 100, 25, 444.07
2026/09/15 02:09:36.116, 0, 166833, 100, 24, 447.86
2026/09/15 02:09:36.119, 1, 166134, 100, 24, 453.02
2026/09/15 02:09:36.122, 2, 166134, 100, 23, 425.00
2026/09/15 02:09:36.125, 3, 165814, 100, 23, 417.44
2026/09/15 02:09:37.127, 0, 166833, 100, 23, 438.27
2026/09/15 02:09:37.130, 1, 166134, 100, 23, 440.20
2026/09/15 02:09:37.133, 2, 166134, 100, 23, 414.82
2026/09/15 02:09:37.136, 3, 165814, 100, 23, 410.39
2026/09/15 02:09:38.138, 0, 166833, 100, 23, 439.23
2026/09/15 02:09:38.141, 1, 166134, 100, 23, 442.23
2026/09/15 02:09:38.144, 2, 166134, 100, 23, 416.14
2026/09/15 02:09:38.147, 3, 165814, 100, 23, 412.27
2026/09/15 02:09:39.150, 0, 166833, 100, 23, 439.44
2026/09/15 02:09:39.152, 1, 166134, 100, 23, 443.82
2026/09/15 02:09:39.155, 2, 166134, 100, 23, 416.92
2026/09/15 02:09:39.158, 3, 165814, 100, 23, 413.29
2026/09/15 02:09:40.160, 0, 166833, 100, 23, 442.58
2026/09/15 02:09:40.163, 1, 166134, 100, 23, 444.51
2026/09/15 02:09:40.166, 2, 166134, 100, 23, 418.20
2026/09/15 02:09:40.169, 3, 165814, 100, 23, 415.05
2026/09/15 02:09:41.171, 0, 166833, 100, 24, 430.32
2026/09/15 02:09:41.174, 1, 166134, 100, 25, 397.65
2026/09/15 02:09:41.177, 2, 166134, 100, 25, 441.52
2026/09/15 02:09:41.180, 3, 165814, 100, 25, 438.83
2026/09/15 02:09:42.182, 0, 166833, 100, 26, 460.62
2026/09/15 02:09:42.185, 1, 166134, 100, 25, 461.76
2026/09/15 02:09:42.188, 2, 166134, 100, 26, 433.78
2026/09/15 02:09:42.191, 3, 165814, 100, 26, 420.52
2026/09/15 02:09:43.193, 0, 166833, 100, 24, 448.37
2026/09/15 02:09:43.196, 1, 166134, 100, 23, 451.10
2026/09/15 02:09:43.199, 2, 166134, 100, 24, 422.21
2026/09/15 02:09:43.202, 3, 165814, 100, 24, 415.51
2026/09/15 02:09:44.204, 0, 166833, 100, 24, 442.59
2026/09/15 02:09:44.207, 1, 166134, 100, 24, 442.81
2026/09/15 02:09:44.210, 2, 166134, 100, 23, 417.36
2026/09/15 02:09:44.213, 3, 165814, 100, 23, 413.00
2026/09/15 02:09:45.215, 0, 166833, 100, 23, 439.23
2026/09/15 02:09:45.218, 1, 166134, 100, 23, 443.21
2026/09/15 02:09:45.221, 2, 166134, 100, 23, 415.72
2026/09/15 02:09:45.224, 3, 165814, 100, 23, 412.14
2026/09/15 02:09:46.226, 0, 166833, 100, 23, 441.35
2026/09/15 02:09:46.229, 1, 166134, 100, 23, 442.49
2026/09/15 02:09:46.232, 2, 166134, 100, 23, 416.58
2026/09/15 02:09:46.234, 3, 165814, 100, 23, 413.10
2026/09/15 02:09:47.237, 0, 166833, 84, 16, 431.84
2026/09/15 02:09:47.240, 1, 166134, 71, 16, 396.08
2026/09/15 02:09:47.243, 2, 166134, 81, 6, 442.90
2026/09/15 02:09:47.245, 3, 165814, 80, 6, 441.72
2026/09/15 02:09:48.248, 0, 166833, 100, 27, 461.25
2026/09/15 02:09:48.251, 1, 166134, 100, 27, 464.40
2026/09/15 02:09:48.254, 2, 166134, 100, 27, 436.55
2026/09/15 02:09:48.256, 3, 165814, 100, 27, 421.01
2026/09/15 02:09:49.259, 0, 166833, 100, 26, 464.20
2026/09/15 02:09:49.262, 1, 166134, 100, 26, 469.74
2026/09/15 02:09:49.264, 2, 166134, 100, 27, 436.85
2026/09/15 02:09:49.267, 3, 165814, 100, 27, 423.82
2026/09/15 02:09:50.270, 0, 166833, 100, 27, 466.43
2026/09/15 02:09:50.273, 1, 166134, 100, 27, 468.78
2026/09/15 02:09:50.275, 2, 166134, 100, 27, 437.53
2026/09/15 02:09:50.278, 3, 165814, 100, 27, 423.48
2026/09/15 02:09:51.280, 0, 166833, 100, 27, 464.93
2026/09/15 02:09:51.283, 1, 166134, 100, 27, 468.22
2026/09/15 02:09:51.286, 2, 166134, 100, 27, 437.59
2026/09/15 02:09:51.289, 3, 165814, 100, 27, 427.27
2026/09/15 02:09:52.291, 0, 166833, 100, 26, 462.17
2026/09/15 02:09:52.295, 1, 166134, 100, 26, 466.61
2026/09/15 02:09:52.297, 2, 166134, 100, 26, 436.54
2026/09/15 02:09:52.300, 3, 165814, 100, 27, 422.77
2026/09/15 02:09:53.303, 0, 166833, 100, 27, 461.16
2026/09/15 02:09:53.306, 1, 166134, 100, 27, 466.29
2026/09/15 02:09:53.309, 2, 166134, 100, 27, 433.77
2026/09/15 02:09:53.311, 3, 165814, 100, 27, 423.75
2026/09/15 02:09:54.314, 0, 166833, 100, 26, 424.89
2026/09/15 02:09:54.317, 1, 166134, 100, 26, 399.92
2026/09/15 02:09:54.320, 2, 166134, 100, 26, 440.89
2026/09/15 02:09:54.323, 3, 165814, 100, 26, 445.51
2026/09/15 02:09:55.326, 0, 166833, 100, 24, 454.61
2026/09/15 02:09:55.329, 1, 166134, 100, 24, 455.93
2026/09/15 02:09:55.332, 2, 166134, 100, 25, 427.90
2026/09/15 02:09:55.334, 3, 165814, 100, 25, 416.65
2026/09/15 02:09:56.337, 0, 166833, 100, 24, 447.98
2026/09/15 02:09:56.340, 1, 166134, 100, 24, 450.26
2026/09/15 02:09:56.343, 2, 166134, 100, 24, 424.05
2026/09/15 02:09:56.346, 3, 165814, 100, 24, 416.18
2026/09/15 02:09:57.349, 0, 166833, 100, 24, 448.47
2026/09/15 02:09:57.352, 1, 166134, 100, 24, 450.11
2026/09/15 02:09:57.355, 2, 166134, 100, 24, 422.23
2026/09/15 02:09:57.357, 3, 165814, 100, 24, 416.33
2026/09/15 02:09:58.360, 0, 166833, 100, 25, 449.54
2026/09/15 02:09:58.363, 1, 166134, 100, 25, 452.07
2026/09/15 02:09:58.366, 2, 166134, 100, 24, 425.01
2026/09/15 02:09:58.369, 3, 165814, 100, 24, 418.33
2026/09/15 02:09:59.372, 0, 166833, 100, 24, 450.20
2026/09/15 02:09:59.375, 1, 166134, 100, 24, 452.56
2026/09/15 02:09:59.377, 2, 166134, 100, 25, 425.65
2026/09/15 02:09:59.380, 3, 165814, 100, 24, 417.58
2026/09/15 02:10:00.383, 0, 166833, 100, 24, 434.23
2026/09/15 02:10:00.386, 1, 166134, 100, 26, 402.22
2026/09/15 02:10:00.389, 2, 166134, 100, 26, 445.57
2026/09/15 02:10:00.392, 3, 165814, 100, 26, 445.40
2026/09/15 02:10:01.395, 0, 166833, 100, 26, 462.36
2026/09/15 02:10:01.398, 1, 166134, 100, 25, 467.69
2026/09/15 02:10:01.401, 2, 166134, 100, 26, 425.04
2026/09/15 02:10:01.403, 3, 165814, 100, 25, 419.92
2026/09/15 02:10:02.406, 0, 166833, 100, 26, 458.68
2026/09/15 02:10:02.409, 1, 166134, 100, 26, 460.37
2026/09/15 02:10:02.412, 2, 166134, 100, 26, 420.70
2026/09/15 02:10:02.415, 3, 165814, 100, 26, 420.84
2026/09/15 02:10:03.418, 0, 166833, 100, 26, 461.27
2026/09/15 02:10:03.421, 1, 166134, 100, 26, 460.61
2026/09/15 02:10:03.424, 2, 166134, 100, 26, 423.90
2026/09/15 02:10:03.427, 3, 165814, 100, 26, 421.27
2026/09/15 02:10:04.430, 0, 166833, 100, 27, 463.70
2026/09/15 02:10:04.432, 1, 166134, 100, 27, 466.73
2026/09/15 02:10:04.435, 2, 166134, 100, 27, 427.42
2026/09/15 02:10:04.438, 3, 165814, 100, 27, 423.74
2026/09/15 02:10:05.441, 0, 166833, 100, 26, 459.65
2026/09/15 02:10:05.444, 1, 166134, 100, 26, 462.90
2026/09/15 02:10:05.447, 2, 166134, 100, 26, 422.97
2026/09/15 02:10:05.449, 3, 165814, 100, 26, 423.19
2026/09/15 02:10:06.452, 0, 166833, 0, 0, 414.28
2026/09/15 02:10:06.455, 1, 166134, 0, 0, 412.67
2026/09/15 02:10:06.458, 2, 166134, 62, 16, 382.92
2026/09/15 02:10:06.461, 3, 165814, 0, 0, 381.15
2026/09/15 02:10:07.463, 0, 166833, 0, 0, 231.48
2026/09/15 02:10:07.466, 1, 166134, 0, 0, 227.50
2026/09/15 02:10:07.469, 2, 166134, 0, 0, 219.00
2026/09/15 02:10:07.471, 3, 165814, 0, 0, 233.92
2026/09/15 02:10:08.474, 0, 166833, 0, 0, 229.19
2026/09/15 02:10:08.478, 1, 166134, 0, 0, 227.11
2026/09/15 02:10:08.480, 2, 166134, 0, 0, 216.99
2026/09/15 02:10:08.483, 3, 165814, 0, 0, 232.72
2026/09/15 02:10:09.486, 0, 166833, 0, 0, 228.41
2026/09/15 02:10:09.489, 1, 166134, 0, 0, 227.27
2026/09/15 02:10:09.492, 2, 166134, 0, 0, 216.37
2026/09/15 02:10:09.494, 3, 165814, 0, 0, 232.64
2026/09/15 02:10:10.497, 0, 166833, 0, 0, 228.41
2026/09/15 02:10:10.499, 1, 166134, 0, 0, 227.27
2026/09/15 02:10:10.502, 2, 166134, 0, 0, 215.91
2026/09/15 02:10:10.504, 3, 165814, 0, 0, 232.65
2026/09/15 02:10:11.507, 0, 166833, 0, 0, 228.41
2026/09/15 02:10:11.510, 1, 166134, 0, 0, 227.27
2026/09/15 02:10:11.513, 2, 166134, 0, 0, 216.22
2026/09/15 02:10:11.515, 3, 165814, 0, 0, 232.64
2026/09/15 02:10:12.518, 0, 166833, 0, 0, 228.41
2026/09/15 02:10:12.521, 1, 166134, 0, 0, 227.27
2026/09/15 02:10:12.523, 2, 166134, 0, 0, 215.61
2026/09/15 02:10:12.526, 3, 165814, 0, 0, 232.64
2026/09/15 02:10:13.528, 0, 166833, 0, 0, 228.41
2026/09/15 02:10:13.531, 1, 166134, 0, 0, 227.27
2026/09/15 02:10:13.534, 2, 166134, 0, 0, 215.85
2026/09/15 02:10:13.536, 3, 165814, 0, 0, 232.66
2026/09/15 02:10:14.539, 0, 166833, 0, 0, 228.41
2026/09/15 02:10:14.542, 1, 166134, 0, 0, 227.27
2026/09/15 02:10:14.545, 2, 166134, 0, 0, 215.62
2026/09/15 02:10:14.547, 3, 165814, 0, 0, 232.66
2026/09/15 02:10:15.550, 0, 166833, 0, 0, 228.41
2026/09/15 02:10:15.553, 1, 166134, 0, 0, 227.27
2026/09/15 02:10:15.556, 2, 166134, 0, 0, 215.61
2026/09/15 02:10:15.558, 3, 165814, 0, 0, 232.66
2026/09/15 02:10:16.561, 0, 166833, 0, 0, 228.41
2026/09/15 02:10:16.564, 1, 166134, 0, 0, 227.27
2026/09/15 02:10:16.566, 2, 166134, 0, 0, 215.54
2026/09/15 02:10:16.569, 3, 165814, 0, 0, 232.65
2026/09/15 02:10:17.571, 0, 166833, 0, 0, 228.41
2026/09/15 02:10:17.574, 1, 166134, 0, 0, 227.27
2026/09/15 02:10:17.577, 2, 166134, 0, 0, 215.56
2026/09/15 02:10:17.579, 3, 165814, 0, 0, 232.69
2026/09/15 02:10:18.582, 0, 166833, 0, 0, 228.41
2026/09/15 02:10:18.585, 1, 166134, 0, 0, 227.27
2026/09/15 02:10:18.588, 2, 166134, 0, 0, 215.56
2026/09/15 02:10:18.590, 3, 165814, 0, 0, 232.68
2026/09/15 02:10:19.593, 0, 167419, 4, 0, 238.50
2026/09/15 02:10:19.596, 1, 166720, 56, 6, 291.37
2026/09/15 02:10:19.598, 2, 166720, 82, 1, 240.85
2026/09/15 02:10:19.601, 3, 166400, 67, 5, 275.77
2026/09/15 02:10:20.603, 0, 166911, 0, 0, 296.87
2026/09/15 02:10:20.606, 1, 166212, 0, 0, 298.54
2026/09/15 02:10:20.609, 2, 166212, 0, 0, 295.67
2026/09/15 02:10:20.611, 3, 165892, 0, 0, 326.76
2026/09/15 02:10:21.614, 0, 167421, 100, 27, 367.99
2026/09/15 02:10:21.617, 1, 166722, 100, 27, 388.03
2026/09/15 02:10:21.619, 2, 166722, 100, 26, 397.08
2026/09/15 02:10:21.622, 3, 166402, 100, 27, 391.63
2026/09/15 02:10:22.624, 0, 167421, 100, 28, 497.00
2026/09/15 02:10:22.627, 1, 166722, 100, 28, 498.82
2026/09/15 02:10:22.629, 2, 166722, 100, 28, 463.67
2026/09/15 02:10:22.632, 3, 166402, 100, 28, 445.12
2026/09/15 02:10:23.634, 0, 167421, 100, 29, 494.87
2026/09/15 02:10:23.638, 1, 166722, 100, 29, 499.54
2026/09/15 02:10:23.641, 2, 166722, 100, 28, 465.18
2026/09/15 02:10:23.643, 3, 166402, 100, 29, 444.23
2026/09/15 02:10:24.646, 0, 167421, 100, 27, 490.51
2026/09/15 02:10:24.649, 1, 166722, 100, 27, 494.22
2026/09/15 02:10:24.652, 2, 166722, 100, 27, 460.94
2026/09/15 02:10:24.655, 3, 166402, 100, 27, 442.28
2026/09/15 02:10:25.657, 0, 167421, 100, 27, 487.70
2026/09/15 02:10:25.660, 1, 166722, 100, 27, 493.09
2026/09/15 02:10:25.663, 2, 166722, 100, 27, 459.79
2026/09/15 02:10:25.666, 3, 166402, 100, 27, 442.98
2026/09/15 02:10:26.669, 0, 167421, 100, 28, 492.89
2026/09/15 02:10:26.672, 1, 166722, 100, 28, 497.19
2026/09/15 02:10:26.675, 2, 166722, 100, 28, 464.95
2026/09/15 02:10:26.677, 3, 166402, 100, 28, 447.25
2026/09/15 02:10:27.680, 0, 167421, 100, 28, 494.67
2026/09/15 02:10:27.683, 1, 166722, 100, 28, 498.14
2026/09/15 02:10:27.686, 2, 166722, 100, 28, 458.71
2026/09/15 02:10:27.689, 3, 166402, 100, 28, 447.46
2026/09/15 02:10:28.692, 0, 167421, 100, 28, 492.06
2026/09/15 02:10:28.695, 1, 166722, 100, 28, 495.29
2026/09/15 02:10:28.697, 2, 166722, 100, 28, 452.68
2026/09/15 02:10:28.700, 3, 166402, 100, 28, 447.50
2026/09/15 02:10:29.703, 0, 167773, 100, 24, 430.41
2026/09/15 02:10:29.706, 1, 167074, 100, 24, 470.04
2026/09/15 02:10:29.709, 2, 167074, 100, 27, 465.83
2026/09/15 02:10:29.712, 3, 166754, 100, 24, 469.80
2026/09/15 02:10:30.715, 0, 167773, 100, 29, 498.20
2026/09/15 02:10:30.718, 1, 167074, 100, 29, 493.74
2026/09/15 02:10:30.721, 2, 167074, 100, 29, 458.48
2026/09/15 02:10:30.723, 3, 166754, 100, 29, 437.54
2026/09/15 02:10:31.726, 0, 167773, 100, 29, 498.92
2026/09/15 02:10:31.729, 1, 167074, 100, 29, 492.49
2026/09/15 02:10:31.732, 2, 167074, 100, 29, 458.93
2026/09/15 02:10:31.735, 3, 166754, 100, 29, 442.10
2026/09/15 02:10:32.738, 0, 167773, 100, 28, 493.54
2026/09/15 02:10:32.741, 1, 167074, 100, 28, 485.84
2026/09/15 02:10:32.743, 2, 167074, 100, 28, 455.73
2026/09/15 02:10:32.746, 3, 166754, 100, 28, 437.43
2026/09/15 02:10:33.749, 0, 167773, 100, 28, 494.39
2026/09/15 02:10:33.752, 1, 167074, 100, 28, 488.25
2026/09/15 02:10:33.755, 2, 167074, 100, 28, 454.70
2026/09/15 02:10:33.757, 3, 166754, 100, 28, 439.67
2026/09/15 02:10:34.760, 0, 167773, 100, 27, 490.19
2026/09/15 02:10:34.763, 1, 167074, 100, 27, 484.58
2026/09/15 02:10:34.766, 2, 167074, 100, 27, 452.29
2026/09/15 02:10:34.769, 3, 166754, 100, 28, 438.22
2026/09/15 02:10:35.772, 0, 167773, 100, 28, 492.88
2026/09/15 02:10:35.774, 1, 167074, 100, 28, 486.33
2026/09/15 02:10:35.777, 2, 167074, 100, 28, 454.26
2026/09/15 02:10:35.780, 3, 166754, 100, 28, 440.36
2026/09/15 02:10:36.783, 0, 167773, 100, 28, 494.38
2026/09/15 02:10:36.786, 1, 167074, 100, 28, 486.79
2026/09/15 02:10:36.789, 2, 167074, 100, 28, 455.22
2026/09/15 02:10:36.791, 3, 166754, 100, 28, 442.15
2026/09/15 02:10:37.794, 0, 167773, 40, 13, 437.09
2026/09/15 02:10:37.797, 1, 167074, 63, 12, 478.38
2026/09/15 02:10:37.800, 2, 167074, 77, 12, 468.06
2026/09/15 02:10:37.803, 3, 166754, 100, 24, 463.13
2026/09/15 02:10:38.805, 0, 167773, 100, 29, 496.06
2026/09/15 02:10:38.809, 1, 167074, 100, 29, 492.31
2026/09/15 02:10:38.811, 2, 167074, 100, 29, 458.29
2026/09/15 02:10:38.814, 3, 166754, 100, 29, 438.93
2026/09/15 02:10:39.817, 0, 167773, 100, 29, 497.96
2026/09/15 02:10:39.820, 1, 167074, 100, 29, 491.16
2026/09/15 02:10:39.823, 2, 167074, 100, 29, 457.38
2026/09/15 02:10:39.825, 3, 166754, 100, 29, 439.81
2026/09/15 02:10:40.828, 0, 167773, 100, 28, 490.63
2026/09/15 02:10:40.831, 1, 167074, 100, 28, 491.12
2026/09/15 02:10:40.834, 2, 167074, 100, 28, 457.53
2026/09/15 02:10:40.836, 3, 166754, 100, 28, 439.38
2026/09/15 02:10:41.839, 0, 167773, 100, 28, 485.09
2026/09/15 02:10:41.842, 1, 167074, 100, 28, 489.24
2026/09/15 02:10:41.845, 2, 167074, 100, 28, 456.10
2026/09/15 02:10:41.847, 3, 166754, 100, 28, 439.68
2026/09/15 02:10:42.850, 0, 167773, 100, 28, 484.47
2026/09/15 02:10:42.853, 1, 167074, 100, 28, 488.80
2026/09/15 02:10:42.856, 2, 167074, 100, 28, 456.47
2026/09/15 02:10:42.859, 3, 166754, 100, 28, 440.38
2026/09/15 02:10:43.861, 0, 167773, 100, 28, 485.85
2026/09/15 02:10:43.865, 1, 167074, 100, 28, 489.57
2026/09/15 02:10:43.867, 2, 167074, 100, 28, 456.18
2026/09/15 02:10:43.870, 3, 166754, 100, 28, 441.72
2026/09/15 02:10:44.873, 0, 167773, 100, 28, 485.79
2026/09/15 02:10:44.876, 1, 167074, 100, 28, 490.01
2026/09/15 02:10:44.878, 2, 167074, 100, 28, 456.42
2026/09/15 02:10:44.881, 3, 166754, 100, 28, 443.02
2026/09/15 02:10:45.884, 0, 167773, 31, 13, 434.10
2026/09/15 02:10:45.887, 1, 167074, 54, 10, 470.80
2026/09/15 02:10:45.889, 2, 167074, 71, 9, 465.52
2026/09/15 02:10:45.892, 3, 166754, 71, 9, 465.00
2026/09/15 02:10:46.895, 0, 167773, 100, 29, 491.17
2026/09/15 02:10:46.898, 1, 167074, 100, 29, 490.73
2026/09/15 02:10:46.900, 2, 167074, 100, 29, 457.91
2026/09/15 02:10:46.903, 3, 166754, 100, 29, 442.37
2026/09/15 02:10:47.906, 0, 167773, 100, 29, 490.53
2026/09/15 02:10:47.909, 1, 167074, 100, 30, 495.40
2026/09/15 02:10:47.911, 2, 167074, 100, 30, 460.66
2026/09/15 02:10:47.914, 3, 166754, 100, 30, 442.12
2026/09/15 02:10:48.917, 0, 167773, 100, 29, 489.78
2026/09/15 02:10:48.920, 1, 167074, 100, 28, 492.64
2026/09/15 02:10:48.923, 2, 167074, 100, 28, 458.29
2026/09/15 02:10:48.925, 3, 166754, 100, 28, 442.14
2026/09/15 02:10:49.928, 0, 167773, 100, 28, 485.82
2026/09/15 02:10:49.931, 1, 167074, 100, 28, 490.30
2026/09/15 02:10:49.934, 2, 167074, 100, 28, 455.79
2026/09/15 02:10:49.936, 3, 166754, 100, 28, 438.12
2026/09/15 02:10:50.939, 0, 167773, 100, 28, 481.80
2026/09/15 02:10:50.942, 1, 167074, 100, 28, 485.98
2026/09/15 02:10:50.944, 2, 167074, 100, 27, 455.22
2026/09/15 02:10:50.947, 3, 166754, 100, 27, 439.82
2026/09/15 02:10:51.950, 0, 167773, 100, 27, 480.59
2026/09/15 02:10:51.953, 1, 167074, 100, 27, 483.05
2026/09/15 02:10:51.955, 2, 167074, 100, 27, 451.48
2026/09/15 02:10:51.958, 3, 166754, 100, 27, 439.58
2026/09/15 02:10:52.961, 0, 167773, 100, 27, 480.68
2026/09/15 02:10:52.963, 1, 167074, 100, 28, 482.00
2026/09/15 02:10:52.966, 2, 167074, 100, 27, 452.79
2026/09/15 02:10:52.969, 3, 166754, 100, 27, 439.77
2026/09/15 02:10:53.971, 0, 167773, 10, 1, 436.29
2026/09/15 02:10:53.975, 1, 167074, 54, 9, 448.33
2026/09/15 02:10:53.977, 2, 167074, 71, 10, 444.68
2026/09/15 02:10:53.980, 3, 166754, 69, 9, 440.66
2026/09/15 02:10:54.983, 0, 167773, 100, 30, 487.51
2026/09/15 02:10:54.986, 1, 167074, 100, 30, 501.88
2026/09/15 02:10:54.989, 2, 167074, 100, 30, 483.02
2026/09/15 02:10:54.991, 3, 166754, 100, 30, 465.99
2026/09/15 02:10:55.994, 0, 167773, 100, 30, 495.95
2026/09/15 02:10:55.997, 1, 167074, 100, 30, 501.42
2026/09/15 02:10:56.000, 2, 167074, 100, 30, 464.90
2026/09/15 02:10:56.003, 3, 166754, 100, 30, 444.68
2026/09/15 02:10:57.006, 0, 167773, 100, 29, 490.71
2026/09/15 02:10:57.009, 1, 167074, 100, 29, 494.66
2026/09/15 02:10:57.011, 2, 167074, 100, 29, 459.51
2026/09/15 02:10:57.014, 3, 166754, 100, 29, 441.71
2026/09/15 02:10:58.017, 0, 167773, 100, 29, 491.71
2026/09/15 02:10:58.020, 1, 167074, 100, 29, 495.56
2026/09/15 02:10:58.023, 2, 167074, 100, 29, 460.99
2026/09/15 02:10:58.025, 3, 166754, 100, 29, 442.43
2026/09/15 02:10:59.028, 0, 167773, 100, 29, 489.34
2026/09/15 02:10:59.031, 1, 167074, 100, 29, 496.27
2026/09/15 02:10:59.034, 2, 167074, 100, 29, 461.76
2026/09/15 02:10:59.037, 3, 166754, 100, 29, 443.92
2026/09/15 02:11:00.040, 0, 167773, 100, 29, 488.54
2026/09/15 02:11:00.043, 1, 167074, 100, 29, 495.25
2026/09/15 02:11:00.045, 2, 167074, 100, 29, 459.44
2026/09/15 02:11:00.048, 3, 166754, 100, 29, 443.44
2026/09/15 02:11:01.051, 0, 167773, 100, 29, 491.48
2026/09/15 02:11:01.054, 1, 167074, 100, 29, 497.86
2026/09/15 02:11:01.057, 2, 167074, 100, 29, 461.74
2026/09/15 02:11:01.060, 3, 166754, 100, 29, 444.95
2026/09/15 02:11:02.062, 0, 167773, 44, 12, 475.85
2026/09/15 02:11:02.065, 1, 167074, 100, 29, 486.89
2026/09/15 02:11:02.068, 2, 167074, 100, 29, 455.64
2026/09/15 02:11:02.071, 3, 166754, 100, 29, 436.87
2026/09/15 02:11:03.074, 0, 167773, 100, 29, 445.64
2026/09/15 02:11:03.076, 1, 167074, 100, 29, 476.41
2026/09/15 02:11:03.079, 2, 167074, 100, 29, 472.13
2026/09/15 02:11:03.082, 3, 166754, 100, 28, 471.34
2026/09/15 02:11:04.085, 0, 167773, 100, 29, 496.75
2026/09/15 02:11:04.088, 1, 167074, 100, 29, 494.00
2026/09/15 02:11:04.090, 2, 167074, 100, 29, 459.72
2026/09/15 02:11:04.093, 3, 166754, 100, 29, 439.97
2026/09/15 02:11:05.096, 0, 167773, 100, 28, 484.22
2026/09/15 02:11:05.099, 1, 167074, 100, 28, 489.96
2026/09/15 02:11:05.102, 2, 167074, 100, 28, 455.83
2026/09/15 02:11:05.104, 3, 166754, 100, 28, 438.41
2026/09/15 02:11:06.107, 0, 167773, 100, 27, 481.15
2026/09/15 02:11:06.110, 1, 167074, 100, 28, 484.21
2026/09/15 02:11:06.113, 2, 167074, 100, 28, 449.99
2026/09/15 02:11:06.116, 3, 166754, 100, 28, 436.98
2026/09/15 02:11:07.118, 0, 167773, 100, 27, 478.97
2026/09/15 02:11:07.121, 1, 167074, 100, 27, 479.82
2026/09/15 02:11:07.124, 2, 167074, 100, 27, 449.49
2026/09/15 02:11:07.127, 3, 166754, 100, 27, 436.73
2026/09/15 02:11:08.130, 0, 167773, 100, 27, 478.99
2026/09/15 02:11:08.132, 1, 167074, 100, 27, 481.15
2026/09/15 02:11:08.135, 2, 167074, 100, 27, 452.54
2026/09/15 02:11:08.138, 3, 166754, 100, 27, 437.73
2026/09/15 02:11:09.141, 0, 167773, 100, 27, 480.77
2026/09/15 02:11:09.144, 1, 167074, 100, 27, 484.53
2026/09/15 02:11:09.146, 2, 167074, 100, 27, 451.77
2026/09/15 02:11:09.149, 3, 166754, 100, 27, 439.12
2026/09/15 02:11:10.152, 0, 167773, 100, 27, 475.60
2026/09/15 02:11:10.155, 1, 167074, 100, 27, 482.49
2026/09/15 02:11:10.157, 2, 167074, 100, 27, 453.52
2026/09/15 02:11:10.160, 3, 166754, 99, 27, 436.15
2026/09/15 02:11:11.163, 0, 167773, 100, 28, 435.95
2026/09/15 02:11:11.166, 1, 167074, 100, 28, 471.99
2026/09/15 02:11:11.168, 2, 167074, 100, 28, 461.34
2026/09/15 02:11:11.171, 3, 166754, 100, 28, 463.29
2026/09/15 02:11:12.174, 0, 167773, 100, 28, 486.22
2026/09/15 02:11:12.177, 1, 167074, 100, 29, 490.25
2026/09/15 02:11:12.180, 2, 167074, 100, 28, 455.72
2026/09/15 02:11:12.182, 3, 166754, 100, 28, 437.28
2026/09/15 02:11:13.185, 0, 167773, 100, 27, 480.43
2026/09/15 02:11:13.188, 1, 167074, 100, 27, 485.05
2026/09/15 02:11:13.191, 2, 167074, 100, 27, 452.60
2026/09/15 02:11:13.193, 3, 166754, 100, 27, 437.64
2026/09/15 02:11:14.196, 0, 167773, 100, 27, 478.43
2026/09/15 02:11:14.199, 1, 167074, 100, 27, 484.00
2026/09/15 02:11:14.202, 2, 167074, 100, 27, 449.81
2026/09/15 02:11:14.205, 3, 166754, 100, 27, 434.79
2026/09/15 02:11:15.207, 0, 167773, 100, 27, 474.93
2026/09/15 02:11:15.210, 1, 167074, 100, 27, 479.49
2026/09/15 02:11:15.213, 2, 167074, 100, 27, 448.47
2026/09/15 02:11:15.216, 3, 166754, 100, 27, 436.23
2026/09/15 02:11:16.218, 0, 167773, 100, 27, 478.13
2026/09/15 02:11:16.221, 1, 167074, 100, 27, 483.16
2026/09/15 02:11:16.224, 2, 167074, 100, 27, 450.47
2026/09/15 02:11:16.227, 3, 166754, 100, 27, 439.17
2026/09/15 02:11:17.229, 0, 167773, 100, 27, 476.69
2026/09/15 02:11:17.232, 1, 167074, 100, 26, 481.71
2026/09/15 02:11:17.235, 2, 167074, 100, 26, 450.17
2026/09/15 02:11:17.237, 3, 166754, 100, 26, 437.48
2026/09/15 02:11:18.240, 0, 167773, 98, 26, 473.08
2026/09/15 02:11:18.243, 1, 167074, 100, 26, 479.35
2026/09/15 02:11:18.246, 2, 167074, 100, 26, 447.76
2026/09/15 02:11:18.248, 3, 166754, 100, 26, 437.64
2026/09/15 02:11:19.251, 0, 167773, 100, 29, 438.19
2026/09/15 02:11:19.254, 1, 167074, 100, 29, 470.80
2026/09/15 02:11:19.256, 2, 167074, 100, 29, 475.52
2026/09/15 02:11:19.259, 3, 166754, 100, 29, 467.46
2026/09/15 02:11:20.262, 0, 167773, 100, 30, 494.19
2026/09/15 02:11:20.265, 1, 167074, 100, 30, 500.13
2026/09/15 02:11:20.267, 2, 167074, 100, 30, 463.70
2026/09/15 02:11:20.270, 3, 166754, 100, 30, 450.12
2026/09/15 02:11:21.273, 0, 167773, 100, 29, 491.54
2026/09/15 02:11:21.275, 1, 167074, 100, 29, 499.45
2026/09/15 02:11:21.278, 2, 167074, 100, 29, 462.24
2026/09/15 02:11:21.281, 3, 166754, 100, 29, 448.84
2026/09/15 02:11:22.283, 0, 167773, 100, 29, 489.36
2026/09/15 02:11:22.287, 1, 167074, 100, 29, 493.31
2026/09/15 02:11:22.289, 2, 167074, 100, 29, 459.82
2026/09/15 02:11:22.292, 3, 166754, 100, 29, 448.94
2026/09/15 02:11:23.294, 0, 167773, 100, 29, 490.79
2026/09/15 02:11:23.297, 1, 167074, 100, 29, 497.24
2026/09/15 02:11:23.300, 2, 167074, 100, 29, 461.40
2026/09/15 02:11:23.302, 3, 166754, 100, 29, 450.42
2026/09/15 02:11:24.305, 0, 167773, 100, 31, 494.11
2026/09/15 02:11:24.308, 1, 167074, 100, 31, 499.81
2026/09/15 02:11:24.311, 2, 167074, 100, 30, 463.67
2026/09/15 02:11:24.313, 3, 166754, 100, 30, 453.93
2026/09/15 02:11:25.316, 0, 167773, 100, 30, 494.96
2026/09/15 02:11:25.319, 1, 167074, 100, 30, 499.57
2026/09/15 02:11:25.322, 2, 167074, 100, 30, 465.86
2026/09/15 02:11:25.324, 3, 166754, 100, 30, 452.30
2026/09/15 02:11:26.327, 0, 167773, 100, 30, 494.05
2026/09/15 02:11:26.330, 1, 167074, 100, 29, 499.25
2026/09/15 02:11:26.332, 2, 167074, 100, 30, 464.29
2026/09/15 02:11:26.335, 3, 166754, 100, 29, 453.34
2026/09/15 02:11:27.338, 0, 167773, 100, 27, 437.45
2026/09/15 02:11:27.341, 1, 167074, 100, 27, 473.80
2026/09/15 02:11:27.344, 2, 167074, 100, 27, 464.17
2026/09/15 02:11:27.347, 3, 166754, 100, 26, 464.65
2026/09/15 02:11:28.349, 0, 167773, 100, 28, 479.75
2026/09/15 02:11:28.352, 1, 167074, 100, 27, 486.98
2026/09/15 02:11:28.355, 2, 167074, 100, 27, 453.55
2026/09/15 02:11:28.358, 3, 166754, 100, 27, 438.26
2026/09/15 02:11:29.361, 0, 167773, 100, 28, 477.14
2026/09/15 02:11:29.364, 1, 167074, 100, 28, 484.16
2026/09/15 02:11:29.367, 2, 167074, 100, 28, 449.49
2026/09/15 02:11:29.369, 3, 166754, 100, 28, 435.88
2026/09/15 02:11:30.372, 0, 167773, 100, 27, 479.87
2026/09/15 02:11:30.375, 1, 167074, 100, 27, 488.17
2026/09/15 02:11:30.378, 2, 167074, 100, 27, 451.72
2026/09/15 02:11:30.381, 3, 166754, 100, 27, 437.49
2026/09/15 02:11:31.384, 0, 167773, 100, 27, 481.02
2026/09/15 02:11:31.387, 1, 167074, 100, 27, 484.10
2026/09/15 02:11:31.389, 2, 167074, 100, 27, 453.63
2026/09/15 02:11:31.392, 3, 166754, 100, 27, 437.65
2026/09/15 02:11:32.395, 0, 167773, 100, 27, 479.36
2026/09/15 02:11:32.398, 1, 167074, 100, 27, 480.95
2026/09/15 02:11:32.401, 2, 167074, 100, 27, 451.11
2026/09/15 02:11:32.404, 3, 166754, 100, 27, 437.92
2026/09/15 02:11:33.406, 0, 167773, 100, 28, 482.27
2026/09/15 02:11:33.409, 1, 167074, 100, 28, 485.57
2026/09/15 02:11:33.412, 2, 167074, 100, 28, 453.81
2026/09/15 02:11:33.415, 3, 166754, 100, 28, 439.62
2026/09/15 02:11:34.418, 0, 167773, 100, 28, 483.66
2026/09/15 02:11:34.421, 1, 167074, 100, 28, 487.82
2026/09/15 02:11:34.424, 2, 167074, 100, 28, 456.61
2026/09/15 02:11:34.426, 3, 166754, 100, 28, 440.88
2026/09/15 02:11:35.429, 0, 167773, 100, 25, 432.22
2026/09/15 02:11:35.432, 1, 167074, 100, 28, 471.63
2026/09/15 02:11:35.435, 2, 167074, 100, 27, 473.11
2026/09/15 02:11:35.438, 3, 166754, 100, 27, 462.03
2026/09/15 02:11:36.441, 0, 167773, 100, 29, 492.35
2026/09/15 02:11:36.444, 1, 167074, 100, 29, 490.71
2026/09/15 02:11:36.446, 2, 167074, 100, 29, 455.75
2026/09/15 02:11:36.449, 3, 166754, 100, 29, 439.57
2026/09/15 02:11:37.452, 0, 167773, 100, 27, 481.22
2026/09/15 02:11:37.455, 1, 167074, 100, 27, 486.91
2026/09/15 02:11:37.457, 2, 167074, 100, 27, 448.21
2026/09/15 02:11:37.460, 3, 166754, 100, 27, 437.04
2026/09/15 02:11:38.463, 0, 167773, 100, 28, 478.32
2026/09/15 02:11:38.466, 1, 167074, 100, 27, 483.38
2026/09/15 02:11:38.468, 2, 167074, 100, 28, 448.33
2026/09/15 02:11:38.471, 3, 166754, 100, 27, 434.08
2026/09/15 02:11:39.474, 0, 167773, 100, 27, 480.61
2026/09/15 02:11:39.477, 1, 167074, 100, 27, 485.18
2026/09/15 02:11:39.480, 2, 167074, 100, 27, 453.65
2026/09/15 02:11:39.482, 3, 166754, 100, 27, 436.95
2026/09/15 02:11:40.485, 0, 167773, 100, 28, 480.63
2026/09/15 02:11:40.488, 1, 167074, 100, 28, 484.70
2026/09/15 02:11:40.491, 2, 167074, 100, 28, 454.25
2026/09/15 02:11:40.494, 3, 166754, 100, 28, 438.60
2026/09/15 02:11:41.496, 0, 167773, 100, 28, 483.67
2026/09/15 02:11:41.499, 1, 167074, 100, 28, 489.18
2026/09/15 02:11:41.502, 2, 167074, 100, 27, 453.99
2026/09/15 02:11:41.505, 3, 166754, 100, 27, 440.84
2026/09/15 02:11:42.507, 0, 167773, 100, 28, 486.02
2026/09/15 02:11:42.510, 1, 167074, 100, 28, 490.25
2026/09/15 02:11:42.513, 2, 167074, 100, 28, 456.61
2026/09/15 02:11:42.516, 3, 166754, 100, 28, 441.97
2026/09/15 02:11:43.518, 0, 167773, 0, 0, 348.17
2026/09/15 02:11:43.521, 1, 167074, 0, 0, 354.06
2026/09/15 02:11:43.524, 2, 167074, 0, 0, 329.43
2026/09/15 02:11:43.526, 3, 166754, 0, 0, 323.47
2026/09/15 02:11:44.529, 0, 167773, 0, 0, 230.30
2026/09/15 02:11:44.532, 1, 167074, 0, 0, 227.27
2026/09/15 02:11:44.534, 2, 167074, 0, 0, 217.55
2026/09/15 02:11:44.537, 3, 166754, 0, 0, 232.96
2026/09/15 02:11:45.539, 0, 167773, 0, 0, 228.40
2026/09/15 02:11:45.543, 1, 167074, 0, 0, 227.04
2026/09/15 02:11:45.546, 2, 167074, 0, 0, 216.73
2026/09/15 02:11:45.549, 3, 166754, 0, 0, 232.76
2026/09/15 02:11:46.551, 0, 167773, 0, 0, 228.41
2026/09/15 02:11:46.555, 1, 167074, 0, 0, 227.27
2026/09/15 02:11:46.557, 2, 167074, 0, 0, 215.68
2026/09/15 02:11:46.560, 3, 166754, 0, 0, 232.76
2026/09/15 02:11:47.562, 0, 167773, 0, 0, 228.41
2026/09/15 02:11:47.566, 1, 167074, 0, 0, 227.27
2026/09/15 02:11:47.568, 2, 167074, 0, 0, 215.58
2026/09/15 02:11:47.571, 3, 166754, 0, 0, 232.73
2026/09/15 02:11:48.573, 0, 167773, 0, 0, 228.48
2026/09/15 02:11:48.576, 1, 167074, 0, 0, 227.27
2026/09/15 02:11:48.579, 2, 167074, 0, 0, 215.61
2026/09/15 02:11:48.581, 3, 166754, 0, 0, 232.77
2026/09/15 02:11:49.584, 0, 167773, 0, 0, 228.41
2026/09/15 02:11:49.586, 1, 167074, 0, 0, 227.27
2026/09/15 02:11:49.589, 2, 167074, 0, 0, 215.61
2026/09/15 02:11:49.591, 3, 166754, 0, 0, 232.74
2026/09/15 02:11:50.594, 0, 167773, 0, 0, 228.41
2026/09/15 02:11:50.597, 1, 167074, 0, 0, 227.27
2026/09/15 02:11:50.599, 2, 167074, 0, 0, 215.58
2026/09/15 02:11:50.602, 3, 166754, 0, 0, 232.74
2026/09/15 02:11:51.604, 0, 167773, 0, 0, 228.41
2026/09/15 02:11:51.608, 1, 167074, 0, 0, 227.27
2026/09/15 02:11:51.610, 2, 167074, 0, 0, 215.57
2026/09/15 02:11:51.613, 3, 166754, 0, 0, 232.74
2026/09/15 02:11:52.615, 0, 167773, 0, 0, 228.41
2026/09/15 02:11:52.618, 1, 167074, 0, 0, 227.27
2026/09/15 02:11:52.621, 2, 167074, 0, 0, 215.55
2026/09/15 02:11:52.623, 3, 166754, 0, 0, 232.68
2026/09/15 02:11:53.626, 0, 167773, 0, 0, 228.41
2026/09/15 02:11:53.629, 1, 167074, 0, 0, 227.27
2026/09/15 02:11:53.632, 2, 167074, 0, 0, 215.57
2026/09/15 02:11:53.634, 3, 166754, 0, 0, 232.71
2026/09/15 02:11:54.637, 0, 167773, 0, 0, 228.41
2026/09/15 02:11:54.640, 1, 167074, 0, 0, 227.27
2026/09/15 02:11:54.643, 2, 167074, 0, 0, 215.54
2026/09/15 02:11:54.645, 3, 166754, 0, 0, 232.68
2026/09/15 02:11:55.648, 0, 167773, 0, 0, 228.41
2026/09/15 02:11:55.651, 1, 167074, 0, 0, 227.27
2026/09/15 02:11:55.653, 2, 167074, 0, 0, 215.57
2026/09/15 02:11:55.656, 3, 166754, 0, 0, 232.73
2026/09/15 02:11:56.659, 0, 167773, 19, 5, 239.65
2026/09/15 02:11:56.662, 1, 167074, 62, 5, 262.62
2026/09/15 02:11:56.664, 2, 167074, 81, 1, 268.20
2026/09/15 02:11:56.667, 3, 166754, 80, 1, 292.02
2026/09/15 02:11:57.669, 0, 166911, 0, 0, 293.45
2026/09/15 02:11:57.672, 1, 166212, 0, 0, 324.72
2026/09/15 02:11:57.675, 2, 166212, 0, 0, 309.91
2026/09/15 02:11:57.677, 3, 165892, 0, 0, 314.58
2026/09/15 02:11:58.680, 0, 167421, 100, 27, 340.27
2026/09/15 02:11:58.682, 1, 166722, 100, 27, 385.29
2026/09/15 02:11:58.685, 2, 166722, 100, 26, 372.06
2026/09/15 02:11:58.687, 3, 166402, 100, 26, 382.47
2026/09/15 02:11:59.690, 0, 167421, 100, 28, 500.00
2026/09/15 02:11:59.693, 1, 166722, 100, 28, 500.31
2026/09/15 02:11:59.695, 2, 166722, 100, 28, 465.19
2026/09/15 02:11:59.698, 3, 166402, 100, 28, 450.27
2026/09/15 02:12:00.700, 0, 167421, 100, 29, 494.10
2026/09/15 02:12:00.703, 1, 166722, 100, 29, 499.03
2026/09/15 02:12:00.706, 2, 166722, 100, 28, 464.27
2026/09/15 02:12:00.708, 3, 166402, 100, 28, 452.96
2026/09/15 02:12:01.711, 0, 167421, 100, 27, 492.10
2026/09/15 02:12:01.713, 1, 166722, 100, 27, 493.42
2026/09/15 02:12:01.716, 2, 166722, 100, 27, 463.17
2026/09/15 02:12:01.718, 3, 166402, 100, 27, 449.70
2026/09/15 02:12:02.721, 0, 167421, 100, 27, 486.12
2026/09/15 02:12:02.723, 1, 166722, 100, 27, 491.31
2026/09/15 02:12:02.726, 2, 166722, 100, 27, 458.15
2026/09/15 02:12:02.728, 3, 166402, 100, 27, 448.57
2026/09/15 02:12:03.731, 0, 167421, 100, 28, 493.61
2026/09/15 02:12:03.734, 1, 166722, 100, 28, 496.41
2026/09/15 02:12:03.736, 2, 166722, 100, 28, 463.25
2026/09/15 02:12:03.739, 3, 166402, 100, 28, 452.37
2026/09/15 02:12:04.741, 0, 167421, 100, 28, 492.97
2026/09/15 02:12:04.744, 1, 166722, 100, 28, 496.51
2026/09/15 02:12:04.746, 2, 166722, 100, 28, 464.63
2026/09/15 02:12:04.749, 3, 166402, 100, 28, 454.18
2026/09/15 02:12:05.751, 0, 167421, 100, 28, 493.63
2026/09/15 02:12:05.754, 1, 166722, 100, 28, 496.38
2026/09/15 02:12:05.757, 2, 166722, 100, 27, 462.66
2026/09/15 02:12:05.759, 3, 166402, 100, 28, 454.64
2026/09/15 02:12:06.762, 0, 167773, 100, 25, 470.25
2026/09/15 02:12:06.764, 1, 167074, 100, 25, 437.03
2026/09/15 02:12:06.767, 2, 167074, 100, 27, 469.65
2026/09/15 02:12:06.769, 3, 166754, 100, 27, 459.70
2026/09/15 02:12:07.772, 0, 167773, 100, 29, 487.79
2026/09/15 02:12:07.774, 1, 167074, 100, 29, 501.03
2026/09/15 02:12:07.777, 2, 167074, 100, 29, 457.35
2026/09/15 02:12:07.779, 3, 166754, 100, 29, 435.78
2026/09/15 02:12:08.782, 0, 167773, 100, 29, 490.11
2026/09/15 02:12:08.785, 1, 167074, 100, 29, 502.84
2026/09/15 02:12:08.787, 2, 167074, 100, 29, 459.30
2026/09/15 02:12:08.790, 3, 166754, 100, 29, 442.35
2026/09/15 02:12:09.792, 0, 167773, 100, 28, 482.94
2026/09/15 02:12:09.795, 1, 167074, 100, 28, 497.82
2026/09/15 02:12:09.797, 2, 167074, 100, 28, 455.34
2026/09/15 02:12:09.800, 3, 166754, 100, 28, 437.79
2026/09/15 02:12:10.802, 0, 167773, 100, 28, 484.68
2026/09/15 02:12:10.805, 1, 167074, 100, 28, 493.70
2026/09/15 02:12:10.807, 2, 167074, 100, 28, 454.79
2026/09/15 02:12:10.810, 3, 166754, 100, 28, 440.61
2026/09/15 02:12:11.812, 0, 167773, 100, 27, 481.55
2026/09/15 02:12:11.815, 1, 167074, 100, 27, 487.21
2026/09/15 02:12:11.818, 2, 167074, 100, 27, 452.64
2026/09/15 02:12:11.820, 3, 166754, 100, 27, 437.72
2026/09/15 02:12:12.823, 0, 167773, 100, 28, 484.32
2026/09/15 02:12:12.826, 1, 167074, 100, 28, 487.54
2026/09/15 02:12:12.828, 2, 167074, 100, 28, 455.33
2026/09/15 02:12:12.830, 3, 166754, 100, 28, 441.72
2026/09/15 02:12:13.833, 0, 167773, 100, 28, 485.08
2026/09/15 02:12:13.836, 1, 167074, 100, 28, 487.91
2026/09/15 02:12:13.838, 2, 167074, 100, 28, 454.73
2026/09/15 02:12:13.841, 3, 166754, 100, 28, 441.02
2026/09/15 02:12:14.843, 0, 167773, 50, 13, 453.06
2026/09/15 02:12:14.846, 1, 167074, 100, 25, 435.18
2026/09/15 02:12:14.848, 2, 167074, 80, 13, 462.83
2026/09/15 02:12:14.851, 3, 166754, 76, 13, 456.99
2026/09/15 02:12:15.853, 0, 167773, 100, 29, 497.55
2026/09/15 02:12:15.856, 1, 167074, 100, 29, 498.17
2026/09/15 02:12:15.859, 2, 167074, 100, 29, 456.98
2026/09/15 02:12:15.861, 3, 166754, 100, 29, 438.52
2026/09/15 02:12:16.864, 0, 167773, 100, 29, 500.75
2026/09/15 02:12:16.867, 1, 167074, 100, 29, 493.16
2026/09/15 02:12:16.869, 2, 167074, 100, 29, 457.78
2026/09/15 02:12:16.872, 3, 166754, 100, 29, 439.12
2026/09/15 02:12:17.874, 0, 167773, 100, 28, 498.27
2026/09/15 02:12:17.877, 1, 167074, 100, 28, 488.05
2026/09/15 02:12:17.879, 2, 167074, 100, 28, 457.50
2026/09/15 02:12:17.882, 3, 166754, 100, 28, 438.51
2026/09/15 02:12:18.884, 0, 167773, 100, 28, 495.55
2026/09/15 02:12:18.887, 1, 167074, 100, 28, 488.18
2026/09/15 02:12:18.889, 2, 167074, 100, 28, 455.25
2026/09/15 02:12:18.892, 3, 166754, 100, 28, 439.77
2026/09/15 02:12:19.894, 0, 167773, 100, 28, 495.94
2026/09/15 02:12:19.897, 1, 167074, 100, 28, 486.57
2026/09/15 02:12:19.900, 2, 167074, 100, 28, 456.67
2026/09/15 02:12:19.902, 3, 166754, 100, 28, 440.86
2026/09/15 02:12:20.905, 0, 167773, 100, 28, 492.36
2026/09/15 02:12:20.908, 1, 167074, 100, 28, 488.34
2026/09/15 02:12:20.910, 2, 167074, 100, 28, 456.15
2026/09/15 02:12:20.913, 3, 166754, 100, 28, 439.92
2026/09/15 02:12:21.915, 0, 167773, 100, 28, 496.88
2026/09/15 02:12:21.918, 1, 167074, 100, 28, 489.76
2026/09/15 02:12:21.920, 2, 167074, 100, 28, 457.14
2026/09/15 02:12:21.923, 3, 166754, 100, 28, 441.32
2026/09/15 02:12:22.925, 0, 167773, 53, 12, 466.72
2026/09/15 02:12:22.928, 1, 167074, 32, 12, 439.54
2026/09/15 02:12:22.931, 2, 167074, 77, 1, 456.10
2026/09/15 02:12:22.933, 3, 166754, 67, 1, 448.57
2026/09/15 02:12:23.936, 0, 167773, 100, 29, 485.98
2026/09/15 02:12:23.938, 1, 167074, 100, 29, 487.87
2026/09/15 02:12:23.941, 2, 167074, 100, 30, 469.46
2026/09/15 02:12:23.943, 3, 166754, 100, 30, 449.30
2026/09/15 02:12:24.946, 0, 167773, 100, 30, 489.01
2026/09/15 02:12:24.949, 1, 167074, 100, 30, 497.65
2026/09/15 02:12:24.951, 2, 167074, 100, 30, 459.94
2026/09/15 02:12:24.954, 3, 166754, 100, 30, 445.60
2026/09/15 02:12:25.956, 0, 167773, 100, 28, 487.62
2026/09/15 02:12:25.959, 1, 167074, 100, 28, 495.25
2026/09/15 02:12:25.962, 2, 167074, 100, 28, 456.13
2026/09/15 02:12:25.965, 3, 166754, 100, 28, 447.45
2026/09/15 02:12:26.968, 0, 167773, 100, 28, 484.90
2026/09/15 02:12:26.971, 1, 167074, 100, 28, 489.64
2026/09/15 02:12:26.973, 2, 167074, 100, 28, 456.89
2026/09/15 02:12:26.976, 3, 166754, 100, 28, 448.12
2026/09/15 02:12:27.979, 0, 167773, 100, 28, 483.24
2026/09/15 02:12:27.982, 1, 167074, 100, 28, 489.28
2026/09/15 02:12:27.984, 2, 167074, 100, 28, 453.56
2026/09/15 02:12:27.987, 3, 166754, 100, 28, 445.02
2026/09/15 02:12:28.990, 0, 167773, 100, 27, 479.70
2026/09/15 02:12:28.993, 1, 167074, 100, 27, 482.03
2026/09/15 02:12:28.996, 2, 167074, 100, 27, 450.68
2026/09/15 02:12:28.999, 3, 166754, 100, 27, 445.39
2026/09/15 02:12:30.001, 0, 167773, 100, 27, 480.52
2026/09/15 02:12:30.004, 1, 167074, 100, 28, 482.88
2026/09/15 02:12:30.007, 2, 167074, 100, 27, 451.90
2026/09/15 02:12:30.010, 3, 166754, 100, 27, 446.98
2026/09/15 02:12:31.013, 0, 167773, 41, 4, 452.93
2026/09/15 02:12:31.016, 1, 167074, 21, 4, 441.16
2026/09/15 02:12:31.019, 2, 167074, 73, 1, 436.52
2026/09/15 02:12:31.021, 3, 166754, 67, 1, 432.07
2026/09/15 02:12:32.024, 0, 167773, 100, 30, 501.74
2026/09/15 02:12:32.027, 1, 167074, 100, 30, 483.37
2026/09/15 02:12:32.030, 2, 167074, 100, 30, 487.19
2026/09/15 02:12:32.033, 3, 166754, 100, 30, 469.48
2026/09/15 02:12:33.035, 0, 167773, 100, 30, 498.02
2026/09/15 02:12:33.038, 1, 167074, 100, 30, 500.51
2026/09/15 02:12:33.041, 2, 167074, 100, 30, 464.10
2026/09/15 02:12:33.044, 3, 166754, 100, 30, 444.10
2026/09/15 02:12:34.047, 0, 167773, 100, 29, 489.84
2026/09/15 02:12:34.050, 1, 167074, 100, 29, 498.11
2026/09/15 02:12:34.053, 2, 167074, 100, 29, 458.71
2026/09/15 02:12:34.055, 3, 166754, 100, 29, 441.18
2026/09/15 02:12:35.058, 0, 167773, 100, 29, 492.91
2026/09/15 02:12:35.061, 1, 167074, 100, 29, 495.67
2026/09/15 02:12:35.064, 2, 167074, 100, 29, 462.82
2026/09/15 02:12:35.067, 3, 166754, 100, 29, 441.94
2026/09/15 02:12:36.070, 0, 167773, 100, 29, 491.43
2026/09/15 02:12:36.073, 1, 167074, 100, 29, 492.32
2026/09/15 02:12:36.075, 2, 167074, 100, 29, 460.77
2026/09/15 02:12:36.078, 3, 166754, 100, 29, 442.27
2026/09/15 02:12:37.081, 0, 167773, 100, 29, 488.56
2026/09/15 02:12:37.084, 1, 167074, 100, 29, 490.99
2026/09/15 02:12:37.087, 2, 167074, 100, 29, 459.69
2026/09/15 02:12:37.090, 3, 166754, 100, 29, 444.87
2026/09/15 02:12:38.092, 0, 167773, 100, 29, 492.69
2026/09/15 02:12:38.095, 1, 167074, 100, 29, 496.63
2026/09/15 02:12:38.098, 2, 167074, 100, 29, 461.35
2026/09/15 02:12:38.101, 3, 166754, 100, 29, 444.64
2026/09/15 02:12:39.104, 0, 167773, 100, 29, 488.87
2026/09/15 02:12:39.107, 1, 167074, 100, 29, 492.35
2026/09/15 02:12:39.109, 2, 167074, 100, 29, 456.72
2026/09/15 02:12:39.112, 3, 166754, 100, 29, 436.58
2026/09/15 02:12:40.115, 0, 167773, 100, 29, 462.99
2026/09/15 02:12:40.118, 1, 167074, 100, 29, 434.88
2026/09/15 02:12:40.121, 2, 167074, 100, 28, 459.91
2026/09/15 02:12:40.124, 3, 166754, 100, 28, 457.50
2026/09/15 02:12:41.126, 0, 167773, 100, 29, 489.30
2026/09/15 02:12:41.129, 1, 167074, 100, 29, 501.93
2026/09/15 02:12:41.132, 2, 167074, 100, 29, 458.82
2026/09/15 02:12:41.135, 3, 166754, 100, 29, 440.94
2026/09/15 02:12:42.138, 0, 167773, 100, 28, 483.83
2026/09/15 02:12:42.140, 1, 167074, 100, 28, 499.47
2026/09/15 02:12:42.143, 2, 167074, 100, 28, 454.39
2026/09/15 02:12:42.146, 3, 166754, 100, 28, 439.91
2026/09/15 02:12:43.149, 0, 167773, 100, 28, 482.36
2026/09/15 02:12:43.152, 1, 167074, 100, 28, 494.63
2026/09/15 02:12:43.154, 2, 167074, 100, 28, 450.75
2026/09/15 02:12:43.157, 3, 166754, 100, 28, 436.82
2026/09/15 02:12:44.160, 0, 167773, 100, 27, 478.65
2026/09/15 02:12:44.163, 1, 167074, 100, 27, 491.60
2026/09/15 02:12:44.166, 2, 167074, 100, 27, 449.59
2026/09/15 02:12:44.168, 3, 166754, 100, 27, 433.61
2026/09/15 02:12:45.171, 0, 167773, 100, 27, 479.94
2026/09/15 02:12:45.174, 1, 167074, 100, 27, 493.14
2026/09/15 02:12:45.177, 2, 167074, 100, 27, 451.25
2026/09/15 02:12:45.180, 3, 166754, 100, 27, 438.35
2026/09/15 02:12:46.182, 0, 167773, 100, 27, 476.88
2026/09/15 02:12:46.185, 1, 167074, 100, 27, 491.69
2026/09/15 02:12:46.188, 2, 167074, 100, 27, 451.38
2026/09/15 02:12:46.191, 3, 166754, 100, 27, 439.17
2026/09/15 02:12:47.194, 0, 167773, 100, 27, 480.82
2026/09/15 02:12:47.197, 1, 167074, 100, 27, 493.11
2026/09/15 02:12:47.200, 2, 167074, 100, 27, 450.37
2026/09/15 02:12:47.203, 3, 166754, 100, 27, 438.98
2026/09/15 02:12:48.205, 0, 167773, 100, 28, 454.95
2026/09/15 02:12:48.209, 1, 167074, 100, 28, 435.43
2026/09/15 02:12:48.211, 2, 167074, 100, 28, 461.49
2026/09/15 02:12:48.214, 3, 166754, 100, 28, 455.59
2026/09/15 02:12:49.217, 0, 167773, 100, 28, 486.54
2026/09/15 02:12:49.220, 1, 167074, 100, 28, 500.23
2026/09/15 02:12:49.223, 2, 167074, 100, 28, 454.82
2026/09/15 02:12:49.225, 3, 166754, 100, 28, 439.37
2026/09/15 02:12:50.228, 0, 167773, 100, 27, 482.10
2026/09/15 02:12:50.231, 1, 167074, 100, 27, 498.20
2026/09/15 02:12:50.234, 2, 167074, 100, 27, 451.96
2026/09/15 02:12:50.236, 3, 166754, 100, 27, 436.32
2026/09/15 02:12:51.239, 0, 167773, 100, 27, 478.11
2026/09/15 02:12:51.242, 1, 167074, 100, 27, 492.31
2026/09/15 02:12:51.245, 2, 167074, 100, 27, 449.18
2026/09/15 02:12:51.248, 3, 166754, 100, 27, 432.88
2026/09/15 02:12:52.250, 0, 167773, 100, 27, 477.27
2026/09/15 02:12:52.253, 1, 167074, 100, 27, 491.30
2026/09/15 02:12:52.256, 2, 167074, 100, 27, 447.90
2026/09/15 02:12:52.259, 3, 166754, 100, 27, 434.96
2026/09/15 02:12:53.262, 0, 167773, 100, 27, 477.56
2026/09/15 02:12:53.264, 1, 167074, 100, 27, 491.08
2026/09/15 02:12:53.267, 2, 167074, 100, 27, 449.54
2026/09/15 02:12:53.270, 3, 166754, 100, 27, 437.22
2026/09/15 02:12:54.273, 0, 167773, 100, 26, 476.56
2026/09/15 02:12:54.276, 1, 167074, 100, 26, 492.08
2026/09/15 02:12:54.278, 2, 167074, 100, 27, 449.79
2026/09/15 02:12:54.281, 3, 166754, 100, 27, 437.70
2026/09/15 02:12:55.284, 0, 167773, 100, 26, 476.13
2026/09/15 02:12:55.287, 1, 167074, 100, 26, 489.24
2026/09/15 02:12:55.289, 2, 167074, 100, 27, 448.68
2026/09/15 02:12:55.292, 3, 166754, 100, 26, 437.00
2026/09/15 02:12:56.295, 0, 167773, 100, 29, 461.27
2026/09/15 02:12:56.298, 1, 167074, 100, 29, 436.74
2026/09/15 02:12:56.301, 2, 167074, 100, 29, 468.87
2026/09/15 02:12:56.303, 3, 166754, 100, 29, 460.54
2026/09/15 02:12:57.306, 0, 167773, 100, 30, 494.08
2026/09/15 02:12:57.309, 1, 167074, 100, 30, 510.20
2026/09/15 02:12:57.312, 2, 167074, 100, 30, 463.47
2026/09/15 02:12:57.314, 3, 166754, 100, 30, 442.60
2026/09/15 02:12:58.317, 0, 167773, 100, 29, 493.11
2026/09/15 02:12:58.320, 1, 167074, 100, 29, 498.64
2026/09/15 02:12:58.323, 2, 167074, 100, 29, 462.27
2026/09/15 02:12:58.325, 3, 166754, 100, 29, 442.55
2026/09/15 02:12:59.328, 0, 167773, 100, 29, 488.59
2026/09/15 02:12:59.331, 1, 167074, 100, 29, 494.49
2026/09/15 02:12:59.333, 2, 167074, 100, 29, 459.27
2026/09/15 02:12:59.336, 3, 166754, 100, 29, 442.14
2026/09/15 02:13:00.339, 0, 167773, 100, 29, 491.18
2026/09/15 02:13:00.342, 1, 167074, 100, 29, 495.89
2026/09/15 02:13:00.344, 2, 167074, 100, 29, 461.08
2026/09/15 02:13:00.347, 3, 166754, 100, 29, 442.64
2026/09/15 02:13:01.350, 0, 167773, 100, 30, 495.66
2026/09/15 02:13:01.353, 1, 167074, 100, 30, 499.27
2026/09/15 02:13:01.355, 2, 167074, 100, 30, 464.10
2026/09/15 02:13:01.358, 3, 166754, 100, 30, 445.68
2026/09/15 02:13:02.361, 0, 167773, 100, 30, 496.48
2026/09/15 02:13:02.364, 1, 167074, 100, 30, 500.90
2026/09/15 02:13:02.367, 2, 167074, 100, 30, 465.01
2026/09/15 02:13:02.369, 3, 166754, 100, 30, 447.72
2026/09/15 02:13:03.372, 0, 167773, 100, 30, 493.40
2026/09/15 02:13:03.375, 1, 167074, 100, 30, 499.20
2026/09/15 02:13:03.377, 2, 167074, 100, 30, 463.12
2026/09/15 02:13:03.380, 3, 166754, 100, 29, 446.14
2026/09/15 02:13:04.383, 0, 167773, 100, 27, 465.49
2026/09/15 02:13:04.386, 1, 167074, 100, 27, 431.02
2026/09/15 02:13:04.388, 2, 167074, 100, 27, 470.35
2026/09/15 02:13:04.391, 3, 166754, 100, 24, 469.74
2026/09/15 02:13:05.394, 0, 167773, 100, 28, 481.37
2026/09/15 02:13:05.397, 1, 167074, 100, 28, 487.85
2026/09/15 02:13:05.399, 2, 167074, 100, 28, 455.84
2026/09/15 02:13:05.402, 3, 166754, 100, 28, 436.87
2026/09/15 02:13:06.405, 0, 167773, 100, 27, 479.08
2026/09/15 02:13:06.408, 1, 167074, 100, 27, 483.14
2026/09/15 02:13:06.410, 2, 167074, 100, 28, 451.40
2026/09/15 02:13:06.413, 3, 166754, 100, 28, 439.11
2026/09/15 02:13:07.416, 0, 167773, 100, 27, 478.46
2026/09/15 02:13:07.419, 1, 167074, 100, 27, 486.41
2026/09/15 02:13:07.421, 2, 167074, 100, 27, 453.49
2026/09/15 02:13:07.424, 3, 166754, 100, 27, 444.90
2026/09/15 02:13:08.427, 0, 167773, 100, 27, 480.86
2026/09/15 02:13:08.430, 1, 167074, 100, 27, 483.69
2026/09/15 02:13:08.432, 2, 167074, 100, 27, 453.99
2026/09/15 02:13:08.435, 3, 166754, 100, 27, 443.02
2026/09/15 02:13:09.438, 0, 167773, 100, 27, 480.66
2026/09/15 02:13:09.441, 1, 167074, 100, 27, 485.57
2026/09/15 02:13:09.443, 2, 167074, 100, 27, 450.65
2026/09/15 02:13:09.446, 3, 166754, 100, 27, 445.63
2026/09/15 02:13:10.449, 0, 167773, 100, 28, 481.84
2026/09/15 02:13:10.451, 1, 167074, 100, 28, 485.75
2026/09/15 02:13:10.454, 2, 167074, 100, 28, 453.62
2026/09/15 02:13:10.457, 3, 166754, 100, 28, 447.30
2026/09/15 02:13:11.460, 0, 167773, 100, 28, 484.11
2026/09/15 02:13:11.462, 1, 167074, 100, 28, 486.13
2026/09/15 02:13:11.465, 2, 167074, 100, 28, 455.76
2026/09/15 02:13:11.468, 3, 166754, 100, 28, 448.40
2026/09/15 02:13:12.471, 0, 167773, 92, 20, 453.03
2026/09/15 02:13:12.474, 1, 167074, 100, 27, 435.63
2026/09/15 02:13:12.476, 2, 167074, 100, 26, 461.62
2026/09/15 02:13:12.479, 3, 166754, 100, 26, 461.62
2026/09/15 02:13:13.482, 0, 167773, 100, 29, 496.29
2026/09/15 02:13:13.484, 1, 167074, 100, 29, 500.91
2026/09/15 02:13:13.487, 2, 167074, 100, 28, 456.28
2026/09/15 02:13:13.490, 3, 166754, 100, 28, 439.23
2026/09/15 02:13:14.493, 0, 167773, 100, 27, 493.37
2026/09/15 02:13:14.495, 1, 167074, 100, 27, 494.25
2026/09/15 02:13:14.498, 2, 167074, 100, 27, 454.51
2026/09/15 02:13:14.501, 3, 166754, 100, 27, 436.64
2026/09/15 02:13:15.503, 0, 167773, 100, 28, 488.99
2026/09/15 02:13:15.506, 1, 167074, 100, 28, 491.87
2026/09/15 02:13:15.509, 2, 167074, 100, 27, 449.00
2026/09/15 02:13:15.512, 3, 166754, 100, 27, 433.35
2026/09/15 02:13:16.514, 0, 167773, 100, 27, 492.24
2026/09/15 02:13:16.517, 1, 167074, 100, 27, 498.10
2026/09/15 02:13:16.520, 2, 167074, 100, 27, 451.75
2026/09/15 02:13:16.522, 3, 166754, 100, 27, 439.31
2026/09/15 02:13:17.525, 0, 167773, 100, 28, 493.09
2026/09/15 02:13:17.528, 1, 167074, 100, 28, 497.01
2026/09/15 02:13:17.531, 2, 167074, 100, 28, 455.16
2026/09/15 02:13:17.534, 3, 166754, 100, 28, 439.24
2026/09/15 02:13:18.536, 0, 167773, 100, 28, 493.56
2026/09/15 02:13:18.539, 1, 167074, 100, 28, 497.36
2026/09/15 02:13:18.542, 2, 167074, 100, 27, 453.96
2026/09/15 02:13:18.545, 3, 166754, 100, 27, 440.00
2026/09/15 02:13:19.547, 0, 167773, 100, 28, 496.41
2026/09/15 02:13:19.550, 1, 167074, 100, 28, 498.13
2026/09/15 02:13:19.553, 2, 167074, 100, 28, 457.13
2026/09/15 02:13:19.556, 3, 166754, 100, 28, 442.57
2026/09/15 02:13:20.558, 0, 167773, 0, 0, 356.11
2026/09/15 02:13:20.562, 1, 167074, 0, 0, 355.13
2026/09/15 02:13:20.564, 2, 167074, 0, 0, 329.61
2026/09/15 02:13:20.567, 3, 166754, 0, 0, 331.32
2026/09/15 02:13:21.569, 0, 167773, 0, 0, 231.17
2026/09/15 02:13:21.572, 1, 167074, 0, 0, 227.27
2026/09/15 02:13:21.575, 2, 167074, 0, 0, 218.24
2026/09/15 02:13:21.577, 3, 166754, 0, 0, 232.71
2026/09/15 02:13:22.579, 0, 167773, 0, 0, 228.83
2026/09/15 02:13:22.583, 1, 167074, 0, 0, 227.03
2026/09/15 02:13:22.586, 2, 167074, 0, 0, 216.42
2026/09/15 02:13:22.588, 3, 166754, 0, 0, 232.74
2026/09/15 02:13:23.591, 0, 167773, 0, 0, 228.41
2026/09/15 02:13:23.595, 1, 167074, 0, 0, 227.27
2026/09/15 02:13:23.597, 2, 167074, 0, 0, 216.24
2026/09/15 02:13:23.599, 3, 166754, 0, 0, 232.69
2026/09/15 02:13:24.602, 0, 167773, 0, 0, 228.41
2026/09/15 02:13:24.605, 1, 167074, 0, 0, 227.27
2026/09/15 02:13:24.608, 2, 167074, 0, 0, 215.71
2026/09/15 02:13:24.610, 3, 166754, 0, 0, 232.70
2026/09/15 02:13:25.613, 0, 167773, 0, 0, 228.63
2026/09/15 02:13:25.616, 1, 167074, 0, 0, 227.27
2026/09/15 02:13:25.618, 2, 167074, 0, 0, 215.71
2026/09/15 02:13:25.621, 3, 166754, 0, 0, 232.75
2026/09/15 02:13:26.623, 0, 167773, 0, 0, 228.41
2026/09/15 02:13:26.626, 1, 167074, 0, 0, 227.27
2026/09/15 02:13:26.628, 2, 167074, 0, 0, 215.63
2026/09/15 02:13:26.631, 3, 166754, 0, 0, 232.68
2026/09/15 02:13:27.633, 0, 167773, 0, 0, 228.41
2026/09/15 02:13:27.637, 1, 167074, 0, 0, 227.27
2026/09/15 02:13:27.639, 2, 167074, 0, 0, 215.62
2026/09/15 02:13:27.642, 3, 166754, 0, 0, 232.68
2026/09/15 02:13:28.644, 0, 167773, 0, 0, 228.41
2026/09/15 02:13:28.650, 1, 167074, 0, 0, 227.27
2026/09/15 02:13:28.654, 2, 167074, 0, 0, 215.63
2026/09/15 02:13:28.659, 3, 166754, 0, 0, 232.71
2026/09/15 02:13:29.663, 0, 167773, 0, 0, 228.41
2026/09/15 02:13:29.666, 1, 167074, 0, 0, 227.27
2026/09/15 02:13:29.669, 2, 167074, 0, 0, 215.66
2026/09/15 02:13:29.671, 3, 166754, 0, 0, 232.70
2026/09/15 02:13:30.674, 0, 167773, 0, 0, 228.41
2026/09/15 02:13:30.677, 1, 167074, 0, 0, 227.27
2026/09/15 02:13:30.680, 2, 167074, 0, 0, 215.54
2026/09/15 02:13:30.682, 3, 166754, 0, 0, 232.67
2026/09/15 02:13:31.685, 0, 167773, 0, 0, 228.41
2026/09/15 02:13:31.688, 1, 167074, 0, 0, 227.27
2026/09/15 02:13:31.690, 2, 167074, 0, 0, 215.55
2026/09/15 02:13:31.693, 3, 166754, 0, 0, 232.66
2026/09/15 02:13:32.695, 0, 167773, 0, 0, 228.41
2026/09/15 02:13:32.698, 1, 167074, 0, 0, 227.27
2026/09/15 02:13:32.701, 2, 167074, 0, 0, 215.62
2026/09/15 02:13:32.703, 3, 166754, 0, 0, 232.65
2026/09/15 02:13:33.706, 0, 167773, 11, 1, 232.25
2026/09/15 02:13:33.709, 1, 167074, 46, 1, 240.44
2026/09/15 02:13:33.712, 2, 167074, 2, 0, 240.91
2026/09/15 02:13:33.714, 3, 166754, 2, 0, 264.36
2026/09/15 02:13:34.717, 0, 166911, 0, 0, 301.43
2026/09/15 02:13:34.719, 1, 166212, 0, 0, 329.57
2026/09/15 02:13:34.722, 2, 166212, 0, 0, 334.88
2026/09/15 02:13:34.724, 3, 165892, 0, 0, 339.26
2026/09/15 02:13:35.727, 0, 167421, 100, 26, 374.24
2026/09/15 02:13:35.730, 1, 166722, 100, 26, 325.54
2026/09/15 02:13:35.732, 2, 166722, 95, 20, 376.65
2026/09/15 02:13:35.735, 3, 166402, 100, 26, 389.14
2026/09/15 02:13:36.737, 0, 167421, 100, 28, 502.79
2026/09/15 02:13:36.740, 1, 166722, 100, 28, 498.63
2026/09/15 02:13:36.742, 2, 166722, 100, 28, 463.01
2026/09/15 02:13:36.745, 3, 166402, 100, 28, 444.61
2026/09/15 02:13:37.747, 0, 167421, 100, 28, 497.02
2026/09/15 02:13:37.750, 1, 166722, 100, 28, 500.74
2026/09/15 02:13:37.753, 2, 166722, 100, 28, 465.68
2026/09/15 02:13:37.755, 3, 166402, 100, 28, 447.56
2026/09/15 02:13:38.758, 0, 167421, 100, 27, 492.12
2026/09/15 02:13:38.761, 1, 166722, 100, 27, 494.79
2026/09/15 02:13:38.763, 2, 166722, 100, 27, 461.67
2026/09/15 02:13:38.765, 3, 166402, 100, 27, 444.67
2026/09/15 02:13:39.768, 0, 167421, 100, 27, 486.17
2026/09/15 02:13:39.771, 1, 166722, 100, 27, 491.74
2026/09/15 02:13:39.773, 2, 166722, 100, 27, 459.07
2026/09/15 02:13:39.776, 3, 166402, 100, 27, 442.08
2026/09/15 02:13:40.778, 0, 167421, 100, 28, 493.52
2026/09/15 02:13:40.781, 1, 166722, 100, 28, 498.25
2026/09/15 02:13:40.783, 2, 166722, 100, 28, 461.21
2026/09/15 02:13:40.786, 3, 166402, 100, 28, 445.62
2026/09/15 02:13:41.788, 0, 167421, 100, 28, 493.86
2026/09/15 02:13:41.791, 1, 166722, 100, 28, 491.75
2026/09/15 02:13:41.794, 2, 166722, 100, 28, 456.22
2026/09/15 02:13:41.796, 3, 166402, 100, 28, 448.19
2026/09/15 02:13:42.798, 0, 167421, 100, 28, 489.85
2026/09/15 02:13:42.801, 1, 166722, 100, 28, 484.89
2026/09/15 02:13:42.804, 2, 166722, 100, 28, 453.39
2026/09/15 02:13:42.806, 3, 166402, 100, 28, 448.18
2026/09/15 02:13:43.809, 0, 167773, 70, 15, 465.90
2026/09/15 02:13:43.812, 1, 167074, 49, 15, 428.59
2026/09/15 02:13:43.814, 2, 167074, 100, 25, 467.61
2026/09/15 02:13:43.817, 3, 166754, 100, 27, 465.57
2026/09/15 02:13:44.819, 0, 167773, 100, 29, 486.87
2026/09/15 02:13:44.822, 1, 167074, 100, 29, 494.40
2026/09/15 02:13:44.824, 2, 167074, 100, 29, 455.32
2026/09/15 02:13:44.827, 3, 166754, 100, 29, 439.49
2026/09/15 02:13:45.829, 0, 167773, 100, 29, 490.43
2026/09/15 02:13:45.832, 1, 167074, 100, 29, 495.23
2026/09/15 02:13:45.834, 2, 167074, 100, 29, 460.11
2026/09/15 02:13:45.837, 3, 166754, 100, 29, 449.22
2026/09/15 02:13:46.839, 0, 167773, 100, 28, 485.28
2026/09/15 02:13:46.842, 1, 167074, 100, 28, 489.16
2026/09/15 02:13:46.845, 2, 167074, 100, 28, 454.34
2026/09/15 02:13:46.847, 3, 166754, 100, 28, 446.18
2026/09/15 02:13:47.850, 0, 167773, 100, 28, 484.69
2026/09/15 02:13:47.853, 1, 167074, 100, 28, 489.61
2026/09/15 02:13:47.855, 2, 167074, 100, 28, 455.15
2026/09/15 02:13:47.857, 3, 166754, 100, 28, 445.96
2026/09/15 02:13:48.860, 0, 167773, 100, 27, 481.27
2026/09/15 02:13:48.863, 1, 167074, 100, 27, 486.29
2026/09/15 02:13:48.865, 2, 167074, 100, 27, 452.61
2026/09/15 02:13:48.868, 3, 166754, 100, 27, 445.51
2026/09/15 02:13:49.870, 0, 167773, 100, 28, 485.49
2026/09/15 02:13:49.873, 1, 167074, 100, 28, 490.39
2026/09/15 02:13:49.876, 2, 167074, 100, 28, 456.10
2026/09/15 02:13:49.878, 3, 166754, 100, 28, 447.60
2026/09/15 02:13:50.881, 0, 167773, 100, 28, 483.80
2026/09/15 02:13:50.884, 1, 167074, 100, 28, 487.36
2026/09/15 02:13:50.886, 2, 167074, 100, 28, 455.31
2026/09/15 02:13:50.889, 3, 166754, 100, 28, 448.39
2026/09/15 02:13:51.891, 0, 167773, 62, 2, 468.54
2026/09/15 02:13:51.894, 1, 167074, 48, 14, 429.39
2026/09/15 02:13:51.896, 2, 167074, 80, 13, 467.61
2026/09/15 02:13:51.899, 3, 166754, 77, 14, 461.11
2026/09/15 02:13:52.901, 0, 167773, 100, 29, 486.23
2026/09/15 02:13:52.904, 1, 167074, 100, 29, 494.23
2026/09/15 02:13:52.907, 2, 167074, 100, 29, 458.30
2026/09/15 02:13:52.909, 3, 166754, 100, 29, 438.94
2026/09/15 02:13:53.912, 0, 167773, 100, 29, 489.81
2026/09/15 02:13:53.914, 1, 167074, 100, 29, 494.85
2026/09/15 02:13:53.917, 2, 167074, 100, 29, 458.33
2026/09/15 02:13:53.919, 3, 166754, 100, 29, 442.19
2026/09/15 02:13:54.922, 0, 167773, 100, 28, 487.08
2026/09/15 02:13:54.925, 1, 167074, 100, 28, 489.13
2026/09/15 02:13:54.927, 2, 167074, 100, 28, 457.31
2026/09/15 02:13:54.930, 3, 166754, 100, 28, 438.88
2026/09/15 02:13:55.932, 0, 167773, 100, 28, 485.51
2026/09/15 02:13:55.935, 1, 167074, 100, 28, 490.79
2026/09/15 02:13:55.937, 2, 167074, 100, 28, 455.60
2026/09/15 02:13:55.940, 3, 166754, 100, 28, 440.60
2026/09/15 02:13:56.942, 0, 167773, 100, 28, 485.94
2026/09/15 02:13:56.945, 1, 167074, 100, 28, 488.72
2026/09/15 02:13:56.948, 2, 167074, 100, 28, 455.42
2026/09/15 02:13:56.950, 3, 166754, 100, 28, 440.20
2026/09/15 02:13:57.953, 0, 167773, 100, 28, 485.03
2026/09/15 02:13:57.956, 1, 167074, 100, 28, 488.31
2026/09/15 02:13:57.958, 2, 167074, 100, 28, 455.34
2026/09/15 02:13:57.961, 3, 166754, 100, 28, 440.71
2026/09/15 02:13:58.963, 0, 167773, 100, 28, 486.39
2026/09/15 02:13:58.966, 1, 167074, 100, 28, 489.34
2026/09/15 02:13:58.968, 2, 167074, 100, 28, 456.50
2026/09/15 02:13:58.971, 3, 166754, 100, 28, 440.74
2026/09/15 02:13:59.973, 0, 167773, 52, 1, 457.96
2026/09/15 02:13:59.976, 1, 167074, 11, 1, 441.14
2026/09/15 02:13:59.979, 2, 167074, 69, 8, 451.24
2026/09/15 02:13:59.981, 3, 166754, 72, 1, 441.90
2026/09/15 02:14:00.984, 0, 167773, 100, 30, 492.73
2026/09/15 02:14:00.987, 1, 167074, 100, 30, 482.99
2026/09/15 02:14:00.989, 2, 167074, 100, 29, 482.27
2026/09/15 02:14:00.992, 3, 166754, 100, 30, 458.67
2026/09/15 02:14:01.994, 0, 167773, 100, 30, 491.37
2026/09/15 02:14:01.997, 1, 167074, 100, 30, 496.09
2026/09/15 02:14:01.999, 2, 167074, 100, 30, 461.72
2026/09/15 02:14:02.002, 3, 166754, 100, 30, 440.54
2026/09/15 02:14:03.004, 0, 167773, 100, 28, 488.45
2026/09/15 02:14:03.007, 1, 167074, 100, 28, 494.57
2026/09/15 02:14:03.010, 2, 167074, 100, 28, 456.30
2026/09/15 02:14:03.012, 3, 166754, 100, 28, 442.82
2026/09/15 02:14:04.015, 0, 167773, 100, 28, 486.24
2026/09/15 02:14:04.017, 1, 167074, 100, 28, 489.55
2026/09/15 02:14:04.020, 2, 167074, 100, 28, 456.36
2026/09/15 02:14:04.022, 3, 166754, 100, 28, 440.07
2026/09/15 02:14:05.025, 0, 167773, 100, 28, 483.64
2026/09/15 02:14:05.028, 1, 167074, 100, 28, 486.59
2026/09/15 02:14:05.030, 2, 167074, 100, 28, 453.41
2026/09/15 02:14:05.033, 3, 166754, 100, 28, 438.87
2026/09/15 02:14:06.035, 0, 167773, 100, 27, 481.05
2026/09/15 02:14:06.038, 1, 167074, 100, 27, 484.57
2026/09/15 02:14:06.040, 2, 167074, 100, 27, 453.82
2026/09/15 02:14:06.043, 3, 166754, 100, 27, 436.17
2026/09/15 02:14:07.045, 0, 167773, 100, 27, 479.28
2026/09/15 02:14:07.048, 1, 167074, 100, 27, 482.98
2026/09/15 02:14:07.051, 2, 167074, 100, 27, 453.13
2026/09/15 02:14:07.053, 3, 166754, 100, 27, 441.70
2026/09/15 02:14:08.056, 0, 167773, 100, 27, 444.55
2026/09/15 02:14:08.058, 1, 167074, 100, 27, 451.04
2026/09/15 02:14:08.061, 2, 167074, 80, 1, 435.99
2026/09/15 02:14:08.063, 3, 166754, 77, 1, 422.95
2026/09/15 02:14:09.066, 0, 167773, 100, 30, 487.72
2026/09/15 02:14:09.069, 1, 167074, 100, 30, 469.28
2026/09/15 02:14:09.071, 2, 167074, 100, 30, 488.59
2026/09/15 02:14:09.074, 3, 166754, 100, 30, 479.49
2026/09/15 02:14:10.076, 0, 167773, 100, 30, 496.04
2026/09/15 02:14:10.079, 1, 167074, 100, 30, 500.73
2026/09/15 02:14:10.081, 2, 167074, 100, 30, 464.16
2026/09/15 02:14:10.084, 3, 166754, 100, 30, 443.55
2026/09/15 02:14:11.086, 0, 167773, 100, 29, 491.45
2026/09/15 02:14:11.089, 1, 167074, 100, 29, 497.61
2026/09/15 02:14:11.091, 2, 167074, 100, 29, 461.57
2026/09/15 02:14:11.094, 3, 166754, 100, 29, 443.10
2026/09/15 02:14:12.096, 0, 167773, 100, 29, 491.73
2026/09/15 02:14:12.099, 1, 167074, 100, 30, 497.29
2026/09/15 02:14:12.101, 2, 167074, 100, 29, 462.38
2026/09/15 02:14:12.104, 3, 166754, 100, 29, 442.56
2026/09/15 02:14:13.106, 0, 167773, 100, 29, 489.87
2026/09/15 02:14:13.109, 1, 167074, 100, 29, 493.63
2026/09/15 02:14:13.112, 2, 167074, 100, 29, 461.18
2026/09/15 02:14:13.114, 3, 166754, 100, 29, 444.15
2026/09/15 02:14:14.117, 0, 167773, 100, 29, 490.20
2026/09/15 02:14:14.119, 1, 167074, 100, 29, 495.25
2026/09/15 02:14:14.122, 2, 167074, 100, 29, 460.28
2026/09/15 02:14:14.124, 3, 166754, 100, 29, 442.94
2026/09/15 02:14:15.127, 0, 167773, 100, 29, 489.82
2026/09/15 02:14:15.130, 1, 167074, 100, 29, 493.52
2026/09/15 02:14:15.132, 2, 167074, 100, 29, 462.30
2026/09/15 02:14:15.135, 3, 166754, 100, 29, 446.10
2026/09/15 02:14:16.137, 0, 167773, 100, 29, 491.96
2026/09/15 02:14:16.140, 1, 167074, 100, 29, 495.38
2026/09/15 02:14:16.142, 2, 167074, 100, 29, 462.93
2026/09/15 02:14:16.145, 3, 166754, 100, 29, 446.33
2026/09/15 02:14:17.147, 0, 167773, 100, 28, 454.32
2026/09/15 02:14:17.150, 1, 167074, 100, 28, 432.33
2026/09/15 02:14:17.153, 2, 167074, 100, 28, 463.89
2026/09/15 02:14:17.155, 3, 166754, 100, 28, 463.47
2026/09/15 02:14:18.158, 0, 167773, 100, 29, 490.43
2026/09/15 02:14:18.160, 1, 167074, 100, 29, 493.27
2026/09/15 02:14:18.163, 2, 167074, 100, 29, 458.32
2026/09/15 02:14:18.165, 3, 166754, 100, 29, 438.20
2026/09/15 02:14:19.168, 0, 167773, 100, 28, 487.86
2026/09/15 02:14:19.171, 1, 167074, 100, 28, 490.99
2026/09/15 02:14:19.173, 2, 167074, 100, 28, 456.59
2026/09/15 02:14:19.176, 3, 166754, 100, 28, 439.58
2026/09/15 02:14:20.178, 0, 167773, 100, 28, 482.44
2026/09/15 02:14:20.181, 1, 167074, 100, 28, 485.27
2026/09/15 02:14:20.183, 2, 167074, 100, 28, 452.43
2026/09/15 02:14:20.186, 3, 166754, 100, 28, 439.10
2026/09/15 02:14:21.188, 0, 167773, 100, 27, 479.02
2026/09/15 02:14:21.191, 1, 167074, 100, 27, 483.12
2026/09/15 02:14:21.194, 2, 167074, 100, 27, 450.06
2026/09/15 02:14:21.196, 3, 166754, 100, 27, 437.46
2026/09/15 02:14:22.199, 0, 167773, 100, 27, 482.01
2026/09/15 02:14:22.202, 1, 167074, 100, 27, 484.62
2026/09/15 02:14:22.204, 2, 167074, 100, 27, 451.89
2026/09/15 02:14:22.207, 3, 166754, 100, 27, 438.79
2026/09/15 02:14:23.209, 0, 167773, 100, 27, 479.62
2026/09/15 02:14:23.212, 1, 167074, 100, 27, 482.57
2026/09/15 02:14:23.214, 2, 167074, 100, 27, 452.25
2026/09/15 02:14:23.217, 3, 166754, 100, 27, 439.18
2026/09/15 02:14:24.219, 0, 167773, 100, 27, 478.05
2026/09/15 02:14:24.222, 1, 167074, 100, 27, 480.67
2026/09/15 02:14:24.225, 2, 167074, 100, 27, 453.78
2026/09/15 02:14:24.227, 3, 166754, 100, 27, 440.70
2026/09/15 02:14:25.230, 0, 167773, 100, 28, 447.77
2026/09/15 02:14:25.232, 1, 167074, 100, 28, 430.77
2026/09/15 02:14:25.235, 2, 167074, 100, 28, 462.44
2026/09/15 02:14:25.237, 3, 166754, 100, 28, 454.76
2026/09/15 02:14:26.240, 0, 167773, 100, 28, 485.66
2026/09/15 02:14:26.243, 1, 167074, 100, 28, 489.51
2026/09/15 02:14:26.245, 2, 167074, 100, 28, 456.60
2026/09/15 02:14:26.248, 3, 166754, 100, 28, 437.76
2026/09/15 02:14:27.250, 0, 167773, 100, 27, 482.09
2026/09/15 02:14:27.253, 1, 167074, 100, 27, 486.28
2026/09/15 02:14:27.255, 2, 167074, 100, 27, 453.42
2026/09/15 02:14:27.258, 3, 166754, 100, 27, 436.08
2026/09/15 02:14:28.260, 0, 167773, 100, 27, 478.15
2026/09/15 02:14:28.263, 1, 167074, 100, 27, 481.36
2026/09/15 02:14:28.266, 2, 167074, 100, 27, 450.21
2026/09/15 02:14:28.268, 3, 166754, 100, 27, 435.68
2026/09/15 02:14:29.271, 0, 167773, 100, 26, 475.75
2026/09/15 02:14:29.273, 1, 167074, 100, 26, 480.44
2026/09/15 02:14:29.276, 2, 167074, 100, 27, 448.80
2026/09/15 02:14:29.278, 3, 166754, 100, 27, 436.42
2026/09/15 02:14:30.281, 0, 167773, 100, 27, 478.75
2026/09/15 02:14:30.284, 1, 167074, 100, 27, 480.69
2026/09/15 02:14:30.286, 2, 167074, 100, 27, 450.83
2026/09/15 02:14:30.289, 3, 166754, 100, 27, 438.14
2026/09/15 02:14:31.291, 0, 167773, 100, 27, 478.51
2026/09/15 02:14:31.294, 1, 167074, 100, 27, 481.32
2026/09/15 02:14:31.297, 2, 167074, 100, 27, 449.51
2026/09/15 02:14:31.299, 3, 166754, 100, 27, 437.34
2026/09/15 02:14:32.302, 0, 167773, 100, 26, 475.21
2026/09/15 02:14:32.304, 1, 167074, 100, 26, 480.57
2026/09/15 02:14:32.307, 2, 167074, 100, 27, 449.06
2026/09/15 02:14:32.309, 3, 166754, 100, 26, 437.98
2026/09/15 02:14:33.312, 0, 167773, 100, 28, 460.98
2026/09/15 02:14:33.315, 1, 167074, 100, 29, 428.03
2026/09/15 02:14:33.317, 2, 167074, 100, 29, 465.64
2026/09/15 02:14:33.320, 3, 166754, 100, 29, 457.80
2026/09/15 02:14:34.322, 0, 167773, 100, 30, 495.02
2026/09/15 02:14:34.325, 1, 167074, 100, 30, 500.24
2026/09/15 02:14:34.327, 2, 167074, 100, 30, 463.20
2026/09/15 02:14:34.330, 3, 166754, 100, 30, 443.68
2026/09/15 02:14:35.332, 0, 167773, 100, 29, 493.77
2026/09/15 02:14:35.335, 1, 167074, 100, 29, 498.40
2026/09/15 02:14:35.338, 2, 167074, 100, 29, 462.71
2026/09/15 02:14:35.340, 3, 166754, 100, 29, 442.23
2026/09/15 02:14:36.343, 0, 167773, 100, 29, 490.34
2026/09/15 02:14:36.345, 1, 167074, 100, 29, 493.77
2026/09/15 02:14:36.348, 2, 167074, 100, 29, 460.49
2026/09/15 02:14:36.350, 3, 166754, 100, 29, 442.89
2026/09/15 02:14:37.353, 0, 167773, 100, 29, 490.40
2026/09/15 02:14:37.356, 1, 167074, 100, 29, 495.74
2026/09/15 02:14:37.358, 2, 167074, 100, 29, 462.18
2026/09/15 02:14:37.361, 3, 166754, 100, 29, 445.00
2026/09/15 02:14:38.363, 0, 167773, 100, 30, 494.50
2026/09/15 02:14:38.366, 1, 167074, 100, 30, 497.41
2026/09/15 02:14:38.368, 2, 167074, 100, 30, 463.80
2026/09/15 02:14:38.371, 3, 166754, 100, 30, 445.85
2026/09/15 02:14:39.373, 0, 167773, 100, 30, 497.08
2026/09/15 02:14:39.376, 1, 167074, 100, 30, 501.24
2026/09/15 02:14:39.378, 2, 167074, 100, 30, 465.24
2026/09/15 02:14:39.381, 3, 166754, 100, 30, 447.40
2026/09/15 02:14:40.384, 0, 167773, 100, 29, 495.44
2026/09/15 02:14:40.386, 1, 167074, 100, 29, 499.24
2026/09/15 02:14:40.389, 2, 167074, 100, 29, 465.28
2026/09/15 02:14:40.391, 3, 166754, 100, 29, 446.50
2026/09/15 02:14:41.394, 0, 167773, 100, 24, 456.05
2026/09/15 02:14:41.396, 1, 167074, 100, 24, 435.35
2026/09/15 02:14:41.399, 2, 167074, 100, 24, 471.51
2026/09/15 02:14:41.401, 3, 166754, 100, 24, 456.19
2026/09/15 02:14:42.404, 0, 167773, 100, 28, 482.15
2026/09/15 02:14:42.407, 1, 167074, 100, 28, 485.94
2026/09/15 02:14:42.409, 2, 167074, 100, 28, 453.49
2026/09/15 02:14:42.412, 3, 166754, 100, 28, 437.30
2026/09/15 02:14:43.414, 0, 167773, 100, 27, 479.66
2026/09/15 02:14:43.417, 1, 167074, 100, 27, 483.83
2026/09/15 02:14:43.419, 2, 167074, 100, 27, 450.95
2026/09/15 02:14:43.422, 3, 166754, 100, 27, 435.77
2026/09/15 02:14:44.424, 0, 167773, 100, 27, 480.59
2026/09/15 02:14:44.427, 1, 167074, 100, 27, 484.01
2026/09/15 02:14:44.429, 2, 167074, 100, 27, 453.08
2026/09/15 02:14:44.432, 3, 166754, 100, 27, 437.26
2026/09/15 02:14:45.434, 0, 167773, 100, 27, 479.69
2026/09/15 02:14:45.437, 1, 167074, 100, 27, 485.19
2026/09/15 02:14:45.440, 2, 167074, 100, 27, 452.76
2026/09/15 02:14:45.442, 3, 166754, 100, 27, 437.73
2026/09/15 02:14:46.445, 0, 167773, 100, 27, 479.85
2026/09/15 02:14:46.447, 1, 167074, 100, 27, 485.26
2026/09/15 02:14:46.450, 2, 167074, 100, 27, 452.57
2026/09/15 02:14:46.452, 3, 166754, 100, 27, 437.17
2026/09/15 02:14:47.455, 0, 167773, 100, 28, 482.05
2026/09/15 02:14:47.458, 1, 167074, 100, 28, 485.78
2026/09/15 02:14:47.460, 2, 167074, 100, 28, 455.26
2026/09/15 02:14:47.463, 3, 166754, 100, 28, 441.33
2026/09/15 02:14:48.465, 0, 167773, 100, 28, 485.23
2026/09/15 02:14:48.468, 1, 167074, 100, 28, 487.66
2026/09/15 02:14:48.470, 2, 167074, 100, 28, 455.78
2026/09/15 02:14:48.473, 3, 166754, 100, 28, 442.08
2026/09/15 02:14:49.475, 0, 167773, 93, 21, 454.54
2026/09/15 02:14:49.478, 1, 167074, 31, 12, 432.87
2026/09/15 02:14:49.481, 2, 167074, 100, 26, 465.34
2026/09/15 02:14:49.483, 3, 166754, 100, 26, 461.44
2026/09/15 02:14:50.486, 0, 167773, 100, 29, 484.53
2026/09/15 02:14:50.488, 1, 167074, 100, 29, 491.45
2026/09/15 02:14:50.491, 2, 167074, 100, 28, 456.37
2026/09/15 02:14:50.493, 3, 166754, 100, 28, 436.75
2026/09/15 02:14:51.496, 0, 167773, 100, 27, 482.06
2026/09/15 02:14:51.499, 1, 167074, 100, 28, 491.55
2026/09/15 02:14:51.501, 2, 167074, 100, 27, 453.95
2026/09/15 02:14:51.504, 3, 166754, 100, 27, 437.51
2026/09/15 02:14:52.506, 0, 167773, 100, 26, 477.09
2026/09/15 02:14:52.509, 1, 167074, 100, 27, 480.82
2026/09/15 02:14:52.511, 2, 167074, 100, 27, 449.31
2026/09/15 02:14:52.514, 3, 166754, 100, 27, 435.69
2026/09/15 02:14:53.516, 0, 167773, 100, 27, 481.34
2026/09/15 02:14:53.519, 1, 167074, 100, 27, 484.00
2026/09/15 02:14:53.521, 2, 167074, 100, 27, 451.55
2026/09/15 02:14:53.524, 3, 166754, 100, 27, 437.18
2026/09/15 02:14:54.526, 0, 167773, 100, 28, 482.12
2026/09/15 02:14:54.529, 1, 167074, 100, 28, 486.59
2026/09/15 02:14:54.532, 2, 167074, 100, 28, 452.90
2026/09/15 02:14:54.534, 3, 166754, 100, 28, 439.11
2026/09/15 02:14:55.537, 0, 167773, 100, 28, 483.19
2026/09/15 02:14:55.539, 1, 167074, 100, 27, 488.62
2026/09/15 02:14:55.542, 2, 167074, 100, 27, 454.70
2026/09/15 02:14:55.544, 3, 166754, 100, 27, 441.23
2026/09/15 02:14:56.547, 0, 167773, 100, 28, 486.00
2026/09/15 02:14:56.550, 1, 167074, 100, 28, 489.78
2026/09/15 02:14:56.552, 2, 167074, 100, 28, 457.10
2026/09/15 02:14:56.555, 3, 166754, 100, 28, 442.27
2026/09/15 02:14:57.557, 0, 167773, 0, 0, 365.53
2026/09/15 02:14:57.560, 1, 167074, 0, 0, 370.13
2026/09/15 02:14:57.563, 2, 167074, 0, 0, 344.40
2026/09/15 02:14:57.566, 3, 166754, 0, 0, 337.17
2026/09/15 02:14:58.568, 0, 167773, 0, 0, 231.32
2026/09/15 02:14:58.571, 1, 167074, 0, 0, 227.27
2026/09/15 02:14:58.574, 2, 167074, 0, 0, 218.93
2026/09/15 02:14:58.576, 3, 166754, 0, 0, 233.15
2026/09/15 02:14:59.578, 0, 167772, 0, 0, 229.83
2026/09/15 02:14:59.582, 1, 167074, 0, 0, 227.27
2026/09/15 02:14:59.590, 2, 167074, 0, 0, 218.17
2026/09/15 02:14:59.592, 3, 166754, 0, 0, 232.81
2026/09/15 02:15:00.595, 0, 766, 38, 18, 235.55
2026/09/15 02:15:00.599, 1, 3, 0, 0, 232.92
2026/09/15 02:15:00.601, 2, 3, 0, 0, 224.87
2026/09/15 02:15:00.604, 3, 3, 0, 0, 239.99
2026/09/15 02:15:01.607, 0, 766, 0, 0, 228.71
2026/09/15 02:15:01.610, 1, 3, 0, 0, 227.28
2026/09/15 02:15:01.612, 2, 3, 0, 0, 204.10
2026/09/15 02:15:01.615, 3, 3, 0, 0, 203.47
2026/09/15 02:15:02.618, 0, 766, 0, 0, 228.62
2026/09/15 02:15:02.621, 1, 3, 0, 0, 179.88
2026/09/15 02:15:02.624, 2, 3, 0, 0, 166.91
2026/09/15 02:15:02.626, 3, 3, 0, 0, 180.02
2026/09/15 02:15:03.629, 0, 766, 0, 0, 228.64
2026/09/15 02:15:03.632, 1, 3, 0, 0, 169.79
2026/09/15 02:15:03.635, 2, 3, 0, 0, 159.12
2026/09/15 02:15:03.638, 3, 3, 0, 0, 173.58
2026/09/15 02:15:04.641, 0, 766, 0, 0, 228.42
2026/09/15 02:15:04.644, 1, 3, 0, 0, 166.40
2026/09/15 02:15:04.646, 2, 3, 0, 0, 158.22
2026/09/15 02:15:04.649, 3, 3, 0, 0, 173.05
2026/09/15 02:15:05.652, 0, 763, 0, 0, 228.13
2026/09/15 02:15:05.790, 1, 1, 0, 0, 165.86
2026/09/15 02:15:05.793, 2, 3, 0, 0, 157.57
2026/09/15 02:15:05.796, 3, 3, 0, 0, 170.88
