timestamp,index,memory_used_mib,gpu_utilization_pct,memory_utilization_pct,power_draw_w
2026/09/15 00:30:13.412, 0, 0, 0, 0, 167.11
2026/09/15 00:30:13.439, 1, 0, 0, 0, 162.29
2026/09/15 00:30:13.445, 2, 0, 0, 0, 154.42
2026/09/15 00:30:13.453, 3, 0, 0, 0, 169.29
2026/09/15 00:30:14.461, 0, 0, 0, 0, 167.10
2026/09/15 00:30:14.465, 1, 0, 0, 0, 162.21
2026/09/15 00:30:14.468, 2, 0, 0, 0, 154.37
2026/09/15 00:30:14.470, 3, 0, 0, 0, 169.29
2026/09/15 00:30:15.473, 0, 0, 0, 0, 167.11
2026/09/15 00:30:15.476, 1, 0, 0, 0, 162.21
2026/09/15 00:30:15.478, 2, 0, 0, 0, 154.36
2026/09/15 00:30:15.481, 3, 0, 0, 0, 169.29
2026/09/15 00:30:16.483, 0, 1, 0, 0, 167.11
2026/09/15 00:30:16.488, 1, 1, 0, 0, 162.21
2026/09/15 00:30:16.490, 2, 1, 0, 0, 154.37
2026/09/15 00:30:16.493, 3, 1, 0, 0, 169.29
2026/09/15 00:30:17.496, 0, 3, 0, 0, 170.15
2026/09/15 00:30:17.571, 1, 3, 0, 0, 196.21
2026/09/15 00:30:17.582, 2, 3, 0, 0, 178.39
2026/09/15 00:30:17.595, 3, 3, 0, 0, 171.44
2026/09/15 00:30:18.607, 0, 3, 0, 0, 168.33
2026/09/15 00:30:18.610, 1, 3, 0, 0, 203.54
2026/09/15 00:30:18.612, 2, 3, 0, 0, 200.54
2026/09/15 00:30:18.615, 3, 3, 0, 0, 174.13
2026/09/15 00:30:19.617, 0, 3, 0, 0, 167.11
2026/09/15 00:30:19.620, 1, 3, 0, 0, 166.15
2026/09/15 00:30:19.623, 2, 3, 0, 0, 165.21
2026/09/15 00:30:19.625, 3, 3, 0, 0, 169.93
2026/09/15 00:30:20.628, 0, 3, 0, 0, 167.11
2026/09/15 00:30:20.631, 1, 3, 0, 0, 166.08
2026/09/15 00:30:20.633, 2, 3, 0, 0, 156.87
2026/09/15 00:30:20.636, 3, 3, 0, 0, 169.29
2026/09/15 00:30:21.638, 0, 3, 0, 0, 167.11
2026/09/15 00:30:21.642, 1, 3, 0, 0, 162.45
2026/09/15 00:30:21.644, 2, 3, 0, 0, 154.36
2026/09/15 00:30:21.646, 3, 3, 0, 0, 169.29
2026/09/15 00:30:22.649, 0, 3, 0, 0, 167.11
2026/09/15 00:30:22.652, 1, 3, 0, 0, 162.29
2026/09/15 00:30:22.655, 2, 3, 0, 0, 154.37
2026/09/15 00:30:22.657, 3, 3, 0, 0, 169.29
2026/09/15 00:30:23.660, 0, 3, 0, 0, 167.11
2026/09/15 00:30:23.663, 1, 3, 0, 0, 162.22
2026/09/15 00:30:23.666, 2, 3, 0, 0, 154.37
2026/09/15 00:30:23.668, 3, 3, 0, 0, 169.29
2026/09/15 00:30:24.671, 0, 3, 0, 0, 167.11
2026/09/15 00:30:24.674, 1, 3, 0, 0, 162.22
2026/09/15 00:30:24.677, 2, 3, 0, 0, 154.37
2026/09/15 00:30:24.679, 3, 3, 0, 0, 169.29
2026/09/15 00:30:25.682, 0, 3, 0, 0, 167.11
2026/09/15 00:30:25.685, 1, 3, 0, 0, 162.22
2026/09/15 00:30:25.687, 2, 3, 0, 0, 154.36
2026/09/15 00:30:25.690, 3, 3, 0, 0, 169.29
2026/09/15 00:30:26.692, 0, 3, 0, 0, 167.11
2026/09/15 00:30:26.695, 1, 3, 0, 0, 162.22
2026/09/15 00:30:26.698, 2, 3, 0, 0, 154.38
2026/09/15 00:30:26.700, 3, 3, 0, 0, 169.29
2026/09/15 00:30:27.703, 0, 3, 0, 0, 167.11
2026/09/15 00:30:27.705, 1, 3, 0, 0, 162.22
2026/09/15 00:30:27.708, 2, 3, 0, 0, 154.37
2026/09/15 00:30:27.710, 3, 3, 0, 0, 169.29
2026/09/15 00:30:28.713, 0, 3, 0, 0, 167.11
2026/09/15 00:30:28.715, 1, 3, 0, 0, 162.22
2026/09/15 00:30:28.718, 2, 3, 0, 0, 154.37
2026/09/15 00:30:28.720, 3, 3, 0, 0, 169.29
2026/09/15 00:30:29.723, 0, 3, 0, 0, 167.11
2026/09/15 00:30:29.726, 1, 3, 0, 0, 162.21
2026/09/15 00:30:29.729, 2, 3, 0, 0, 154.36
2026/09/15 00:30:29.732, 3, 3, 0, 0, 169.29
2026/09/15 00:30:30.734, 0, 3, 0, 0, 167.11
2026/09/15 00:30:30.738, 1, 3, 0, 0, 162.22
2026/09/15 00:30:30.741, 2, 3, 0, 0, 154.37
2026/09/15 00:30:30.744, 3, 3, 0, 0, 169.29
2026/09/15 00:30:31.747, 0, 3, 0, 0, 167.10
2026/09/15 00:30:31.751, 1, 3, 0, 0, 162.19
2026/09/15 00:30:31.754, 2, 3, 0, 0, 154.05
2026/09/15 00:30:31.757, 3, 3, 0, 0, 169.28
2026/09/15 00:30:32.759, 0, 3, 0, 0, 167.11
2026/09/15 00:30:32.763, 1, 3, 0, 0, 162.15
2026/09/15 00:30:32.765, 2, 3, 0, 0, 154.36
2026/09/15 00:30:32.768, 3, 3, 0, 0, 169.29
2026/09/15 00:30:33.770, 0, 3, 0, 0, 167.11
2026/09/15 00:30:33.775, 1, 3, 0, 0, 162.19
2026/09/15 00:30:33.786, 2, 3, 0, 0, 154.36
2026/09/15 00:30:33.790, 3, 3, 0, 0, 169.29
2026/09/15 00:30:34.792, 0, 3, 0, 0, 167.11
2026/09/15 00:30:34.796, 1, 3, 0, 0, 162.35
2026/09/15 00:30:34.798, 2, 3, 0, 0, 154.37
2026/09/15 00:30:34.800, 3, 3, 0, 0, 169.29
2026/09/15 00:30:35.803, 0, 3, 0, 0, 167.11
2026/09/15 00:30:35.807, 1, 3, 0, 0, 162.18
2026/09/15 00:30:35.809, 2, 3, 0, 0, 153.81
2026/09/15 00:30:35.812, 3, 3, 0, 0, 169.27
2026/09/15 00:30:36.815, 0, 3, 0, 0, 167.10
2026/09/15 00:30:36.818, 1, 3, 0, 0, 162.15
2026/09/15 00:30:36.821, 2, 3, 0, 0, 154.05
2026/09/15 00:30:36.824, 3, 3, 0, 0, 169.28
2026/09/15 00:30:37.826, 0, 3, 0, 0, 167.11
2026/09/15 00:30:37.831, 1, 3, 0, 0, 162.17
2026/09/15 00:30:37.834, 2, 3, 0, 0, 154.36
2026/09/15 00:30:37.837, 3, 3, 0, 0, 169.29
2026/09/15 00:30:38.840, 0, 3, 0, 0, 167.11
2026/09/15 00:30:38.844, 1, 3, 0, 0, 162.19
2026/09/15 00:30:38.847, 2, 3, 0, 0, 154.36
2026/09/15 00:30:38.849, 3, 3, 0, 0, 169.29
2026/09/15 00:30:39.852, 0, 3, 0, 0, 167.11
2026/09/15 00:30:39.856, 1, 3, 0, 0, 162.19
2026/09/15 00:30:39.859, 2, 3, 0, 0, 154.36
2026/09/15 00:30:39.861, 3, 3, 0, 0, 169.29
2026/09/15 00:30:40.864, 0, 3, 0, 0, 167.11
2026/09/15 00:30:40.867, 1, 3, 0, 0, 162.15
2026/09/15 00:30:40.870, 2, 3, 0, 0, 154.36
2026/09/15 00:30:40.873, 3, 3, 0, 0, 169.29
2026/09/15 00:30:41.875, 0, 3, 0, 0, 167.11
2026/09/15 00:30:41.878, 1, 3, 0, 0, 162.17
2026/09/15 00:30:41.881, 2, 3, 0, 0, 154.36
2026/09/15 00:30:41.884, 3, 3, 0, 0, 169.29
2026/09/15 00:30:42.886, 0, 3, 0, 0, 167.11
2026/09/15 00:30:42.890, 1, 3, 0, 0, 162.18
2026/09/15 00:30:42.892, 2, 3, 0, 0, 154.36
2026/09/15 00:30:42.895, 3, 3, 0, 0, 169.29
2026/09/15 00:30:43.897, 0, 3, 0, 0, 167.11
2026/09/15 00:30:43.901, 1, 3, 0, 0, 162.19
2026/09/15 00:30:43.904, 2, 3, 0, 0, 154.36
2026/09/15 00:30:43.907, 3, 3, 0, 0, 169.29
2026/09/15 00:30:44.910, 0, 3, 0, 0, 167.11
2026/09/15 00:30:44.914, 1, 3, 0, 0, 162.17
2026/09/15 00:30:44.917, 2, 3, 0, 0, 154.36
2026/09/15 00:30:44.919, 3, 3, 0, 0, 169.29
2026/09/15 00:30:45.922, 0, 3, 0, 0, 167.11
2026/09/15 00:30:45.926, 1, 3, 0, 0, 162.15
2026/09/15 00:30:45.929, 2, 3, 0, 0, 154.36
2026/09/15 00:30:45.932, 3, 3, 0, 0, 169.29
2026/09/15 00:30:46.935, 0, 720, 0, 0, 209.33
2026/09/15 00:30:46.938, 1, 720, 0, 0, 204.18
2026/09/15 00:30:46.941, 2, 824, 0, 0, 198.15
2026/09/15 00:30:46.944, 3, 824, 1, 0, 192.87
2026/09/15 00:30:47.947, 0, 922, 0, 0, 228.41
2026/09/15 00:30:47.952, 1, 922, 0, 0, 227.27
2026/09/15 00:30:47.963, 2, 922, 0, 0, 216.26
2026/09/15 00:30:47.974, 3, 922, 0, 0, 232.76
2026/09/15 00:30:48.985, 0, 2202, 0, 0, 228.63
2026/09/15 00:30:48.989, 1, 2234, 0, 0, 227.27
2026/09/15 00:30:48.991, 2, 2234, 0, 0, 216.15
2026/09/15 00:30:48.994, 3, 2074, 0, 0, 232.74
2026/09/15 00:30:49.997, 0, 2298, 6, 0, 228.41
2026/09/15 00:30:50.000, 1, 2330, 6, 0, 227.27
2026/09/15 00:30:50.003, 2, 2504, 6, 0, 215.80
2026/09/15 00:30:50.005, 3, 29634, 7, 0, 232.71
2026/09/15 00:30:51.008, 0, 56432, 1, 0, 229.19
2026/09/15 00:30:51.012, 1, 56464, 2, 0, 227.42
2026/09/15 00:30:51.015, 2, 56464, 0, 0, 216.57
2026/09/15 00:30:51.017, 3, 56304, 1, 0, 233.12
2026/09/15 00:30:52.020, 0, 56472, 5, 0, 229.28
2026/09/15 00:30:52.024, 1, 56504, 5, 0, 227.43
2026/09/15 00:30:52.026, 2, 56504, 5, 0, 216.86
2026/09/15 00:30:52.029, 3, 56344, 5, 0, 233.96
2026/09/15 00:30:53.032, 0, 56472, 5, 0, 231.53
2026/09/15 00:30:53.035, 1, 56504, 5, 0, 227.57
2026/09/15 00:30:53.038, 2, 56504, 5, 0, 219.00
2026/09/15 00:30:53.040, 3, 56344, 5, 0, 234.89
2026/09/15 00:30:54.043, 0, 56472, 3, 0, 231.18
2026/09/15 00:30:54.046, 1, 56504, 5, 0, 227.43
2026/09/15 00:30:54.049, 2, 56504, 1, 0, 218.80
2026/09/15 00:30:54.052, 3, 56344, 0, 0, 233.69
2026/09/15 00:30:55.054, 0, 56472, 6, 0, 231.38
2026/09/15 00:30:55.058, 1, 56504, 6, 0, 227.35
2026/09/15 00:30:55.061, 2, 56504, 6, 0, 218.94
2026/09/15 00:30:55.064, 3, 56344, 6, 0, 234.19
2026/09/15 00:30:56.066, 0, 56472, 5, 0, 231.25
2026/09/15 00:30:56.070, 1, 56504, 5, 0, 227.58
2026/09/15 00:30:56.073, 2, 56504, 5, 0, 218.78
2026/09/15 00:30:56.076, 3, 56344, 5, 0, 234.14
2026/09/15 00:30:57.079, 0, 56472, 5, 0, 231.89
2026/09/15 00:30:57.083, 1, 56504, 5, 0, 227.50
2026/09/15 00:30:57.085, 2, 56504, 5, 0, 219.31
2026/09/15 00:30:57.088, 3, 56344, 5, 0, 234.66
2026/09/15 00:30:58.091, 0, 56472, 6, 0, 231.67
2026/09/15 00:30:58.095, 1, 56504, 5, 0, 227.50
2026/09/15 00:30:58.097, 2, 56504, 6, 0, 219.31
2026/09/15 00:30:58.100, 3, 56344, 5, 0, 234.21
2026/09/15 00:30:59.102, 0, 57236, 5, 0, 231.32
2026/09/15 00:30:59.107, 1, 57268, 4, 0, 227.11
2026/09/15 00:30:59.110, 2, 57268, 4, 0, 218.55
2026/09/15 00:30:59.113, 3, 57108, 4, 0, 233.66
2026/09/15 00:31:00.116, 0, 57236, 0, 0, 229.92
2026/09/15 00:31:00.121, 1, 57268, 5, 0, 227.97
2026/09/15 00:31:00.124, 2, 57268, 4, 0, 218.08
2026/09/15 00:31:00.127, 3, 57108, 4, 0, 238.37
2026/09/15 00:31:01.131, 0, 57236, 1, 0, 230.40
2026/09/15 00:31:01.135, 1, 57268, 4, 0, 227.76
2026/09/15 00:31:01.138, 2, 57268, 5, 0, 217.67
2026/09/15 00:31:01.141, 3, 57108, 5, 0, 235.99
2026/09/15 00:31:02.144, 0, 57236, 4, 0, 230.75
2026/09/15 00:31:02.152, 1, 57268, 4, 0, 229.11
2026/09/15 00:31:02.157, 2, 57268, 4, 0, 218.23
2026/09/15 00:31:02.160, 3, 57108, 4, 0, 235.71
2026/09/15 00:31:03.163, 0, 57236, 5, 0, 231.51
2026/09/15 00:31:03.167, 1, 57268, 4, 0, 228.42
2026/09/15 00:31:03.169, 2, 57268, 5, 0, 219.16
2026/09/15 00:31:03.172, 3, 57108, 5, 0, 235.11
2026/09/15 00:31:04.175, 0, 57236, 5, 0, 231.68
2026/09/15 00:31:04.179, 1, 57268, 5, 0, 227.57
2026/09/15 00:31:04.181, 2, 57268, 5, 0, 219.09
2026/09/15 00:31:04.184, 3, 57108, 5, 0, 234.91
2026/09/15 00:31:05.187, 0, 57236, 6, 0, 232.04
2026/09/15 00:31:05.190, 1, 57268, 5, 0, 227.66
2026/09/15 00:31:05.193, 2, 57268, 6, 0, 219.31
2026/09/15 00:31:05.195, 3, 57108, 6, 0, 234.36
2026/09/15 00:31:06.198, 0, 57236, 5, 0, 231.68
2026/09/15 00:31:06.201, 1, 57268, 5, 0, 227.35
2026/09/15 00:31:06.204, 2, 57268, 5, 0, 219.08
2026/09/15 00:31:06.207, 3, 57108, 4, 0, 234.74
2026/09/15 00:31:07.210, 0, 57236, 5, 0, 231.96
2026/09/15 00:31:07.213, 1, 57268, 5, 0, 227.81
2026/09/15 00:31:07.216, 2, 57268, 5, 0, 219.23
2026/09/15 00:31:07.219, 3, 57108, 4, 0, 234.62
2026/09/15 00:31:08.222, 0, 57236, 6, 0, 231.68
2026/09/15 00:31:08.226, 1, 57268, 5, 0, 227.95
2026/09/15 00:31:08.228, 2, 57268, 6, 0, 219.39
2026/09/15 00:31:08.231, 3, 57108, 5, 0, 234.43
2026/09/15 00:31:09.234, 0, 57236, 5, 0, 231.40
2026/09/15 00:31:09.237, 1, 57268, 6, 0, 227.27
2026/09/15 00:31:09.240, 2, 57268, 4, 0, 219.09
2026/09/15 00:31:09.243, 3, 57108, 3, 0, 233.66
2026/09/15 00:31:10.246, 0, 57236, 5, 0, 232.04
2026/09/15 00:31:10.250, 1, 57268, 5, 0, 227.58
2026/09/15 00:31:10.253, 2, 57268, 5, 0, 219.39
2026/09/15 00:31:10.256, 3, 57108, 4, 0, 234.21
2026/09/15 00:31:11.258, 0, 57236, 6, 0, 231.82
2026/09/15 00:31:11.262, 1, 57268, 5, 0, 227.35
2026/09/15 00:31:11.265, 2, 57268, 5, 0, 219.31
2026/09/15 00:31:11.268, 3, 57108, 5, 0, 234.40
2026/09/15 00:31:12.271, 0, 57236, 3, 0, 231.53
2026/09/15 00:31:12.275, 1, 57268, 6, 0, 227.43
2026/09/15 00:31:12.278, 2, 57268, 5, 0, 219.39
2026/09/15 00:31:12.281, 3, 57108, 5, 0, 234.28
2026/09/15 00:31:13.284, 0, 57236, 5, 0, 232.04
2026/09/15 00:31:13.287, 1, 57268, 5, 0, 227.58
2026/09/15 00:31:13.290, 2, 57268, 5, 0, 218.93
2026/09/15 00:31:13.293, 3, 57108, 4, 0, 233.92
2026/09/15 00:31:14.296, 0, 57236, 5, 0, 231.90
2026/09/15 00:31:14.300, 1, 57268, 5, 0, 227.65
2026/09/15 00:31:14.303, 2, 57268, 5, 0, 219.31
2026/09/15 00:31:14.306, 3, 57108, 5, 0, 234.48
2026/09/15 00:31:15.309, 0, 57236, 6, 0, 231.75
2026/09/15 00:31:15.312, 1, 57268, 6, 0, 227.50
2026/09/15 00:31:15.315, 2, 57268, 5, 0, 219.23
2026/09/15 00:31:15.318, 3, 57108, 5, 0, 234.59
2026/09/15 00:31:16.321, 0, 57236, 5, 0, 231.82
2026/09/15 00:31:16.325, 1, 57268, 5, 0, 227.50
2026/09/15 00:31:16.328, 2, 57268, 6, 0, 219.39
2026/09/15 00:31:16.331, 3, 57108, 3, 0, 234.11
2026/09/15 00:31:17.334, 0, 57236, 5, 0, 231.90
2026/09/15 00:31:17.338, 1, 57268, 5, 0, 227.35
2026/09/15 00:31:17.341, 2, 57268, 5, 0, 219.16
2026/09/15 00:31:17.343, 3, 57108, 5, 0, 234.40
2026/09/15 00:31:18.346, 0, 57236, 6, 0, 231.89
2026/09/15 00:31:18.350, 1, 57268, 6, 0, 227.27
2026/09/15 00:31:18.353, 2, 57268, 5, 0, 219.24
2026/09/15 00:31:18.356, 3, 57108, 5, 0, 234.92
2026/09/15 00:31:19.359, 0, 57236, 5, 0, 231.68
2026/09/15 00:31:19.363, 1, 57268, 5, 0, 227.58
2026/09/15 00:31:19.366, 2, 57268, 6, 0, 219.31
2026/09/15 00:31:19.368, 3, 57108, 5, 0, 234.44
2026/09/15 00:31:20.371, 0, 57236, 5, 0, 231.68
2026/09/15 00:31:20.375, 1, 57268, 5, 0, 227.80
2026/09/15 00:31:20.378, 2, 57268, 5, 0, 219.16
2026/09/15 00:31:20.381, 3, 57108, 4, 0, 234.33
2026/09/15 00:31:21.385, 0, 57236, 6, 0, 232.04
2026/09/15 00:31:21.388, 1, 57268, 6, 0, 227.42
2026/09/15 00:31:21.391, 2, 57268, 5, 0, 219.24
2026/09/15 00:31:21.394, 3, 57108, 5, 0, 234.44
2026/09/15 00:31:22.397, 0, 57236, 5, 0, 231.90
2026/09/15 00:31:22.400, 1, 57268, 5, 0, 227.65
2026/09/15 00:31:22.403, 2, 57268, 6, 0, 219.39
2026/09/15 00:31:22.406, 3, 57108, 6, 0, 233.89
2026/09/15 00:31:23.409, 0, 57236, 5, 0, 231.75
2026/09/15 00:31:23.413, 1, 57268, 5, 0, 227.73
2026/09/15 00:31:23.416, 2, 57268, 5, 0, 219.16
2026/09/15 00:31:23.419, 3, 57108, 5, 0, 234.47
2026/09/15 00:31:24.422, 0, 57236, 6, 0, 231.97
2026/09/15 00:31:24.426, 1, 57268, 6, 0, 227.57
2026/09/15 00:31:24.429, 2, 57268, 5, 0, 219.23
2026/09/15 00:31:24.432, 3, 57108, 5, 0, 234.44
2026/09/15 00:31:25.435, 0, 57236, 5, 0, 231.68
2026/09/15 00:31:25.439, 1, 57268, 6, 0, 227.35
2026/09/15 00:31:25.441, 2, 57268, 6, 0, 219.39
2026/09/15 00:31:25.444, 3, 57108, 5, 0, 234.51
2026/09/15 00:31:26.447, 0, 57236, 5, 0, 231.68
2026/09/15 00:31:26.451, 1, 57268, 5, 0, 227.89
2026/09/15 00:31:26.454, 2, 57268, 3, 0, 219.16
2026/09/15 00:31:26.457, 3, 57108, 4, 0, 233.74
2026/09/15 00:31:27.460, 0, 57236, 6, 0, 231.60
2026/09/15 00:31:27.464, 1, 57268, 6, 0, 227.43
2026/09/15 00:31:27.467, 2, 57268, 5, 0, 219.24
2026/09/15 00:31:27.470, 3, 57108, 5, 0, 234.40
2026/09/15 00:31:28.473, 0, 57236, 5, 0, 231.54
2026/09/15 00:31:28.477, 1, 57268, 4, 0, 227.35
2026/09/15 00:31:28.480, 2, 57268, 6, 0, 219.31
2026/09/15 00:31:28.483, 3, 57108, 5, 0, 234.21
2026/09/15 00:31:29.486, 0, 57236, 5, 0, 231.82
2026/09/15 00:31:29.490, 1, 57268, 5, 0, 227.65
2026/09/15 00:31:29.493, 2, 57268, 6, 0, 219.39
2026/09/15 00:31:29.496, 3, 57108, 5, 0, 233.59
2026/09/15 00:31:30.499, 0, 57236, 6, 0, 231.68
2026/09/15 00:31:30.502, 1, 57268, 5, 0, 227.43
2026/09/15 00:31:30.505, 2, 57268, 5, 0, 219.39
2026/09/15 00:31:30.508, 3, 57108, 5, 0, 234.13
2026/09/15 00:31:31.511, 0, 57236, 6, 0, 231.68
2026/09/15 00:31:31.515, 1, 57268, 5, 0, 227.50
2026/09/15 00:31:31.518, 2, 57268, 5, 0, 219.24
2026/09/15 00:31:31.521, 3, 57108, 5, 0, 234.03
2026/09/15 00:31:32.524, 0, 57236, 5, 0, 231.68
2026/09/15 00:31:32.528, 1, 57268, 5, 0, 227.50
2026/09/15 00:31:32.531, 2, 57268, 6, 0, 219.39
2026/09/15 00:31:32.534, 3, 57108, 5, 0, 234.28
2026/09/15 00:31:33.537, 0, 57236, 5, 0, 231.75
2026/09/15 00:31:33.541, 1, 57268, 6, 0, 227.73
2026/09/15 00:31:33.544, 2, 57268, 5, 0, 219.31
2026/09/15 00:31:33.547, 3, 57108, 3, 0, 234.06
2026/09/15 00:31:34.550, 0, 57236, 6, 0, 231.68
2026/09/15 00:31:34.554, 1, 57268, 5, 0, 227.27
2026/09/15 00:31:34.557, 2, 57268, 5, 0, 219.16
2026/09/15 00:31:34.560, 3, 57108, 5, 0, 234.44
2026/09/15 00:31:35.563, 0, 57236, 5, 0, 231.97
2026/09/15 00:31:35.567, 1, 57268, 5, 0, 227.50
2026/09/15 00:31:35.570, 2, 57268, 6, 0, 219.15
2026/09/15 00:31:35.573, 3, 57108, 5, 0, 234.51
2026/09/15 00:31:36.576, 0, 57236, 5, 0, 231.82
2026/09/15 00:31:36.580, 1, 57268, 6, 0, 228.10
2026/09/15 00:31:36.583, 2, 57268, 4, 0, 219.00
2026/09/15 00:31:36.586, 3, 57108, 5, 0, 233.22
2026/09/15 00:31:37.589, 0, 57236, 5, 0, 231.53
2026/09/15 00:31:37.593, 1, 57268, 5, 0, 227.50
2026/09/15 00:31:37.596, 2, 57268, 5, 0, 219.24
2026/09/15 00:31:37.599, 3, 57108, 5, 0, 234.11
2026/09/15 00:31:38.602, 0, 57236, 5, 0, 231.75
2026/09/15 00:31:38.605, 1, 57268, 5, 0, 227.43
2026/09/15 00:31:38.608, 2, 57268, 6, 0, 219.31
2026/09/15 00:31:38.611, 3, 57108, 5, 0, 233.96
2026/09/15 00:31:39.614, 0, 57236, 5, 0, 231.75
2026/09/15 00:31:39.618, 1, 57268, 5, 0, 227.58
2026/09/15 00:31:39.620, 2, 57268, 5, 0, 219.31
2026/09/15 00:31:39.623, 3, 57108, 5, 0, 233.96
2026/09/15 00:31:40.626, 0, 57236, 6, 0, 231.53
2026/09/15 00:31:40.630, 1, 57268, 6, 0, 227.42
2026/09/15 00:31:40.633, 2, 57268, 5, 0, 219.16
2026/09/15 00:31:40.636, 3, 57108, 3, 0, 233.84
2026/09/15 00:31:41.639, 0, 57236, 5, 0, 231.38
2026/09/15 00:31:41.643, 1, 57268, 5, 0, 227.58
2026/09/15 00:31:41.646, 2, 57268, 5, 0, 219.23
2026/09/15 00:31:41.649, 3, 57108, 5, 0, 234.77
2026/09/15 00:31:42.652, 0, 57236, 5, 0, 231.90
2026/09/15 00:31:42.655, 1, 57268, 5, 0, 227.65
2026/09/15 00:31:42.659, 2, 57268, 6, 0, 219.31
2026/09/15 00:31:42.662, 3, 57108, 5, 0, 234.40
2026/09/15 00:31:43.665, 0, 57236, 6, 0, 231.97
2026/09/15 00:31:43.669, 1, 57268, 6, 0, 227.35
2026/09/15 00:31:43.672, 2, 57268, 5, 0, 219.23
2026/09/15 00:31:43.675, 3, 57108, 3, 0, 233.84
2026/09/15 00:31:44.678, 0, 57236, 5, 0, 231.40
2026/09/15 00:31:44.682, 1, 57268, 5, 0, 227.42
2026/09/15 00:31:44.684, 2, 57268, 5, 0, 219.08
2026/09/15 00:31:44.687, 3, 57108, 5, 0, 234.62
2026/09/15 00:31:45.690, 0, 57236, 5, 0, 231.90
2026/09/15 00:31:45.694, 1, 57268, 5, 0, 227.81
2026/09/15 00:31:45.697, 2, 57268, 6, 0, 219.31
2026/09/15 00:31:45.701, 3, 57108, 5, 0, 234.29
2026/09/15 00:31:46.704, 0, 57236, 6, 0, 231.96
2026/09/15 00:31:46.707, 1, 57268, 5, 0, 227.35
2026/09/15 00:31:46.710, 2, 57268, 5, 0, 219.01
2026/09/15 00:31:46.713, 3, 57108, 5, 0, 233.98
2026/09/15 00:31:47.716, 0, 57236, 5, 0, 231.46
2026/09/15 00:31:47.720, 1, 57268, 5, 0, 227.58
2026/09/15 00:31:47.723, 2, 57268, 5, 0, 219.23
2026/09/15 00:31:47.726, 3, 57108, 5, 0, 234.33
2026/09/15 00:31:48.729, 0, 57236, 5, 0, 231.82
2026/09/15 00:31:48.733, 1, 57268, 5, 0, 227.65
2026/09/15 00:31:48.736, 2, 57268, 6, 0, 219.31
2026/09/15 00:31:48.739, 3, 57108, 5, 0, 233.91
2026/09/15 00:31:49.742, 0, 57236, 6, 0, 231.89
2026/09/15 00:31:49.745, 1, 57268, 6, 0, 227.35
2026/09/15 00:31:49.748, 2, 57268, 6, 0, 219.39
2026/09/15 00:31:49.751, 3, 57108, 5, 0, 233.91
2026/09/15 00:31:50.754, 0, 57236, 5, 0, 231.68
2026/09/15 00:31:50.758, 1, 57268, 5, 0, 227.50
2026/09/15 00:31:50.761, 2, 57268, 5, 0, 219.01
2026/09/15 00:31:50.764, 3, 57108, 5, 0, 233.76
2026/09/15 00:31:51.767, 0, 57236, 5, 0, 231.59
2026/09/15 00:31:51.771, 1, 57268, 5, 0, 227.80
2026/09/15 00:31:51.774, 2, 57268, 5, 0, 219.31
2026/09/15 00:31:51.777, 3, 57108, 5, 0, 234.59
2026/09/15 00:31:52.780, 0, 57236, 6, 0, 231.68
2026/09/15 00:31:52.784, 1, 57268, 5, 0, 227.81
2026/09/15 00:31:52.787, 2, 57268, 6, 0, 219.31
2026/09/15 00:31:52.790, 3, 57108, 5, 0, 234.59
2026/09/15 00:31:53.793, 0, 57236, 5, 0, 231.75
2026/09/15 00:31:53.796, 1, 57268, 5, 0, 227.35
2026/09/15 00:31:53.799, 2, 57268, 5, 0, 219.16
2026/09/15 00:31:53.802, 3, 57108, 5, 0, 234.18
2026/09/15 00:31:54.805, 0, 57236, 5, 0, 231.68
2026/09/15 00:31:54.809, 1, 57268, 5, 0, 227.58
2026/09/15 00:31:54.812, 2, 57268, 5, 0, 218.85
2026/09/15 00:31:54.815, 3, 57108, 5, 0, 233.88
2026/09/15 00:31:55.818, 0, 57236, 6, 0, 231.75
2026/09/15 00:31:55.822, 1, 57268, 6, 0, 227.42
2026/09/15 00:31:55.825, 2, 57268, 6, 0, 219.39
2026/09/15 00:31:55.828, 3, 57108, 5, 0, 233.99
2026/09/15 00:31:56.831, 0, 57236, 4, 0, 231.68
2026/09/15 00:31:56.835, 1, 57268, 5, 0, 227.42
2026/09/15 00:31:56.838, 2, 57268, 5, 0, 218.85
2026/09/15 00:31:56.841, 3, 57108, 6, 0, 233.46
2026/09/15 00:31:57.844, 0, 57236, 5, 0, 231.89
2026/09/15 00:31:57.848, 1, 57268, 5, 0, 227.73
2026/09/15 00:31:57.851, 2, 57268, 5, 0, 219.16
2026/09/15 00:31:57.854, 3, 57108, 4, 0, 234.33
2026/09/15 00:31:58.857, 0, 57236, 6, 0, 231.75
2026/09/15 00:31:58.860, 1, 57268, 6, 0, 227.35
2026/09/15 00:31:58.863, 2, 57268, 6, 0, 218.93
2026/09/15 00:31:58.866, 3, 57108, 5, 0, 234.03
2026/09/15 00:31:59.869, 0, 57236, 5, 0, 231.39
2026/09/15 00:31:59.873, 1, 57268, 4, 0, 227.43
2026/09/15 00:31:59.876, 2, 57268, 5, 0, 219.31
2026/09/15 00:31:59.879, 3, 57108, 5, 0, 234.06
2026/09/15 00:32:00.882, 0, 57236, 5, 0, 231.89
2026/09/15 00:32:00.886, 1, 57268, 5, 0, 227.50
2026/09/15 00:32:00.889, 2, 57268, 5, 0, 219.15
2026/09/15 00:32:00.892, 3, 57108, 5, 0, 233.69
2026/09/15 00:32:01.895, 0, 57236, 6, 0, 231.75
2026/09/15 00:32:01.899, 1, 57268, 5, 0, 227.80
2026/09/15 00:32:01.902, 2, 57268, 5, 0, 219.39
2026/09/15 00:32:01.905, 3, 57108, 5, 0, 234.70
2026/09/15 00:32:02.908, 0, 57236, 5, 0, 231.67
2026/09/15 00:32:02.912, 1, 57268, 6, 0, 227.35
2026/09/15 00:32:02.915, 2, 57268, 6, 0, 219.31
2026/09/15 00:32:02.918, 3, 57108, 5, 0, 234.51
2026/09/15 00:32:03.921, 0, 57236, 5, 0, 231.68
2026/09/15 00:32:03.925, 1, 57268, 5, 0, 227.73
2026/09/15 00:32:03.928, 2, 57268, 5, 0, 219.31
2026/09/15 00:32:03.931, 3, 57108, 5, 0, 233.89
2026/09/15 00:32:04.934, 0, 57236, 6, 0, 231.82
2026/09/15 00:32:04.938, 1, 57268, 6, 0, 227.80
2026/09/15 00:32:04.941, 2, 57268, 5, 0, 219.16
2026/09/15 00:32:04.944, 3, 57108, 5, 0, 234.14
2026/09/15 00:32:05.947, 0, 57236, 5, 0, 231.26
2026/09/15 00:32:05.951, 1, 57268, 4, 0, 227.27
2026/09/15 00:32:05.953, 2, 57268, 6, 0, 219.08
2026/09/15 00:32:05.957, 3, 57108, 5, 0, 234.40
2026/09/15 00:32:06.960, 0, 57236, 5, 0, 231.46
2026/09/15 00:32:06.963, 1, 57268, 5, 0, 227.58
2026/09/15 00:32:06.966, 2, 57268, 3, 0, 218.85
2026/09/15 00:32:06.969, 3, 57108, 5, 0, 233.59
2026/09/15 00:32:07.972, 0, 57236, 4, 0, 231.68
2026/09/15 00:32:07.976, 1, 57268, 5, 0, 227.50
2026/09/15 00:32:07.979, 2, 57268, 5, 0, 219.39
2026/09/15 00:32:07.982, 3, 57108, 4, 0, 233.54
2026/09/15 00:32:08.985, 0, 57236, 6, 0, 231.75
2026/09/15 00:32:08.989, 1, 57268, 6, 0, 227.35
2026/09/15 00:32:08.992, 2, 57268, 6, 0, 219.31
2026/09/15 00:32:08.995, 3, 57108, 5, 0, 234.55
2026/09/15 00:32:09.998, 0, 57236, 5, 0, 231.75
2026/09/15 00:32:10.002, 1, 57268, 5, 0, 228.20
2026/09/15 00:32:10.005, 2, 57268, 6, 0, 219.39
2026/09/15 00:32:10.008, 3, 57108, 5, 0, 234.70
2026/09/15 00:32:11.011, 0, 57236, 5, 0, 231.40
2026/09/15 00:32:11.015, 1, 57268, 5, 0, 227.58
2026/09/15 00:32:11.018, 2, 57268, 5, 0, 219.31
2026/09/15 00:32:11.021, 3, 57108, 5, 0, 233.96
2026/09/15 00:32:12.024, 0, 57236, 6, 0, 231.61
2026/09/15 00:32:12.027, 1, 57268, 3, 0, 227.35
2026/09/15 00:32:12.030, 2, 57268, 5, 0, 219.00
2026/09/15 00:32:12.033, 3, 57108, 4, 0, 233.96
2026/09/15 00:32:13.037, 0, 57236, 5, 0, 231.75
2026/09/15 00:32:13.040, 1, 57268, 5, 0, 227.88
2026/09/15 00:32:13.043, 2, 57268, 6, 0, 219.39
2026/09/15 00:32:13.046, 3, 57108, 5, 0, 234.21
2026/09/15 00:32:14.049, 0, 57236, 5, 0, 231.38
2026/09/15 00:32:14.053, 1, 57268, 5, 0, 227.35
2026/09/15 00:32:14.056, 2, 57268, 5, 0, 219.08
2026/09/15 00:32:14.060, 3, 57108, 5, 0, 233.81
2026/09/15 00:32:15.063, 0, 57236, 6, 0, 231.26
2026/09/15 00:32:15.067, 1, 57268, 6, 0, 227.43
2026/09/15 00:32:15.070, 2, 57268, 5, 0, 219.31
2026/09/15 00:32:15.072, 3, 57108, 4, 0, 234.21
2026/09/15 00:32:16.075, 0, 57236, 5, 0, 230.95
2026/09/15 00:32:16.079, 1, 57268, 5, 0, 227.72
2026/09/15 00:32:16.082, 2, 57268, 6, 0, 219.39
2026/09/15 00:32:16.085, 3, 57108, 5, 0, 234.43
2026/09/15 00:32:17.088, 0, 57236, 5, 0, 231.53
2026/09/15 00:32:17.092, 1, 57268, 5, 0, 228.12
2026/09/15 00:32:17.095, 2, 57268, 5, 0, 219.01
2026/09/15 00:32:17.098, 3, 57108, 5, 0, 234.25
2026/09/15 00:32:18.102, 0, 57236, 6, 0, 231.90
2026/09/15 00:32:18.106, 1, 57268, 6, 0, 227.65
2026/09/15 00:32:18.108, 2, 57268, 5, 0, 219.08
2026/09/15 00:32:18.111, 3, 57108, 3, 0, 233.66
2026/09/15 00:32:19.114, 0, 57236, 5, 0, 231.75
2026/09/15 00:32:19.118, 1, 57268, 5, 0, 227.50
2026/09/15 00:32:19.121, 2, 57268, 5, 0, 219.31
2026/09/15 00:32:19.124, 3, 57108, 5, 0, 233.68
2026/09/15 00:32:20.127, 0, 57236, 5, 0, 231.75
2026/09/15 00:32:20.130, 1, 57268, 5, 0, 227.43
2026/09/15 00:32:20.133, 2, 57268, 6, 0, 219.39
2026/09/15 00:32:20.136, 3, 57108, 5, 0, 234.66
2026/09/15 00:32:21.139, 0, 57236, 6, 0, 231.38
2026/09/15 00:32:21.143, 1, 57268, 5, 0, 227.57
2026/09/15 00:32:21.146, 2, 57268, 5, 0, 219.24
2026/09/15 00:32:21.149, 3, 57108, 5, 0, 233.88
2026/09/15 00:32:22.152, 0, 57236, 5, 0, 231.40
2026/09/15 00:32:22.156, 1, 57268, 5, 0, 227.50
2026/09/15 00:32:22.159, 2, 57268, 5, 0, 219.31
2026/09/15 00:32:22.162, 3, 57108, 4, 0, 233.31
2026/09/15 00:32:23.165, 0, 57236, 5, 0, 231.82
2026/09/15 00:32:23.168, 1, 57268, 5, 0, 227.73
2026/09/15 00:32:23.171, 2, 57268, 6, 0, 219.16
2026/09/15 00:32:23.174, 3, 57108, 5, 0, 234.18
2026/09/15 00:32:24.178, 0, 57236, 6, 0, 231.40
2026/09/15 00:32:24.181, 1, 57268, 6, 0, 227.50
2026/09/15 00:32:24.184, 2, 57268, 5, 0, 219.08
2026/09/15 00:32:24.187, 3, 57108, 5, 0, 234.59
2026/09/15 00:32:25.190, 0, 57236, 5, 0, 231.75
2026/09/15 00:32:25.194, 1, 57268, 5, 0, 227.87
2026/09/15 00:32:25.197, 2, 57268, 5, 0, 219.09
2026/09/15 00:32:25.200, 3, 57108, 5, 0, 233.96
2026/09/15 00:32:26.203, 0, 57236, 5, 0, 231.82
2026/09/15 00:32:26.206, 1, 57268, 5, 0, 227.81
2026/09/15 00:32:26.209, 2, 57268, 6, 0, 219.39
2026/09/15 00:32:26.212, 3, 57108, 5, 0, 234.14
2026/09/15 00:32:27.216, 0, 57236, 6, 0, 231.46
2026/09/15 00:32:27.219, 1, 57268, 6, 0, 227.65
2026/09/15 00:32:27.222, 2, 57268, 6, 0, 219.00
2026/09/15 00:32:27.225, 3, 57108, 5, 0, 233.89
2026/09/15 00:32:28.228, 0, 57236, 5, 0, 231.26
2026/09/15 00:32:28.232, 1, 57268, 5, 0, 227.42
2026/09/15 00:32:28.235, 2, 57268, 5, 0, 219.24
2026/09/15 00:32:28.238, 3, 57108, 5, 0, 233.91
2026/09/15 00:32:29.241, 0, 57236, 5, 0, 231.82
2026/09/15 00:32:29.244, 1, 57268, 5, 0, 227.73
2026/09/15 00:32:29.247, 2, 57268, 5, 0, 219.08
2026/09/15 00:32:29.250, 3, 57108, 5, 0, 233.88
2026/09/15 00:32:30.253, 0, 57236, 6, 0, 231.89
2026/09/15 00:32:30.257, 1, 57268, 6, 0, 227.42
2026/09/15 00:32:30.260, 2, 57268, 6, 0, 219.31
2026/09/15 00:32:30.263, 3, 57108, 5, 0, 234.74
2026/09/15 00:32:31.266, 0, 57236, 5, 0, 231.75
2026/09/15 00:32:31.269, 1, 57268, 5, 0, 227.35
2026/09/15 00:32:31.272, 2, 57268, 5, 0, 219.16
2026/09/15 00:32:31.275, 3, 57108, 5, 0, 234.28
2026/09/15 00:32:32.278, 0, 57236, 5, 0, 231.31
2026/09/15 00:32:32.282, 1, 57268, 5, 0, 227.73
2026/09/15 00:32:32.285, 2, 57268, 5, 0, 219.24
2026/09/15 00:32:32.288, 3, 57108, 5, 0, 233.66
2026/09/15 00:32:33.291, 0, 57236, 6, 0, 231.54
2026/09/15 00:32:33.294, 1, 57268, 5, 0, 227.35
2026/09/15 00:32:33.297, 2, 57268, 6, 0, 219.31
2026/09/15 00:32:33.300, 3, 57108, 5, 0, 233.61
2026/09/15 00:32:34.303, 0, 57236, 4, 0, 231.82
2026/09/15 00:32:34.307, 1, 57268, 4, 0, 227.27
2026/09/15 00:32:34.310, 2, 57268, 3, 0, 219.09
2026/09/15 00:32:34.313, 3, 57108, 5, 0, 234.48
2026/09/15 00:32:35.316, 0, 57236, 5, 0, 231.54
2026/09/15 00:32:35.319, 1, 57268, 5, 0, 227.81
2026/09/15 00:32:35.322, 2, 57268, 5, 0, 219.23
2026/09/15 00:32:35.325, 3, 57108, 4, 0, 233.84
2026/09/15 00:32:36.328, 0, 57236, 6, 0, 231.82
2026/09/15 00:32:36.332, 1, 57268, 6, 0, 227.65
2026/09/15 00:32:36.335, 2, 57268, 6, 0, 219.31
2026/09/15 00:32:36.338, 3, 57108, 5, 0, 234.28
2026/09/15 00:32:37.341, 0, 57236, 4, 0, 231.75
2026/09/15 00:32:37.344, 1, 57268, 5, 0, 227.43
2026/09/15 00:32:37.347, 2, 57268, 6, 0, 219.31
2026/09/15 00:32:37.350, 3, 57108, 5, 0, 233.96
2026/09/15 00:32:38.353, 0, 57236, 5, 0, 231.75
2026/09/15 00:32:38.357, 1, 57268, 5, 0, 227.80
2026/09/15 00:32:38.360, 2, 57268, 5, 0, 219.08
2026/09/15 00:32:38.363, 3, 57108, 5, 0, 233.61
2026/09/15 00:32:39.366, 0, 57236, 6, 0, 231.75
2026/09/15 00:32:39.370, 1, 57268, 6, 0, 227.73
2026/09/15 00:32:39.373, 2, 57268, 5, 0, 219.08
2026/09/15 00:32:39.376, 3, 57108, 5, 0, 233.96
2026/09/15 00:32:40.379, 0, 57236, 3, 0, 231.68
2026/09/15 00:32:40.383, 1, 57268, 5, 0, 227.35
2026/09/15 00:32:40.386, 2, 57268, 6, 0, 219.31
2026/09/15 00:32:40.389, 3, 57108, 5, 0, 234.03
2026/09/15 00:32:41.392, 0, 57236, 5, 0, 231.26
2026/09/15 00:32:41.396, 1, 57268, 5, 0, 227.89
2026/09/15 00:32:41.399, 2, 57268, 5, 0, 218.93
2026/09/15 00:32:41.402, 3, 57108, 5, 0, 233.69
2026/09/15 00:32:42.405, 0, 57236, 5, 0, 231.90
2026/09/15 00:32:42.409, 1, 57268, 6, 0, 227.81
2026/09/15 00:32:42.412, 2, 57268, 5, 0, 219.16
2026/09/15 00:32:42.415, 3, 57108, 4, 0, 233.81
2026/09/15 00:32:43.418, 0, 57236, 4, 0, 231.82
2026/09/15 00:32:43.421, 1, 57268, 2, 0, 227.27
2026/09/15 00:32:43.424, 2, 57268, 6, 0, 219.23
2026/09/15 00:32:43.427, 3, 57108, 5, 0, 234.06
2026/09/15 00:32:44.430, 0, 57236, 5, 0, 231.82
2026/09/15 00:32:44.434, 1, 57268, 5, 0, 227.57
2026/09/15 00:32:44.437, 2, 57268, 5, 0, 219.08
2026/09/15 00:32:44.440, 3, 57108, 5, 0, 233.54
2026/09/15 00:32:45.443, 0, 57236, 5, 0, 231.45
2026/09/15 00:32:45.447, 1, 57268, 5, 0, 227.50
2026/09/15 00:32:45.450, 2, 57268, 5, 0, 219.15
2026/09/15 00:32:45.453, 3, 57108, 5, 0, 233.59
2026/09/15 00:32:46.456, 0, 57236, 6, 0, 231.40
2026/09/15 00:32:46.459, 1, 57268, 5, 0, 227.42
2026/09/15 00:32:46.463, 2, 57268, 5, 0, 219.24
2026/09/15 00:32:46.466, 3, 57108, 5, 0, 233.61
2026/09/15 00:32:47.469, 0, 57236, 5, 0, 231.39
2026/09/15 00:32:47.473, 1, 57268, 5, 0, 227.50
2026/09/15 00:32:47.476, 2, 57268, 6, 0, 219.39
2026/09/15 00:32:47.479, 3, 57108, 5, 0, 233.99
2026/09/15 00:32:48.482, 0, 57236, 5, 0, 231.40
2026/09/15 00:32:48.485, 1, 57268, 5, 0, 227.42
2026/09/15 00:32:48.488, 2, 57268, 5, 0, 219.16
2026/09/15 00:32:48.491, 3, 57108, 5, 0, 233.52
2026/09/15 00:32:49.494, 0, 57236, 6, 0, 231.75
2026/09/15 00:32:49.498, 1, 57268, 4, 0, 227.57
2026/09/15 00:32:49.501, 2, 57268, 5, 0, 219.31
2026/09/15 00:32:49.504, 3, 57108, 4, 0, 234.21
2026/09/15 00:32:50.508, 0, 57236, 5, 0, 231.39
2026/09/15 00:32:50.511, 1, 57268, 5, 0, 227.81
2026/09/15 00:32:50.514, 2, 57268, 6, 0, 219.08
2026/09/15 00:32:50.517, 3, 57108, 5, 0, 233.24
2026/09/15 00:32:51.520, 0, 57236, 5, 0, 231.31
2026/09/15 00:32:51.524, 1, 57268, 5, 0, 227.43
2026/09/15 00:32:51.527, 2, 57268, 5, 0, 219.16
2026/09/15 00:32:51.530, 3, 57108, 5, 0, 233.45
2026/09/15 00:32:52.533, 0, 57236, 6, 0, 231.68
2026/09/15 00:32:52.537, 1, 57268, 6, 0, 227.35
2026/09/15 00:32:52.540, 2, 57268, 5, 0, 219.39
2026/09/15 00:32:52.543, 3, 57108, 6, 0, 233.66
2026/09/15 00:32:53.546, 0, 57236, 5, 0, 231.82
2026/09/15 00:32:53.550, 1, 57268, 5, 0, 227.43
2026/09/15 00:32:53.553, 2, 57268, 6, 0, 219.00
2026/09/15 00:32:53.556, 3, 57108, 5, 0, 234.51
2026/09/15 00:32:54.559, 0, 57236, 5, 0, 231.82
2026/09/15 00:32:54.563, 1, 57268, 5, 0, 227.35
2026/09/15 00:32:54.566, 2, 57268, 5, 0, 219.16
2026/09/15 00:32:54.569, 3, 57108, 5, 0, 234.96
2026/09/15 00:32:55.572, 0, 57236, 6, 0, 231.68
2026/09/15 00:32:55.576, 1, 57268, 6, 0, 227.43
2026/09/15 00:32:55.579, 2, 57268, 5, 0, 219.31
2026/09/15 00:32:55.582, 3, 57108, 5, 0, 234.21
2026/09/15 00:32:56.585, 0, 57236, 5, 0, 231.47
2026/09/15 00:32:56.588, 1, 57268, 5, 0, 227.80
2026/09/15 00:32:56.591, 2, 57268, 5, 0, 219.08
2026/09/15 00:32:56.594, 3, 57108, 5, 0, 233.44
2026/09/15 00:32:57.597, 0, 57236, 5, 0, 231.75
2026/09/15 00:32:57.601, 1, 57268, 5, 0, 227.57
2026/09/15 00:32:57.604, 2, 57268, 6, 0, 219.39
2026/09/15 00:32:57.608, 3, 57108, 5, 0, 234.06
2026/09/15 00:32:58.611, 0, 57236, 6, 0, 231.68
2026/09/15 00:32:58.615, 1, 57268, 5, 0, 227.35
2026/09/15 00:32:58.618, 2, 57268, 5, 0, 218.85
2026/09/15 00:32:58.620, 3, 57108, 5, 0, 233.69
2026/09/15 00:32:59.623, 0, 57236, 5, 0, 231.25
2026/09/15 00:32:59.627, 1, 57268, 5, 0, 227.50
2026/09/15 00:32:59.630, 2, 57268, 5, 0, 219.09
2026/09/15 00:32:59.633, 3, 57108, 3, 0, 233.22
2026/09/15 00:33:00.636, 0, 57236, 5, 0, 231.82
2026/09/15 00:33:00.640, 1, 57268, 5, 0, 227.50
2026/09/15 00:33:00.643, 2, 57268, 6, 0, 219.15
2026/09/15 00:33:00.646, 3, 57108, 5, 0, 234.51
2026/09/15 00:33:01.649, 0, 57236, 6, 0, 231.53
2026/09/15 00:33:01.653, 1, 57268, 6, 0, 227.42
2026/09/15 00:33:01.656, 2, 57268, 5, 0, 219.15
2026/09/15 00:33:01.659, 3, 57108, 5, 0, 234.33
2026/09/15 00:33:02.662, 0, 57236, 5, 0, 231.04
2026/09/15 00:33:02.666, 1, 57268, 5, 0, 227.57
2026/09/15 00:33:02.668, 2, 57268, 5, 0, 219.16
2026/09/15 00:33:02.671, 3, 57108, 5, 0, 233.59
2026/09/15 00:33:03.675, 0, 57236, 5, 0, 231.61
2026/09/15 00:33:03.678, 1, 57268, 5, 0, 227.58
2026/09/15 00:33:03.681, 2, 57268, 6, 0, 219.31
2026/09/15 00:33:03.684, 3, 57108, 5, 0, 233.61
2026/09/15 00:33:04.687, 0, 57236, 6, 0, 231.33
2026/09/15 00:33:04.691, 1, 57268, 5, 0, 227.27
2026/09/15 00:33:04.694, 2, 57268, 6, 0, 219.31
2026/09/15 00:33:04.697, 3, 57108, 5, 0, 233.52
2026/09/15 00:33:05.700, 0, 57236, 5, 0, 231.53
2026/09/15 00:33:05.704, 1, 57268, 4, 0, 227.27
2026/09/15 00:33:05.707, 2, 57268, 5, 0, 219.16
2026/09/15 00:33:05.710, 3, 57108, 5, 0, 233.54
2026/09/15 00:33:06.713, 0, 57236, 5, 0, 231.75
2026/09/15 00:33:06.716, 1, 57268, 5, 0, 228.10
2026/09/15 00:33:06.719, 2, 57268, 5, 0, 219.09
2026/09/15 00:33:06.722, 3, 57108, 5, 0, 233.83
2026/09/15 00:33:07.725, 0, 57236, 5, 0, 231.53
2026/09/15 00:33:07.729, 1, 57268, 5, 0, 227.58
2026/09/15 00:33:07.732, 2, 57268, 6, 0, 219.31
2026/09/15 00:33:07.735, 3, 57108, 5, 0, 234.11
2026/09/15 00:33:08.738, 0, 57236, 6, 0, 231.33
2026/09/15 00:33:08.741, 1, 57268, 6, 0, 227.27
2026/09/15 00:33:08.744, 2, 57268, 5, 0, 219.08
2026/09/15 00:33:08.747, 3, 57108, 5, 0, 233.61
2026/09/15 00:33:09.750, 0, 57236, 5, 0, 231.11
2026/09/15 00:33:09.754, 1, 57268, 5, 0, 227.73
2026/09/15 00:33:09.757, 2, 57268, 5, 0, 219.24
2026/09/15 00:33:09.760, 3, 57108, 5, 0, 233.37
2026/09/15 00:33:10.763, 0, 57236, 5, 0, 231.10
2026/09/15 00:33:10.766, 1, 57268, 5, 0, 227.50
2026/09/15 00:33:10.769, 2, 57268, 6, 0, 219.31
2026/09/15 00:33:10.772, 3, 57108, 5, 0, 233.37
2026/09/15 00:33:11.775, 0, 57236, 6, 0, 231.75
2026/09/15 00:33:11.779, 1, 57268, 5, 0, 227.27
2026/09/15 00:33:11.782, 2, 57268, 5, 0, 219.08
2026/09/15 00:33:11.785, 3, 57108, 5, 0, 234.59
2026/09/15 00:33:12.788, 0, 57236, 5, 0, 231.46
2026/09/15 00:33:12.792, 1, 57268, 5, 0, 227.42
2026/09/15 00:33:12.795, 2, 57268, 5, 0, 219.23
2026/09/15 00:33:12.798, 3, 57108, 5, 0, 233.74
2026/09/15 00:33:13.801, 0, 57236, 5, 0, 231.61
2026/09/15 00:33:13.805, 1, 57268, 5, 0, 227.27
2026/09/15 00:33:13.808, 2, 57268, 6, 0, 219.39
2026/09/15 00:33:13.811, 3, 57108, 4, 0, 233.54
2026/09/15 00:33:14.814, 0, 57236, 6, 0, 231.75
2026/09/15 00:33:14.817, 1, 57268, 6, 0, 227.27
2026/09/15 00:33:14.821, 2, 57268, 5, 0, 218.85
2026/09/15 00:33:14.824, 3, 57108, 5, 0, 233.99
2026/09/15 00:33:15.827, 0, 57236, 5, 0, 231.24
2026/09/15 00:33:15.831, 1, 57268, 5, 0, 227.42
2026/09/15 00:33:15.834, 2, 57268, 5, 0, 219.16
2026/09/15 00:33:15.837, 3, 57108, 5, 0, 233.91
2026/09/15 00:33:16.840, 0, 57236, 6, 0, 231.53
2026/09/15 00:33:16.844, 1, 57268, 5, 0, 227.73
2026/09/15 00:33:16.847, 2, 57268, 5, 0, 219.00
2026/09/15 00:33:16.850, 3, 57108, 5, 0, 233.44
2026/09/15 00:33:17.853, 0, 57236, 3, 0, 231.33
2026/09/15 00:33:17.856, 1, 57268, 6, 0, 227.35
2026/09/15 00:33:17.859, 2, 57268, 6, 0, 219.31
2026/09/15 00:33:17.862, 3, 57108, 5, 0, 233.84
2026/09/15 00:33:18.865, 0, 57236, 5, 0, 231.82
2026/09/15 00:33:18.869, 1, 57268, 5, 0, 227.42
2026/09/15 00:33:18.872, 2, 57268, 5, 0, 219.08
2026/09/15 00:33:18.875, 3, 57108, 5, 0, 234.47
2026/09/15 00:33:19.878, 0, 57236, 6, 0, 231.32
2026/09/15 00:33:19.882, 1, 57268, 5, 0, 227.43
2026/09/15 00:33:19.885, 2, 57268, 5, 0, 219.23
2026/09/15 00:33:19.888, 3, 57108, 5, 0, 234.18
2026/09/15 00:33:20.891, 0, 57236, 3, 0, 231.39
2026/09/15 00:33:20.895, 1, 57268, 6, 0, 227.42
2026/09/15 00:33:20.898, 2, 57268, 6, 0, 219.08
2026/09/15 00:33:20.901, 3, 57108, 5, 0, 233.89
2026/09/15 00:33:21.904, 0, 57236, 5, 0, 231.26
2026/09/15 00:33:21.908, 1, 57268, 5, 0, 227.58
2026/09/15 00:33:21.911, 2, 57268, 3, 0, 219.00
2026/09/15 00:33:21.914, 3, 57108, 5, 0, 234.29
2026/09/15 00:33:22.917, 0, 57236, 5, 0, 230.95
2026/09/15 00:33:22.920, 1, 57268, 5, 0, 227.50
2026/09/15 00:33:22.923, 2, 57268, 5, 0, 219.31
2026/09/15 00:33:22.926, 3, 57108, 6, 0, 234.10
2026/09/15 00:33:23.929, 0, 57236, 6, 0, 231.82
2026/09/15 00:33:23.934, 1, 57268, 6, 0, 227.27
2026/09/15 00:33:23.937, 2, 57268, 5, 0, 218.92
2026/09/15 00:33:23.940, 3, 57108, 5, 0, 233.84
2026/09/15 00:33:24.943, 0, 57236, 5, 0, 231.11
2026/09/15 00:33:24.946, 1, 57268, 5, 0, 227.42
2026/09/15 00:33:24.949, 2, 57268, 6, 0, 219.39
2026/09/15 00:33:24.952, 3, 57108, 5, 0, 234.33
2026/09/15 00:33:25.956, 0, 57236, 5, 0, 231.68
2026/09/15 00:33:25.959, 1, 57268, 5, 0, 227.80
2026/09/15 00:33:25.962, 2, 57268, 5, 0, 219.24
2026/09/15 00:33:25.965, 3, 57108, 5, 0, 233.82
2026/09/15 00:33:26.968, 0, 57236, 6, 0, 231.24
2026/09/15 00:33:26.972, 1, 57268, 6, 0, 227.35
2026/09/15 00:33:26.975, 2, 57268, 5, 0, 219.23
2026/09/15 00:33:26.978, 3, 57108, 5, 0, 233.31
2026/09/15 00:33:27.981, 0, 56996, 0, 0, 229.44
2026/09/15 00:33:27.985, 1, 57028, 0, 0, 225.63
2026/09/15 00:33:27.987, 2, 57268, 6, 0, 219.39
2026/09/15 00:33:27.990, 3, 57108, 5, 0, 233.84
2026/09/15 00:33:28.993, 0, 56996, 0, 0, 228.41
2026/09/15 00:33:28.996, 1, 57028, 0, 0, 226.67
2026/09/15 00:33:28.999, 2, 57268, 5, 0, 219.24
2026/09/15 00:33:29.001, 3, 57108, 5, 0, 233.67
2026/09/15 00:33:30.004, 0, 56996, 0, 0, 228.41
2026/09/15 00:33:30.008, 1, 57028, 0, 0, 226.96
2026/09/15 00:33:30.010, 2, 57268, 5, 0, 219.31
2026/09/15 00:33:30.013, 3, 57108, 5, 0, 233.76
2026/09/15 00:33:31.016, 0, 56996, 0, 0, 228.41
2026/09/15 00:33:31.019, 1, 57028, 0, 0, 226.73
2026/09/15 00:33:31.022, 2, 57268, 6, 0, 219.16
2026/09/15 00:33:31.025, 3, 57108, 5, 0, 233.46
2026/09/15 00:33:32.028, 0, 56996, 0, 0, 228.41
2026/09/15 00:33:32.031, 1, 57028, 0, 0, 227.20
2026/09/15 00:33:32.034, 2, 57268, 5, 0, 219.08
2026/09/15 00:33:32.037, 3, 57108, 5, 0, 233.54
2026/09/15 00:33:33.039, 0, 56996, 0, 0, 228.41
2026/09/15 00:33:33.043, 1, 57028, 0, 0, 227.19
2026/09/15 00:33:33.046, 2, 57268, 5, 0, 219.23
2026/09/15 00:33:33.048, 3, 57108, 5, 0, 233.91
2026/09/15 00:33:34.051, 0, 56996, 0, 0, 228.41
2026/09/15 00:33:34.055, 1, 57028, 0, 0, 227.27
2026/09/15 00:33:34.057, 2, 57268, 6, 0, 219.39
2026/09/15 00:33:34.060, 3, 57108, 4, 0, 233.54
2026/09/15 00:33:35.063, 0, 56996, 0, 0, 228.41
2026/09/15 00:33:35.067, 1, 57028, 0, 0, 227.20
2026/09/15 00:33:35.069, 2, 57268, 5, 0, 219.16
2026/09/15 00:33:35.072, 3, 57108, 5, 0, 233.76
2026/09/15 00:33:36.075, 0, 56996, 0, 0, 228.41
2026/09/15 00:33:36.079, 1, 57028, 0, 0, 227.27
2026/09/15 00:33:36.081, 2, 57268, 5, 0, 219.01
2026/09/15 00:33:36.084, 3, 57108, 5, 0, 233.88
2026/09/15 00:33:37.087, 0, 56996, 0, 0, 228.41
2026/09/15 00:33:37.090, 1, 57028, 0, 0, 227.27
2026/09/15 00:33:37.093, 2, 57268, 6, 0, 219.23
2026/09/15 00:33:37.096, 3, 57108, 5, 0, 233.59
2026/09/15 00:33:38.099, 0, 56996, 0, 0, 228.41
2026/09/15 00:33:38.102, 1, 57028, 0, 0, 227.20
2026/09/15 00:33:38.105, 2, 57028, 6, 0, 219.31
2026/09/15 00:33:38.108, 3, 57108, 5, 0, 233.61
2026/09/15 00:33:39.111, 0, 56996, 0, 0, 228.41
2026/09/15 00:33:39.114, 1, 57028, 0, 0, 227.19
2026/09/15 00:33:39.116, 2, 57028, 0, 0, 215.69
2026/09/15 00:33:39.119, 3, 57108, 5, 0, 234.08
2026/09/15 00:33:40.122, 0, 56996, 0, 0, 228.41
2026/09/15 00:33:40.125, 1, 57028, 0, 0, 227.27
2026/09/15 00:33:40.128, 2, 57028, 0, 0, 215.55
2026/09/15 00:33:40.131, 3, 57108, 5, 0, 233.99
2026/09/15 00:33:41.133, 0, 56996, 0, 0, 228.41
2026/09/15 00:33:41.137, 1, 57028, 0, 0, 227.27
2026/09/15 00:33:41.139, 2, 57028, 0, 0, 215.65
2026/09/15 00:33:41.142, 3, 56868, 0, 0, 233.53
2026/09/15 00:33:42.145, 0, 56996, 0, 0, 228.41
2026/09/15 00:33:42.147, 1, 57028, 0, 0, 227.20
2026/09/15 00:33:42.150, 2, 57028, 0, 0, 215.79
2026/09/15 00:33:42.153, 3, 56868, 0, 0, 232.77
2026/09/15 00:33:43.155, 0, 56996, 0, 0, 228.41
2026/09/15 00:33:43.158, 1, 57028, 0, 0, 227.27
2026/09/15 00:33:43.161, 2, 57028, 0, 0, 215.64
2026/09/15 00:33:43.163, 3, 56868, 0, 0, 232.77
2026/09/15 00:33:44.166, 0, 56996, 0, 0, 228.41
2026/09/15 00:33:44.169, 1, 57028, 0, 0, 227.27
2026/09/15 00:33:44.171, 2, 57028, 0, 0, 215.63
2026/09/15 00:33:44.174, 3, 56868, 0, 0, 232.77
2026/09/15 00:33:45.176, 0, 56996, 0, 0, 228.41
2026/09/15 00:33:45.179, 1, 57028, 0, 0, 227.20
2026/09/15 00:33:45.181, 2, 57028, 0, 0, 215.85
2026/09/15 00:33:45.184, 3, 56868, 0, 0, 232.73
2026/09/15 00:33:46.187, 0, 56996, 0, 0, 228.41
2026/09/15 00:33:46.189, 1, 57028, 0, 0, 227.27
2026/09/15 00:33:46.192, 2, 57028, 0, 0, 215.72
2026/09/15 00:33:46.194, 3, 56868, 0, 0, 232.74
2026/09/15 00:33:47.197, 0, 56996, 0, 0, 228.41
2026/09/15 00:33:47.200, 1, 57028, 0, 0, 227.27
2026/09/15 00:33:47.202, 2, 57028, 0, 0, 215.62
2026/09/15 00:33:47.205, 3, 56868, 0, 0, 232.75
2026/09/15 00:33:48.207, 0, 56996, 0, 0, 228.41
2026/09/15 00:33:48.210, 1, 57028, 0, 0, 227.27
2026/09/15 00:33:48.213, 2, 57028, 0, 0, 215.72
2026/09/15 00:33:48.215, 3, 56868, 0, 0, 232.76
2026/09/15 00:33:49.218, 0, 56996, 0, 0, 228.41
2026/09/15 00:33:49.220, 1, 57028, 0, 0, 227.27
2026/09/15 00:33:49.223, 2, 57028, 0, 0, 215.88
2026/09/15 00:33:49.225, 3, 56868, 0, 0, 232.77
2026/09/15 00:33:50.228, 0, 56996, 0, 0, 228.41
2026/09/15 00:33:50.231, 1, 57028, 0, 0, 227.27
2026/09/15 00:33:50.233, 2, 57028, 0, 0, 215.78
2026/09/15 00:33:50.236, 3, 56868, 0, 0, 232.77
2026/09/15 00:33:51.238, 0, 56996, 0, 0, 228.41
2026/09/15 00:33:51.241, 1, 57028, 0, 0, 227.27
2026/09/15 00:33:51.244, 2, 57028, 0, 0, 215.73
2026/09/15 00:33:51.246, 3, 56868, 0, 0, 232.77
2026/09/15 00:33:52.249, 0, 56996, 0, 0, 228.41
2026/09/15 00:33:52.251, 1, 57028, 0, 0, 227.27
2026/09/15 00:33:52.254, 2, 57028, 0, 0, 215.68
2026/09/15 00:33:52.257, 3, 56868, 0, 0, 232.78
2026/09/15 00:33:53.259, 0, 56996, 0, 0, 228.41
2026/09/15 00:33:53.262, 1, 57028, 0, 0, 227.27
2026/09/15 00:33:53.264, 2, 57028, 0, 0, 215.66
2026/09/15 00:33:53.267, 3, 56868, 0, 0, 232.78
2026/09/15 00:33:54.270, 0, 56996, 0, 0, 228.41
2026/09/15 00:33:54.272, 1, 57028, 0, 0, 227.27
2026/09/15 00:33:54.275, 2, 57028, 0, 0, 215.67
2026/09/15 00:33:54.277, 3, 56868, 0, 0, 232.78
2026/09/15 00:33:55.280, 0, 56996, 0, 0, 228.41
2026/09/15 00:33:55.283, 1, 57028, 0, 0, 227.27
2026/09/15 00:33:55.285, 2, 57028, 0, 0, 215.67
2026/09/15 00:33:55.288, 3, 56868, 0, 0, 232.78
2026/09/15 00:33:56.291, 0, 56996, 0, 0, 228.41
2026/09/15 00:33:56.293, 1, 57028, 0, 0, 227.27
2026/09/15 00:33:56.296, 2, 57028, 0, 0, 215.65
2026/09/15 00:33:56.299, 3, 56868, 0, 0, 232.77
2026/09/15 00:33:57.301, 0, 56996, 0, 0, 228.41
2026/09/15 00:33:57.304, 1, 57028, 0, 0, 227.27
2026/09/15 00:33:57.307, 2, 57028, 0, 0, 215.82
2026/09/15 00:33:57.309, 3, 56868, 0, 0, 232.78
2026/09/15 00:33:58.312, 0, 56996, 0, 0, 228.41
2026/09/15 00:33:58.314, 1, 57028, 0, 0, 227.27
2026/09/15 00:33:58.317, 2, 57028, 0, 0, 215.66
2026/09/15 00:33:58.319, 3, 56868, 0, 0, 232.77
2026/09/15 00:33:59.322, 0, 56996, 0, 0, 228.41
2026/09/15 00:33:59.324, 1, 57028, 0, 0, 227.27
2026/09/15 00:33:59.327, 2, 57028, 0, 0, 215.91
2026/09/15 00:33:59.330, 3, 56868, 0, 0, 232.79
2026/09/15 00:34:00.332, 0, 56996, 0, 0, 228.41
2026/09/15 00:34:00.335, 1, 57028, 0, 0, 227.27
2026/09/15 00:34:00.337, 2, 57028, 0, 0, 215.66
2026/09/15 00:34:00.340, 3, 56868, 0, 0, 232.78
2026/09/15 00:34:01.343, 0, 56996, 0, 0, 228.41
2026/09/15 00:34:01.345, 1, 57028, 0, 0, 227.27
2026/09/15 00:34:01.348, 2, 57028, 0, 0, 215.88
2026/09/15 00:34:01.350, 3, 56868, 0, 0, 232.77
2026/09/15 00:34:02.353, 0, 56996, 0, 0, 228.41
2026/09/15 00:34:02.355, 1, 57028, 0, 0, 227.19
2026/09/15 00:34:02.358, 2, 57028, 0, 0, 215.89
2026/09/15 00:34:02.360, 3, 56868, 0, 0, 232.78
2026/09/15 00:34:03.363, 0, 56996, 0, 0, 228.41
2026/09/15 00:34:03.366, 1, 57028, 0, 0, 227.27
2026/09/15 00:34:03.368, 2, 57028, 0, 0, 215.97
2026/09/15 00:34:03.371, 3, 56868, 0, 0, 232.78
2026/09/15 00:34:04.373, 0, 56996, 0, 0, 228.41
2026/09/15 00:34:04.376, 1, 57028, 0, 0, 227.27
2026/09/15 00:34:04.378, 2, 57028, 0, 0, 215.81
2026/09/15 00:34:04.381, 3, 56868, 0, 0, 232.78
2026/09/15 00:34:05.383, 0, 56996, 0, 0, 228.41
2026/09/15 00:34:05.386, 1, 57028, 0, 0, 227.20
2026/09/15 00:34:05.389, 2, 57028, 0, 0, 215.75
2026/09/15 00:34:05.391, 3, 56868, 0, 0, 232.79
2026/09/15 00:34:06.394, 0, 56996, 0, 0, 228.41
2026/09/15 00:34:06.396, 1, 57028, 0, 0, 227.27
2026/09/15 00:34:06.399, 2, 57028, 0, 0, 215.67
2026/09/15 00:34:06.401, 3, 56868, 0, 0, 232.78
2026/09/15 00:34:07.404, 0, 56996, 0, 0, 228.41
2026/09/15 00:34:07.407, 1, 57028, 0, 0, 227.27
2026/09/15 00:34:07.409, 2, 57028, 0, 0, 215.73
2026/09/15 00:34:07.412, 3, 56868, 0, 0, 232.78
2026/09/15 00:34:08.414, 0, 56996, 0, 0, 228.41
2026/09/15 00:34:08.417, 1, 57028, 0, 0, 227.27
2026/09/15 00:34:08.419, 2, 57028, 0, 0, 215.67
2026/09/15 00:34:08.422, 3, 56868, 0, 0, 232.77
2026/09/15 00:34:09.424, 0, 56996, 0, 0, 228.41
2026/09/15 00:34:09.427, 1, 57028, 0, 0, 227.27
2026/09/15 00:34:09.430, 2, 57028, 0, 0, 215.67
2026/09/15 00:34:09.432, 3, 56868, 0, 0, 232.78
2026/09/15 00:34:10.435, 0, 56996, 0, 0, 228.41
2026/09/15 00:34:10.437, 1, 57028, 0, 0, 227.20
2026/09/15 00:34:10.440, 2, 57028, 0, 0, 215.66
2026/09/15 00:34:10.442, 3, 56868, 0, 0, 232.78
2026/09/15 00:34:11.445, 0, 56996, 0, 0, 228.41
2026/09/15 00:34:11.448, 1, 57028, 0, 0, 227.27
2026/09/15 00:34:11.450, 2, 57028, 0, 0, 215.82
2026/09/15 00:34:11.453, 3, 56868, 0, 0, 232.78
2026/09/15 00:34:12.455, 0, 56996, 0, 0, 228.41
2026/09/15 00:34:12.458, 1, 57028, 0, 0, 227.27
2026/09/15 00:34:12.460, 2, 57028, 0, 0, 215.81
2026/09/15 00:34:12.463, 3, 56868, 0, 0, 232.77
2026/09/15 00:34:13.465, 0, 56996, 0, 0, 228.41
2026/09/15 00:34:13.468, 1, 57028, 0, 0, 227.27
2026/09/15 00:34:13.470, 2, 57028, 0, 0, 215.64
2026/09/15 00:34:13.473, 3, 56868, 0, 0, 232.78
2026/09/15 00:34:14.475, 0, 56996, 0, 0, 228.41
2026/09/15 00:34:14.478, 1, 57028, 0, 0, 227.27
2026/09/15 00:34:14.481, 2, 57028, 0, 0, 215.89
2026/09/15 00:34:14.483, 3, 56868, 0, 0, 232.76
2026/09/15 00:34:15.486, 0, 56996, 0, 0, 228.41
2026/09/15 00:34:15.489, 1, 57028, 0, 0, 227.27
2026/09/15 00:34:15.491, 2, 57028, 0, 0, 215.81
2026/09/15 00:34:15.494, 3, 56868, 0, 0, 232.77
2026/09/15 00:34:16.496, 0, 56996, 0, 0, 228.41
2026/09/15 00:34:16.499, 1, 57028, 0, 0, 227.27
2026/09/15 00:34:16.501, 2, 57028, 0, 0, 215.97
2026/09/15 00:34:16.504, 3, 56868, 0, 0, 232.78
2026/09/15 00:34:17.507, 0, 56996, 0, 0, 228.41
2026/09/15 00:34:17.509, 1, 57028, 0, 0, 227.27
2026/09/15 00:34:17.512, 2, 57028, 0, 0, 215.73
2026/09/15 00:34:17.514, 3, 56868, 0, 0, 232.76
2026/09/15 00:34:18.517, 0, 56996, 0, 0, 228.41
2026/09/15 00:34:18.519, 1, 57028, 0, 0, 227.27
2026/09/15 00:34:18.522, 2, 57028, 0, 0, 215.93
2026/09/15 00:34:18.524, 3, 56868, 0, 0, 232.75
2026/09/15 00:34:19.527, 0, 56996, 0, 0, 228.41
2026/09/15 00:34:19.530, 1, 57028, 0, 0, 227.27
2026/09/15 00:34:19.532, 2, 57028, 0, 0, 215.69
2026/09/15 00:34:19.535, 3, 56868, 0, 0, 232.76
2026/09/15 00:34:20.537, 0, 56996, 0, 0, 228.41
2026/09/15 00:34:20.540, 1, 57028, 0, 0, 227.27
2026/09/15 00:34:20.542, 2, 57028, 0, 0, 215.70
2026/09/15 00:34:20.545, 3, 56868, 0, 0, 232.73
2026/09/15 00:34:21.547, 0, 56996, 0, 0, 228.41
2026/09/15 00:34:21.550, 1, 57028, 0, 0, 227.27
2026/09/15 00:34:21.553, 2, 57028, 0, 0, 215.81
2026/09/15 00:34:21.555, 3, 56868, 0, 0, 232.78
2026/09/15 00:34:22.558, 0, 56996, 0, 0, 228.41
2026/09/15 00:34:22.560, 1, 57028, 0, 0, 227.20
2026/09/15 00:34:22.563, 2, 57028, 0, 0, 215.88
2026/09/15 00:34:22.565, 3, 56868, 0, 0, 232.76
2026/09/15 00:34:23.568, 0, 56996, 0, 0, 228.41
2026/09/15 00:34:23.570, 1, 57028, 0, 0, 227.27
2026/09/15 00:34:23.573, 2, 57028, 0, 0, 215.81
2026/09/15 00:34:23.576, 3, 56868, 0, 0, 232.76
2026/09/15 00:34:24.578, 0, 56996, 0, 0, 228.41
2026/09/15 00:34:24.581, 1, 57028, 0, 0, 227.27
2026/09/15 00:34:24.584, 2, 57028, 0, 0, 215.87
2026/09/15 00:34:24.586, 3, 56868, 0, 0, 232.76
2026/09/15 00:34:25.589, 0, 56996, 0, 0, 228.41
2026/09/15 00:34:25.592, 1, 57028, 0, 0, 227.27
2026/09/15 00:34:25.594, 2, 57028, 0, 0, 215.80
2026/09/15 00:34:25.597, 3, 56868, 0, 0, 232.76
2026/09/15 00:34:26.599, 0, 56996, 0, 0, 228.41
2026/09/15 00:34:26.602, 1, 57028, 0, 0, 227.27
2026/09/15 00:34:26.605, 2, 57028, 0, 0, 215.80
2026/09/15 00:34:26.607, 3, 56868, 0, 0, 232.76
2026/09/15 00:34:27.610, 0, 56996, 0, 0, 228.41
2026/09/15 00:34:27.612, 1, 57028, 0, 0, 227.27
2026/09/15 00:34:27.615, 2, 57028, 0, 0, 215.80
2026/09/15 00:34:27.618, 3, 56868, 0, 0, 232.77
2026/09/15 00:34:28.620, 0, 56996, 0, 0, 228.41
2026/09/15 00:34:28.623, 1, 57028, 0, 0, 227.27
2026/09/15 00:34:28.625, 2, 57028, 0, 0, 215.90
2026/09/15 00:34:28.628, 3, 56868, 0, 0, 232.77
2026/09/15 00:34:29.630, 0, 56996, 0, 0, 228.41
2026/09/15 00:34:29.633, 1, 57028, 0, 0, 227.19
2026/09/15 00:34:29.636, 2, 57028, 0, 0, 215.87
2026/09/15 00:34:29.638, 3, 56868, 0, 0, 232.78
2026/09/15 00:34:30.641, 0, 56996, 0, 0, 228.41
2026/09/15 00:34:30.643, 1, 57028, 0, 0, 227.27
2026/09/15 00:34:30.646, 2, 57028, 0, 0, 215.87
2026/09/15 00:34:30.648, 3, 56868, 0, 0, 232.77
2026/09/15 00:34:31.651, 0, 56996, 0, 0, 228.41
2026/09/15 00:34:31.654, 1, 57028, 5, 0, 227.35
2026/09/15 00:34:31.657, 2, 57028, 0, 0, 215.66
2026/09/15 00:34:31.659, 3, 56868, 0, 0, 232.78
2026/09/15 00:34:32.662, 0, 56996, 18, 0, 234.79
2026/09/15 00:34:32.665, 1, 57028, 19, 0, 233.45
2026/09/15 00:34:32.667, 2, 57028, 19, 0, 222.71
2026/09/15 00:34:32.670, 3, 56868, 20, 0, 237.51
2026/09/15 00:34:33.673, 0, 56996, 18, 0, 237.49
2026/09/15 00:34:33.676, 1, 57028, 18, 0, 232.57
2026/09/15 00:34:33.678, 2, 57028, 19, 0, 223.63
2026/09/15 00:34:33.681, 3, 56868, 20, 0, 237.29
2026/09/15 00:34:34.683, 0, 56996, 18, 0, 236.34
2026/09/15 00:34:34.686, 1, 57028, 18, 0, 232.38
2026/09/15 00:34:34.689, 2, 57028, 19, 0, 223.92
2026/09/15 00:34:34.691, 3, 56868, 20, 0, 238.01
2026/09/15 00:34:35.694, 0, 56996, 18, 0, 236.27
2026/09/15 00:34:35.697, 1, 57028, 18, 0, 232.09
2026/09/15 00:34:35.699, 2, 57028, 19, 0, 224.15
2026/09/15 00:34:35.702, 3, 56868, 20, 0, 236.98
2026/09/15 00:34:36.705, 0, 56476, 0, 0, 233.08
2026/09/15 00:34:36.708, 1, 56508, 0, 0, 229.26
2026/09/15 00:34:36.711, 2, 56508, 0, 0, 218.86
2026/09/15 00:34:36.714, 3, 56348, 0, 0, 234.99
2026/09/15 00:34:37.716, 0, 56478, 0, 0, 228.41
2026/09/15 00:34:37.720, 1, 56510, 0, 0, 227.27
2026/09/15 00:34:37.722, 2, 56510, 0, 0, 215.54
2026/09/15 00:34:37.725, 3, 56350, 0, 0, 232.63
2026/09/15 00:34:38.728, 0, 56514, 0, 0, 228.41
2026/09/15 00:34:38.731, 1, 56546, 0, 0, 227.27
2026/09/15 00:34:38.733, 2, 56546, 0, 0, 215.54
2026/09/15 00:34:38.736, 3, 56386, 0, 0, 232.63
2026/09/15 00:34:39.738, 0, 56476, 0, 0, 228.49
2026/09/15 00:34:39.742, 1, 56508, 0, 0, 227.27
2026/09/15 00:34:39.745, 2, 56510, 0, 0, 215.63
2026/09/15 00:34:39.747, 3, 56348, 0, 0, 232.64
2026/09/15 00:34:40.750, 0, 73188, 0, 0, 228.41
2026/09/15 00:34:40.754, 1, 81352, 0, 0, 227.27
2026/09/15 00:34:40.757, 2, 89484, 0, 0, 215.62
2026/09/15 00:34:40.760, 3, 97454, 0, 0, 232.63
2026/09/15 00:34:41.763, 0, 164006, 1, 0, 237.36
2026/09/15 00:34:41.767, 1, 164072, 1, 0, 235.05
2026/09/15 00:34:41.770, 2, 164072, 2, 0, 225.40
2026/09/15 00:34:41.772, 3, 163752, 1, 0, 241.46
2026/09/15 00:34:42.775, 0, 164042, 0, 0, 231.99
2026/09/15 00:34:42.779, 1, 164106, 0, 0, 227.33
2026/09/15 00:34:42.781, 2, 164106, 0, 0, 218.43
2026/09/15 00:34:42.784, 3, 163786, 0, 0, 239.04
2026/09/15 00:34:43.786, 0, 164042, 0, 0, 228.40
2026/09/15 00:34:43.790, 1, 164106, 0, 0, 226.95
2026/09/15 00:34:43.792, 2, 164106, 0, 0, 215.30
2026/09/15 00:34:43.795, 3, 163786, 0, 0, 232.63
2026/09/15 00:34:44.797, 0, 164044, 0, 0, 228.41
2026/09/15 00:34:44.802, 1, 164108, 0, 0, 227.27
2026/09/15 00:34:44.805, 2, 164108, 22, 0, 218.89
2026/09/15 00:34:44.808, 3, 163788, 22, 0, 235.69
2026/09/15 00:34:45.810, 0, 164566, 0, 0, 228.41
2026/09/15 00:34:45.814, 1, 164630, 0, 0, 227.12
2026/09/15 00:34:45.817, 2, 164630, 0, 0, 215.86
2026/09/15 00:34:45.819, 3, 164310, 1, 0, 232.66
2026/09/15 00:34:46.822, 0, 164566, 0, 0, 228.41
2026/09/15 00:34:46.825, 1, 164630, 0, 0, 227.27
2026/09/15 00:34:46.827, 2, 164630, 0, 0, 215.87
2026/09/15 00:34:46.829, 3, 164310, 0, 0, 232.77
2026/09/15 00:34:47.832, 0, 164546, 0, 0, 228.41
2026/09/15 00:34:47.835, 1, 164610, 0, 0, 227.27
2026/09/15 00:34:47.837, 2, 164610, 0, 0, 215.79
2026/09/15 00:34:47.840, 3, 164310, 0, 0, 232.77
2026/09/15 00:34:48.842, 0, 164546, 0, 0, 228.41
2026/09/15 00:34:48.845, 1, 164610, 0, 0, 227.27
2026/09/15 00:34:48.848, 2, 164610, 0, 0, 216.04
2026/09/15 00:34:48.850, 3, 164290, 0, 0, 232.76
2026/09/15 00:34:49.853, 0, 164546, 0, 0, 228.41
2026/09/15 00:34:49.855, 1, 164610, 0, 0, 227.27
2026/09/15 00:34:49.858, 2, 164610, 0, 0, 215.87
2026/09/15 00:34:49.860, 3, 164290, 0, 0, 232.75
2026/09/15 00:34:50.863, 0, 164546, 0, 0, 228.41
2026/09/15 00:34:50.865, 1, 164610, 0, 0, 227.27
2026/09/15 00:34:50.868, 2, 164610, 0, 0, 215.72
2026/09/15 00:34:50.870, 3, 164290, 0, 0, 232.76
2026/09/15 00:34:51.873, 0, 164546, 0, 0, 228.41
2026/09/15 00:34:51.876, 1, 164610, 0, 0, 227.27
2026/09/15 00:34:51.878, 2, 164610, 0, 0, 215.87
2026/09/15 00:34:51.881, 3, 164290, 0, 0, 232.78
2026/09/15 00:34:52.883, 0, 164546, 0, 0, 228.41
2026/09/15 00:34:52.886, 1, 164610, 0, 0, 227.27
2026/09/15 00:34:52.888, 2, 164610, 0, 0, 215.71
2026/09/15 00:34:52.891, 3, 164290, 0, 0, 232.75
2026/09/15 00:34:53.893, 0, 164546, 0, 0, 228.41
2026/09/15 00:34:53.896, 1, 164610, 0, 0, 227.27
2026/09/15 00:34:53.899, 2, 164610, 0, 0, 216.02
2026/09/15 00:34:53.901, 3, 164290, 0, 0, 232.77
2026/09/15 00:34:54.904, 0, 164546, 0, 0, 228.41
2026/09/15 00:34:54.907, 1, 164610, 0, 0, 227.27
2026/09/15 00:34:54.909, 2, 164610, 0, 0, 215.64
2026/09/15 00:34:54.912, 3, 164290, 0, 0, 232.75
2026/09/15 00:34:55.915, 0, 164546, 0, 0, 228.41
2026/09/15 00:34:55.917, 1, 164610, 0, 0, 227.27
2026/09/15 00:34:55.920, 2, 164610, 0, 0, 215.72
2026/09/15 00:34:55.923, 3, 164290, 0, 0, 232.76
2026/09/15 00:34:56.925, 0, 164546, 0, 0, 228.41
2026/09/15 00:34:56.928, 1, 164610, 0, 0, 227.27
2026/09/15 00:34:56.931, 2, 164610, 0, 0, 215.78
2026/09/15 00:34:56.933, 3, 164290, 0, 0, 232.76
2026/09/15 00:34:57.936, 0, 164546, 0, 0, 228.48
2026/09/15 00:34:57.939, 1, 164610, 0, 0, 227.27
2026/09/15 00:34:57.942, 2, 164610, 0, 0, 215.89
2026/09/15 00:34:57.944, 3, 164290, 0, 0, 232.77
2026/09/15 00:34:58.947, 0, 164546, 0, 0, 228.41
2026/09/15 00:34:58.950, 1, 164610, 0, 0, 227.27
2026/09/15 00:34:58.952, 2, 164610, 0, 0, 215.74
2026/09/15 00:34:58.955, 3, 164290, 0, 0, 232.77
2026/09/15 00:34:59.958, 0, 164546, 0, 0, 228.48
2026/09/15 00:34:59.961, 1, 164610, 0, 0, 227.27
2026/09/15 00:34:59.963, 2, 164610, 0, 0, 216.11
2026/09/15 00:34:59.966, 3, 164290, 0, 0, 232.77
2026/09/15 00:35:00.969, 0, 164546, 0, 0, 228.41
2026/09/15 00:35:00.972, 1, 164610, 0, 0, 227.27
2026/09/15 00:35:00.974, 2, 164610, 0, 0, 215.72
2026/09/15 00:35:00.977, 3, 164290, 0, 0, 232.78
2026/09/15 00:35:01.980, 0, 164546, 0, 0, 228.41
2026/09/15 00:35:01.982, 1, 164610, 0, 0, 227.27
2026/09/15 00:35:01.985, 2, 164610, 0, 0, 215.66
2026/09/15 00:35:01.988, 3, 164290, 0, 0, 232.85
2026/09/15 00:35:02.990, 0, 164546, 0, 0, 228.49
2026/09/15 00:35:02.993, 1, 164610, 0, 0, 227.35
2026/09/15 00:35:02.996, 2, 164610, 2, 0, 215.81
2026/09/15 00:35:02.999, 3, 164290, 2, 0, 232.78
2026/09/15 00:35:04.001, 0, 164546, 0, 0, 228.41
2026/09/15 00:35:04.004, 1, 164610, 0, 0, 227.27
2026/09/15 00:35:04.007, 2, 164610, 0, 0, 215.74
2026/09/15 00:35:04.009, 3, 164290, 0, 0, 232.78
2026/09/15 00:35:05.012, 0, 164546, 0, 0, 228.41
2026/09/15 00:35:05.015, 1, 164610, 0, 0, 227.27
2026/09/15 00:35:05.017, 2, 164610, 0, 0, 215.72
2026/09/15 00:35:05.020, 3, 164290, 0, 0, 232.78
2026/09/15 00:35:06.023, 0, 164546, 0, 0, 228.41
2026/09/15 00:35:06.026, 1, 164610, 0, 0, 227.27
2026/09/15 00:35:06.028, 2, 164610, 0, 0, 215.83
2026/09/15 00:35:06.031, 3, 164290, 0, 0, 232.78
2026/09/15 00:35:07.034, 0, 164546, 2, 0, 228.41
2026/09/15 00:35:07.036, 1, 164610, 0, 0, 227.27
2026/09/15 00:35:07.039, 2, 164610, 0, 0, 215.82
2026/09/15 00:35:07.042, 3, 164290, 0, 0, 232.85
2026/09/15 00:35:08.044, 0, 164546, 0, 0, 228.41
2026/09/15 00:35:08.047, 1, 164610, 0, 0, 227.27
2026/09/15 00:35:08.050, 2, 164610, 0, 0, 215.66
2026/09/15 00:35:08.052, 3, 164290, 0, 0, 232.77
2026/09/15 00:35:09.055, 0, 164546, 2, 0, 228.41
2026/09/15 00:35:09.058, 1, 164610, 0, 0, 227.27
2026/09/15 00:35:09.061, 2, 164610, 0, 0, 215.72
2026/09/15 00:35:09.063, 3, 164290, 0, 0, 232.83
2026/09/15 00:35:10.066, 0, 164546, 0, 0, 228.41
2026/09/15 00:35:10.069, 1, 164610, 0, 0, 227.27
2026/09/15 00:35:10.071, 2, 164610, 0, 0, 215.80
2026/09/15 00:35:10.074, 3, 164290, 0, 0, 232.76
2026/09/15 00:35:11.077, 0, 164546, 0, 0, 228.41
2026/09/15 00:35:11.080, 1, 164610, 0, 0, 227.27
2026/09/15 00:35:11.082, 2, 164610, 0, 0, 215.80
2026/09/15 00:35:11.085, 3, 164290, 0, 0, 232.78
2026/09/15 00:35:12.088, 0, 164546, 0, 0, 228.41
2026/09/15 00:35:12.090, 1, 164610, 0, 0, 227.27
2026/09/15 00:35:12.093, 2, 164610, 0, 0, 215.73
2026/09/15 00:35:12.096, 3, 164290, 0, 0, 232.78
2026/09/15 00:35:13.098, 0, 164546, 0, 0, 228.41
2026/09/15 00:35:13.101, 1, 164610, 0, 0, 227.27
2026/09/15 00:35:13.104, 2, 164610, 0, 0, 215.87
2026/09/15 00:35:13.106, 3, 164290, 0, 0, 232.78
2026/09/15 00:35:14.109, 0, 164546, 0, 0, 228.41
2026/09/15 00:35:14.112, 1, 164610, 0, 0, 227.27
2026/09/15 00:35:14.114, 2, 164610, 0, 0, 215.74
2026/09/15 00:35:14.117, 3, 164290, 0, 0, 232.77
2026/09/15 00:35:15.120, 0, 164546, 0, 0, 228.41
2026/09/15 00:35:15.123, 1, 164610, 0, 0, 227.27
2026/09/15 00:35:15.125, 2, 164610, 0, 0, 215.88
2026/09/15 00:35:15.128, 3, 164290, 0, 0, 232.77
2026/09/15 00:35:16.131, 0, 164546, 0, 0, 228.41
2026/09/15 00:35:16.133, 1, 164610, 0, 0, 227.27
2026/09/15 00:35:16.136, 2, 164610, 0, 0, 215.89
2026/09/15 00:35:16.139, 3, 164290, 0, 0, 232.78
2026/09/15 00:35:17.142, 0, 164546, 0, 0, 228.41
2026/09/15 00:35:17.144, 1, 164610, 0, 0, 227.27
2026/09/15 00:35:17.147, 2, 164610, 0, 0, 215.82
2026/09/15 00:35:17.150, 3, 164290, 0, 0, 232.78
2026/09/15 00:35:18.152, 0, 164546, 0, 0, 228.41
2026/09/15 00:35:18.155, 1, 164610, 0, 0, 227.27
2026/09/15 00:35:18.158, 2, 164610, 0, 0, 215.65
2026/09/15 00:35:18.161, 3, 164290, 0, 0, 232.78
2026/09/15 00:35:19.163, 0, 164546, 0, 0, 228.41
2026/09/15 00:35:19.166, 1, 164610, 0, 0, 227.27
2026/09/15 00:35:19.169, 2, 164610, 0, 0, 215.73
2026/09/15 00:35:19.172, 3, 164290, 0, 0, 232.77
2026/09/15 00:35:20.174, 0, 164546, 0, 0, 228.41
2026/09/15 00:35:20.177, 1, 164610, 0, 0, 227.27
2026/09/15 00:35:20.180, 2, 164610, 0, 0, 215.97
2026/09/15 00:35:20.182, 3, 164290, 0, 0, 232.77
2026/09/15 00:35:21.185, 0, 164546, 0, 0, 228.41
2026/09/15 00:35:21.188, 1, 164610, 0, 0, 227.27
2026/09/15 00:35:21.191, 2, 164610, 0, 0, 216.12
2026/09/15 00:35:21.194, 3, 164290, 0, 0, 232.78
2026/09/15 00:35:22.196, 0, 164546, 0, 0, 228.41
2026/09/15 00:35:22.199, 1, 164610, 0, 0, 227.27
2026/09/15 00:35:22.202, 2, 164610, 0, 0, 215.66
2026/09/15 00:35:22.204, 3, 164290, 0, 0, 232.77
2026/09/15 00:35:23.207, 0, 164546, 0, 0, 228.41
2026/09/15 00:35:23.210, 1, 164610, 0, 0, 227.27
2026/09/15 00:35:23.213, 2, 164610, 0, 0, 215.94
2026/09/15 00:35:23.215, 3, 164290, 0, 0, 232.78
2026/09/15 00:35:24.218, 0, 164546, 0, 0, 228.41
2026/09/15 00:35:24.221, 1, 164610, 0, 0, 227.27
2026/09/15 00:35:24.224, 2, 164610, 0, 0, 215.88
2026/09/15 00:35:24.226, 3, 164290, 0, 0, 232.79
2026/09/15 00:35:25.229, 0, 164546, 0, 0, 228.41
2026/09/15 00:35:25.232, 1, 164610, 0, 0, 227.27
2026/09/15 00:35:25.235, 2, 164610, 0, 0, 215.82
2026/09/15 00:35:25.237, 3, 164290, 0, 0, 232.78
2026/09/15 00:35:26.240, 0, 164546, 0, 0, 228.41
2026/09/15 00:35:26.243, 1, 164610, 0, 0, 227.27
2026/09/15 00:35:26.246, 2, 164610, 0, 0, 215.89
2026/09/15 00:35:26.248, 3, 164290, 0, 0, 232.77
2026/09/15 00:35:27.251, 0, 164546, 0, 0, 228.41
2026/09/15 00:35:27.254, 1, 164610, 0, 0, 227.27
2026/09/15 00:35:27.257, 2, 164610, 0, 0, 215.73
2026/09/15 00:35:27.259, 3, 164290, 0, 0, 232.77
2026/09/15 00:35:28.262, 0, 164546, 0, 0, 228.55
2026/09/15 00:35:28.265, 1, 164610, 0, 0, 227.35
2026/09/15 00:35:28.268, 2, 164610, 0, 0, 215.82
2026/09/15 00:35:28.270, 3, 164290, 0, 0, 232.77
2026/09/15 00:35:29.273, 0, 164546, 0, 0, 228.41
2026/09/15 00:35:29.276, 1, 164610, 0, 0, 227.27
2026/09/15 00:35:29.279, 2, 164610, 0, 0, 215.81
2026/09/15 00:35:29.281, 3, 164290, 0, 0, 232.77
2026/09/15 00:35:30.284, 0, 164546, 0, 0, 228.41
2026/09/15 00:35:30.287, 1, 164610, 0, 0, 227.27
2026/09/15 00:35:30.290, 2, 164610, 0, 0, 216.19
2026/09/15 00:35:30.292, 3, 164290, 0, 0, 232.77
2026/09/15 00:35:31.295, 0, 164546, 0, 0, 228.41
2026/09/15 00:35:31.298, 1, 164610, 0, 0, 227.27
2026/09/15 00:35:31.301, 2, 164612, 0, 0, 215.69
2026/09/15 00:35:31.304, 3, 164290, 0, 0, 232.73
2026/09/15 00:35:32.306, 0, 164548, 0, 0, 228.48
2026/09/15 00:35:32.309, 1, 164610, 0, 0, 227.35
2026/09/15 00:35:32.312, 2, 164612, 0, 0, 216.01
2026/09/15 00:35:32.315, 3, 164290, 0, 0, 232.76
2026/09/15 00:35:33.317, 0, 164548, 0, 0, 228.41
2026/09/15 00:35:33.320, 1, 164610, 0, 0, 227.27
2026/09/15 00:35:33.323, 2, 164612, 2, 0, 216.01
2026/09/15 00:35:33.326, 3, 164290, 0, 0, 232.76
2026/09/15 00:35:34.328, 0, 164548, 0, 0, 228.56
2026/09/15 00:35:34.331, 1, 164610, 0, 0, 227.27
2026/09/15 00:35:34.334, 2, 164612, 0, 0, 215.80
2026/09/15 00:35:34.337, 3, 164290, 0, 0, 232.76
2026/09/15 00:35:35.339, 0, 164548, 0, 0, 228.41
2026/09/15 00:35:35.342, 1, 164612, 0, 0, 227.27
2026/09/15 00:35:35.345, 2, 164612, 0, 0, 215.80
2026/09/15 00:35:35.348, 3, 164290, 0, 0, 232.77
2026/09/15 00:35:36.350, 0, 164548, 0, 0, 228.41
2026/09/15 00:35:36.353, 1, 164612, 0, 0, 227.27
2026/09/15 00:35:36.356, 2, 164612, 0, 0, 216.18
2026/09/15 00:35:36.359, 3, 164292, 0, 0, 232.77
2026/09/15 00:35:37.361, 0, 164548, 0, 0, 228.49
2026/09/15 00:35:37.364, 1, 164612, 0, 0, 227.27
2026/09/15 00:35:37.367, 2, 164612, 3, 0, 215.81
2026/09/15 00:35:37.370, 3, 164292, 3, 0, 232.77
2026/09/15 00:35:38.372, 0, 164548, 0, 0, 228.48
2026/09/15 00:35:38.375, 1, 164612, 0, 0, 227.27
2026/09/15 00:35:38.378, 2, 164612, 0, 0, 215.88
2026/09/15 00:35:38.380, 3, 164292, 0, 0, 232.77
2026/09/15 00:35:39.383, 0, 164568, 0, 0, 228.41
2026/09/15 00:35:39.386, 1, 164632, 0, 0, 227.27
2026/09/15 00:35:39.389, 2, 164632, 0, 0, 215.94
2026/09/15 00:35:39.391, 3, 164312, 0, 0, 232.78
2026/09/15 00:35:40.394, 0, 164568, 0, 0, 228.41
2026/09/15 00:35:40.397, 1, 164632, 0, 0, 227.27
2026/09/15 00:35:40.400, 2, 164632, 0, 0, 215.67
2026/09/15 00:35:40.402, 3, 164312, 0, 0, 232.77
2026/09/15 00:35:41.405, 0, 164588, 0, 0, 228.41
2026/09/15 00:35:41.408, 1, 164652, 0, 0, 227.27
2026/09/15 00:35:41.411, 2, 164652, 0, 0, 216.11
2026/09/15 00:35:41.413, 3, 164332, 0, 0, 232.78
2026/09/15 00:35:42.416, 0, 164568, 0, 0, 228.41
2026/09/15 00:35:42.419, 1, 164652, 0, 0, 227.27
2026/09/15 00:35:42.422, 2, 164632, 0, 0, 216.20
2026/09/15 00:35:42.424, 3, 164312, 0, 0, 232.75
2026/09/15 00:35:43.427, 0, 164588, 0, 0, 228.41
2026/09/15 00:35:43.430, 1, 164652, 0, 0, 227.27
2026/09/15 00:35:43.433, 2, 164632, 0, 0, 216.04
2026/09/15 00:35:43.435, 3, 164332, 0, 0, 232.77
2026/09/15 00:35:44.438, 0, 164568, 0, 0, 228.41
2026/09/15 00:35:44.441, 1, 164652, 0, 0, 227.27
2026/09/15 00:35:44.443, 2, 164632, 0, 0, 215.97
2026/09/15 00:35:44.446, 3, 164312, 0, 0, 232.76
2026/09/15 00:35:45.449, 0, 164588, 0, 0, 228.41
2026/09/15 00:35:45.453, 1, 164652, 0, 0, 227.27
2026/09/15 00:35:45.456, 2, 164632, 0, 0, 215.73
2026/09/15 00:35:45.458, 3, 164332, 0, 0, 232.77
2026/09/15 00:35:46.461, 0, 164588, 0, 0, 228.41
2026/09/15 00:35:46.464, 1, 164652, 0, 0, 227.27
2026/09/15 00:35:46.467, 2, 164652, 0, 0, 215.66
2026/09/15 00:35:46.469, 3, 164332, 0, 0, 232.78
2026/09/15 00:35:47.472, 0, 164588, 0, 0, 228.41
2026/09/15 00:35:47.474, 1, 164652, 0, 0, 227.27
2026/09/15 00:35:47.477, 2, 164632, 0, 0, 216.02
2026/09/15 00:35:47.480, 3, 164312, 0, 0, 232.77
2026/09/15 00:35:48.482, 0, 164588, 0, 0, 228.41
2026/09/15 00:35:48.485, 1, 164652, 0, 0, 227.27
2026/09/15 00:35:48.488, 2, 164652, 0, 0, 215.79
2026/09/15 00:35:48.490, 3, 164332, 0, 0, 232.77
2026/09/15 00:35:49.493, 0, 164568, 0, 0, 228.41
2026/09/15 00:35:49.496, 1, 164652, 0, 0, 227.27
2026/09/15 00:35:49.498, 2, 164652, 0, 0, 216.13
2026/09/15 00:35:49.501, 3, 164312, 0, 0, 232.78
2026/09/15 00:35:50.503, 0, 164588, 0, 0, 228.41
2026/09/15 00:35:50.506, 1, 164652, 0, 0, 227.27
2026/09/15 00:35:50.509, 2, 164652, 0, 0, 216.05
2026/09/15 00:35:50.511, 3, 164312, 0, 0, 232.78
2026/09/15 00:35:51.514, 0, 164588, 0, 0, 228.41
2026/09/15 00:35:51.517, 1, 164652, 0, 0, 227.27
2026/09/15 00:35:51.519, 2, 164632, 0, 0, 216.37
2026/09/15 00:35:51.522, 3, 164312, 0, 0, 232.78
2026/09/15 00:35:52.525, 0, 164588, 0, 0, 228.41
2026/09/15 00:35:52.527, 1, 164652, 0, 0, 227.27
2026/09/15 00:35:52.530, 2, 164632, 0, 0, 215.97
2026/09/15 00:35:52.533, 3, 164332, 0, 0, 232.77
2026/09/15 00:35:53.535, 0, 164568, 0, 0, 228.41
2026/09/15 00:35:53.538, 1, 164652, 0, 0, 227.27
2026/09/15 00:35:53.541, 2, 164632, 0, 0, 216.04
2026/09/15 00:35:53.543, 3, 164312, 0, 0, 232.78
2026/09/15 00:35:54.546, 0, 164588, 0, 0, 228.41
2026/09/15 00:35:54.549, 1, 164652, 0, 0, 227.27
2026/09/15 00:35:54.551, 2, 164652, 0, 0, 216.35
2026/09/15 00:35:54.554, 3, 164312, 0, 0, 232.78
2026/09/15 00:35:55.556, 0, 164568, 0, 0, 228.41
2026/09/15 00:35:55.559, 1, 164652, 0, 0, 227.27
2026/09/15 00:35:55.562, 2, 164632, 0, 0, 216.13
2026/09/15 00:35:55.565, 3, 164312, 0, 0, 232.78
2026/09/15 00:35:56.568, 0, 164568, 0, 0, 228.56
2026/09/15 00:35:56.571, 1, 164652, 0, 0, 227.27
2026/09/15 00:35:56.573, 2, 164652, 0, 0, 216.23
2026/09/15 00:35:56.576, 3, 164312, 0, 0, 232.75
2026/09/15 00:35:57.579, 0, 164588, 3, 0, 228.48
2026/09/15 00:35:57.582, 1, 164652, 3, 0, 227.27
2026/09/15 00:35:57.584, 2, 164652, 0, 0, 216.10
2026/09/15 00:35:57.587, 3, 164332, 0, 0, 232.75
2026/09/15 00:35:58.590, 0, 164588, 0, 0, 228.41
2026/09/15 00:35:58.593, 1, 164652, 0, 0, 227.27
2026/09/15 00:35:58.595, 2, 164632, 0, 0, 215.97
2026/09/15 00:35:58.598, 3, 164312, 0, 0, 232.78
2026/09/15 00:35:59.601, 0, 164568, 0, 0, 228.41
2026/09/15 00:35:59.604, 1, 164652, 0, 0, 227.43
2026/09/15 00:35:59.606, 2, 164652, 0, 0, 216.12
2026/09/15 00:35:59.609, 3, 164332, 0, 0, 232.78
2026/09/15 00:36:00.612, 0, 164568, 0, 0, 228.41
2026/09/15 00:36:00.615, 1, 164652, 0, 0, 227.27
2026/09/15 00:36:00.618, 2, 164632, 0, 0, 216.12
2026/09/15 00:36:00.620, 3, 164312, 0, 0, 232.78
2026/09/15 00:36:01.623, 0, 164568, 0, 0, 228.49
2026/09/15 00:36:01.626, 1, 164652, 0, 0, 227.27
2026/09/15 00:36:01.629, 2, 164652, 0, 0, 216.04
2026/09/15 00:36:01.631, 3, 164332, 0, 0, 232.78
2026/09/15 00:36:02.634, 0, 164568, 0, 0, 228.41
2026/09/15 00:36:02.637, 1, 164652, 0, 0, 227.27
2026/09/15 00:36:02.640, 2, 164632, 0, 0, 215.90
2026/09/15 00:36:02.642, 3, 164312, 0, 0, 232.77
2026/09/15 00:36:03.645, 0, 164588, 0, 0, 228.49
2026/09/15 00:36:03.648, 1, 164652, 0, 0, 227.27
2026/09/15 00:36:03.651, 2, 164632, 0, 0, 216.03
2026/09/15 00:36:03.654, 3, 164332, 0, 0, 232.85
2026/09/15 00:36:04.656, 0, 164588, 0, 0, 228.41
2026/09/15 00:36:04.659, 1, 164652, 2, 0, 227.35
2026/09/15 00:36:04.662, 2, 164652, 0, 0, 216.12
2026/09/15 00:36:04.665, 3, 164332, 0, 0, 232.78
2026/09/15 00:36:05.667, 0, 164568, 0, 0, 228.41
2026/09/15 00:36:05.670, 1, 164652, 0, 0, 227.27
2026/09/15 00:36:05.673, 2, 164652, 0, 0, 216.04
2026/09/15 00:36:05.676, 3, 164332, 0, 0, 232.78
2026/09/15 00:36:06.678, 0, 164568, 0, 0, 228.41
2026/09/15 00:36:06.681, 1, 164652, 0, 0, 227.27
2026/09/15 00:36:06.684, 2, 164632, 0, 0, 215.87
2026/09/15 00:36:06.687, 3, 164312, 0, 0, 232.78
2026/09/15 00:36:07.689, 0, 164588, 9, 0, 231.88
2026/09/15 00:36:07.692, 1, 164632, 9, 0, 229.69
2026/09/15 00:36:07.695, 2, 164630, 9, 0, 219.65
2026/09/15 00:36:07.698, 3, 164312, 9, 0, 235.29
2026/09/15 00:36:08.701, 0, 164568, 11, 0, 238.17
2026/09/15 00:36:08.704, 1, 164632, 11, 0, 234.87
2026/09/15 00:36:08.706, 2, 164630, 11, 0, 224.15
2026/09/15 00:36:08.710, 3, 164312, 11, 0, 238.81
2026/09/15 00:36:09.712, 0, 164568, 17, 4, 254.43
2026/09/15 00:36:09.715, 1, 164652, 17, 3, 249.05
2026/09/15 00:36:09.718, 2, 164632, 15, 1, 235.76
2026/09/15 00:36:09.721, 3, 164312, 15, 1, 248.46
2026/09/15 00:36:10.724, 0, 164568, 18, 5, 279.54
2026/09/15 00:36:10.727, 1, 164612, 17, 5, 278.94
2026/09/15 00:36:10.730, 2, 164632, 21, 7, 262.29
2026/09/15 00:36:10.732, 3, 164310, 17, 4, 264.88
2026/09/15 00:36:11.735, 0, 164616, 23, 7, 298.28
2026/09/15 00:36:11.738, 1, 164682, 22, 7, 295.72
2026/09/15 00:36:11.741, 2, 164702, 23, 7, 277.06
2026/09/15 00:36:11.744, 3, 164292, 23, 7, 277.28
2026/09/15 00:36:12.747, 0, 164286, 3, 0, 248.41
2026/09/15 00:36:12.751, 1, 164350, 24, 0, 254.87
2026/09/15 00:36:12.754, 2, 164350, 0, 0, 244.67
2026/09/15 00:36:12.757, 3, 164030, 72, 0, 255.82
2026/09/15 00:36:13.760, 0, 164498, 0, 0, 239.45
2026/09/15 00:36:13.763, 1, 164562, 0, 0, 243.33
2026/09/15 00:36:13.766, 2, 164562, 0, 0, 236.32
2026/09/15 00:36:13.768, 3, 164242, 0, 0, 241.78
2026/09/15 00:36:14.771, 0, 164498, 0, 0, 228.41
2026/09/15 00:36:14.774, 1, 164562, 0, 0, 227.27
2026/09/15 00:36:14.777, 2, 164562, 0, 0, 215.93
2026/09/15 00:36:14.780, 3, 164242, 0, 0, 232.64
2026/09/15 00:36:15.782, 0, 164498, 0, 0, 228.41
2026/09/15 00:36:15.785, 1, 164562, 0, 0, 227.27
2026/09/15 00:36:15.788, 2, 164562, 0, 0, 215.54
2026/09/15 00:36:15.790, 3, 164242, 0, 0, 232.63
2026/09/15 00:36:16.793, 0, 165488, 0, 0, 236.61
2026/09/15 00:36:16.797, 1, 165552, 0, 0, 230.08
2026/09/15 00:36:16.799, 2, 165552, 0, 0, 239.33
2026/09/15 00:36:16.802, 3, 165232, 0, 0, 258.07
2026/09/15 00:36:17.804, 0, 165486, 0, 0, 242.68
2026/09/15 00:36:17.808, 1, 165550, 0, 0, 229.67
2026/09/15 00:36:17.810, 2, 165552, 0, 0, 239.22
2026/09/15 00:36:17.813, 3, 165230, 0, 0, 253.15
2026/09/15 00:36:18.816, 0, 165486, 0, 0, 228.41
2026/09/15 00:36:18.818, 1, 165550, 0, 0, 227.27
2026/09/15 00:36:18.821, 2, 165552, 0, 0, 215.77
2026/09/15 00:36:18.824, 3, 165230, 0, 0, 232.65
2026/09/15 00:36:19.826, 0, 165508, 0, 0, 228.77
2026/09/15 00:36:19.829, 1, 165572, 0, 0, 227.66
2026/09/15 00:36:19.832, 2, 165574, 15, 0, 219.37
2026/09/15 00:36:19.835, 3, 165252, 14, 0, 234.88
2026/09/15 00:36:20.837, 0, 165512, 1, 0, 233.54
2026/09/15 00:36:20.840, 1, 165576, 1, 0, 229.88
2026/09/15 00:36:20.843, 2, 165576, 3, 0, 227.92
2026/09/15 00:36:20.846, 3, 165254, 2, 0, 243.99
2026/09/15 00:36:21.848, 0, 165530, 0, 0, 231.17
2026/09/15 00:36:21.852, 1, 165594, 0, 0, 228.85
2026/09/15 00:36:21.855, 2, 165594, 0, 0, 220.38
2026/09/15 00:36:21.858, 3, 165274, 0, 0, 237.05
2026/09/15 00:36:22.860, 0, 165530, 0, 0, 228.41
2026/09/15 00:36:22.864, 1, 165594, 0, 0, 227.27
2026/09/15 00:36:22.866, 2, 165594, 0, 0, 215.54
2026/09/15 00:36:22.869, 3, 165274, 0, 0, 232.64
2026/09/15 00:36:23.871, 0, 165566, 0, 0, 228.41
2026/09/15 00:36:23.876, 1, 165594, 0, 0, 227.27
2026/09/15 00:36:23.879, 2, 165594, 0, 0, 215.72
2026/09/15 00:36:23.883, 3, 165274, 0, 0, 232.70
2026/09/15 00:36:24.885, 0, 166301, 0, 0, 237.57
2026/09/15 00:36:24.889, 1, 165602, 0, 0, 234.04
2026/09/15 00:36:24.892, 2, 165602, 0, 0, 224.14
2026/09/15 00:36:24.894, 3, 165282, 0, 0, 233.27
2026/09/15 00:36:25.897, 0, 166301, 0, 0, 228.41
2026/09/15 00:36:25.900, 1, 165602, 0, 0, 227.27
2026/09/15 00:36:25.903, 2, 165602, 0, 0, 215.54
2026/09/15 00:36:25.905, 3, 165282, 0, 0, 232.66
2026/09/15 00:36:26.908, 0, 166303, 0, 0, 228.41
2026/09/15 00:36:26.911, 1, 165604, 0, 0, 227.27
2026/09/15 00:36:26.914, 2, 165604, 0, 0, 215.54
2026/09/15 00:36:26.916, 3, 165284, 0, 0, 232.64
2026/09/15 00:36:27.919, 0, 166303, 0, 0, 228.41
2026/09/15 00:36:27.922, 1, 165604, 0, 0, 227.27
2026/09/15 00:36:27.925, 2, 165604, 0, 0, 215.77
2026/09/15 00:36:27.927, 3, 165284, 0, 0, 232.64
2026/09/15 00:36:28.930, 0, 166303, 3, 0, 229.05
2026/09/15 00:36:28.933, 1, 165604, 10, 0, 228.34
2026/09/15 00:36:28.936, 2, 165604, 12, 0, 223.10
2026/09/15 00:36:28.938, 3, 165284, 0, 0, 235.88
2026/09/15 00:36:29.941, 0, 166303, 0, 0, 234.28
2026/09/15 00:36:29.944, 1, 165606, 0, 0, 242.53
2026/09/15 00:36:29.947, 2, 165606, 0, 0, 232.95
2026/09/15 00:36:29.949, 3, 165284, 0, 0, 249.98
2026/09/15 00:36:30.952, 0, 166305, 5, 1, 230.12
2026/09/15 00:36:30.955, 1, 165606, 70, 0, 228.80
2026/09/15 00:36:30.957, 2, 165606, 13, 1, 217.44
2026/09/15 00:36:30.960, 3, 165286, 59, 0, 233.70
2026/09/15 00:36:31.962, 0, 166305, 6, 0, 228.98
2026/09/15 00:36:31.965, 1, 165606, 30, 0, 228.17
2026/09/15 00:36:31.968, 2, 165606, 80, 0, 217.54
2026/09/15 00:36:31.971, 3, 165286, 0, 0, 233.84
2026/09/15 00:36:32.973, 0, 166305, 0, 0, 229.06
2026/09/15 00:36:32.976, 1, 165606, 0, 0, 226.95
2026/09/15 00:36:32.979, 2, 165606, 0, 0, 216.54
2026/09/15 00:36:32.981, 3, 165286, 0, 0, 233.25
2026/09/15 00:36:33.984, 0, 166305, 0, 0, 228.40
2026/09/15 00:36:33.987, 1, 165606, 0, 0, 227.19
2026/09/15 00:36:33.990, 2, 165606, 0, 0, 215.54
2026/09/15 00:36:33.993, 3, 165286, 0, 0, 232.65
2026/09/15 00:36:34.995, 0, 166305, 0, 0, 228.41
2026/09/15 00:36:34.999, 1, 165606, 0, 0, 227.27
2026/09/15 00:36:35.002, 2, 165606, 0, 0, 215.69
2026/09/15 00:36:35.005, 3, 165286, 0, 0, 232.63
2026/09/15 00:36:36.007, 0, 166305, 0, 0, 228.41
2026/09/15 00:36:36.011, 1, 165606, 0, 0, 227.27
2026/09/15 00:36:36.014, 2, 165606, 0, 0, 215.69
2026/09/15 00:36:36.017, 3, 165286, 0, 0, 232.63
2026/09/15 00:36:37.020, 0, 166305, 0, 0, 228.41
2026/09/15 00:36:37.023, 1, 165606, 0, 0, 227.27
2026/09/15 00:36:37.026, 2, 165606, 0, 0, 215.53
2026/09/15 00:36:37.029, 3, 165286, 0, 0, 232.62
2026/09/15 00:36:38.032, 0, 166305, 0, 0, 228.41
2026/09/15 00:36:38.035, 1, 165606, 0, 0, 227.27
2026/09/15 00:36:38.038, 2, 165606, 0, 0, 215.54
2026/09/15 00:36:38.041, 3, 165286, 0, 0, 232.63
2026/09/15 00:36:39.044, 0, 166305, 0, 0, 228.41
2026/09/15 00:36:39.048, 1, 165606, 0, 0, 227.27
2026/09/15 00:36:39.050, 2, 165606, 0, 0, 215.54
2026/09/15 00:36:39.053, 3, 165286, 0, 0, 232.63
2026/09/15 00:36:40.056, 0, 166305, 0, 0, 228.41
2026/09/15 00:36:40.060, 1, 165606, 0, 0, 227.27
2026/09/15 00:36:40.062, 2, 165606, 0, 0, 215.54
2026/09/15 00:36:40.065, 3, 165286, 0, 0, 232.64
2026/09/15 00:36:41.068, 0, 166305, 0, 0, 228.41
2026/09/15 00:36:41.072, 1, 165606, 0, 0, 227.27
2026/09/15 00:36:41.074, 2, 165606, 0, 0, 215.54
2026/09/15 00:36:41.077, 3, 165286, 0, 0, 232.63
2026/09/15 00:36:42.080, 0, 166305, 0, 0, 228.41
2026/09/15 00:36:42.084, 1, 165606, 0, 0, 227.27
2026/09/15 00:36:42.087, 2, 165606, 0, 0, 215.54
2026/09/15 00:36:42.089, 3, 165286, 0, 0, 232.63
2026/09/15 00:36:43.092, 0, 166305, 0, 0, 228.41
2026/09/15 00:36:43.096, 1, 165606, 0, 0, 227.27
2026/09/15 00:36:43.099, 2, 165606, 0, 0, 215.54
2026/09/15 00:36:43.102, 3, 165286, 0, 0, 232.63
2026/09/15 00:36:44.105, 0, 166513, 33, 4, 238.78
2026/09/15 00:36:44.109, 1, 165814, 45, 2, 261.65
2026/09/15 00:36:44.112, 2, 165814, 1, 0, 256.69
2026/09/15 00:36:44.115, 3, 165494, 1, 0, 298.20
2026/09/15 00:36:45.118, 0, 166341, 0, 0, 243.48
2026/09/15 00:36:45.121, 1, 165642, 0, 0, 258.46
2026/09/15 00:36:45.124, 2, 165642, 0, 0, 262.38
2026/09/15 00:36:45.126, 3, 165322, 0, 0, 254.88
2026/09/15 00:36:46.129, 0, 166511, 100, 14, 310.70
2026/09/15 00:36:46.132, 1, 165812, 100, 14, 333.87
2026/09/15 00:36:46.135, 2, 165812, 100, 14, 343.82
2026/09/15 00:36:46.138, 3, 165492, 100, 14, 359.76
2026/09/15 00:36:47.141, 0, 166513, 100, 14, 327.31
2026/09/15 00:36:47.144, 1, 165814, 100, 14, 358.30
2026/09/15 00:36:47.147, 2, 165814, 100, 14, 358.45
2026/09/15 00:36:47.150, 3, 165494, 100, 14, 377.50
2026/09/15 00:36:48.152, 0, 166513, 20, 3, 328.70
2026/09/15 00:36:48.156, 1, 165814, 59, 6, 348.44
2026/09/15 00:36:48.158, 2, 165814, 74, 2, 360.12
2026/09/15 00:36:48.161, 3, 165494, 85, 7, 371.11
2026/09/15 00:36:49.164, 0, 166513, 100, 14, 335.58
2026/09/15 00:36:49.167, 1, 165814, 100, 14, 334.48
2026/09/15 00:36:49.170, 2, 165814, 100, 14, 322.86
2026/09/15 00:36:49.173, 3, 165494, 100, 14, 343.85
2026/09/15 00:36:50.176, 0, 166513, 100, 14, 328.83
2026/09/15 00:36:50.179, 1, 165814, 100, 14, 343.27
2026/09/15 00:36:50.182, 2, 165814, 100, 14, 359.11
2026/09/15 00:36:50.184, 3, 165494, 100, 14, 376.97
2026/09/15 00:36:51.187, 0, 166513, 100, 14, 325.99
2026/09/15 00:36:51.190, 1, 165814, 100, 14, 359.88
2026/09/15 00:36:51.193, 2, 165814, 100, 14, 358.56
2026/09/15 00:36:51.196, 3, 165494, 100, 14, 375.97
2026/09/15 00:36:52.199, 0, 166513, 17, 2, 329.51
2026/09/15 00:36:52.202, 1, 165814, 77, 10, 358.64
2026/09/15 00:36:52.205, 2, 165814, 73, 2, 349.96
2026/09/15 00:36:52.208, 3, 165494, 91, 9, 374.62
2026/09/15 00:36:53.211, 0, 166513, 99, 14, 336.32
2026/09/15 00:36:53.214, 1, 165814, 100, 14, 336.81
2026/09/15 00:36:53.216, 2, 165814, 100, 14, 330.57
2026/09/15 00:36:53.219, 3, 165494, 100, 14, 335.75
2026/09/15 00:36:54.222, 0, 166513, 100, 14, 329.51
2026/09/15 00:36:54.225, 1, 165814, 100, 14, 352.48
2026/09/15 00:36:54.228, 2, 165814, 100, 14, 357.49
2026/09/15 00:36:54.231, 3, 165494, 100, 14, 373.56
2026/09/15 00:36:55.234, 0, 166513, 100, 14, 328.23
2026/09/15 00:36:55.237, 1, 165814, 100, 14, 367.35
2026/09/15 00:36:55.240, 2, 165814, 100, 14, 360.02
2026/09/15 00:36:55.243, 3, 165494, 100, 14, 377.41
2026/09/15 00:36:56.245, 0, 166513, 24, 3, 328.25
2026/09/15 00:36:56.248, 1, 165814, 100, 14, 354.38
2026/09/15 00:36:56.251, 2, 165814, 76, 4, 359.27
2026/09/15 00:36:56.254, 3, 165494, 83, 4, 375.87
2026/09/15 00:36:57.257, 0, 166513, 100, 14, 336.46
2026/09/15 00:36:57.260, 1, 165814, 100, 14, 334.40
2026/09/15 00:36:57.263, 2, 165814, 100, 14, 324.73
2026/09/15 00:36:57.266, 3, 165494, 100, 14, 337.52
2026/09/15 00:36:58.269, 0, 166513, 99, 14, 328.33
2026/09/15 00:36:58.272, 1, 165814, 99, 14, 356.11
2026/09/15 00:36:58.275, 2, 165814, 99, 14, 355.52
2026/09/15 00:36:58.278, 3, 165494, 100, 14, 376.77
2026/09/15 00:36:59.281, 0, 166513, 100, 14, 326.89
2026/09/15 00:36:59.284, 1, 165814, 100, 14, 361.21
2026/09/15 00:36:59.287, 2, 165814, 100, 14, 356.49
2026/09/15 00:36:59.290, 3, 165494, 100, 14, 376.36
2026/09/15 00:37:00.292, 0, 166513, 53, 7, 328.14
2026/09/15 00:37:00.295, 1, 165814, 69, 2, 364.42
2026/09/15 00:37:00.298, 2, 165814, 82, 8, 361.25
2026/09/15 00:37:00.301, 3, 165494, 82, 2, 378.05
2026/09/15 00:37:01.304, 0, 166513, 100, 14, 334.81
2026/09/15 00:37:01.307, 1, 165814, 100, 14, 334.76
2026/09/15 00:37:01.310, 2, 165814, 100, 14, 321.50
2026/09/15 00:37:01.313, 3, 165494, 100, 14, 335.78
2026/09/15 00:37:02.316, 0, 166513, 99, 14, 329.06
2026/09/15 00:37:02.319, 1, 165814, 99, 14, 362.93
2026/09/15 00:37:02.322, 2, 165814, 99, 14, 355.45
2026/09/15 00:37:02.325, 3, 165494, 100, 14, 373.75
2026/09/15 00:37:03.328, 0, 166513, 100, 14, 327.05
2026/09/15 00:37:03.331, 1, 165814, 99, 14, 362.46
2026/09/15 00:37:03.333, 2, 165814, 100, 14, 355.48
2026/09/15 00:37:03.336, 3, 165494, 100, 14, 377.26
2026/09/15 00:37:04.339, 0, 166513, 60, 8, 327.33
2026/09/15 00:37:04.342, 1, 165814, 61, 2, 361.03
2026/09/15 00:37:04.345, 2, 165814, 86, 7, 356.20
2026/09/15 00:37:04.348, 3, 165494, 82, 2, 375.01
2026/09/15 00:37:05.351, 0, 166513, 100, 14, 336.67
2026/09/15 00:37:05.354, 1, 165814, 100, 14, 338.87
2026/09/15 00:37:05.357, 2, 165814, 100, 14, 321.93
2026/09/15 00:37:05.360, 3, 165494, 100, 14, 336.66
2026/09/15 00:37:06.363, 0, 166513, 100, 14, 328.61
2026/09/15 00:37:06.366, 1, 165814, 100, 14, 364.91
2026/09/15 00:37:06.369, 2, 165814, 100, 14, 357.32
2026/09/15 00:37:06.372, 3, 165494, 100, 14, 376.61
2026/09/15 00:37:07.375, 0, 166513, 100, 14, 329.01
2026/09/15 00:37:07.378, 1, 165814, 100, 14, 364.67
2026/09/15 00:37:07.380, 2, 165814, 100, 14, 353.59
2026/09/15 00:37:07.383, 3, 165494, 100, 14, 378.70
2026/09/15 00:37:08.386, 0, 166513, 28, 4, 327.95
2026/09/15 00:37:08.389, 1, 165814, 67, 5, 361.94
2026/09/15 00:37:08.392, 2, 165814, 77, 3, 361.91
2026/09/15 00:37:08.395, 3, 165494, 82, 5, 375.78
2026/09/15 00:37:09.398, 0, 166513, 100, 14, 336.01
2026/09/15 00:37:09.402, 1, 165814, 100, 14, 335.90
2026/09/15 00:37:09.405, 2, 165814, 100, 14, 321.25
2026/09/15 00:37:09.407, 3, 165494, 100, 14, 338.27
2026/09/15 00:37:10.410, 0, 166513, 100, 14, 329.04
2026/09/15 00:37:10.414, 1, 165814, 100, 14, 347.88
2026/09/15 00:37:10.416, 2, 165814, 100, 14, 360.39
2026/09/15 00:37:10.419, 3, 165494, 100, 14, 377.81
2026/09/15 00:37:11.422, 0, 166513, 100, 14, 328.14
2026/09/15 00:37:11.425, 1, 165814, 100, 14, 349.60
2026/09/15 00:37:11.428, 2, 165814, 100, 14, 357.58
2026/09/15 00:37:11.431, 3, 165494, 100, 14, 375.78
2026/09/15 00:37:12.434, 0, 166513, 22, 2, 331.48
2026/09/15 00:37:12.437, 1, 165814, 67, 9, 325.08
2026/09/15 00:37:12.440, 2, 165814, 76, 2, 356.68
2026/09/15 00:37:12.443, 3, 165494, 93, 10, 377.85
2026/09/15 00:37:13.446, 0, 166513, 99, 14, 337.59
2026/09/15 00:37:13.449, 1, 165814, 99, 14, 334.75
2026/09/15 00:37:13.452, 2, 165814, 99, 14, 322.08
2026/09/15 00:37:13.455, 3, 165494, 100, 14, 336.04
2026/09/15 00:37:14.458, 0, 166513, 100, 14, 333.11
2026/09/15 00:37:14.461, 1, 165814, 99, 14, 325.54
2026/09/15 00:37:14.464, 2, 165814, 100, 14, 354.15
2026/09/15 00:37:14.467, 3, 165494, 100, 14, 374.53
2026/09/15 00:37:15.470, 0, 166513, 100, 14, 360.56
2026/09/15 00:37:15.473, 1, 165814, 100, 14, 326.88
2026/09/15 00:37:15.476, 2, 165814, 100, 14, 357.10
2026/09/15 00:37:15.479, 3, 165494, 100, 14, 373.83
2026/09/15 00:37:16.482, 0, 166513, 54, 2, 358.76
2026/09/15 00:37:16.485, 1, 165814, 48, 6, 326.40
2026/09/15 00:37:16.488, 2, 165814, 72, 3, 356.51
2026/09/15 00:37:16.491, 3, 165494, 87, 6, 377.59
2026/09/15 00:37:17.494, 0, 166513, 100, 14, 335.81
2026/09/15 00:37:17.497, 1, 165814, 100, 14, 335.22
2026/09/15 00:37:17.500, 2, 165814, 100, 14, 322.09
2026/09/15 00:37:17.503, 3, 165494, 100, 14, 336.46
2026/09/15 00:37:18.506, 0, 166513, 100, 14, 358.29
2026/09/15 00:37:18.509, 1, 165814, 100, 14, 326.18
2026/09/15 00:37:18.512, 2, 165814, 100, 14, 356.26
2026/09/15 00:37:18.515, 3, 165494, 100, 14, 375.76
2026/09/15 00:37:19.518, 0, 166513, 100, 14, 355.61
2026/09/15 00:37:19.521, 1, 165814, 100, 14, 327.18
2026/09/15 00:37:19.524, 2, 165814, 100, 14, 358.78
2026/09/15 00:37:19.527, 3, 165494, 100, 14, 378.07
2026/09/15 00:37:20.530, 0, 166513, 100, 14, 357.32
2026/09/15 00:37:20.533, 1, 165814, 18, 2, 326.38
2026/09/15 00:37:20.536, 2, 165814, 80, 7, 356.14
2026/09/15 00:37:20.539, 3, 165494, 82, 2, 376.17
2026/09/15 00:37:21.542, 0, 166513, 100, 14, 336.91
2026/09/15 00:37:21.545, 1, 165814, 100, 14, 336.62
2026/09/15 00:37:21.548, 2, 165814, 99, 14, 324.13
2026/09/15 00:37:21.551, 3, 165494, 100, 14, 337.95
2026/09/15 00:37:22.554, 0, 166513, 100, 14, 350.74
2026/09/15 00:37:22.557, 1, 165814, 99, 14, 326.21
2026/09/15 00:37:22.560, 2, 165814, 100, 14, 360.29
2026/09/15 00:37:22.563, 3, 165494, 100, 14, 376.18
2026/09/15 00:37:23.566, 0, 166513, 100, 14, 353.96
2026/09/15 00:37:23.569, 1, 165814, 99, 14, 325.66
2026/09/15 00:37:23.572, 2, 165814, 100, 14, 357.81
2026/09/15 00:37:23.575, 3, 165494, 100, 14, 374.87
2026/09/15 00:37:24.578, 0, 166513, 88, 10, 351.09
2026/09/15 00:37:24.581, 1, 165814, 18, 2, 327.51
2026/09/15 00:37:24.584, 2, 165814, 90, 9, 353.63
2026/09/15 00:37:24.587, 3, 165494, 80, 2, 375.00
2026/09/15 00:37:25.590, 0, 166513, 100, 14, 338.80
2026/09/15 00:37:25.594, 1, 165814, 100, 14, 334.90
2026/09/15 00:37:25.596, 2, 165814, 100, 14, 322.46
2026/09/15 00:37:25.599, 3, 165494, 100, 14, 336.08
2026/09/15 00:37:26.602, 0, 166513, 100, 14, 343.69
2026/09/15 00:37:26.606, 1, 165814, 100, 14, 325.70
2026/09/15 00:37:26.608, 2, 165814, 100, 14, 356.45
2026/09/15 00:37:26.611, 3, 165494, 100, 14, 374.01
2026/09/15 00:37:27.615, 0, 166513, 100, 14, 350.20
2026/09/15 00:37:27.618, 1, 165814, 99, 14, 327.23
2026/09/15 00:37:27.621, 2, 165814, 100, 14, 353.13
2026/09/15 00:37:27.624, 3, 165494, 100, 14, 374.72
2026/09/15 00:37:28.627, 0, 166513, 78, 7, 360.72
2026/09/15 00:37:28.630, 1, 165814, 19, 2, 328.49
2026/09/15 00:37:28.633, 2, 165814, 82, 5, 359.25
2026/09/15 00:37:28.636, 3, 165494, 100, 14, 375.12
2026/09/15 00:37:29.639, 0, 166513, 100, 14, 335.92
2026/09/15 00:37:29.642, 1, 165814, 100, 14, 335.33
2026/09/15 00:37:29.645, 2, 165814, 100, 14, 321.87
2026/09/15 00:37:29.648, 3, 165494, 100, 13, 335.81
2026/09/15 00:37:30.651, 0, 166513, 100, 14, 347.68
2026/09/15 00:37:30.654, 1, 165814, 100, 14, 325.79
2026/09/15 00:37:30.657, 2, 165814, 100, 14, 352.06
2026/09/15 00:37:30.660, 3, 165494, 100, 13, 375.13
2026/09/15 00:37:31.663, 0, 166513, 100, 14, 352.20
2026/09/15 00:37:31.666, 1, 165814, 99, 14, 326.58
2026/09/15 00:37:31.669, 2, 165814, 100, 14, 355.14
2026/09/15 00:37:31.672, 3, 165494, 100, 14, 373.98
2026/09/15 00:37:32.675, 0, 166513, 57, 2, 351.94
2026/09/15 00:37:32.678, 1, 165814, 94, 13, 326.59
2026/09/15 00:37:32.681, 2, 165814, 70, 2, 352.59
2026/09/15 00:37:32.684, 3, 165494, 96, 13, 373.62
2026/09/15 00:37:33.687, 0, 166513, 100, 14, 336.08
2026/09/15 00:37:33.690, 1, 165814, 99, 14, 334.73
2026/09/15 00:37:33.693, 2, 165814, 100, 14, 324.82
2026/09/15 00:37:33.696, 3, 165494, 100, 14, 337.49
2026/09/15 00:37:34.699, 0, 166513, 100, 14, 345.98
2026/09/15 00:37:34.702, 1, 165814, 99, 14, 325.54
2026/09/15 00:37:34.705, 2, 165814, 99, 14, 356.28
2026/09/15 00:37:34.708, 3, 165494, 100, 14, 373.43
2026/09/15 00:37:35.711, 0, 166513, 100, 14, 353.64
2026/09/15 00:37:35.714, 1, 165814, 99, 14, 326.40
2026/09/15 00:37:35.717, 2, 165814, 100, 14, 356.08
2026/09/15 00:37:35.720, 3, 165494, 100, 14, 373.69
2026/09/15 00:37:36.723, 0, 166513, 32, 2, 340.57
2026/09/15 00:37:36.726, 1, 165814, 66, 9, 328.59
2026/09/15 00:37:36.729, 2, 165814, 73, 2, 355.10
2026/09/15 00:37:36.732, 3, 165494, 89, 8, 374.81
2026/09/15 00:37:37.735, 0, 166513, 100, 14, 337.86
2026/09/15 00:37:37.738, 1, 165814, 100, 14, 335.56
2026/09/15 00:37:37.741, 2, 165814, 100, 14, 322.94
2026/09/15 00:37:37.744, 3, 165494, 100, 14, 337.36
2026/09/15 00:37:38.747, 0, 166513, 100, 14, 357.29
2026/09/15 00:37:38.750, 1, 165814, 100, 14, 324.64
2026/09/15 00:37:38.753, 2, 165814, 100, 14, 360.90
2026/09/15 00:37:38.756, 3, 165494, 100, 14, 377.35
2026/09/15 00:37:39.759, 0, 166513, 100, 14, 356.16
2026/09/15 00:37:39.762, 1, 165814, 100, 14, 326.30
2026/09/15 00:37:39.765, 2, 165814, 99, 14, 355.35
2026/09/15 00:37:39.768, 3, 165494, 99, 14, 377.54
2026/09/15 00:37:40.771, 0, 166513, 100, 14, 357.90
2026/09/15 00:37:40.775, 1, 165814, 37, 5, 326.55
2026/09/15 00:37:40.778, 2, 165814, 100, 14, 354.07
2026/09/15 00:37:40.781, 3, 165494, 84, 4, 372.14
2026/09/15 00:37:41.784, 0, 166513, 100, 14, 337.63
2026/09/15 00:37:41.787, 1, 165814, 100, 14, 333.44
2026/09/15 00:37:41.790, 2, 165814, 100, 14, 322.63
2026/09/15 00:37:41.793, 3, 165494, 100, 14, 337.01
2026/09/15 00:37:42.796, 0, 166513, 100, 14, 354.79
2026/09/15 00:37:42.799, 1, 165814, 99, 14, 326.33
2026/09/15 00:37:42.802, 2, 165814, 100, 14, 358.50
2026/09/15 00:37:42.805, 3, 165494, 100, 14, 374.14
2026/09/15 00:37:43.808, 0, 166513, 99, 14, 352.57
2026/09/15 00:37:43.811, 1, 165814, 100, 14, 326.93
2026/09/15 00:37:43.814, 2, 165814, 100, 14, 355.30
2026/09/15 00:37:43.817, 3, 165494, 100, 14, 375.98
2026/09/15 00:37:44.820, 0, 166513, 95, 12, 361.06
2026/09/15 00:37:44.823, 1, 165814, 18, 2, 326.00
2026/09/15 00:37:44.826, 2, 165814, 94, 11, 356.97
2026/09/15 00:37:44.829, 3, 165494, 100, 14, 375.51
2026/09/15 00:37:45.832, 0, 166513, 100, 14, 337.52
2026/09/15 00:37:45.835, 1, 165814, 99, 14, 335.59
2026/09/15 00:37:45.838, 2, 165814, 100, 14, 323.23
2026/09/15 00:37:45.841, 3, 165494, 99, 14, 337.98
2026/09/15 00:37:46.844, 0, 166513, 100, 14, 355.15
2026/09/15 00:37:46.847, 1, 165814, 99, 14, 326.50
2026/09/15 00:37:46.850, 2, 165814, 100, 14, 356.73
2026/09/15 00:37:46.853, 3, 165494, 100, 14, 374.43
2026/09/15 00:37:47.856, 0, 166513, 100, 14, 352.12
2026/09/15 00:37:47.859, 1, 165814, 99, 14, 323.76
2026/09/15 00:37:47.862, 2, 165814, 99, 14, 359.05
2026/09/15 00:37:47.865, 3, 165494, 100, 14, 374.20
2026/09/15 00:37:48.868, 0, 166513, 82, 8, 362.43
2026/09/15 00:37:48.871, 1, 165814, 18, 2, 325.77
2026/09/15 00:37:48.874, 2, 165814, 87, 8, 358.39
2026/09/15 00:37:48.877, 3, 165494, 100, 14, 373.75
2026/09/15 00:37:49.880, 0, 166513, 99, 14, 337.37
2026/09/15 00:37:49.884, 1, 165814, 100, 14, 332.60
2026/09/15 00:37:49.886, 2, 165814, 100, 14, 324.93
2026/09/15 00:37:49.889, 3, 165494, 100, 14, 335.59
2026/09/15 00:37:50.892, 0, 166513, 100, 14, 355.07
2026/09/15 00:37:50.896, 1, 165814, 100, 14, 325.78
2026/09/15 00:37:50.899, 2, 165814, 100, 14, 353.40
2026/09/15 00:37:50.902, 3, 165494, 100, 14, 376.49
2026/09/15 00:37:51.905, 0, 166513, 99, 14, 354.72
2026/09/15 00:37:51.908, 1, 165814, 100, 14, 326.48
2026/09/15 00:37:51.911, 2, 165814, 100, 14, 349.47
2026/09/15 00:37:51.913, 3, 165494, 100, 14, 371.77
2026/09/15 00:37:52.916, 0, 166513, 71, 4, 352.70
2026/09/15 00:37:52.920, 1, 165814, 100, 14, 327.92
2026/09/15 00:37:52.923, 2, 165814, 75, 3, 359.10
2026/09/15 00:37:52.926, 3, 165494, 100, 14, 375.76
2026/09/15 00:37:53.928, 0, 166513, 100, 14, 336.71
2026/09/15 00:37:53.932, 1, 165814, 100, 14, 335.28
2026/09/15 00:37:53.935, 2, 165814, 100, 14, 322.92
2026/09/15 00:37:53.937, 3, 165494, 100, 14, 344.14
2026/09/15 00:37:54.941, 0, 166513, 100, 14, 354.64
2026/09/15 00:37:54.944, 1, 165814, 100, 14, 326.84
2026/09/15 00:37:54.947, 2, 165814, 100, 14, 357.18
2026/09/15 00:37:54.950, 3, 165494, 100, 14, 373.18
2026/09/15 00:37:55.953, 0, 166513, 100, 14, 355.28
2026/09/15 00:37:55.956, 1, 165814, 100, 14, 326.85
2026/09/15 00:37:55.959, 2, 165814, 100, 14, 354.77
2026/09/15 00:37:55.962, 3, 165494, 100, 14, 372.49
2026/09/15 00:37:56.965, 0, 166513, 100, 14, 348.54
2026/09/15 00:37:56.968, 1, 165814, 81, 11, 326.13
2026/09/15 00:37:56.971, 2, 165814, 100, 14, 354.15
2026/09/15 00:37:56.974, 3, 165494, 94, 11, 377.02
2026/09/15 00:37:57.977, 0, 166513, 100, 14, 338.71
2026/09/15 00:37:57.980, 1, 165814, 100, 14, 335.20
2026/09/15 00:37:57.983, 2, 165814, 100, 14, 336.89
2026/09/15 00:37:57.986, 3, 165494, 100, 14, 336.43
2026/09/15 00:37:58.989, 0, 166513, 100, 14, 359.50
2026/09/15 00:37:58.993, 1, 165814, 100, 14, 327.96
2026/09/15 00:37:58.996, 2, 165814, 100, 14, 348.84
2026/09/15 00:37:58.999, 3, 165494, 100, 14, 377.33
2026/09/15 00:38:00.002, 0, 166513, 100, 14, 355.04
2026/09/15 00:38:00.005, 1, 165814, 100, 14, 324.49
2026/09/15 00:38:00.008, 2, 165814, 100, 14, 357.88
2026/09/15 00:38:00.011, 3, 165494, 100, 14, 376.84
2026/09/15 00:38:01.014, 0, 166513, 100, 14, 359.68
2026/09/15 00:38:01.017, 1, 165814, 50, 7, 325.86
2026/09/15 00:38:01.020, 2, 165814, 100, 14, 357.25
2026/09/15 00:38:01.023, 3, 165494, 100, 14, 374.77
2026/09/15 00:38:02.026, 0, 166513, 100, 14, 337.39
2026/09/15 00:38:02.029, 1, 165814, 100, 14, 333.13
2026/09/15 00:38:02.032, 2, 165814, 100, 14, 324.20
2026/09/15 00:38:02.035, 3, 165494, 87, 8, 351.13
2026/09/15 00:38:03.038, 0, 166513, 99, 14, 349.53
2026/09/15 00:38:03.041, 1, 165814, 99, 14, 329.15
2026/09/15 00:38:03.044, 2, 165814, 99, 14, 359.96
2026/09/15 00:38:03.047, 3, 165494, 100, 14, 357.13
2026/09/15 00:38:04.050, 0, 166513, 100, 14, 350.90
2026/09/15 00:38:04.053, 1, 165814, 100, 14, 326.02
2026/09/15 00:38:04.056, 2, 165814, 100, 14, 351.82
2026/09/15 00:38:04.059, 3, 165494, 100, 14, 375.15
2026/09/15 00:38:05.062, 0, 166513, 100, 14, 346.98
2026/09/15 00:38:05.066, 1, 165814, 22, 3, 325.53
2026/09/15 00:38:05.068, 2, 165814, 98, 13, 355.68
2026/09/15 00:38:05.071, 3, 165494, 100, 14, 374.91
2026/09/15 00:38:06.075, 0, 166513, 100, 14, 336.26
2026/09/15 00:38:06.078, 1, 165814, 100, 14, 333.27
2026/09/15 00:38:06.081, 2, 165814, 100, 14, 339.46
2026/09/15 00:38:06.084, 3, 165494, 93, 12, 342.85
2026/09/15 00:38:07.087, 0, 166513, 100, 14, 348.26
2026/09/15 00:38:07.090, 1, 165814, 100, 14, 330.13
2026/09/15 00:38:07.093, 2, 165814, 100, 14, 340.95
2026/09/15 00:38:07.096, 3, 165494, 100, 14, 372.39
2026/09/15 00:38:08.099, 0, 166513, 100, 14, 361.44
2026/09/15 00:38:08.102, 1, 165814, 100, 14, 325.93
2026/09/15 00:38:08.105, 2, 165814, 100, 14, 357.62
2026/09/15 00:38:08.108, 3, 165494, 100, 14, 376.70
2026/09/15 00:38:09.111, 0, 166513, 88, 10, 358.23
2026/09/15 00:38:09.115, 1, 165814, 100, 14, 325.13
2026/09/15 00:38:09.118, 2, 165814, 89, 9, 356.07
2026/09/15 00:38:09.120, 3, 165494, 100, 14, 375.92
2026/09/15 00:38:10.124, 0, 166513, 100, 14, 338.61
2026/09/15 00:38:10.127, 1, 165814, 100, 14, 330.65
2026/09/15 00:38:10.130, 2, 165814, 100, 14, 330.04
2026/09/15 00:38:10.133, 3, 165494, 100, 14, 361.09
2026/09/15 00:38:11.136, 0, 166513, 100, 14, 352.46
2026/09/15 00:38:11.139, 1, 165814, 100, 14, 328.05
2026/09/15 00:38:11.142, 2, 165814, 100, 14, 353.48
2026/09/15 00:38:11.145, 3, 165494, 100, 14, 350.38
2026/09/15 00:38:12.148, 0, 166513, 0, 0, 255.10
2026/09/15 00:38:12.152, 1, 165814, 0, 0, 256.71
2026/09/15 00:38:12.155, 2, 165814, 0, 0, 248.34
2026/09/15 00:38:12.158, 3, 165494, 0, 0, 259.31
2026/09/15 00:38:13.161, 0, 166513, 0, 0, 228.41
2026/09/15 00:38:13.165, 1, 165814, 0, 0, 227.27
2026/09/15 00:38:13.168, 2, 165814, 0, 0, 217.73
2026/09/15 00:38:13.171, 3, 165494, 0, 0, 232.64
2026/09/15 00:38:14.174, 0, 166513, 0, 0, 228.40
2026/09/15 00:38:14.177, 1, 165814, 0, 0, 227.11
2026/09/15 00:38:14.180, 2, 165814, 0, 0, 216.90
2026/09/15 00:38:14.183, 3, 165494, 0, 0, 232.64
2026/09/15 00:38:15.186, 0, 166513, 0, 0, 228.41
2026/09/15 00:38:15.189, 1, 165814, 0, 0, 227.27
2026/09/15 00:38:15.192, 2, 165814, 0, 0, 215.99
2026/09/15 00:38:15.195, 3, 165494, 0, 0, 232.68
2026/09/15 00:38:16.198, 0, 166513, 0, 0, 228.49
2026/09/15 00:38:16.201, 1, 165814, 0, 0, 227.27
2026/09/15 00:38:16.204, 2, 165814, 0, 0, 216.15
2026/09/15 00:38:16.207, 3, 165494, 0, 0, 232.64
2026/09/15 00:38:17.210, 0, 166513, 0, 0, 228.41
2026/09/15 00:38:17.214, 1, 165814, 0, 0, 227.27
2026/09/15 00:38:17.217, 2, 165814, 0, 0, 215.62
2026/09/15 00:38:17.219, 3, 165494, 0, 0, 232.64
2026/09/15 00:38:18.222, 0, 166513, 0, 0, 228.41
2026/09/15 00:38:18.226, 1, 165814, 0, 0, 227.27
2026/09/15 00:38:18.229, 2, 165814, 0, 0, 215.53
2026/09/15 00:38:18.232, 3, 165494, 0, 0, 232.63
2026/09/15 00:38:19.235, 0, 166513, 0, 0, 228.41
2026/09/15 00:38:19.238, 1, 165814, 0, 0, 227.27
2026/09/15 00:38:19.241, 2, 165814, 0, 0, 215.54
2026/09/15 00:38:19.244, 3, 165494, 0, 0, 232.64
2026/09/15 00:38:20.247, 0, 166513, 0, 0, 228.41
2026/09/15 00:38:20.251, 1, 165814, 0, 0, 227.27
2026/09/15 00:38:20.253, 2, 165814, 0, 0, 215.54
2026/09/15 00:38:20.256, 3, 165494, 0, 0, 232.63
2026/09/15 00:38:21.259, 0, 166513, 0, 0, 228.41
2026/09/15 00:38:21.263, 1, 165814, 0, 0, 227.27
2026/09/15 00:38:21.266, 2, 165814, 0, 0, 215.54
2026/09/15 00:38:21.269, 3, 165494, 0, 0, 232.63
2026/09/15 00:38:22.272, 0, 166513, 0, 0, 228.41
2026/09/15 00:38:22.276, 1, 165814, 0, 0, 227.27
2026/09/15 00:38:22.278, 2, 165814, 0, 0, 215.54
2026/09/15 00:38:22.281, 3, 165494, 0, 0, 232.64
2026/09/15 00:38:23.284, 0, 166513, 0, 0, 228.41
2026/09/15 00:38:23.288, 1, 165814, 0, 0, 227.27
2026/09/15 00:38:23.291, 2, 165814, 0, 0, 215.61
2026/09/15 00:38:23.294, 3, 165494, 0, 0, 232.64
2026/09/15 00:38:24.297, 0, 166513, 0, 0, 229.55
2026/09/15 00:38:24.301, 1, 165814, 0, 0, 227.27
2026/09/15 00:38:24.303, 2, 165814, 0, 0, 234.22
2026/09/15 00:38:24.306, 3, 165494, 0, 0, 237.10
2026/09/15 00:38:25.309, 0, 166343, 0, 0, 252.56
2026/09/15 00:38:25.313, 1, 165644, 0, 0, 269.89
2026/09/15 00:38:25.315, 2, 165644, 0, 0, 276.11
2026/09/15 00:38:25.318, 3, 165324, 0, 0, 302.98
2026/09/15 00:38:26.321, 0, 166513, 100, 14, 294.56
2026/09/15 00:38:26.324, 1, 165814, 100, 14, 324.11
2026/09/15 00:38:26.327, 2, 165814, 100, 14, 327.35
2026/09/15 00:38:26.330, 3, 165494, 100, 14, 343.15
2026/09/15 00:38:27.333, 0, 166513, 77, 10, 332.47
2026/09/15 00:38:27.336, 1, 165814, 100, 14, 326.51
2026/09/15 00:38:27.339, 2, 165814, 88, 9, 357.78
2026/09/15 00:38:27.342, 3, 165494, 100, 14, 373.15
2026/09/15 00:38:28.344, 0, 166513, 100, 14, 333.44
2026/09/15 00:38:28.348, 1, 165814, 29, 4, 332.20
2026/09/15 00:38:28.350, 2, 165814, 100, 14, 331.24
2026/09/15 00:38:28.353, 3, 165494, 100, 14, 360.49
2026/09/15 00:38:29.356, 0, 166513, 100, 14, 334.47
2026/09/15 00:38:29.359, 1, 165814, 100, 14, 329.20
2026/09/15 00:38:29.362, 2, 165814, 100, 14, 353.01
2026/09/15 00:38:29.365, 3, 165494, 100, 14, 354.70
2026/09/15 00:38:30.368, 0, 166513, 100, 14, 327.36
2026/09/15 00:38:30.371, 1, 165814, 100, 14, 348.15
2026/09/15 00:38:30.374, 2, 165814, 100, 14, 357.22
2026/09/15 00:38:30.377, 3, 165494, 100, 14, 377.25
2026/09/15 00:38:31.380, 0, 166513, 100, 14, 328.81
2026/09/15 00:38:31.383, 1, 165814, 99, 14, 354.63
2026/09/15 00:38:31.386, 2, 165814, 100, 14, 357.26
2026/09/15 00:38:31.389, 3, 165494, 100, 14, 376.41
2026/09/15 00:38:32.392, 0, 166513, 59, 8, 332.34
2026/09/15 00:38:32.395, 1, 165814, 59, 8, 333.19
2026/09/15 00:38:32.398, 2, 165814, 85, 9, 347.99
2026/09/15 00:38:32.400, 3, 165494, 100, 14, 351.60
2026/09/15 00:38:33.403, 0, 166513, 100, 14, 331.07
2026/09/15 00:38:33.406, 1, 165814, 100, 14, 349.82
2026/09/15 00:38:33.409, 2, 165814, 99, 14, 337.62
2026/09/15 00:38:33.412, 3, 165494, 100, 14, 362.03
2026/09/15 00:38:34.415, 0, 166513, 100, 14, 326.40
2026/09/15 00:38:34.418, 1, 165814, 100, 14, 360.59
2026/09/15 00:38:34.421, 2, 165814, 100, 14, 354.06
2026/09/15 00:38:34.423, 3, 165494, 100, 14, 371.15
2026/09/15 00:38:35.426, 0, 166513, 100, 14, 328.61
2026/09/15 00:38:35.429, 1, 165814, 100, 14, 363.65
2026/09/15 00:38:35.432, 2, 165814, 100, 14, 358.10
2026/09/15 00:38:35.435, 3, 165494, 100, 14, 375.11
2026/09/15 00:38:36.438, 0, 166513, 88, 12, 333.96
2026/09/15 00:38:36.441, 1, 165814, 90, 12, 328.75
2026/09/15 00:38:36.444, 2, 165814, 95, 13, 335.80
2026/09/15 00:38:36.446, 3, 165494, 79, 2, 366.54
2026/09/15 00:38:37.449, 0, 166513, 100, 14, 335.00
2026/09/15 00:38:37.453, 1, 165814, 100, 14, 329.57
2026/09/15 00:38:37.456, 2, 165814, 100, 14, 346.77
2026/09/15 00:38:37.458, 3, 165494, 100, 14, 347.41
2026/09/15 00:38:38.461, 0, 166513, 100, 14, 329.64
2026/09/15 00:38:38.465, 1, 165814, 100, 14, 338.32
2026/09/15 00:38:38.467, 2, 165814, 100, 14, 356.92
2026/09/15 00:38:38.470, 3, 165494, 100, 14, 374.91
2026/09/15 00:38:39.473, 0, 166513, 100, 14, 328.51
2026/09/15 00:38:39.476, 1, 165814, 100, 14, 358.86
2026/09/15 00:38:39.479, 2, 165814, 100, 14, 358.57
2026/09/15 00:38:39.482, 3, 165494, 100, 14, 375.37
2026/09/15 00:38:40.485, 0, 166513, 100, 14, 330.98
2026/09/15 00:38:40.488, 1, 165814, 100, 14, 332.15
2026/09/15 00:38:40.491, 2, 165814, 100, 14, 360.42
2026/09/15 00:38:40.494, 3, 165494, 83, 6, 360.67
2026/09/15 00:38:41.496, 0, 166513, 100, 14, 333.38
2026/09/15 00:38:41.500, 1, 165814, 100, 14, 350.42
2026/09/15 00:38:41.503, 2, 165814, 100, 14, 329.99
2026/09/15 00:38:41.505, 3, 165494, 100, 14, 356.53
2026/09/15 00:38:42.508, 0, 166513, 100, 14, 329.27
2026/09/15 00:38:42.512, 1, 165814, 100, 14, 360.38
2026/09/15 00:38:42.514, 2, 165814, 100, 14, 362.25
2026/09/15 00:38:42.517, 3, 165494, 100, 14, 374.10
2026/09/15 00:38:43.520, 0, 166513, 100, 14, 329.05
2026/09/15 00:38:43.524, 1, 165814, 100, 14, 366.06
2026/09/15 00:38:43.527, 2, 165814, 100, 14, 364.49
2026/09/15 00:38:43.529, 3, 165494, 100, 14, 374.05
2026/09/15 00:38:44.532, 0, 166513, 100, 14, 331.65
2026/09/15 00:38:44.536, 1, 165814, 69, 2, 359.11
2026/09/15 00:38:44.538, 2, 165814, 100, 14, 353.62
2026/09/15 00:38:44.541, 3, 165494, 89, 10, 377.00
2026/09/15 00:38:45.544, 0, 166513, 100, 14, 332.13
2026/09/15 00:38:45.547, 1, 165814, 99, 14, 343.46
2026/09/15 00:38:45.550, 2, 165814, 99, 14, 338.51
2026/09/15 00:38:45.553, 3, 165494, 100, 14, 342.56
2026/09/15 00:38:46.556, 0, 166513, 100, 14, 331.29
2026/09/15 00:38:46.559, 1, 165814, 100, 14, 326.09
2026/09/15 00:38:46.562, 2, 165814, 99, 14, 362.82
2026/09/15 00:38:46.565, 3, 165494, 100, 14, 376.87
2026/09/15 00:38:47.568, 0, 166513, 100, 14, 328.75
2026/09/15 00:38:47.571, 1, 165814, 99, 14, 354.72
2026/09/15 00:38:47.574, 2, 165814, 94, 11, 361.50
2026/09/15 00:38:47.577, 3, 165494, 99, 14, 372.28
2026/09/15 00:38:48.580, 0, 166513, 18, 2, 329.82
2026/09/15 00:38:48.583, 1, 165814, 51, 2, 345.16
2026/09/15 00:38:48.586, 2, 165814, 80, 3, 362.25
2026/09/15 00:38:48.589, 3, 165494, 100, 14, 372.32
2026/09/15 00:38:49.592, 0, 166513, 100, 14, 334.32
2026/09/15 00:38:49.595, 1, 165814, 100, 14, 345.62
2026/09/15 00:38:49.598, 2, 165814, 100, 14, 325.25
2026/09/15 00:38:49.601, 3, 165494, 100, 14, 342.16
2026/09/15 00:38:50.604, 0, 166513, 100, 14, 330.77
2026/09/15 00:38:50.607, 1, 165814, 100, 14, 325.22
2026/09/15 00:38:50.610, 2, 165814, 100, 14, 364.54
2026/09/15 00:38:50.613, 3, 165494, 100, 14, 377.08
2026/09/15 00:38:51.616, 0, 166513, 100, 14, 331.18
2026/09/15 00:38:51.619, 1, 165814, 100, 14, 338.17
2026/09/15 00:38:51.622, 2, 165814, 100, 14, 364.91
2026/09/15 00:38:51.625, 3, 165494, 100, 14, 375.81
2026/09/15 00:38:52.628, 0, 166513, 43, 6, 330.39
2026/09/15 00:38:52.631, 1, 165814, 67, 6, 360.42
2026/09/15 00:38:52.634, 2, 165814, 83, 7, 359.31
2026/09/15 00:38:52.637, 3, 165494, 100, 14, 364.36
2026/09/15 00:38:53.640, 0, 166513, 100, 14, 335.01
2026/09/15 00:38:53.643, 1, 165814, 99, 14, 337.87
2026/09/15 00:38:53.646, 2, 165814, 100, 14, 330.79
2026/09/15 00:38:53.649, 3, 165494, 100, 14, 336.08
2026/09/15 00:38:54.652, 0, 166513, 100, 14, 327.94
2026/09/15 00:38:54.655, 1, 165814, 100, 14, 358.04
2026/09/15 00:38:54.658, 2, 165814, 100, 14, 363.22
2026/09/15 00:38:54.661, 3, 165494, 100, 14, 376.44
2026/09/15 00:38:55.664, 0, 166513, 100, 14, 331.81
2026/09/15 00:38:55.667, 1, 165814, 100, 14, 325.07
2026/09/15 00:38:55.670, 2, 165814, 100, 14, 362.64
2026/09/15 00:38:55.673, 3, 165494, 100, 14, 375.17
2026/09/15 00:38:56.676, 0, 166513, 74, 10, 328.04
2026/09/15 00:38:56.679, 1, 165814, 78, 10, 354.22
2026/09/15 00:38:56.682, 2, 165814, 91, 11, 349.43
2026/09/15 00:38:56.685, 3, 165494, 81, 2, 371.37
2026/09/15 00:38:57.688, 0, 166513, 100, 14, 336.18
2026/09/15 00:38:57.691, 1, 165814, 100, 14, 342.47
2026/09/15 00:38:57.694, 2, 165814, 100, 14, 321.92
2026/09/15 00:38:57.697, 3, 165494, 100, 13, 336.01
2026/09/15 00:38:58.700, 0, 166513, 100, 14, 327.86
2026/09/15 00:38:58.703, 1, 165814, 100, 14, 359.39
2026/09/15 00:38:58.706, 2, 165814, 100, 14, 364.11
2026/09/15 00:38:58.709, 3, 165494, 100, 14, 375.12
2026/09/15 00:38:59.712, 0, 166513, 100, 14, 329.02
2026/09/15 00:38:59.715, 1, 165814, 100, 14, 364.03
2026/09/15 00:38:59.718, 2, 165814, 100, 14, 362.58
2026/09/15 00:38:59.721, 3, 165494, 100, 14, 379.03
2026/09/15 00:39:00.724, 0, 166513, 100, 14, 329.87
2026/09/15 00:39:00.727, 1, 165814, 73, 5, 362.20
2026/09/15 00:39:00.730, 2, 165814, 100, 14, 364.77
2026/09/15 00:39:00.733, 3, 165494, 81, 4, 366.56
2026/09/15 00:39:01.736, 0, 166513, 100, 14, 335.08
2026/09/15 00:39:01.739, 1, 165814, 100, 14, 336.19
2026/09/15 00:39:01.742, 2, 165814, 100, 14, 325.96
2026/09/15 00:39:01.745, 3, 165494, 100, 14, 337.65
2026/09/15 00:39:02.748, 0, 166513, 100, 14, 328.34
2026/09/15 00:39:02.751, 1, 165814, 100, 14, 350.34
2026/09/15 00:39:02.754, 2, 165814, 100, 14, 363.11
2026/09/15 00:39:02.757, 3, 165494, 100, 14, 374.51
2026/09/15 00:39:03.760, 0, 166513, 100, 14, 328.69
2026/09/15 00:39:03.763, 1, 165814, 100, 14, 359.87
2026/09/15 00:39:03.766, 2, 165814, 100, 14, 359.40
2026/09/15 00:39:03.769, 3, 165494, 100, 14, 376.85
2026/09/15 00:39:04.772, 0, 166513, 18, 2, 328.35
2026/09/15 00:39:04.775, 1, 165814, 65, 2, 361.24
2026/09/15 00:39:04.778, 2, 165814, 100, 14, 356.86
2026/09/15 00:39:04.781, 3, 165494, 87, 9, 374.08
2026/09/15 00:39:05.784, 0, 166513, 100, 14, 336.77
2026/09/15 00:39:05.787, 1, 165814, 100, 14, 338.23
2026/09/15 00:39:05.790, 2, 165814, 100, 14, 320.89
2026/09/15 00:39:05.793, 3, 165494, 100, 14, 336.24
2026/09/15 00:39:06.796, 0, 166513, 100, 14, 329.25
2026/09/15 00:39:06.799, 1, 165814, 100, 14, 358.24
2026/09/15 00:39:06.802, 2, 165814, 100, 14, 363.01
2026/09/15 00:39:06.805, 3, 165494, 100, 14, 377.51
2026/09/15 00:39:07.808, 0, 166513, 100, 14, 327.69
2026/09/15 00:39:07.811, 1, 165814, 100, 14, 352.47
2026/09/15 00:39:07.814, 2, 165814, 100, 14, 366.08
2026/09/15 00:39:07.817, 3, 165494, 99, 14, 374.44
2026/09/15 00:39:08.820, 0, 166513, 17, 2, 328.21
2026/09/15 00:39:08.823, 1, 165814, 65, 2, 363.95
2026/09/15 00:39:08.826, 2, 165814, 84, 2, 365.39
2026/09/15 00:39:08.829, 3, 165494, 95, 13, 374.14
2026/09/15 00:39:09.832, 0, 166513, 100, 14, 336.10
2026/09/15 00:39:09.835, 1, 165814, 100, 14, 335.09
2026/09/15 00:39:09.838, 2, 165814, 100, 14, 323.04
2026/09/15 00:39:09.841, 3, 165494, 100, 14, 343.62
2026/09/15 00:39:10.844, 0, 166513, 100, 14, 327.55
2026/09/15 00:39:10.847, 1, 165814, 99, 14, 358.47
2026/09/15 00:39:10.850, 2, 165814, 100, 14, 364.40
2026/09/15 00:39:10.853, 3, 165494, 100, 14, 377.91
2026/09/15 00:39:11.856, 0, 166513, 100, 14, 331.55
2026/09/15 00:39:11.859, 1, 165814, 100, 14, 324.11
2026/09/15 00:39:11.862, 2, 165814, 100, 14, 360.19
2026/09/15 00:39:11.865, 3, 165494, 100, 14, 375.63
2026/09/15 00:39:12.867, 0, 166513, 34, 4, 329.22
2026/09/15 00:39:12.871, 1, 165814, 71, 5, 363.28
2026/09/15 00:39:12.874, 2, 165814, 81, 3, 360.97
2026/09/15 00:39:12.876, 3, 165494, 79, 3, 375.89
2026/09/15 00:39:13.879, 0, 166513, 100, 14, 336.72
2026/09/15 00:39:13.883, 1, 165814, 100, 14, 336.02
2026/09/15 00:39:13.886, 2, 165814, 100, 14, 322.76
2026/09/15 00:39:13.888, 3, 165494, 100, 14, 335.65
2026/09/15 00:39:14.891, 0, 166513, 100, 14, 329.08
2026/09/15 00:39:14.895, 1, 165814, 100, 14, 361.52
2026/09/15 00:39:14.897, 2, 165814, 100, 14, 361.91
2026/09/15 00:39:14.900, 3, 165494, 100, 14, 373.04
2026/09/15 00:39:15.903, 0, 166513, 99, 14, 327.55
2026/09/15 00:39:15.907, 1, 165814, 100, 14, 357.03
2026/09/15 00:39:15.909, 2, 165814, 100, 14, 361.36
2026/09/15 00:39:15.912, 3, 165494, 100, 14, 375.24
2026/09/15 00:39:16.915, 0, 166513, 68, 9, 328.34
2026/09/15 00:39:16.918, 1, 165814, 72, 9, 352.60
2026/09/15 00:39:16.921, 2, 165814, 82, 2, 362.99
2026/09/15 00:39:16.924, 3, 165494, 81, 2, 376.21
2026/09/15 00:39:17.927, 0, 166513, 100, 14, 335.16
2026/09/15 00:39:17.930, 1, 165814, 99, 14, 334.43
2026/09/15 00:39:17.933, 2, 165814, 100, 14, 322.49
2026/09/15 00:39:17.936, 3, 165494, 100, 14, 337.64
2026/09/15 00:39:18.939, 0, 166513, 100, 14, 327.98
2026/09/15 00:39:18.942, 1, 165814, 100, 14, 352.50
2026/09/15 00:39:18.945, 2, 165814, 100, 14, 359.51
2026/09/15 00:39:18.948, 3, 165494, 100, 14, 371.96
2026/09/15 00:39:19.951, 0, 166513, 100, 14, 328.65
2026/09/15 00:39:19.954, 1, 165814, 100, 14, 344.67
2026/09/15 00:39:19.957, 2, 165814, 100, 14, 364.16
2026/09/15 00:39:19.960, 3, 165494, 100, 14, 376.39
2026/09/15 00:39:20.963, 0, 166513, 98, 14, 331.07
2026/09/15 00:39:20.966, 1, 165814, 45, 6, 326.46
2026/09/15 00:39:20.969, 2, 165814, 79, 3, 361.94
2026/09/15 00:39:20.972, 3, 165494, 78, 3, 375.39
2026/09/15 00:39:21.975, 0, 166513, 100, 14, 335.98
2026/09/15 00:39:21.978, 1, 165814, 100, 14, 337.07
2026/09/15 00:39:21.981, 2, 165814, 100, 14, 322.94
2026/09/15 00:39:21.984, 3, 165494, 100, 14, 336.34
2026/09/15 00:39:22.987, 0, 166513, 100, 14, 328.74
2026/09/15 00:39:22.990, 1, 165814, 100, 14, 359.59
2026/09/15 00:39:22.993, 2, 165814, 100, 14, 363.05
2026/09/15 00:39:22.996, 3, 165494, 100, 14, 379.23
2026/09/15 00:39:23.998, 0, 166513, 100, 14, 331.07
2026/09/15 00:39:24.002, 1, 165814, 100, 14, 325.92
2026/09/15 00:39:24.005, 2, 165814, 100, 14, 361.99
2026/09/15 00:39:24.007, 3, 165494, 100, 14, 375.05
2026/09/15 00:39:25.010, 0, 166513, 18, 2, 328.29
2026/09/15 00:39:25.014, 1, 165814, 67, 2, 356.67
2026/09/15 00:39:25.017, 2, 165814, 96, 13, 364.29
2026/09/15 00:39:25.019, 3, 165494, 86, 7, 373.75
2026/09/15 00:39:26.022, 0, 166513, 100, 14, 337.21
2026/09/15 00:39:26.026, 1, 165814, 99, 14, 337.00
2026/09/15 00:39:26.029, 2, 165814, 99, 14, 325.34
2026/09/15 00:39:26.032, 3, 165494, 100, 14, 336.37
2026/09/15 00:39:27.034, 0, 166513, 100, 14, 326.19
2026/09/15 00:39:27.038, 1, 165814, 100, 14, 364.15
2026/09/15 00:39:27.041, 2, 165814, 99, 14, 363.18
2026/09/15 00:39:27.043, 3, 165494, 100, 14, 377.65
2026/09/15 00:39:28.046, 0, 166513, 100, 14, 328.31
2026/09/15 00:39:28.050, 1, 165814, 100, 14, 357.06
2026/09/15 00:39:28.053, 2, 165814, 100, 14, 363.43
2026/09/15 00:39:28.055, 3, 165494, 100, 14, 377.19
2026/09/15 00:39:29.058, 0, 166513, 17, 2, 329.25
2026/09/15 00:39:29.062, 1, 165814, 62, 2, 356.89
2026/09/15 00:39:29.064, 2, 165814, 90, 8, 362.21
2026/09/15 00:39:29.067, 3, 165494, 90, 8, 378.17
2026/09/15 00:39:30.070, 0, 166513, 100, 14, 336.16
2026/09/15 00:39:30.073, 1, 165814, 100, 14, 334.99
2026/09/15 00:39:30.076, 2, 165814, 100, 14, 325.16
2026/09/15 00:39:30.079, 3, 165494, 100, 14, 336.58
2026/09/15 00:39:31.082, 0, 166513, 100, 14, 326.87
2026/09/15 00:39:31.085, 1, 165814, 100, 14, 358.13
2026/09/15 00:39:31.088, 2, 165814, 100, 14, 363.16
2026/09/15 00:39:31.091, 3, 165494, 100, 14, 377.05
2026/09/15 00:39:32.094, 0, 166513, 100, 14, 328.35
2026/09/15 00:39:32.097, 1, 165814, 100, 14, 361.32
2026/09/15 00:39:32.100, 2, 165814, 100, 14, 362.19
2026/09/15 00:39:32.103, 3, 165494, 100, 14, 371.75
2026/09/15 00:39:33.106, 0, 166513, 25, 3, 328.36
2026/09/15 00:39:33.110, 1, 165814, 66, 3, 363.88
2026/09/15 00:39:33.112, 2, 165814, 82, 4, 363.32
2026/09/15 00:39:33.115, 3, 165494, 77, 4, 371.00
2026/09/15 00:39:34.118, 0, 166513, 100, 14, 336.81
2026/09/15 00:39:34.121, 1, 165814, 100, 14, 335.90
2026/09/15 00:39:34.124, 2, 165814, 100, 14, 324.28
2026/09/15 00:39:34.127, 3, 165494, 100, 14, 337.54
2026/09/15 00:39:35.130, 0, 166513, 99, 14, 328.01
2026/09/15 00:39:35.133, 1, 165814, 100, 14, 359.11
2026/09/15 00:39:35.136, 2, 165814, 100, 14, 359.28
2026/09/15 00:39:35.139, 3, 165494, 100, 14, 371.13
2026/09/15 00:39:36.142, 0, 166513, 100, 14, 329.16
2026/09/15 00:39:36.145, 1, 165814, 100, 14, 355.73
2026/09/15 00:39:36.148, 2, 165814, 100, 14, 361.52
2026/09/15 00:39:36.151, 3, 165494, 100, 14, 369.90
2026/09/15 00:39:37.154, 0, 166513, 56, 8, 328.60
2026/09/15 00:39:37.158, 1, 165814, 95, 12, 364.02
2026/09/15 00:39:37.160, 2, 165814, 79, 2, 361.04
2026/09/15 00:39:37.163, 3, 165494, 75, 2, 371.50
2026/09/15 00:39:38.166, 0, 166513, 100, 14, 335.62
2026/09/15 00:39:38.170, 1, 165814, 100, 14, 336.94
2026/09/15 00:39:38.172, 2, 165814, 100, 14, 324.01
2026/09/15 00:39:38.175, 3, 165494, 100, 14, 337.28
2026/09/15 00:39:39.178, 0, 166513, 100, 14, 330.56
2026/09/15 00:39:39.182, 1, 165814, 99, 14, 328.49
2026/09/15 00:39:39.185, 2, 165814, 100, 14, 360.38
2026/09/15 00:39:39.187, 3, 165494, 100, 14, 369.86
2026/09/15 00:39:40.190, 0, 166513, 100, 14, 330.29
2026/09/15 00:39:40.194, 1, 165814, 100, 14, 353.85
2026/09/15 00:39:40.196, 2, 165814, 100, 14, 362.15
2026/09/15 00:39:40.199, 3, 165494, 100, 14, 371.25
2026/09/15 00:39:41.202, 0, 166513, 59, 8, 329.03
2026/09/15 00:39:41.206, 1, 165814, 83, 8, 359.12
2026/09/15 00:39:41.209, 2, 165814, 100, 14, 361.98
2026/09/15 00:39:41.212, 3, 165494, 74, 2, 369.39
2026/09/15 00:39:42.214, 0, 166513, 100, 14, 336.77
2026/09/15 00:39:42.218, 1, 165814, 100, 14, 335.29
2026/09/15 00:39:42.221, 2, 165814, 100, 14, 324.05
2026/09/15 00:39:42.223, 3, 165494, 100, 14, 337.24
2026/09/15 00:39:43.226, 0, 166513, 100, 14, 328.39
2026/09/15 00:39:43.230, 1, 165814, 100, 14, 359.12
2026/09/15 00:39:43.233, 2, 165814, 100, 14, 361.14
2026/09/15 00:39:43.235, 3, 165494, 100, 14, 370.60
2026/09/15 00:39:44.238, 0, 166513, 100, 14, 327.10
2026/09/15 00:39:44.242, 1, 165814, 99, 14, 347.63
2026/09/15 00:39:44.245, 2, 165814, 99, 14, 361.15
2026/09/15 00:39:44.247, 3, 165494, 100, 14, 370.31
2026/09/15 00:39:45.250, 0, 166513, 29, 4, 327.90
2026/09/15 00:39:45.254, 1, 165814, 71, 4, 353.95
2026/09/15 00:39:45.257, 2, 165814, 100, 14, 362.81
2026/09/15 00:39:45.259, 3, 165494, 76, 6, 369.56
2026/09/15 00:39:46.262, 0, 166513, 100, 14, 336.40
2026/09/15 00:39:46.266, 1, 165814, 100, 14, 335.86
2026/09/15 00:39:46.268, 2, 165814, 100, 14, 322.70
2026/09/15 00:39:46.271, 3, 165494, 100, 14, 336.81
2026/09/15 00:39:47.274, 0, 166513, 100, 14, 327.80
2026/09/15 00:39:47.277, 1, 165814, 100, 14, 344.13
2026/09/15 00:39:47.280, 2, 165814, 100, 14, 362.34
2026/09/15 00:39:47.283, 3, 165494, 100, 14, 368.42
2026/09/15 00:39:48.286, 0, 166513, 100, 14, 329.01
2026/09/15 00:39:48.289, 1, 165814, 100, 14, 362.70
2026/09/15 00:39:48.292, 2, 165814, 100, 14, 361.65
2026/09/15 00:39:48.295, 3, 165494, 100, 14, 372.23
2026/09/15 00:39:49.298, 0, 166513, 18, 2, 328.52
2026/09/15 00:39:49.301, 1, 165814, 63, 2, 358.22
2026/09/15 00:39:49.304, 2, 165814, 92, 10, 361.79
2026/09/15 00:39:49.307, 3, 165494, 91, 10, 370.90
2026/09/15 00:39:50.310, 0, 166513, 100, 14, 335.40
2026/09/15 00:39:50.313, 1, 165814, 100, 14, 335.22
2026/09/15 00:39:50.316, 2, 165814, 100, 14, 323.12
2026/09/15 00:39:50.319, 3, 165494, 100, 14, 336.80
2026/09/15 00:39:51.322, 0, 166513, 100, 14, 326.61
2026/09/15 00:39:51.325, 1, 165814, 99, 14, 364.47
2026/09/15 00:39:51.328, 2, 165814, 100, 14, 361.70
2026/09/15 00:39:51.331, 3, 165494, 100, 14, 370.62
2026/09/15 00:39:52.334, 0, 166513, 0, 0, 269.90
2026/09/15 00:39:52.338, 1, 165814, 0, 0, 274.60
2026/09/15 00:39:52.341, 2, 165814, 0, 0, 254.48
2026/09/15 00:39:52.344, 3, 165494, 0, 0, 274.38
2026/09/15 00:39:53.347, 0, 166513, 0, 0, 228.41
2026/09/15 00:39:53.351, 1, 165814, 0, 0, 227.27
2026/09/15 00:39:53.354, 2, 165814, 0, 0, 216.47
2026/09/15 00:39:53.357, 3, 165494, 0, 0, 232.65
2026/09/15 00:39:54.360, 0, 166513, 0, 0, 228.40
2026/09/15 00:39:54.363, 1, 165814, 0, 0, 227.03
2026/09/15 00:39:54.366, 2, 165814, 0, 0, 216.26
2026/09/15 00:39:54.369, 3, 165494, 0, 0, 232.70
2026/09/15 00:39:55.371, 0, 166513, 0, 0, 228.41
2026/09/15 00:39:55.375, 1, 165814, 0, 0, 227.27
2026/09/15 00:39:55.378, 2, 165814, 0, 0, 215.71
2026/09/15 00:39:55.381, 3, 165494, 0, 0, 232.68
2026/09/15 00:39:56.383, 0, 166513, 0, 0, 228.41
2026/09/15 00:39:56.387, 1, 165814, 0, 0, 227.27
2026/09/15 00:39:56.390, 2, 165814, 0, 0, 215.62
2026/09/15 00:39:56.392, 3, 165494, 0, 0, 232.68
2026/09/15 00:39:57.395, 0, 166513, 0, 0, 228.41
2026/09/15 00:39:57.399, 1, 165814, 0, 0, 227.27
2026/09/15 00:39:57.402, 2, 165814, 0, 0, 215.66
2026/09/15 00:39:57.405, 3, 165494, 0, 0, 232.72
2026/09/15 00:39:58.407, 0, 166513, 0, 0, 228.41
2026/09/15 00:39:58.411, 1, 165814, 0, 0, 227.27
2026/09/15 00:39:58.414, 2, 165814, 0, 0, 215.54
2026/09/15 00:39:58.417, 3, 165494, 0, 0, 232.68
2026/09/15 00:39:59.420, 0, 166513, 0, 0, 228.41
2026/09/15 00:39:59.424, 1, 165814, 0, 0, 227.27
2026/09/15 00:39:59.427, 2, 165814, 0, 0, 215.62
2026/09/15 00:39:59.429, 3, 165494, 0, 0, 232.68
2026/09/15 00:40:00.432, 0, 166513, 0, 0, 228.41
2026/09/15 00:40:00.436, 1, 165814, 0, 0, 227.27
2026/09/15 00:40:00.439, 2, 165814, 0, 0, 215.55
2026/09/15 00:40:00.442, 3, 165494, 0, 0, 232.69
2026/09/15 00:40:01.445, 0, 166513, 0, 0, 228.41
2026/09/15 00:40:01.448, 1, 165814, 0, 0, 227.27
2026/09/15 00:40:01.451, 2, 165814, 0, 0, 215.62
2026/09/15 00:40:01.454, 3, 165494, 0, 0, 232.67
2026/09/15 00:40:02.457, 0, 166513, 0, 0, 228.41
2026/09/15 00:40:02.461, 1, 165814, 0, 0, 227.27
2026/09/15 00:40:02.464, 2, 165814, 0, 0, 215.55
2026/09/15 00:40:02.467, 3, 165494, 0, 0, 232.65
2026/09/15 00:40:03.469, 0, 166513, 0, 0, 228.41
2026/09/15 00:40:03.473, 1, 165814, 0, 0, 227.27
2026/09/15 00:40:03.476, 2, 165814, 0, 0, 215.54
2026/09/15 00:40:03.479, 3, 165494, 0, 0, 232.66
2026/09/15 00:40:04.482, 0, 166513, 0, 0, 232.83
2026/09/15 00:40:04.486, 1, 165814, 0, 0, 228.98
2026/09/15 00:40:04.489, 2, 165814, 0, 0, 215.54
2026/09/15 00:40:04.491, 3, 165494, 0, 0, 247.48
2026/09/15 00:40:05.494, 0, 166343, 0, 0, 250.52
2026/09/15 00:40:05.497, 1, 165644, 0, 0, 267.91
2026/09/15 00:40:05.500, 2, 165644, 0, 0, 291.20
2026/09/15 00:40:05.503, 3, 165324, 0, 0, 292.07
2026/09/15 00:40:06.506, 0, 166513, 100, 14, 333.32
2026/09/15 00:40:06.509, 1, 165814, 100, 14, 289.33
2026/09/15 00:40:06.512, 2, 165814, 100, 14, 334.27
2026/09/15 00:40:06.515, 3, 165494, 100, 14, 347.31
2026/09/15 00:40:07.518, 0, 166513, 85, 9, 362.77
2026/09/15 00:40:07.523, 1, 165814, 62, 8, 324.11
2026/09/15 00:40:07.526, 2, 165814, 100, 14, 362.82
2026/09/15 00:40:07.529, 3, 165494, 100, 14, 377.52
2026/09/15 00:40:08.533, 0, 166513, 100, 14, 339.91
2026/09/15 00:40:08.537, 1, 165814, 99, 14, 333.90
2026/09/15 00:40:08.539, 2, 165814, 100, 14, 320.60
2026/09/15 00:40:08.542, 3, 165494, 100, 14, 343.61
2026/09/15 00:40:09.545, 0, 166513, 100, 14, 330.61
2026/09/15 00:40:09.548, 1, 165814, 100, 14, 335.66
2026/09/15 00:40:09.551, 2, 165814, 100, 14, 332.15
2026/09/15 00:40:09.553, 3, 165494, 100, 14, 371.14
2026/09/15 00:40:10.556, 0, 166513, 99, 14, 355.40
2026/09/15 00:40:10.559, 1, 165814, 99, 14, 326.64
2026/09/15 00:40:10.562, 2, 165814, 100, 14, 359.40
2026/09/15 00:40:10.565, 3, 165494, 100, 14, 367.31
2026/09/15 00:40:11.567, 0, 166513, 67, 4, 357.88
2026/09/15 00:40:11.570, 1, 165814, 99, 14, 327.36
2026/09/15 00:40:11.573, 2, 165814, 100, 14, 362.20
2026/09/15 00:40:11.576, 3, 165494, 100, 14, 367.17
2026/09/15 00:40:12.579, 0, 166513, 100, 14, 336.02
2026/09/15 00:40:12.582, 1, 165814, 72, 10, 331.36
2026/09/15 00:40:12.584, 2, 165814, 99, 14, 330.13
2026/09/15 00:40:12.587, 3, 165494, 100, 14, 354.74
2026/09/15 00:40:13.590, 0, 166513, 100, 14, 347.86
2026/09/15 00:40:13.593, 1, 165814, 100, 14, 328.27
2026/09/15 00:40:13.596, 2, 165814, 100, 14, 358.70
2026/09/15 00:40:13.598, 3, 165494, 100, 14, 352.33
2026/09/15 00:40:14.601, 0, 166513, 100, 14, 352.43
2026/09/15 00:40:14.604, 1, 165814, 100, 14, 327.26
2026/09/15 00:40:14.607, 2, 165814, 100, 14, 357.63
2026/09/15 00:40:14.609, 3, 165494, 100, 14, 368.78
2026/09/15 00:40:15.612, 0, 166513, 100, 14, 357.06
2026/09/15 00:40:15.615, 1, 165814, 99, 14, 325.90
2026/09/15 00:40:15.618, 2, 165814, 100, 14, 361.47
2026/09/15 00:40:15.621, 3, 165494, 91, 11, 368.60
2026/09/15 00:40:16.624, 0, 166513, 99, 14, 345.10
2026/09/15 00:40:16.627, 1, 165814, 100, 14, 331.81
2026/09/15 00:40:16.629, 2, 165814, 77, 3, 344.33
2026/09/15 00:40:16.632, 3, 165494, 100, 14, 347.86
2026/09/15 00:40:17.635, 0, 166513, 100, 14, 356.35
2026/09/15 00:40:17.638, 1, 165814, 100, 14, 329.04
2026/09/15 00:40:17.641, 2, 165814, 100, 14, 343.97
2026/09/15 00:40:17.643, 3, 165494, 100, 14, 361.42
2026/09/15 00:40:18.646, 0, 166513, 100, 14, 361.16
2026/09/15 00:40:18.649, 1, 165814, 100, 14, 326.12
2026/09/15 00:40:18.652, 2, 165814, 100, 14, 361.71
2026/09/15 00:40:18.655, 3, 165494, 100, 14, 371.89
2026/09/15 00:40:19.658, 0, 166513, 100, 14, 328.93
2026/09/15 00:40:19.661, 1, 165814, 100, 14, 361.54
2026/09/15 00:40:19.664, 2, 165814, 100, 14, 359.00
2026/09/15 00:40:19.667, 3, 165494, 83, 7, 372.00
2026/09/15 00:40:20.669, 0, 166513, 100, 14, 333.68
2026/09/15 00:40:20.673, 1, 165814, 99, 14, 352.42
2026/09/15 00:40:20.675, 2, 165814, 83, 7, 337.06
2026/09/15 00:40:20.678, 3, 165494, 78, 7, 362.93
2026/09/15 00:40:21.681, 0, 166513, 100, 14, 328.78
2026/09/15 00:40:21.684, 1, 165814, 100, 14, 348.64
2026/09/15 00:40:21.687, 2, 165814, 100, 14, 343.80
2026/09/15 00:40:21.689, 3, 165494, 100, 14, 349.40
2026/09/15 00:40:22.692, 0, 166513, 100, 14, 327.64
2026/09/15 00:40:22.695, 1, 165814, 100, 14, 359.28
2026/09/15 00:40:22.698, 2, 165814, 100, 14, 360.96
2026/09/15 00:40:22.701, 3, 165494, 100, 14, 368.14
2026/09/15 00:40:23.704, 0, 166513, 100, 14, 328.87
2026/09/15 00:40:23.707, 1, 165814, 100, 14, 363.08
2026/09/15 00:40:23.710, 2, 165814, 100, 14, 360.45
2026/09/15 00:40:23.712, 3, 165494, 100, 14, 369.41
2026/09/15 00:40:24.715, 0, 166513, 100, 14, 330.71
2026/09/15 00:40:24.718, 1, 165814, 100, 14, 346.82
2026/09/15 00:40:24.721, 2, 165814, 90, 11, 351.19
2026/09/15 00:40:24.724, 3, 165494, 89, 11, 355.95
2026/09/15 00:40:25.727, 0, 166513, 100, 14, 333.44
2026/09/15 00:40:25.730, 1, 165814, 100, 14, 356.08
2026/09/15 00:40:25.733, 2, 165814, 100, 14, 329.14
2026/09/15 00:40:25.735, 3, 165494, 99, 14, 352.06
2026/09/15 00:40:26.738, 0, 166513, 100, 14, 327.84
2026/09/15 00:40:26.741, 1, 165814, 100, 14, 359.37
2026/09/15 00:40:26.744, 2, 165814, 100, 14, 358.96
2026/09/15 00:40:26.747, 3, 165494, 100, 14, 368.98
2026/09/15 00:40:27.750, 0, 166513, 80, 11, 330.25
2026/09/15 00:40:27.753, 1, 165814, 100, 14, 359.55
2026/09/15 00:40:27.756, 2, 165814, 100, 14, 359.32
2026/09/15 00:40:27.759, 3, 165494, 100, 14, 370.79
2026/09/15 00:40:28.761, 0, 166513, 100, 14, 331.78
2026/09/15 00:40:28.765, 1, 165814, 42, 3, 348.12
2026/09/15 00:40:28.767, 2, 165814, 100, 14, 350.42
2026/09/15 00:40:28.770, 3, 165494, 100, 14, 346.92
2026/09/15 00:40:29.773, 0, 166513, 100, 14, 332.02
2026/09/15 00:40:29.776, 1, 165814, 100, 14, 343.30
2026/09/15 00:40:29.779, 2, 165814, 100, 14, 339.62
2026/09/15 00:40:29.782, 3, 165494, 100, 14, 338.80
2026/09/15 00:40:30.785, 0, 166513, 100, 14, 326.72
2026/09/15 00:40:30.788, 1, 165814, 100, 14, 364.84
2026/09/15 00:40:30.791, 2, 165814, 100, 14, 361.25
2026/09/15 00:40:30.793, 3, 165494, 100, 14, 368.63
2026/09/15 00:40:31.796, 0, 166513, 100, 14, 330.67
2026/09/15 00:40:31.800, 1, 165814, 99, 14, 340.64
2026/09/15 00:40:31.802, 2, 165814, 100, 14, 358.05
2026/09/15 00:40:31.805, 3, 165494, 100, 14, 367.19
2026/09/15 00:40:32.808, 0, 166513, 47, 6, 329.34
2026/09/15 00:40:32.812, 1, 165814, 77, 6, 356.93
2026/09/15 00:40:32.814, 2, 165814, 100, 14, 342.10
2026/09/15 00:40:32.817, 3, 165494, 100, 14, 360.29
2026/09/15 00:40:33.820, 0, 166513, 100, 14, 334.74
2026/09/15 00:40:33.823, 1, 165814, 99, 14, 349.65
2026/09/15 00:40:33.826, 2, 165814, 100, 14, 324.03
2026/09/15 00:40:33.829, 3, 165494, 100, 14, 345.14
2026/09/15 00:40:34.832, 0, 166513, 100, 14, 329.02
2026/09/15 00:40:34.835, 1, 165814, 99, 14, 357.89
2026/09/15 00:40:34.838, 2, 165814, 99, 14, 361.43
2026/09/15 00:40:34.841, 3, 165494, 100, 14, 370.37
2026/09/15 00:40:35.844, 0, 166513, 100, 14, 327.18
2026/09/15 00:40:35.847, 1, 165814, 100, 14, 359.38
2026/09/15 00:40:35.850, 2, 165814, 100, 14, 359.44
2026/09/15 00:40:35.853, 3, 165494, 100, 14, 370.00
2026/09/15 00:40:36.856, 0, 166513, 78, 11, 329.92
2026/09/15 00:40:36.859, 1, 165814, 84, 11, 362.64
2026/09/15 00:40:36.862, 2, 165814, 79, 2, 358.59
2026/09/15 00:40:36.865, 3, 165494, 100, 14, 354.03
2026/09/15 00:40:37.868, 0, 166513, 100, 14, 333.46
2026/09/15 00:40:37.871, 1, 165814, 99, 14, 335.35
2026/09/15 00:40:37.874, 2, 165814, 100, 14, 326.43
2026/09/15 00:40:37.877, 3, 165494, 100, 14, 355.06
2026/09/15 00:40:38.880, 0, 166513, 100, 14, 328.42
2026/09/15 00:40:38.883, 1, 165814, 100, 14, 359.27
2026/09/15 00:40:38.886, 2, 165814, 100, 14, 361.33
2026/09/15 00:40:38.889, 3, 165494, 100, 14, 372.77
2026/09/15 00:40:39.892, 0, 166513, 100, 14, 328.23
2026/09/15 00:40:39.895, 1, 165814, 99, 14, 364.02
2026/09/15 00:40:39.898, 2, 165814, 100, 14, 362.36
2026/09/15 00:40:39.901, 3, 165494, 100, 14, 370.21
2026/09/15 00:40:40.904, 0, 166513, 100, 14, 327.62
2026/09/15 00:40:40.907, 1, 165814, 100, 14, 352.63
2026/09/15 00:40:40.910, 2, 165814, 79, 4, 345.34
2026/09/15 00:40:40.913, 3, 165494, 74, 4, 367.15
2026/09/15 00:40:41.916, 0, 166513, 100, 14, 335.39
2026/09/15 00:40:41.919, 1, 165814, 100, 14, 340.72
2026/09/15 00:40:41.922, 2, 165814, 100, 14, 339.29
2026/09/15 00:40:41.925, 3, 165494, 100, 14, 339.12
2026/09/15 00:40:42.928, 0, 166513, 100, 14, 327.80
2026/09/15 00:40:42.931, 1, 165814, 100, 14, 361.25
2026/09/15 00:40:42.934, 2, 165814, 100, 14, 360.03
2026/09/15 00:40:42.937, 3, 165494, 100, 14, 368.55
2026/09/15 00:40:43.940, 0, 166513, 100, 14, 327.93
2026/09/15 00:40:43.943, 1, 165814, 99, 14, 364.36
2026/09/15 00:40:43.946, 2, 165814, 99, 14, 363.43
2026/09/15 00:40:43.949, 3, 165494, 100, 14, 370.55
2026/09/15 00:40:44.952, 0, 166513, 56, 8, 328.23
2026/09/15 00:40:44.956, 1, 165814, 99, 14, 353.06
2026/09/15 00:40:44.959, 2, 165814, 86, 8, 358.29
2026/09/15 00:40:44.962, 3, 165494, 82, 9, 360.97
2026/09/15 00:40:45.965, 0, 166513, 100, 14, 333.93
2026/09/15 00:40:45.969, 1, 165814, 99, 14, 335.80
2026/09/15 00:40:45.972, 2, 165814, 99, 14, 325.08
2026/09/15 00:40:45.975, 3, 165494, 100, 14, 342.09
2026/09/15 00:40:46.978, 0, 166513, 100, 14, 328.06
2026/09/15 00:40:46.983, 1, 165814, 100, 14, 361.99
2026/09/15 00:40:46.986, 2, 165814, 100, 14, 355.02
2026/09/15 00:40:46.989, 3, 165494, 100, 14, 361.33
2026/09/15 00:40:47.992, 0, 166513, 100, 14, 330.14
2026/09/15 00:40:47.996, 1, 165814, 100, 14, 360.15
2026/09/15 00:40:47.999, 2, 165814, 100, 14, 345.65
2026/09/15 00:40:48.002, 3, 165494, 100, 14, 367.44
2026/09/15 00:40:49.005, 0, 166513, 58, 8, 327.71
2026/09/15 00:40:49.010, 1, 165814, 67, 2, 362.55
2026/09/15 00:40:49.013, 2, 165814, 94, 13, 353.24
2026/09/15 00:40:49.016, 3, 165494, 94, 13, 372.38
2026/09/15 00:40:50.019, 0, 166513, 100, 14, 336.92
2026/09/15 00:40:50.023, 1, 165814, 100, 14, 339.42
2026/09/15 00:40:50.026, 2, 165814, 100, 14, 328.86
2026/09/15 00:40:50.029, 3, 165494, 100, 14, 336.70
2026/09/15 00:40:51.032, 0, 166513, 100, 14, 328.96
2026/09/15 00:40:51.035, 1, 165814, 100, 14, 359.12
2026/09/15 00:40:51.038, 2, 165814, 100, 14, 350.84
2026/09/15 00:40:51.041, 3, 165494, 100, 14, 375.03
2026/09/15 00:40:52.044, 0, 166513, 100, 14, 329.24
2026/09/15 00:40:52.048, 1, 165814, 100, 14, 358.37
2026/09/15 00:40:52.051, 2, 165814, 100, 14, 354.31
2026/09/15 00:40:52.054, 3, 165494, 100, 14, 370.23
2026/09/15 00:40:53.057, 0, 166513, 29, 4, 328.45
2026/09/15 00:40:53.060, 1, 165814, 70, 4, 358.13
2026/09/15 00:40:53.063, 2, 165814, 74, 3, 355.98
2026/09/15 00:40:53.066, 3, 165494, 100, 14, 376.17
2026/09/15 00:40:54.069, 0, 166513, 100, 14, 336.68
2026/09/15 00:40:54.072, 1, 165814, 100, 14, 335.64
2026/09/15 00:40:54.075, 2, 165814, 99, 14, 324.05
2026/09/15 00:40:54.078, 3, 165494, 100, 14, 341.97
2026/09/15 00:40:55.081, 0, 166513, 100, 14, 326.19
2026/09/15 00:40:55.085, 1, 165814, 100, 14, 357.17
2026/09/15 00:40:55.088, 2, 165814, 100, 14, 356.67
2026/09/15 00:40:55.091, 3, 165494, 100, 14, 376.52
2026/09/15 00:40:56.094, 0, 166513, 100, 14, 330.32
2026/09/15 00:40:56.097, 1, 165814, 100, 14, 350.39
2026/09/15 00:40:56.100, 2, 165814, 100, 14, 355.05
2026/09/15 00:40:56.103, 3, 165494, 100, 14, 374.53
2026/09/15 00:40:57.106, 0, 166513, 17, 2, 328.52
2026/09/15 00:40:57.109, 1, 165814, 76, 9, 361.26
2026/09/15 00:40:57.113, 2, 165814, 77, 2, 357.89
2026/09/15 00:40:57.116, 3, 165494, 83, 2, 377.00
2026/09/15 00:40:58.118, 0, 166513, 100, 14, 337.53
2026/09/15 00:40:58.122, 1, 165814, 100, 14, 334.93
2026/09/15 00:40:58.125, 2, 165814, 100, 14, 329.18
2026/09/15 00:40:58.128, 3, 165494, 100, 14, 335.27
2026/09/15 00:40:59.131, 0, 166513, 100, 14, 326.93
2026/09/15 00:40:59.134, 1, 165814, 100, 14, 365.68
2026/09/15 00:40:59.137, 2, 165814, 100, 14, 356.74
2026/09/15 00:40:59.140, 3, 165494, 100, 14, 373.54
2026/09/15 00:41:00.143, 0, 166513, 100, 14, 327.77
2026/09/15 00:41:00.147, 1, 165814, 99, 14, 363.15
2026/09/15 00:41:00.150, 2, 165814, 100, 14, 355.60
2026/09/15 00:41:00.153, 3, 165494, 100, 14, 375.80
2026/09/15 00:41:01.156, 0, 166513, 18, 2, 328.33
2026/09/15 00:41:01.159, 1, 165814, 97, 13, 354.93
2026/09/15 00:41:01.162, 2, 165814, 73, 3, 355.77
2026/09/15 00:41:01.165, 3, 165494, 78, 3, 376.65
2026/09/15 00:41:02.168, 0, 166513, 100, 14, 337.23
2026/09/15 00:41:02.172, 1, 165814, 100, 14, 333.70
2026/09/15 00:41:02.175, 2, 165814, 100, 14, 323.01
2026/09/15 00:41:02.178, 3, 165494, 100, 14, 334.99
2026/09/15 00:41:03.181, 0, 166513, 100, 14, 327.55
2026/09/15 00:41:03.184, 1, 165814, 100, 14, 352.05
2026/09/15 00:41:03.187, 2, 165814, 100, 14, 357.66
2026/09/15 00:41:03.190, 3, 165494, 100, 14, 374.74
2026/09/15 00:41:04.193, 0, 166513, 100, 14, 326.57
2026/09/15 00:41:04.196, 1, 165814, 100, 14, 364.21
2026/09/15 00:41:04.199, 2, 165814, 100, 14, 357.93
2026/09/15 00:41:04.202, 3, 165494, 100, 14, 376.43
2026/09/15 00:41:05.205, 0, 166513, 44, 6, 329.03
2026/09/15 00:41:05.209, 1, 165814, 68, 3, 357.50
2026/09/15 00:41:05.212, 2, 165814, 78, 7, 354.24
2026/09/15 00:41:05.214, 3, 165494, 82, 7, 377.98
2026/09/15 00:41:06.217, 0, 166513, 100, 14, 335.86
2026/09/15 00:41:06.221, 1, 165814, 100, 14, 334.18
2026/09/15 00:41:06.224, 2, 165814, 100, 14, 323.47
2026/09/15 00:41:06.227, 3, 165494, 100, 14, 336.68
2026/09/15 00:41:07.230, 0, 166513, 100, 14, 328.34
2026/09/15 00:41:07.233, 1, 165814, 100, 14, 334.53
2026/09/15 00:41:07.236, 2, 165814, 100, 14, 356.49
2026/09/15 00:41:07.239, 3, 165494, 100, 14, 374.02
2026/09/15 00:41:08.242, 0, 166513, 100, 14, 326.86
2026/09/15 00:41:08.245, 1, 165814, 100, 14, 362.38
2026/09/15 00:41:08.248, 2, 165814, 100, 14, 356.46
2026/09/15 00:41:08.251, 3, 165494, 100, 14, 376.28
2026/09/15 00:41:09.254, 0, 166513, 71, 10, 329.27
2026/09/15 00:41:09.257, 1, 165814, 67, 2, 362.22
2026/09/15 00:41:09.260, 2, 165814, 87, 9, 354.54
2026/09/15 00:41:09.263, 3, 165494, 80, 2, 372.96
2026/09/15 00:41:10.266, 0, 166513, 100, 14, 336.03
2026/09/15 00:41:10.270, 1, 165814, 100, 14, 335.01
2026/09/15 00:41:10.273, 2, 165814, 100, 14, 320.86
2026/09/15 00:41:10.276, 3, 165494, 100, 14, 335.99
2026/09/15 00:41:11.279, 0, 166513, 100, 14, 328.30
2026/09/15 00:41:11.285, 1, 165814, 100, 14, 362.88
2026/09/15 00:41:11.288, 2, 165814, 100, 14, 356.23
2026/09/15 00:41:11.291, 3, 165494, 100, 14, 374.51
2026/09/15 00:41:12.294, 0, 166513, 100, 14, 329.24
2026/09/15 00:41:12.298, 1, 165814, 100, 14, 326.07
2026/09/15 00:41:12.301, 2, 165814, 100, 14, 354.99
2026/09/15 00:41:12.304, 3, 165494, 100, 14, 373.28
2026/09/15 00:41:13.307, 0, 166513, 44, 5, 328.67
2026/09/15 00:41:13.310, 1, 165814, 24, 3, 325.76
2026/09/15 00:41:13.313, 2, 165814, 79, 4, 355.88
2026/09/15 00:41:13.316, 3, 165494, 100, 14, 375.43
2026/09/15 00:41:14.319, 0, 166513, 100, 14, 337.03
2026/09/15 00:41:14.322, 1, 165814, 100, 14, 335.42
2026/09/15 00:41:14.325, 2, 165814, 100, 14, 322.60
2026/09/15 00:41:14.328, 3, 165494, 100, 14, 336.03
2026/09/15 00:41:15.331, 0, 166513, 100, 14, 329.86
2026/09/15 00:41:15.335, 1, 165814, 99, 14, 343.84
2026/09/15 00:41:15.338, 2, 165814, 99, 14, 355.45
2026/09/15 00:41:15.341, 3, 165494, 100, 14, 374.45
2026/09/15 00:41:16.344, 0, 166513, 100, 14, 328.66
2026/09/15 00:41:16.347, 1, 165814, 99, 14, 360.54
2026/09/15 00:41:16.350, 2, 165814, 100, 14, 354.28
2026/09/15 00:41:16.353, 3, 165494, 100, 14, 372.53
2026/09/15 00:41:17.356, 0, 166513, 18, 2, 326.90
2026/09/15 00:41:17.359, 1, 165814, 71, 7, 362.26
2026/09/15 00:41:17.362, 2, 165814, 75, 2, 360.26
2026/09/15 00:41:17.365, 3, 165494, 95, 12, 375.79
2026/09/15 00:41:18.368, 0, 166513, 100, 14, 335.33
2026/09/15 00:41:18.390, 1, 165814, 100, 14, 336.46
2026/09/15 00:41:18.393, 2, 165814, 100, 14, 325.30
2026/09/15 00:41:18.396, 3, 165494, 100, 14, 337.44
2026/09/15 00:41:19.399, 0, 166513, 100, 14, 327.79
2026/09/15 00:41:19.402, 1, 165814, 100, 14, 353.45
2026/09/15 00:41:19.405, 2, 165814, 100, 14, 357.49
2026/09/15 00:41:19.408, 3, 165494, 100, 14, 372.52
2026/09/15 00:41:20.411, 0, 166513, 100, 14, 327.38
2026/09/15 00:41:20.414, 1, 165814, 100, 14, 363.85
2026/09/15 00:41:20.417, 2, 165814, 100, 14, 356.24
2026/09/15 00:41:20.420, 3, 165494, 100, 14, 372.69
2026/09/15 00:41:21.423, 0, 166513, 100, 14, 327.19
2026/09/15 00:41:21.426, 1, 165814, 83, 9, 355.36
2026/09/15 00:41:21.429, 2, 165814, 76, 2, 357.00
2026/09/15 00:41:21.432, 3, 165494, 89, 8, 377.44
2026/09/15 00:41:22.435, 0, 166513, 100, 14, 336.27
2026/09/15 00:41:22.439, 1, 165814, 100, 14, 333.86
2026/09/15 00:41:22.442, 2, 165814, 100, 14, 323.42
2026/09/15 00:41:22.444, 3, 165494, 100, 14, 336.71
2026/09/15 00:41:23.447, 0, 166513, 100, 14, 329.06
2026/09/15 00:41:23.451, 1, 165814, 100, 14, 350.05
2026/09/15 00:41:23.454, 2, 165814, 100, 14, 355.34
2026/09/15 00:41:23.457, 3, 165494, 100, 14, 371.46
2026/09/15 00:41:24.460, 0, 166513, 100, 14, 328.58
2026/09/15 00:41:24.463, 1, 165814, 99, 14, 350.24
2026/09/15 00:41:24.466, 2, 165814, 99, 14, 353.17
2026/09/15 00:41:24.469, 3, 165494, 100, 14, 374.68
2026/09/15 00:41:25.472, 0, 166513, 100, 14, 328.49
2026/09/15 00:41:25.475, 1, 165814, 74, 4, 364.38
2026/09/15 00:41:25.478, 2, 165814, 100, 14, 361.22
2026/09/15 00:41:25.481, 3, 165494, 84, 4, 375.71
2026/09/15 00:41:26.484, 0, 166513, 100, 14, 336.77
2026/09/15 00:41:26.488, 1, 165814, 100, 14, 334.14
2026/09/15 00:41:26.491, 2, 165814, 100, 14, 324.39
2026/09/15 00:41:26.494, 3, 165494, 100, 14, 337.61
2026/09/15 00:41:27.497, 0, 166513, 100, 14, 327.83
2026/09/15 00:41:27.500, 1, 165814, 99, 14, 358.65
2026/09/15 00:41:27.503, 2, 165814, 100, 14, 360.74
2026/09/15 00:41:27.506, 3, 165494, 100, 14, 373.88
2026/09/15 00:41:28.509, 0, 166513, 100, 14, 326.45
2026/09/15 00:41:28.512, 1, 165814, 100, 14, 368.62
2026/09/15 00:41:28.515, 2, 165814, 100, 14, 357.07
2026/09/15 00:41:28.518, 3, 165494, 100, 14, 375.40
2026/09/15 00:41:29.521, 0, 166513, 86, 12, 329.35
2026/09/15 00:41:29.524, 1, 165814, 69, 2, 361.84
2026/09/15 00:41:29.527, 2, 165814, 93, 11, 356.64
2026/09/15 00:41:29.530, 3, 165494, 100, 14, 375.27
2026/09/15 00:41:30.533, 0, 166513, 100, 14, 335.57
2026/09/15 00:41:30.537, 1, 165814, 100, 14, 334.83
2026/09/15 00:41:30.540, 2, 165814, 100, 14, 322.64
2026/09/15 00:41:30.543, 3, 165494, 100, 14, 336.76
2026/09/15 00:41:31.545, 0, 166513, 100, 14, 327.92
2026/09/15 00:41:31.549, 1, 165814, 100, 14, 346.87
2026/09/15 00:41:31.552, 2, 165814, 100, 14, 351.88
2026/09/15 00:41:31.555, 3, 165494, 100, 14, 375.23
2026/09/15 00:41:32.558, 0, 166513, 0, 0, 265.61
2026/09/15 00:41:32.562, 1, 165814, 0, 0, 267.92
2026/09/15 00:41:32.565, 2, 165814, 0, 0, 251.31
2026/09/15 00:41:32.568, 3, 165494, 0, 0, 268.91
2026/09/15 00:41:33.571, 0, 166513, 0, 0, 228.41
2026/09/15 00:41:33.575, 1, 165814, 0, 0, 227.27
2026/09/15 00:41:33.578, 2, 165814, 0, 0, 216.59
2026/09/15 00:41:33.581, 3, 165494, 0, 0, 232.65
2026/09/15 00:41:34.584, 0, 166513, 0, 0, 228.40
2026/09/15 00:41:34.588, 1, 165814, 0, 0, 226.95
2026/09/15 00:41:34.591, 2, 165814, 0, 0, 215.94
2026/09/15 00:41:34.593, 3, 165494, 0, 0, 232.69
2026/09/15 00:41:35.596, 0, 166513, 0, 0, 228.41
2026/09/15 00:41:35.600, 1, 165814, 0, 0, 227.27
2026/09/15 00:41:35.603, 2, 165814, 0, 0, 215.55
2026/09/15 00:41:35.605, 3, 165494, 0, 0, 232.70
2026/09/15 00:41:36.608, 0, 166513, 0, 0, 228.41
2026/09/15 00:41:36.612, 1, 165814, 0, 0, 227.27
2026/09/15 00:41:36.615, 2, 165814, 0, 0, 215.80
2026/09/15 00:41:36.617, 3, 165494, 0, 0, 232.72
2026/09/15 00:41:37.620, 0, 166513, 0, 0, 228.41
2026/09/15 00:41:37.624, 1, 165814, 0, 0, 227.27
2026/09/15 00:41:37.627, 2, 165814, 0, 0, 215.57
2026/09/15 00:41:37.630, 3, 165494, 0, 0, 232.71
2026/09/15 00:41:38.632, 0, 166513, 0, 0, 228.41
2026/09/15 00:41:38.636, 1, 165814, 0, 0, 227.27
2026/09/15 00:41:38.639, 2, 165814, 0, 0, 215.55
2026/09/15 00:41:38.642, 3, 165494, 0, 0, 232.68
2026/09/15 00:41:39.645, 0, 166513, 0, 0, 228.41
2026/09/15 00:41:39.649, 1, 165814, 0, 0, 227.27
2026/09/15 00:41:39.652, 2, 165814, 0, 0, 215.56
2026/09/15 00:41:39.654, 3, 165494, 0, 0, 232.69
2026/09/15 00:41:40.657, 0, 166513, 0, 0, 228.41
2026/09/15 00:41:40.661, 1, 165814, 0, 0, 227.27
2026/09/15 00:41:40.664, 2, 165814, 0, 0, 215.55
2026/09/15 00:41:40.667, 3, 165494, 0, 0, 232.69
2026/09/15 00:41:41.670, 0, 166513, 0, 0, 228.41
2026/09/15 00:41:41.674, 1, 165814, 0, 0, 227.27
2026/09/15 00:41:41.677, 2, 165814, 0, 0, 215.55
2026/09/15 00:41:41.680, 3, 165494, 0, 0, 232.68
2026/09/15 00:41:42.683, 0, 166513, 0, 0, 228.41
2026/09/15 00:41:42.687, 1, 165814, 0, 0, 227.27
2026/09/15 00:41:42.689, 2, 165814, 0, 0, 215.54
2026/09/15 00:41:42.692, 3, 165494, 0, 0, 232.67
2026/09/15 00:41:43.695, 0, 166513, 0, 0, 228.41
2026/09/15 00:41:43.699, 1, 165814, 0, 0, 227.27
2026/09/15 00:41:43.702, 2, 165814, 0, 0, 215.55
2026/09/15 00:41:43.705, 3, 165494, 0, 0, 232.68
2026/09/15 00:41:44.708, 0, 166513, 0, 0, 228.41
2026/09/15 00:41:44.712, 1, 165814, 0, 0, 227.27
2026/09/15 00:41:44.715, 2, 165814, 0, 0, 215.54
2026/09/15 00:41:44.718, 3, 165494, 0, 0, 232.65
2026/09/15 00:41:45.721, 0, 166481, 0, 0, 281.68
2026/09/15 00:41:45.725, 1, 165782, 90, 13, 351.82
2026/09/15 00:41:45.727, 2, 165782, 0, 0, 349.09
2026/09/15 00:41:45.730, 3, 165462, 0, 0, 365.14
2026/09/15 00:41:46.733, 0, 167159, 18, 2, 247.96
2026/09/15 00:41:46.737, 1, 166460, 0, 0, 259.19
2026/09/15 00:41:46.740, 2, 166460, 66, 2, 262.12
2026/09/15 00:41:46.743, 3, 166140, 57, 4, 285.02
2026/09/15 00:41:47.746, 0, 167159, 100, 14, 363.94
2026/09/15 00:41:47.749, 1, 166460, 100, 14, 349.52
2026/09/15 00:41:47.752, 2, 166460, 99, 14, 357.21
2026/09/15 00:41:47.755, 3, 166140, 100, 14, 369.97
2026/09/15 00:41:48.758, 0, 167161, 99, 14, 333.27
2026/09/15 00:41:48.761, 1, 166462, 97, 13, 387.49
2026/09/15 00:41:48.764, 2, 166462, 100, 14, 408.34
2026/09/15 00:41:48.767, 3, 166142, 100, 14, 413.01
2026/09/15 00:41:49.770, 0, 167161, 100, 14, 340.64
2026/09/15 00:41:49.773, 1, 166462, 100, 14, 346.86
2026/09/15 00:41:49.776, 2, 166462, 100, 14, 357.61
2026/09/15 00:41:49.779, 3, 166142, 79, 8, 359.24
2026/09/15 00:41:50.782, 0, 167161, 99, 14, 337.07
2026/09/15 00:41:50.785, 1, 166462, 100, 14, 391.11
2026/09/15 00:41:50.788, 2, 166462, 100, 14, 383.85
2026/09/15 00:41:50.791, 3, 166142, 100, 14, 394.06
2026/09/15 00:41:51.794, 0, 167161, 83, 12, 337.69
2026/09/15 00:41:51.797, 1, 166462, 100, 14, 357.57
2026/09/15 00:41:51.800, 2, 166462, 93, 11, 408.30
2026/09/15 00:41:51.803, 3, 166142, 100, 14, 406.11
2026/09/15 00:41:52.806, 0, 167161, 100, 14, 342.24
2026/09/15 00:41:52.809, 1, 166462, 100, 14, 343.43
2026/09/15 00:41:52.812, 2, 166462, 100, 14, 331.12
2026/09/15 00:41:52.815, 3, 166142, 100, 14, 352.33
2026/09/15 00:41:53.818, 0, 167161, 99, 14, 359.31
2026/09/15 00:41:53.821, 1, 166462, 100, 14, 380.31
2026/09/15 00:41:53.824, 2, 166462, 100, 14, 392.07
2026/09/15 00:41:53.827, 3, 166142, 100, 14, 348.12
2026/09/15 00:41:54.830, 0, 167161, 100, 14, 338.94
2026/09/15 00:41:54.833, 1, 166462, 84, 10, 359.17
2026/09/15 00:41:54.836, 2, 166462, 81, 5, 407.30
2026/09/15 00:41:54.839, 3, 166142, 86, 10, 409.80
2026/09/15 00:41:55.842, 0, 167161, 100, 14, 344.98
2026/09/15 00:41:55.845, 1, 166462, 100, 14, 342.18
2026/09/15 00:41:55.848, 2, 166462, 100, 14, 329.99
2026/09/15 00:41:55.850, 3, 166142, 100, 14, 344.40
2026/09/15 00:41:56.853, 0, 167161, 100, 14, 336.22
2026/09/15 00:41:56.857, 1, 166462, 100, 14, 393.63
2026/09/15 00:41:56.860, 2, 166462, 100, 14, 403.70
2026/09/15 00:41:56.862, 3, 166142, 100, 14, 412.85
2026/09/15 00:41:57.865, 0, 167161, 51, 8, 337.59
2026/09/15 00:41:57.869, 1, 166462, 64, 5, 399.46
2026/09/15 00:41:57.871, 2, 166462, 86, 8, 407.30
2026/09/15 00:41:57.874, 3, 166142, 72, 5, 414.12
2026/09/15 00:41:58.877, 0, 167161, 100, 14, 341.67
2026/09/15 00:41:58.880, 1, 166462, 100, 14, 343.03
2026/09/15 00:41:58.883, 2, 166462, 100, 14, 331.76
2026/09/15 00:41:58.886, 3, 166142, 100, 14, 343.03
2026/09/15 00:41:59.889, 0, 167161, 99, 14, 338.36
2026/09/15 00:41:59.892, 1, 166462, 100, 14, 389.97
2026/09/15 00:41:59.895, 2, 166462, 100, 14, 403.63
2026/09/15 00:41:59.898, 3, 166142, 100, 14, 411.63
2026/09/15 00:42:00.901, 0, 167161, 29, 8, 337.09
2026/09/15 00:42:00.904, 1, 166462, 64, 2, 391.16
2026/09/15 00:42:00.907, 2, 166462, 77, 7, 391.94
2026/09/15 00:42:00.909, 3, 166142, 71, 2, 393.41
2026/09/15 00:42:01.912, 0, 167161, 99, 14, 344.46
2026/09/15 00:42:01.915, 1, 166462, 100, 14, 344.63
2026/09/15 00:42:01.918, 2, 166462, 100, 14, 341.75
2026/09/15 00:42:01.921, 3, 166142, 100, 14, 344.03
2026/09/15 00:42:02.924, 0, 167161, 100, 14, 338.98
2026/09/15 00:42:02.927, 1, 166462, 100, 14, 392.36
2026/09/15 00:42:02.930, 2, 166462, 100, 14, 404.74
2026/09/15 00:42:02.933, 3, 166142, 100, 14, 408.33
2026/09/15 00:42:03.936, 0, 167161, 23, 5, 337.74
2026/09/15 00:42:03.939, 1, 166462, 75, 11, 373.28
2026/09/15 00:42:03.942, 2, 166462, 79, 5, 369.80
2026/09/15 00:42:03.945, 3, 166142, 70, 5, 391.20
2026/09/15 00:42:04.948, 0, 167161, 99, 14, 340.18
2026/09/15 00:42:04.951, 1, 166462, 100, 14, 367.53
2026/09/15 00:42:04.954, 2, 166462, 100, 14, 367.62
2026/09/15 00:42:04.957, 3, 166142, 100, 14, 364.29
2026/09/15 00:42:05.960, 0, 167161, 100, 14, 336.62
2026/09/15 00:42:05.963, 1, 166462, 100, 14, 392.32
2026/09/15 00:42:05.966, 2, 166462, 99, 14, 402.46
2026/09/15 00:42:05.969, 3, 166142, 100, 14, 410.25
2026/09/15 00:42:06.972, 0, 167161, 88, 12, 341.34
2026/09/15 00:42:06.975, 1, 166462, 100, 14, 354.33
2026/09/15 00:42:06.978, 2, 166462, 95, 13, 364.90
2026/09/15 00:42:06.981, 3, 166142, 71, 5, 365.49
2026/09/15 00:42:07.984, 0, 167161, 100, 14, 339.91
2026/09/15 00:42:07.987, 1, 166462, 100, 14, 380.50
2026/09/15 00:42:07.990, 2, 166462, 100, 14, 365.58
2026/09/15 00:42:07.993, 3, 166142, 100, 14, 390.77
2026/09/15 00:42:08.996, 0, 167161, 100, 14, 338.73
2026/09/15 00:42:08.999, 1, 166462, 100, 14, 368.56
2026/09/15 00:42:09.002, 2, 166462, 100, 14, 399.85
2026/09/15 00:42:09.005, 3, 166142, 100, 14, 406.57
2026/09/15 00:42:10.008, 0, 167161, 100, 14, 342.70
2026/09/15 00:42:10.011, 1, 166462, 100, 14, 354.72
2026/09/15 00:42:10.014, 2, 166462, 100, 14, 337.78
2026/09/15 00:42:10.017, 3, 166142, 100, 14, 363.23
2026/09/15 00:42:11.020, 0, 167161, 100, 14, 338.75
2026/09/15 00:42:11.023, 1, 166462, 100, 14, 389.33
2026/09/15 00:42:11.026, 2, 166462, 100, 14, 395.89
2026/09/15 00:42:11.029, 3, 166142, 100, 14, 395.80
2026/09/15 00:42:12.032, 0, 167161, 0, 0, 291.03
2026/09/15 00:42:12.036, 1, 166462, 0, 0, 284.06
2026/09/15 00:42:12.039, 2, 166462, 0, 0, 276.65
2026/09/15 00:42:12.042, 3, 166142, 0, 0, 285.69
2026/09/15 00:42:13.045, 0, 167161, 0, 0, 228.41
2026/09/15 00:42:13.049, 1, 166462, 0, 0, 227.27
2026/09/15 00:42:13.053, 2, 166462, 0, 0, 216.84
2026/09/15 00:42:13.056, 3, 166142, 0, 0, 232.64
2026/09/15 00:42:14.059, 0, 167161, 0, 0, 228.40
2026/09/15 00:42:14.063, 1, 166462, 0, 0, 227.03
2026/09/15 00:42:14.065, 2, 166462, 0, 0, 216.39
2026/09/15 00:42:14.068, 3, 166142, 0, 0, 232.69
2026/09/15 00:42:15.071, 0, 167161, 0, 0, 228.41
2026/09/15 00:42:15.075, 1, 166462, 0, 0, 227.27
2026/09/15 00:42:15.078, 2, 166462, 0, 0, 215.71
2026/09/15 00:42:15.081, 3, 166142, 0, 0, 232.67
2026/09/15 00:42:16.083, 0, 167161, 0, 0, 228.41
2026/09/15 00:42:16.087, 1, 166462, 0, 0, 227.27
2026/09/15 00:42:16.090, 2, 166462, 0, 0, 215.71
2026/09/15 00:42:16.093, 3, 166142, 0, 0, 232.68
2026/09/15 00:42:17.096, 0, 167161, 0, 0, 228.41
2026/09/15 00:42:17.099, 1, 166462, 0, 0, 227.27
2026/09/15 00:42:17.102, 2, 166462, 0, 0, 215.55
2026/09/15 00:42:17.105, 3, 166142, 0, 0, 232.66
2026/09/15 00:42:18.108, 0, 167161, 0, 0, 228.41
2026/09/15 00:42:18.112, 1, 166462, 0, 0, 227.27
2026/09/15 00:42:18.115, 2, 166462, 0, 0, 215.54
2026/09/15 00:42:18.117, 3, 166142, 0, 0, 232.65
2026/09/15 00:42:19.120, 0, 167161, 0, 0, 228.41
2026/09/15 00:42:19.124, 1, 166462, 0, 0, 227.27
2026/09/15 00:42:19.127, 2, 166462, 0, 0, 215.62
2026/09/15 00:42:19.130, 3, 166142, 0, 0, 232.67
2026/09/15 00:42:20.133, 0, 167161, 0, 0, 228.41
2026/09/15 00:42:20.137, 1, 166462, 0, 0, 227.27
2026/09/15 00:42:20.140, 2, 166462, 0, 0, 215.54
2026/09/15 00:42:20.143, 3, 166142, 0, 0, 232.68
2026/09/15 00:42:21.146, 0, 167161, 0, 0, 228.41
2026/09/15 00:42:21.150, 1, 166462, 0, 0, 227.27
2026/09/15 00:42:21.152, 2, 166462, 0, 0, 215.55
2026/09/15 00:42:21.155, 3, 166142, 0, 0, 232.67
2026/09/15 00:42:22.158, 0, 167161, 0, 0, 228.41
2026/09/15 00:42:22.162, 1, 166462, 0, 0, 227.27
2026/09/15 00:42:22.165, 2, 166462, 0, 0, 215.54
2026/09/15 00:42:22.168, 3, 166142, 0, 0, 232.66
2026/09/15 00:42:23.171, 0, 167161, 0, 0, 228.41
2026/09/15 00:42:23.174, 1, 166462, 0, 0, 227.27
2026/09/15 00:42:23.177, 2, 166462, 0, 0, 215.62
2026/09/15 00:42:23.180, 3, 166142, 0, 0, 232.65
2026/09/15 00:42:24.182, 0, 167161, 0, 0, 228.41
2026/09/15 00:42:24.187, 1, 166462, 0, 0, 227.27
2026/09/15 00:42:24.189, 2, 166462, 0, 0, 215.54
2026/09/15 00:42:24.192, 3, 166142, 0, 0, 232.64
2026/09/15 00:42:25.195, 0, 166483, 1, 0, 278.89
2026/09/15 00:42:25.199, 1, 165784, 0, 0, 342.64
2026/09/15 00:42:25.202, 2, 165784, 10, 2, 348.66
2026/09/15 00:42:25.205, 3, 165464, 0, 0, 358.06
2026/09/15 00:42:26.208, 0, 167161, 17, 2, 246.20
2026/09/15 00:42:26.211, 1, 166462, 66, 9, 285.68
2026/09/15 00:42:26.214, 2, 166462, 54, 2, 293.95
2026/09/15 00:42:26.216, 3, 166142, 61, 3, 288.03
2026/09/15 00:42:27.219, 0, 167161, 100, 14, 346.20
2026/09/15 00:42:27.223, 1, 166462, 100, 14, 358.84
2026/09/15 00:42:27.225, 2, 166462, 100, 14, 355.81
2026/09/15 00:42:27.228, 3, 166142, 100, 14, 352.93
2026/09/15 00:42:28.231, 0, 167161, 100, 14, 356.36
2026/09/15 00:42:28.234, 1, 166462, 99, 14, 332.59
2026/09/15 00:42:28.237, 2, 166462, 100, 14, 401.04
2026/09/15 00:42:28.240, 3, 166142, 100, 14, 406.23
2026/09/15 00:42:29.243, 0, 167161, 100, 14, 342.07
2026/09/15 00:42:29.251, 1, 166462, 60, 5, 358.82
2026/09/15 00:42:29.254, 2, 166462, 100, 14, 360.95
2026/09/15 00:42:29.257, 3, 166142, 76, 8, 380.76
2026/09/15 00:42:30.260, 0, 167161, 100, 14, 344.93
2026/09/15 00:42:30.263, 1, 166462, 100, 14, 341.62
2026/09/15 00:42:30.266, 2, 166462, 100, 14, 371.82
2026/09/15 00:42:30.269, 3, 166142, 100, 14, 371.55
2026/09/15 00:42:31.271, 0, 167161, 100, 14, 347.07
2026/09/15 00:42:31.275, 1, 166462, 100, 14, 361.81
2026/09/15 00:42:31.278, 2, 166462, 100, 14, 402.99
2026/09/15 00:42:31.280, 3, 166142, 100, 14, 407.96
2026/09/15 00:42:32.283, 0, 167161, 58, 9, 341.70
2026/09/15 00:42:32.286, 1, 166462, 60, 9, 341.93
2026/09/15 00:42:32.289, 2, 166462, 84, 9, 357.26
2026/09/15 00:42:32.292, 3, 166142, 99, 14, 358.72
2026/09/15 00:42:33.295, 0, 167161, 99, 14, 340.30
2026/09/15 00:42:33.298, 1, 166462, 100, 14, 383.75
2026/09/15 00:42:33.300, 2, 166462, 100, 14, 378.13
2026/09/15 00:42:33.303, 3, 166142, 100, 14, 402.01
2026/09/15 00:42:34.306, 0, 167161, 99, 14, 337.80
2026/09/15 00:42:34.309, 1, 166462, 100, 14, 364.30
2026/09/15 00:42:34.312, 2, 166462, 100, 14, 400.93
2026/09/15 00:42:34.315, 3, 166142, 86, 10, 411.83
2026/09/15 00:42:35.318, 0, 167161, 99, 14, 343.56
2026/09/15 00:42:35.321, 1, 166462, 100, 14, 341.36
2026/09/15 00:42:35.323, 2, 166462, 100, 14, 331.52
2026/09/15 00:42:35.326, 3, 166142, 86, 11, 353.12
2026/09/15 00:42:36.329, 0, 167161, 100, 14, 345.00
2026/09/15 00:42:36.332, 1, 166462, 99, 14, 365.02
2026/09/15 00:42:36.335, 2, 166462, 100, 14, 407.25
2026/09/15 00:42:36.338, 3, 166142, 100, 14, 404.51
2026/09/15 00:42:37.341, 0, 167161, 61, 9, 346.51
2026/09/15 00:42:37.344, 1, 166462, 58, 9, 333.10
2026/09/15 00:42:37.347, 2, 166462, 86, 9, 405.36
2026/09/15 00:42:37.350, 3, 166142, 100, 14, 413.37
2026/09/15 00:42:38.352, 0, 167161, 99, 14, 342.91
2026/09/15 00:42:38.355, 1, 166462, 99, 14, 342.35
2026/09/15 00:42:38.358, 2, 166462, 100, 14, 328.16
2026/09/15 00:42:38.361, 3, 166142, 100, 14, 344.12
2026/09/15 00:42:39.364, 0, 167161, 100, 14, 342.03
2026/09/15 00:42:39.367, 1, 166462, 100, 14, 366.52
2026/09/15 00:42:39.370, 2, 166462, 100, 14, 403.50
2026/09/15 00:42:39.373, 3, 166142, 100, 14, 410.08
2026/09/15 00:42:40.376, 0, 167161, 23, 5, 334.75
2026/09/15 00:42:40.379, 1, 166462, 49, 5, 393.19
2026/09/15 00:42:40.382, 2, 166462, 76, 5, 407.02
2026/09/15 00:42:40.385, 3, 166142, 78, 7, 414.82
2026/09/15 00:42:41.388, 0, 167161, 100, 14, 344.84
2026/09/15 00:42:41.391, 1, 166462, 100, 14, 343.59
2026/09/15 00:42:41.394, 2, 166462, 100, 14, 330.80
2026/09/15 00:42:41.397, 3, 166142, 100, 14, 342.84
2026/09/15 00:42:42.400, 0, 167161, 100, 14, 339.79
2026/09/15 00:42:42.403, 1, 166462, 100, 14, 355.84
2026/09/15 00:42:42.406, 2, 166462, 100, 14, 405.56
2026/09/15 00:42:42.409, 3, 166142, 100, 14, 411.45
2026/09/15 00:42:43.412, 0, 167161, 23, 5, 338.67
2026/09/15 00:42:43.415, 1, 166462, 62, 5, 391.35
2026/09/15 00:42:43.418, 2, 166462, 80, 5, 398.28
2026/09/15 00:42:43.421, 3, 166142, 71, 5, 398.33
2026/09/15 00:42:44.424, 0, 167161, 99, 14, 340.22
2026/09/15 00:42:44.427, 1, 166462, 100, 14, 348.17
2026/09/15 00:42:44.430, 2, 166462, 100, 14, 339.21
2026/09/15 00:42:44.433, 3, 166142, 100, 14, 342.15
2026/09/15 00:42:45.436, 0, 167161, 99, 14, 341.01
2026/09/15 00:42:45.439, 1, 166462, 100, 14, 359.96
2026/09/15 00:42:45.442, 2, 166462, 100, 14, 400.23
2026/09/15 00:42:45.445, 3, 166142, 100, 14, 405.61
2026/09/15 00:42:46.447, 0, 167161, 87, 12, 339.81
2026/09/15 00:42:46.451, 1, 166462, 44, 5, 360.29
2026/09/15 00:42:46.454, 2, 166462, 94, 13, 370.84
2026/09/15 00:42:46.456, 3, 166142, 76, 5, 393.98
2026/09/15 00:42:47.459, 0, 167161, 99, 14, 343.31
2026/09/15 00:42:47.462, 1, 166462, 100, 14, 341.19
2026/09/15 00:42:47.465, 2, 166462, 100, 14, 367.27
2026/09/15 00:42:47.468, 3, 166142, 100, 14, 365.22
2026/09/15 00:42:48.471, 0, 167161, 99, 14, 340.00
2026/09/15 00:42:48.474, 1, 166462, 100, 14, 387.76
2026/09/15 00:42:48.477, 2, 166462, 100, 14, 411.40
2026/09/15 00:42:48.480, 3, 166142, 100, 14, 412.18
2026/09/15 00:42:49.483, 0, 167161, 33, 5, 346.28
2026/09/15 00:42:49.486, 1, 166462, 27, 5, 338.65
2026/09/15 00:42:49.489, 2, 166462, 78, 6, 365.72
2026/09/15 00:42:49.492, 3, 166142, 100, 14, 365.58
2026/09/15 00:42:50.495, 0, 167161, 100, 14, 346.44
2026/09/15 00:42:50.498, 1, 166462, 100, 14, 335.30
2026/09/15 00:42:50.501, 2, 166462, 100, 14, 365.04
2026/09/15 00:42:50.504, 3, 166142, 100, 14, 386.76
2026/09/15 00:42:51.507, 0, 167161, 0, 0, 278.24
2026/09/15 00:42:51.511, 1, 166462, 0, 0, 269.88
2026/09/15 00:42:51.515, 2, 166462, 0, 0, 266.06
2026/09/15 00:42:51.518, 3, 166142, 0, 0, 283.78
2026/09/15 00:42:52.521, 0, 167161, 0, 0, 228.41
2026/09/15 00:42:52.531, 1, 166462, 0, 0, 227.27
2026/09/15 00:42:52.534, 2, 166462, 0, 0, 217.42
2026/09/15 00:42:52.537, 3, 166142, 0, 0, 232.64
2026/09/15 00:42:53.541, 0, 167161, 0, 0, 228.40
2026/09/15 00:42:53.544, 1, 166462, 0, 0, 227.03
2026/09/15 00:42:53.547, 2, 166462, 0, 0, 216.49
2026/09/15 00:42:53.550, 3, 166142, 0, 0, 232.68
2026/09/15 00:42:54.552, 0, 167161, 0, 0, 228.41
2026/09/15 00:42:54.556, 1, 166462, 0, 0, 227.27
2026/09/15 00:42:54.559, 2, 166462, 0, 0, 215.62
2026/09/15 00:42:54.562, 3, 166142, 0, 0, 232.67
2026/09/15 00:42:55.565, 0, 167161, 0, 0, 228.41
2026/09/15 00:42:55.568, 1, 166462, 0, 0, 227.27
2026/09/15 00:42:55.571, 2, 166462, 0, 0, 216.01
2026/09/15 00:42:55.574, 3, 166142, 0, 0, 232.68
2026/09/15 00:42:56.576, 0, 167161, 0, 0, 228.41
2026/09/15 00:42:56.580, 1, 166462, 0, 0, 227.27
2026/09/15 00:42:56.583, 2, 166462, 0, 0, 215.62
2026/09/15 00:42:56.586, 3, 166142, 0, 0, 232.66
2026/09/15 00:42:57.589, 0, 167161, 0, 0, 228.41
2026/09/15 00:42:57.592, 1, 166462, 0, 0, 227.27
2026/09/15 00:42:57.595, 2, 166462, 0, 0, 215.63
2026/09/15 00:42:57.598, 3, 166142, 0, 0, 232.66
2026/09/15 00:42:58.601, 0, 167161, 0, 0, 228.41
2026/09/15 00:42:58.605, 1, 166462, 0, 0, 227.27
2026/09/15 00:42:58.608, 2, 166462, 0, 0, 215.56
2026/09/15 00:42:58.611, 3, 166142, 0, 0, 232.69
2026/09/15 00:42:59.613, 0, 167161, 0, 0, 228.41
2026/09/15 00:42:59.618, 1, 166462, 0, 0, 227.27
2026/09/15 00:42:59.620, 2, 166462, 0, 0, 215.57
2026/09/15 00:42:59.623, 3, 166142, 0, 0, 232.70
2026/09/15 00:43:00.626, 0, 167161, 0, 0, 228.41
2026/09/15 00:43:00.630, 1, 166462, 0, 0, 227.27
2026/09/15 00:43:00.633, 2, 166462, 0, 0, 215.55
2026/09/15 00:43:00.636, 3, 166142, 0, 0, 232.69
2026/09/15 00:43:01.639, 0, 167161, 0, 0, 228.41
2026/09/15 00:43:01.643, 1, 166462, 0, 0, 227.27
2026/09/15 00:43:01.645, 2, 166462, 0, 0, 215.56
2026/09/15 00:43:01.648, 3, 166142, 0, 0, 232.69
2026/09/15 00:43:02.651, 0, 167161, 0, 0, 228.41
2026/09/15 00:43:02.655, 1, 166462, 0, 0, 227.27
2026/09/15 00:43:02.658, 2, 166462, 0, 0, 215.55
2026/09/15 00:43:02.661, 3, 166142, 0, 0, 232.66
2026/09/15 00:43:03.664, 0, 167161, 0, 0, 228.41
2026/09/15 00:43:03.668, 1, 166462, 0, 0, 227.20
2026/09/15 00:43:03.671, 2, 166462, 0, 0, 215.54
2026/09/15 00:43:03.674, 3, 166142, 0, 0, 232.64
2026/09/15 00:43:04.677, 0, 166483, 0, 0, 306.93
2026/09/15 00:43:04.680, 1, 165784, 0, 0, 291.34
2026/09/15 00:43:04.683, 2, 165784, 0, 0, 349.27
2026/09/15 00:43:04.686, 3, 165464, 0, 0, 365.42
2026/09/15 00:43:05.689, 0, 167161, 92, 13, 348.40
2026/09/15 00:43:05.693, 1, 166462, 82, 12, 267.77
2026/09/15 00:43:05.696, 2, 166462, 91, 12, 340.29
2026/09/15 00:43:05.698, 3, 166142, 82, 9, 370.66
2026/09/15 00:43:06.701, 0, 167161, 100, 14, 343.23
2026/09/15 00:43:06.705, 1, 166462, 100, 14, 341.14
2026/09/15 00:43:06.708, 2, 166462, 100, 14, 330.99
2026/09/15 00:43:06.711, 3, 166142, 100, 14, 343.12
2026/09/15 00:43:07.713, 0, 167161, 100, 14, 392.38
2026/09/15 00:43:07.717, 1, 166462, 100, 14, 336.88
2026/09/15 00:43:07.720, 2, 166462, 100, 14, 392.82
2026/09/15 00:43:07.723, 3, 166142, 100, 14, 416.12
2026/09/15 00:43:08.726, 0, 167161, 69, 5, 396.83
2026/09/15 00:43:08.729, 1, 166462, 23, 5, 332.77
2026/09/15 00:43:08.732, 2, 166462, 77, 5, 402.61
2026/09/15 00:43:08.735, 3, 166142, 76, 5, 419.68
2026/09/15 00:43:09.738, 0, 167161, 99, 14, 345.19
2026/09/15 00:43:09.742, 1, 166462, 100, 14, 341.83
2026/09/15 00:43:09.744, 2, 166462, 100, 14, 330.81
2026/09/15 00:43:09.747, 3, 166142, 100, 14, 344.01
2026/09/15 00:43:10.750, 0, 167161, 100, 14, 390.48
2026/09/15 00:43:10.753, 1, 166462, 99, 14, 333.94
2026/09/15 00:43:10.756, 2, 166462, 100, 14, 395.23
2026/09/15 00:43:10.759, 3, 166142, 100, 14, 421.06
2026/09/15 00:43:11.762, 0, 167161, 63, 5, 396.85
2026/09/15 00:43:11.765, 1, 166462, 23, 5, 335.59
2026/09/15 00:43:11.768, 2, 166462, 73, 5, 383.08
2026/09/15 00:43:11.771, 3, 166142, 80, 5, 417.02
2026/09/15 00:43:12.774, 0, 167161, 100, 14, 350.56
2026/09/15 00:43:12.777, 1, 166462, 99, 14, 341.08
2026/09/15 00:43:12.780, 2, 166462, 100, 14, 350.31
2026/09/15 00:43:12.783, 3, 166142, 100, 14, 346.98
2026/09/15 00:43:13.786, 0, 167161, 100, 14, 404.01
2026/09/15 00:43:13.789, 1, 166462, 100, 14, 333.21
2026/09/15 00:43:13.792, 2, 166462, 100, 14, 395.69
2026/09/15 00:43:13.795, 3, 166142, 100, 14, 423.19
2026/09/15 00:43:14.798, 0, 167161, 73, 8, 375.22
2026/09/15 00:43:14.801, 1, 166462, 57, 9, 337.25
2026/09/15 00:43:14.804, 2, 166462, 83, 9, 379.30
2026/09/15 00:43:14.807, 3, 166142, 85, 5, 386.78
2026/09/15 00:43:15.809, 0, 167161, 100, 14, 369.40
2026/09/15 00:43:15.813, 1, 166462, 100, 14, 337.27
2026/09/15 00:43:15.816, 2, 166462, 100, 14, 351.89
2026/09/15 00:43:15.818, 3, 166142, 100, 14, 384.77
2026/09/15 00:43:16.821, 0, 167161, 100, 14, 399.54
2026/09/15 00:43:16.825, 1, 166462, 100, 14, 333.60
2026/09/15 00:43:16.827, 2, 166462, 100, 14, 398.93
2026/09/15 00:43:16.830, 3, 166142, 100, 14, 428.77
2026/09/15 00:43:17.833, 0, 167161, 100, 14, 357.32
2026/09/15 00:43:17.836, 1, 166462, 24, 5, 338.92
2026/09/15 00:43:17.839, 2, 166462, 100, 14, 354.05
2026/09/15 00:43:17.842, 3, 166142, 91, 11, 386.74
2026/09/15 00:43:18.845, 0, 167161, 99, 14, 386.99
2026/09/15 00:43:18.848, 1, 166462, 99, 14, 337.44
2026/09/15 00:43:18.851, 2, 166462, 100, 14, 380.16
2026/09/15 00:43:18.854, 3, 166142, 100, 14, 387.59
2026/09/15 00:43:19.857, 0, 167161, 79, 9, 397.58
2026/09/15 00:43:19.860, 1, 166462, 100, 14, 333.43
2026/09/15 00:43:19.863, 2, 166462, 82, 8, 406.51
2026/09/15 00:43:19.866, 3, 166142, 100, 14, 426.20
2026/09/15 00:43:20.869, 0, 167161, 91, 13, 350.02
2026/09/15 00:43:20.872, 1, 166462, 91, 13, 342.15
2026/09/15 00:43:20.875, 2, 166462, 100, 14, 329.70
2026/09/15 00:43:20.878, 3, 166142, 100, 14, 355.54
2026/09/15 00:43:21.881, 0, 167161, 99, 14, 385.08
2026/09/15 00:43:21.884, 1, 166462, 100, 14, 335.11
2026/09/15 00:43:21.887, 2, 166462, 100, 14, 393.52
2026/09/15 00:43:21.890, 3, 166142, 100, 14, 416.75
2026/09/15 00:43:22.893, 0, 167161, 100, 14, 339.47
2026/09/15 00:43:22.896, 1, 166462, 100, 14, 390.05
2026/09/15 00:43:22.899, 2, 166462, 100, 14, 399.66
2026/09/15 00:43:22.902, 3, 166142, 84, 6, 424.35
2026/09/15 00:43:23.905, 0, 167161, 99, 14, 342.14
2026/09/15 00:43:23.908, 1, 166462, 100, 14, 342.80
2026/09/15 00:43:23.910, 2, 166462, 100, 14, 330.66
2026/09/15 00:43:23.913, 3, 166142, 100, 14, 344.06
2026/09/15 00:43:24.916, 0, 167161, 100, 14, 342.81
2026/09/15 00:43:24.919, 1, 166462, 100, 14, 364.80
2026/09/15 00:43:24.922, 2, 166462, 99, 14, 397.52
2026/09/15 00:43:24.925, 3, 166142, 100, 14, 420.08
2026/09/15 00:43:25.928, 0, 167161, 38, 9, 345.08
2026/09/15 00:43:25.931, 1, 166462, 32, 9, 368.73
2026/09/15 00:43:25.934, 2, 166462, 96, 13, 400.50
2026/09/15 00:43:25.937, 3, 166142, 78, 6, 422.97
2026/09/15 00:43:26.940, 0, 167161, 100, 14, 343.56
2026/09/15 00:43:26.943, 1, 166462, 100, 14, 342.10
2026/09/15 00:43:26.946, 2, 166462, 100, 14, 329.99
2026/09/15 00:43:26.949, 3, 166142, 100, 14, 342.94
2026/09/15 00:43:27.952, 0, 167161, 99, 14, 342.91
2026/09/15 00:43:27.955, 1, 166462, 100, 14, 352.30
2026/09/15 00:43:27.958, 2, 166462, 100, 14, 391.12
2026/09/15 00:43:27.961, 3, 166142, 100, 14, 419.56
2026/09/15 00:43:28.964, 0, 167161, 23, 5, 339.17
2026/09/15 00:43:28.967, 1, 166462, 61, 5, 388.13
2026/09/15 00:43:28.970, 2, 166462, 76, 5, 392.65
2026/09/15 00:43:28.973, 3, 166142, 83, 5, 425.62
2026/09/15 00:43:29.976, 0, 167161, 100, 14, 343.70
2026/09/15 00:43:29.979, 1, 166462, 100, 14, 347.93
2026/09/15 00:43:29.982, 2, 166462, 100, 14, 342.18
2026/09/15 00:43:29.985, 3, 166142, 100, 14, 344.45
2026/09/15 00:43:30.988, 0, 167161, 0, 0, 254.68
2026/09/15 00:43:30.992, 1, 166462, 0, 0, 255.55
2026/09/15 00:43:30.995, 2, 166462, 0, 0, 237.35
2026/09/15 00:43:30.998, 3, 166142, 0, 0, 257.89
2026/09/15 00:43:32.001, 0, 167161, 0, 0, 228.41
2026/09/15 00:43:32.005, 1, 166462, 0, 0, 227.27
2026/09/15 00:43:32.008, 2, 166462, 0, 0, 216.16
2026/09/15 00:43:32.011, 3, 166142, 0, 0, 232.65
2026/09/15 00:43:33.014, 0, 167161, 0, 0, 228.40
2026/09/15 00:43:33.018, 1, 166462, 0, 0, 227.03
2026/09/15 00:43:33.021, 2, 166462, 0, 0, 215.63
2026/09/15 00:43:33.024, 3, 166142, 0, 0, 232.69
2026/09/15 00:43:34.027, 0, 167161, 0, 0, 228.41
2026/09/15 00:43:34.031, 1, 166462, 0, 0, 227.27
2026/09/15 00:43:34.034, 2, 166462, 0, 0, 215.54
2026/09/15 00:43:34.036, 3, 166142, 0, 0, 232.66
2026/09/15 00:43:35.039, 0, 167161, 0, 0, 228.41
2026/09/15 00:43:35.043, 1, 166462, 0, 0, 227.27
2026/09/15 00:43:35.046, 2, 166462, 0, 0, 215.86
2026/09/15 00:43:35.048, 3, 166142, 0, 0, 232.66
2026/09/15 00:43:36.051, 0, 167161, 0, 0, 228.41
2026/09/15 00:43:36.055, 1, 166462, 0, 0, 227.27
2026/09/15 00:43:36.058, 2, 166462, 0, 0, 215.54
2026/09/15 00:43:36.061, 3, 166142, 0, 0, 232.67
2026/09/15 00:43:37.064, 0, 167161, 0, 0, 228.41
2026/09/15 00:43:37.067, 1, 166462, 0, 0, 227.27
2026/09/15 00:43:37.070, 2, 166462, 0, 0, 215.54
2026/09/15 00:43:37.073, 3, 166142, 0, 0, 232.68
2026/09/15 00:43:38.076, 0, 167161, 0, 0, 228.41
2026/09/15 00:43:38.080, 1, 166462, 0, 0, 227.27
2026/09/15 00:43:38.083, 2, 166462, 0, 0, 215.55
2026/09/15 00:43:38.086, 3, 166142, 0, 0, 232.68
2026/09/15 00:43:39.088, 0, 167161, 0, 0, 228.41
2026/09/15 00:43:39.092, 1, 166462, 0, 0, 227.27
2026/09/15 00:43:39.095, 2, 166462, 0, 0, 215.54
2026/09/15 00:43:39.098, 3, 166142, 0, 0, 232.66
2026/09/15 00:43:40.101, 0, 167161, 0, 0, 228.41
2026/09/15 00:43:40.105, 1, 166462, 0, 0, 227.27
2026/09/15 00:43:40.107, 2, 166462, 0, 0, 215.55
2026/09/15 00:43:40.110, 3, 166142, 0, 0, 232.66
2026/09/15 00:43:41.113, 0, 167161, 0, 0, 228.41
2026/09/15 00:43:41.117, 1, 166462, 0, 0, 227.27
2026/09/15 00:43:41.120, 2, 166462, 0, 0, 215.54
2026/09/15 00:43:41.123, 3, 166142, 0, 0, 232.67
2026/09/15 00:43:42.126, 0, 167161, 0, 0, 228.41
2026/09/15 00:43:42.130, 1, 166462, 0, 0, 227.27
2026/09/15 00:43:42.133, 2, 166462, 0, 0, 215.55
2026/09/15 00:43:42.136, 3, 166142, 0, 0, 232.65
2026/09/15 00:43:43.139, 0, 167161, 0, 0, 228.41
2026/09/15 00:43:43.143, 1, 166462, 0, 0, 230.07
2026/09/15 00:43:43.145, 2, 166462, 5, 0, 220.99
2026/09/15 00:43:43.148, 3, 166142, 0, 0, 232.65
2026/09/15 00:43:44.151, 0, 167481, 0, 0, 267.99
2026/09/15 00:43:44.154, 1, 166782, 0, 0, 233.90
2026/09/15 00:43:44.157, 2, 166782, 0, 0, 280.45
2026/09/15 00:43:44.160, 3, 166462, 0, 0, 283.86
2026/09/15 00:43:45.163, 0, 167481, 0, 0, 228.41
2026/09/15 00:43:45.166, 1, 166782, 0, 0, 227.27
2026/09/15 00:43:45.169, 2, 166782, 0, 0, 215.54
2026/09/15 00:43:45.172, 3, 166462, 0, 0, 232.66
2026/09/15 00:43:46.175, 0, 168519, 0, 0, 243.99
2026/09/15 00:43:46.178, 1, 167820, 0, 0, 231.84
2026/09/15 00:43:46.180, 2, 167820, 1, 0, 216.70
2026/09/15 00:43:46.183, 3, 167500, 24, 0, 247.75
2026/09/15 00:43:47.185, 0, 168839, 0, 0, 305.60
2026/09/15 00:43:47.188, 1, 167820, 0, 0, 227.95
2026/09/15 00:43:47.190, 2, 167820, 0, 0, 216.32
2026/09/15 00:43:47.193, 3, 167500, 0, 0, 232.76
2026/09/15 00:43:48.196, 0, 168839, 100, 0, 721.09
2026/09/15 00:43:48.198, 1, 168140, 100, 0, 506.02
2026/09/15 00:43:48.201, 2, 168140, 0, 0, 219.60
2026/09/15 00:43:48.203, 3, 167820, 100, 0, 623.81
2026/09/15 00:43:49.206, 0, 166583, 0, 0, 337.84
2026/09/15 00:43:49.209, 1, 165884, 0, 0, 363.39
2026/09/15 00:43:49.211, 2, 165884, 0, 0, 335.37
2026/09/15 00:43:49.214, 3, 165564, 0, 0, 382.75
2026/09/15 00:43:50.216, 0, 168423, 63, 27, 366.17
2026/09/15 00:43:50.219, 1, 167724, 62, 27, 327.20
2026/09/15 00:43:50.222, 2, 167724, 73, 23, 394.77
2026/09/15 00:43:50.224, 3, 167404, 81, 23, 417.96
2026/09/15 00:43:51.227, 0, 168423, 100, 14, 371.39
2026/09/15 00:43:51.230, 1, 167724, 100, 14, 367.62
2026/09/15 00:43:51.233, 2, 167724, 100, 14, 354.86
2026/09/15 00:43:51.236, 3, 167404, 100, 14, 379.25
2026/09/15 00:43:52.238, 0, 168423, 64, 25, 452.58
2026/09/15 00:43:52.241, 1, 167724, 72, 19, 405.87
2026/09/15 00:43:52.244, 2, 167724, 76, 23, 453.93
2026/09/15 00:43:52.247, 3, 167404, 84, 23, 487.82
2026/09/15 00:43:53.249, 0, 168423, 100, 14, 368.97
2026/09/15 00:43:53.252, 1, 167724, 100, 14, 369.25
2026/09/15 00:43:53.255, 2, 167724, 100, 14, 354.35
2026/09/15 00:43:53.258, 3, 167404, 100, 14, 365.48
2026/09/15 00:43:54.260, 0, 168423, 59, 25, 441.19
2026/09/15 00:43:54.263, 1, 167724, 76, 18, 406.32
2026/09/15 00:43:54.266, 2, 167724, 78, 23, 461.39
2026/09/15 00:43:54.269, 3, 167404, 85, 24, 491.39
2026/09/15 00:43:55.272, 0, 168423, 100, 14, 368.19
2026/09/15 00:43:55.275, 1, 167724, 100, 14, 369.39
2026/09/15 00:43:55.277, 2, 167724, 100, 14, 349.80
2026/09/15 00:43:55.280, 3, 167404, 100, 14, 364.12
2026/09/15 00:43:56.283, 0, 168423, 87, 17, 443.42
2026/09/15 00:43:56.286, 1, 167724, 79, 18, 410.50
2026/09/15 00:43:56.289, 2, 167724, 75, 23, 456.09
2026/09/15 00:43:56.291, 3, 167404, 85, 24, 490.24
2026/09/15 00:43:57.294, 0, 168423, 100, 14, 371.17
2026/09/15 00:43:57.297, 1, 167724, 100, 14, 369.67
2026/09/15 00:43:57.300, 2, 167724, 100, 14, 350.15
2026/09/15 00:43:57.303, 3, 167404, 100, 14, 363.17
2026/09/15 00:43:58.306, 0, 168423, 87, 16, 439.16
2026/09/15 00:43:58.309, 1, 167724, 82, 16, 402.76
2026/09/15 00:43:58.312, 2, 167724, 100, 13, 461.07
2026/09/15 00:43:58.315, 3, 167404, 84, 23, 488.73
2026/09/15 00:43:59.317, 0, 168423, 100, 14, 368.10
2026/09/15 00:43:59.320, 1, 167724, 100, 14, 369.67
2026/09/15 00:43:59.323, 2, 167724, 100, 14, 354.04
2026/09/15 00:43:59.326, 3, 167404, 100, 14, 366.99
2026/09/15 00:44:00.329, 0, 168423, 91, 16, 440.45
2026/09/15 00:44:00.332, 1, 167724, 87, 15, 396.73
2026/09/15 00:44:00.335, 2, 167724, 100, 14, 457.30
2026/09/15 00:44:00.338, 3, 167404, 85, 24, 486.94
2026/09/15 00:44:01.341, 0, 168423, 100, 14, 369.31
2026/09/15 00:44:01.344, 1, 167724, 100, 14, 368.81
2026/09/15 00:44:01.347, 2, 167724, 100, 14, 349.96
2026/09/15 00:44:01.350, 3, 167404, 100, 14, 364.83
2026/09/15 00:44:02.353, 0, 168423, 89, 15, 434.12
2026/09/15 00:44:02.356, 1, 167724, 92, 15, 413.18
2026/09/15 00:44:02.359, 2, 167724, 100, 14, 461.17
2026/09/15 00:44:02.362, 3, 167404, 100, 14, 490.50
2026/09/15 00:44:03.365, 0, 168423, 100, 14, 368.96
2026/09/15 00:44:03.368, 1, 167724, 100, 14, 369.16
2026/09/15 00:44:03.371, 2, 167724, 100, 14, 350.36
2026/09/15 00:44:03.374, 3, 167404, 100, 14, 363.26
2026/09/15 00:44:04.376, 0, 168423, 94, 15, 439.07
2026/09/15 00:44:04.380, 1, 167724, 93, 14, 403.28
2026/09/15 00:44:04.382, 2, 167724, 100, 14, 450.59
2026/09/15 00:44:04.385, 3, 167404, 100, 14, 487.48
2026/09/15 00:44:05.388, 0, 168423, 100, 14, 368.79
2026/09/15 00:44:05.391, 1, 167724, 100, 14, 368.27
2026/09/15 00:44:05.394, 2, 167724, 100, 14, 351.27
2026/09/15 00:44:05.397, 3, 167404, 100, 14, 363.41
2026/09/15 00:44:06.400, 0, 168423, 95, 14, 438.63
2026/09/15 00:44:06.403, 1, 167724, 94, 14, 400.08
2026/09/15 00:44:06.406, 2, 167724, 100, 14, 457.69
2026/09/15 00:44:06.409, 3, 167404, 100, 14, 491.37
2026/09/15 00:44:07.412, 0, 168423, 100, 14, 369.37
2026/09/15 00:44:07.415, 1, 167724, 100, 14, 368.71
2026/09/15 00:44:07.418, 2, 167724, 100, 14, 355.48
2026/09/15 00:44:07.421, 3, 167404, 100, 14, 367.52
2026/09/15 00:44:08.424, 0, 168423, 96, 14, 446.46
2026/09/15 00:44:08.427, 1, 167724, 96, 14, 403.49
2026/09/15 00:44:08.430, 2, 167724, 100, 14, 457.13
2026/09/15 00:44:08.433, 3, 167404, 100, 14, 492.93
2026/09/15 00:44:09.436, 0, 168423, 100, 14, 370.16
2026/09/15 00:44:09.439, 1, 167724, 100, 14, 368.08
2026/09/15 00:44:09.442, 2, 167724, 100, 14, 351.64
2026/09/15 00:44:09.445, 3, 167404, 100, 14, 367.65
2026/09/15 00:44:10.448, 0, 168423, 0, 0, 262.45
2026/09/15 00:44:10.452, 1, 167724, 0, 0, 253.88
2026/09/15 00:44:10.455, 2, 167724, 0, 0, 244.96
2026/09/15 00:44:10.458, 3, 167404, 0, 0, 254.59
2026/09/15 00:44:11.462, 0, 168423, 0, 0, 228.57
2026/09/15 00:44:11.466, 1, 167724, 0, 0, 227.19
2026/09/15 00:44:11.469, 2, 167724, 0, 0, 216.60
2026/09/15 00:44:11.472, 3, 167404, 0, 0, 232.64
2026/09/15 00:44:12.475, 0, 168423, 0, 0, 228.48
2026/09/15 00:44:12.478, 1, 167724, 0, 0, 227.11
2026/09/15 00:44:12.481, 2, 167724, 0, 0, 216.38
2026/09/15 00:44:12.484, 3, 167404, 0, 0, 232.66
2026/09/15 00:44:13.487, 0, 168423, 0, 0, 228.41
2026/09/15 00:44:13.490, 1, 167724, 0, 0, 227.27
2026/09/15 00:44:13.493, 2, 167724, 0, 0, 215.92
2026/09/15 00:44:13.496, 3, 167404, 0, 0, 232.64
2026/09/15 00:44:14.499, 0, 168423, 0, 0, 228.41
2026/09/15 00:44:14.503, 1, 167724, 0, 0, 227.27
2026/09/15 00:44:14.506, 2, 167724, 0, 0, 215.77
2026/09/15 00:44:14.509, 3, 167404, 0, 0, 232.68
2026/09/15 00:44:15.511, 0, 168423, 0, 0, 228.41
2026/09/15 00:44:15.515, 1, 167724, 0, 0, 227.27
2026/09/15 00:44:15.518, 2, 167724, 0, 0, 215.69
2026/09/15 00:44:15.521, 3, 167404, 0, 0, 232.66
2026/09/15 00:44:16.524, 0, 168423, 0, 0, 228.41
2026/09/15 00:44:16.527, 1, 167724, 0, 0, 227.27
2026/09/15 00:44:16.530, 2, 167724, 0, 0, 215.54
2026/09/15 00:44:16.533, 3, 167404, 0, 0, 232.64
2026/09/15 00:44:17.536, 0, 168423, 0, 0, 228.41
2026/09/15 00:44:17.540, 1, 167724, 0, 0, 227.27
2026/09/15 00:44:17.542, 2, 167724, 0, 0, 215.54
2026/09/15 00:44:17.545, 3, 167404, 0, 0, 232.66
2026/09/15 00:44:18.548, 0, 168423, 0, 0, 228.41
2026/09/15 00:44:18.552, 1, 167724, 0, 0, 227.27
2026/09/15 00:44:18.555, 2, 167724, 0, 0, 215.62
2026/09/15 00:44:18.558, 3, 167404, 0, 0, 232.70
2026/09/15 00:44:19.561, 0, 168423, 0, 0, 228.41
2026/09/15 00:44:19.564, 1, 167724, 0, 0, 227.27
2026/09/15 00:44:19.567, 2, 167724, 0, 0, 215.62
2026/09/15 00:44:19.570, 3, 167404, 0, 0, 232.66
2026/09/15 00:44:20.573, 0, 168423, 0, 0, 228.41
2026/09/15 00:44:20.577, 1, 167724, 0, 0, 227.27
2026/09/15 00:44:20.580, 2, 167724, 0, 0, 215.54
2026/09/15 00:44:20.583, 3, 167404, 0, 0, 232.66
2026/09/15 00:44:21.586, 0, 168423, 0, 0, 228.41
2026/09/15 00:44:21.590, 1, 167724, 0, 0, 227.27
2026/09/15 00:44:21.593, 2, 167724, 0, 0, 215.55
2026/09/15 00:44:21.596, 3, 167404, 0, 0, 232.67
2026/09/15 00:44:22.599, 0, 168423, 0, 0, 228.41
2026/09/15 00:44:22.603, 1, 167724, 0, 0, 227.27
2026/09/15 00:44:22.606, 2, 167724, 0, 0, 215.54
2026/09/15 00:44:22.609, 3, 167404, 0, 0, 232.66
2026/09/15 00:44:23.612, 0, 166583, 0, 0, 372.26
2026/09/15 00:44:23.615, 1, 165884, 0, 0, 365.27
2026/09/15 00:44:23.618, 2, 165884, 0, 0, 437.32
2026/09/15 00:44:23.621, 3, 165564, 0, 0, 432.83
2026/09/15 00:44:24.624, 0, 168423, 66, 12, 330.27
2026/09/15 00:44:24.627, 1, 167724, 18, 2, 260.06
2026/09/15 00:44:24.630, 2, 167724, 73, 11, 341.59
2026/09/15 00:44:24.632, 3, 167404, 70, 11, 327.88
2026/09/15 00:44:25.635, 0, 168423, 100, 14, 412.19
2026/09/15 00:44:25.638, 1, 167724, 100, 14, 407.76
2026/09/15 00:44:25.641, 2, 167724, 100, 14, 399.20
2026/09/15 00:44:25.644, 3, 167404, 100, 14, 425.15
2026/09/15 00:44:26.647, 0, 168423, 62, 14, 412.64
2026/09/15 00:44:26.650, 1, 167724, 60, 27, 387.67
2026/09/15 00:44:26.653, 2, 167724, 75, 13, 429.06
2026/09/15 00:44:26.656, 3, 167404, 66, 12, 418.54
2026/09/15 00:44:27.659, 0, 168423, 100, 14, 405.27
2026/09/15 00:44:27.662, 1, 167724, 100, 14, 388.06
2026/09/15 00:44:27.665, 2, 167724, 100, 14, 396.38
2026/09/15 00:44:27.668, 3, 167404, 100, 14, 398.37
2026/09/15 00:44:28.671, 0, 168423, 63, 15, 410.48
2026/09/15 00:44:28.674, 1, 167724, 59, 27, 386.64
2026/09/15 00:44:28.677, 2, 167724, 76, 13, 429.95
2026/09/15 00:44:28.679, 3, 167404, 73, 13, 446.91
2026/09/15 00:44:29.682, 0, 168423, 100, 14, 407.49
2026/09/15 00:44:29.686, 1, 167724, 100, 14, 391.27
2026/09/15 00:44:29.688, 2, 167724, 100, 14, 389.08
2026/09/15 00:44:29.691, 3, 167404, 100, 14, 398.53
2026/09/15 00:44:30.694, 0, 168423, 68, 18, 415.07
2026/09/15 00:44:30.697, 1, 167724, 62, 27, 389.15
2026/09/15 00:44:30.700, 2, 167724, 78, 16, 430.52
2026/09/15 00:44:30.703, 3, 167404, 72, 15, 449.40
2026/09/15 00:44:31.706, 0, 168423, 100, 14, 384.24
2026/09/15 00:44:31.709, 1, 167724, 100, 14, 384.93
2026/09/15 00:44:31.712, 2, 167724, 100, 14, 388.89
2026/09/15 00:44:31.714, 3, 167404, 100, 14, 397.23
2026/09/15 00:44:32.717, 0, 168423, 67, 24, 432.08
2026/09/15 00:44:32.721, 1, 167724, 59, 27, 389.47
2026/09/15 00:44:32.723, 2, 167724, 77, 17, 435.35
2026/09/15 00:44:32.726, 3, 167404, 73, 17, 448.85
2026/09/15 00:44:33.729, 0, 168423, 100, 14, 381.89
2026/09/15 00:44:33.732, 1, 167724, 100, 14, 384.53
2026/09/15 00:44:33.735, 2, 167724, 100, 14, 366.07
2026/09/15 00:44:33.738, 3, 167404, 100, 14, 393.78
2026/09/15 00:44:34.741, 0, 168423, 57, 24, 430.59
2026/09/15 00:44:34.744, 1, 167724, 58, 25, 391.99
2026/09/15 00:44:34.747, 2, 167724, 81, 24, 457.66
2026/09/15 00:44:34.749, 3, 167404, 72, 18, 445.93
2026/09/15 00:44:35.752, 0, 168423, 100, 14, 376.64
2026/09/15 00:44:35.755, 1, 167724, 100, 14, 370.40
2026/09/15 00:44:35.758, 2, 167724, 100, 14, 362.81
2026/09/15 00:44:35.761, 3, 167404, 100, 14, 385.46
2026/09/15 00:44:36.764, 0, 168423, 69, 24, 437.57
2026/09/15 00:44:36.767, 1, 167724, 58, 26, 400.04
2026/09/15 00:44:36.770, 2, 167724, 83, 23, 461.20
2026/09/15 00:44:36.773, 3, 167404, 80, 24, 472.45
2026/09/15 00:44:37.776, 0, 168423, 100, 14, 382.48
2026/09/15 00:44:37.779, 1, 167724, 100, 14, 371.33
2026/09/15 00:44:37.782, 2, 167724, 100, 14, 362.71
2026/09/15 00:44:37.785, 3, 167404, 100, 14, 367.08
2026/09/15 00:44:38.788, 0, 168423, 64, 23, 440.31
2026/09/15 00:44:38.791, 1, 167724, 58, 25, 401.84
2026/09/15 00:44:38.794, 2, 167724, 80, 24, 462.25
2026/09/15 00:44:38.797, 3, 167404, 74, 24, 477.35
2026/09/15 00:44:39.800, 0, 168423, 100, 14, 377.18
2026/09/15 00:44:39.803, 1, 167724, 100, 14, 370.60
2026/09/15 00:44:39.805, 2, 167724, 100, 14, 361.70
2026/09/15 00:44:39.808, 3, 167404, 100, 14, 365.44
2026/09/15 00:44:40.811, 0, 168423, 64, 24, 440.01
2026/09/15 00:44:40.814, 1, 167724, 57, 25, 409.06
2026/09/15 00:44:40.817, 2, 167724, 83, 24, 467.52
2026/09/15 00:44:40.820, 3, 167404, 78, 24, 475.38
2026/09/15 00:44:41.823, 0, 168423, 100, 14, 368.53
2026/09/15 00:44:41.827, 1, 167724, 100, 14, 370.43
2026/09/15 00:44:41.830, 2, 167724, 100, 14, 358.29
2026/09/15 00:44:41.833, 3, 167404, 100, 14, 366.05
2026/09/15 00:44:42.836, 0, 168423, 53, 24, 438.60
2026/09/15 00:44:42.839, 1, 167724, 61, 25, 411.25
2026/09/15 00:44:42.842, 2, 167724, 82, 23, 466.22
2026/09/15 00:44:42.845, 3, 167404, 75, 24, 468.38
2026/09/15 00:44:43.848, 0, 168423, 100, 14, 368.19
2026/09/15 00:44:43.851, 1, 167724, 100, 14, 369.70
2026/09/15 00:44:43.854, 2, 167724, 100, 14, 352.77
2026/09/15 00:44:43.857, 3, 167404, 100, 14, 363.06
2026/09/15 00:44:44.860, 0, 168423, 0, 0, 290.52
2026/09/15 00:44:44.864, 1, 167724, 0, 0, 281.07
2026/09/15 00:44:44.867, 2, 167724, 0, 0, 274.39
2026/09/15 00:44:44.871, 3, 167404, 0, 0, 295.52
2026/09/15 00:44:45.874, 0, 168423, 0, 0, 228.56
2026/09/15 00:44:45.878, 1, 167724, 0, 0, 227.27
2026/09/15 00:44:45.881, 2, 167724, 0, 0, 217.45
2026/09/15 00:44:45.884, 3, 167404, 0, 0, 232.71
2026/09/15 00:44:46.887, 0, 168423, 0, 0, 228.47
2026/09/15 00:44:46.891, 1, 167724, 0, 0, 227.03
2026/09/15 00:44:46.893, 2, 167724, 0, 0, 216.60
2026/09/15 00:44:46.896, 3, 167404, 0, 0, 232.64
2026/09/15 00:44:47.899, 0, 168423, 0, 0, 228.41
2026/09/15 00:44:47.903, 1, 167724, 0, 0, 227.27
2026/09/15 00:44:47.905, 2, 167724, 0, 0, 215.92
2026/09/15 00:44:47.908, 3, 167404, 0, 0, 232.63
2026/09/15 00:44:48.911, 0, 168423, 0, 0, 228.41
2026/09/15 00:44:48.915, 1, 167724, 0, 0, 227.27
2026/09/15 00:44:48.917, 2, 167724, 0, 0, 216.00
2026/09/15 00:44:48.920, 3, 167404, 0, 0, 232.65
2026/09/15 00:44:49.923, 0, 168423, 0, 0, 228.41
2026/09/15 00:44:49.927, 1, 167724, 0, 0, 227.27
2026/09/15 00:44:49.930, 2, 167724, 0, 0, 215.54
2026/09/15 00:44:49.932, 3, 167404, 0, 0, 232.66
2026/09/15 00:44:50.935, 0, 168423, 0, 0, 228.41
2026/09/15 00:44:50.939, 1, 167724, 0, 0, 227.27
2026/09/15 00:44:50.942, 2, 167724, 0, 0, 215.45
2026/09/15 00:44:50.945, 3, 167404, 0, 0, 232.63
2026/09/15 00:44:51.948, 0, 168423, 0, 0, 228.41
2026/09/15 00:44:51.952, 1, 167724, 0, 0, 227.27
2026/09/15 00:44:51.955, 2, 167724, 0, 0, 215.54
2026/09/15 00:44:51.958, 3, 167404, 0, 0, 232.65
2026/09/15 00:44:52.961, 0, 168423, 0, 0, 228.41
2026/09/15 00:44:52.964, 1, 167724, 0, 0, 227.27
2026/09/15 00:44:52.967, 2, 167724, 0, 0, 215.55
2026/09/15 00:44:52.970, 3, 167404, 0, 0, 232.66
2026/09/15 00:44:53.973, 0, 168423, 0, 0, 228.41
2026/09/15 00:44:53.977, 1, 167724, 0, 0, 227.27
2026/09/15 00:44:53.980, 2, 167724, 0, 0, 215.54
2026/09/15 00:44:53.983, 3, 167404, 0, 0, 232.65
2026/09/15 00:44:54.986, 0, 168423, 0, 0, 228.41
2026/09/15 00:44:54.989, 1, 167724, 0, 0, 227.27
2026/09/15 00:44:54.992, 2, 167724, 0, 0, 215.54
2026/09/15 00:44:54.995, 3, 167404, 0, 0, 232.66
2026/09/15 00:44:55.998, 0, 168423, 0, 0, 228.41
2026/09/15 00:44:56.002, 1, 167724, 0, 0, 227.27
2026/09/15 00:44:56.004, 2, 167724, 0, 0, 215.62
2026/09/15 00:44:56.007, 3, 167404, 0, 0, 232.66
2026/09/15 00:44:57.010, 0, 168423, 0, 0, 228.41
2026/09/15 00:44:57.014, 1, 167724, 0, 0, 227.27
2026/09/15 00:44:57.017, 2, 167724, 0, 0, 215.54
2026/09/15 00:44:57.020, 3, 167404, 0, 0, 232.65
2026/09/15 00:44:58.023, 0, 168423, 78, 20, 365.41
2026/09/15 00:44:58.027, 1, 167724, 54, 23, 378.83
2026/09/15 00:44:58.030, 2, 167724, 84, 21, 402.10
2026/09/15 00:44:58.033, 3, 167404, 78, 20, 423.98
2026/09/15 00:44:59.036, 0, 166583, 0, 0, 235.24
2026/09/15 00:44:59.039, 1, 165884, 0, 0, 243.27
2026/09/15 00:44:59.041, 2, 165884, 0, 0, 222.60
2026/09/15 00:44:59.044, 3, 165564, 0, 0, 248.38
2026/09/15 00:45:00.047, 0, 168423, 100, 14, 451.33
2026/09/15 00:45:00.050, 1, 167724, 100, 14, 387.30
2026/09/15 00:45:00.053, 2, 167724, 100, 14, 468.85
2026/09/15 00:45:00.056, 3, 167404, 100, 14, 449.16
2026/09/15 00:45:01.059, 0, 168423, 100, 14, 369.71
2026/09/15 00:45:01.062, 1, 167724, 100, 14, 369.28
2026/09/15 00:45:01.065, 2, 167724, 100, 14, 353.29
2026/09/15 00:45:01.068, 3, 167404, 100, 14, 367.96
2026/09/15 00:45:02.071, 0, 168423, 100, 14, 436.03
2026/09/15 00:45:02.074, 1, 167724, 100, 14, 404.94
2026/09/15 00:45:02.077, 2, 167724, 100, 14, 465.73
2026/09/15 00:45:02.080, 3, 167404, 100, 14, 458.91
2026/09/15 00:45:03.083, 0, 168423, 100, 14, 369.43
2026/09/15 00:45:03.086, 1, 167724, 100, 14, 369.34
2026/09/15 00:45:03.089, 2, 167724, 100, 14, 350.38
2026/09/15 00:45:03.091, 3, 167404, 100, 14, 367.76
2026/09/15 00:45:04.094, 0, 168423, 100, 14, 406.99
2026/09/15 00:45:04.097, 1, 167724, 100, 14, 454.40
2026/09/15 00:45:04.100, 2, 167724, 100, 14, 464.38
2026/09/15 00:45:04.103, 3, 167404, 100, 14, 462.04
2026/09/15 00:45:05.106, 0, 168423, 100, 14, 369.30
2026/09/15 00:45:05.109, 1, 167724, 100, 14, 369.66
2026/09/15 00:45:05.112, 2, 167724, 100, 14, 350.54
2026/09/15 00:45:05.115, 3, 167404, 100, 14, 368.47
2026/09/15 00:45:06.118, 0, 168423, 100, 14, 403.49
2026/09/15 00:45:06.121, 1, 167724, 100, 14, 453.09
2026/09/15 00:45:06.123, 2, 167724, 100, 14, 468.28
2026/09/15 00:45:06.126, 3, 167404, 100, 14, 475.10
2026/09/15 00:45:07.129, 0, 168423, 56, 7, 365.24
2026/09/15 00:45:07.132, 1, 167724, 100, 14, 369.08
2026/09/15 00:45:07.135, 2, 167724, 100, 14, 350.50
2026/09/15 00:45:07.138, 3, 167404, 100, 14, 368.10
2026/09/15 00:45:08.141, 0, 168423, 100, 14, 414.63
2026/09/15 00:45:08.144, 1, 167724, 100, 14, 420.82
2026/09/15 00:45:08.147, 2, 167724, 100, 14, 456.55
2026/09/15 00:45:08.149, 3, 167404, 100, 14, 476.85
2026/09/15 00:45:09.152, 0, 168423, 50, 7, 363.85
2026/09/15 00:45:09.155, 1, 167724, 100, 14, 367.90
2026/09/15 00:45:09.158, 2, 167724, 79, 8, 366.33
2026/09/15 00:45:09.161, 3, 167404, 100, 14, 369.14
2026/09/15 00:45:10.164, 0, 168423, 100, 14, 417.00
2026/09/15 00:45:10.167, 1, 167724, 100, 14, 441.08
2026/09/15 00:45:10.170, 2, 167724, 100, 14, 450.44
2026/09/15 00:45:10.173, 3, 167404, 100, 14, 464.41
2026/09/15 00:45:11.176, 0, 168423, 48, 6, 364.01
2026/09/15 00:45:11.179, 1, 167724, 100, 14, 378.11
2026/09/15 00:45:11.182, 2, 167724, 79, 7, 369.77
2026/09/15 00:45:11.184, 3, 167404, 77, 7, 388.50
2026/09/15 00:45:12.187, 0, 168423, 100, 13, 412.92
2026/09/15 00:45:12.190, 1, 167724, 100, 14, 443.13
2026/09/15 00:45:12.193, 2, 167724, 100, 13, 452.36
2026/09/15 00:45:12.196, 3, 167404, 100, 13, 448.68
2026/09/15 00:45:13.199, 0, 168423, 48, 6, 363.76
2026/09/15 00:45:13.202, 1, 167724, 100, 14, 372.05
2026/09/15 00:45:13.205, 2, 167724, 80, 7, 374.69
2026/09/15 00:45:13.208, 3, 167404, 73, 7, 384.06
2026/09/15 00:45:14.211, 0, 168423, 100, 14, 406.27
2026/09/15 00:45:14.214, 1, 167724, 100, 14, 442.16
2026/09/15 00:45:14.217, 2, 167724, 100, 14, 449.61
2026/09/15 00:45:14.219, 3, 167404, 100, 14, 454.14
2026/09/15 00:45:15.222, 0, 168423, 45, 6, 355.63
2026/09/15 00:45:15.225, 1, 167724, 100, 14, 378.54
2026/09/15 00:45:15.228, 2, 167724, 79, 7, 374.19
2026/09/15 00:45:15.231, 3, 167404, 75, 7, 389.47
2026/09/15 00:45:16.234, 0, 168423, 100, 14, 420.48
2026/09/15 00:45:16.237, 1, 167724, 100, 14, 446.80
2026/09/15 00:45:16.240, 2, 167724, 100, 14, 455.26
2026/09/15 00:45:16.243, 3, 167404, 100, 14, 448.82
2026/09/15 00:45:17.246, 0, 168423, 46, 6, 355.90
2026/09/15 00:45:17.249, 1, 167724, 100, 14, 373.60
2026/09/15 00:45:17.252, 2, 167724, 81, 7, 391.30
2026/09/15 00:45:17.255, 3, 167404, 75, 7, 391.31
2026/09/15 00:45:18.257, 0, 168423, 100, 14, 424.55
2026/09/15 00:45:18.260, 1, 167724, 100, 14, 436.70
2026/09/15 00:45:18.263, 2, 167724, 100, 14, 431.63
2026/09/15 00:45:18.266, 3, 167404, 100, 14, 450.77
2026/09/15 00:45:19.269, 0, 168423, 24, 3, 344.96
2026/09/15 00:45:19.273, 1, 167724, 0, 0, 338.57
2026/09/15 00:45:19.276, 2, 167724, 37, 5, 323.47
2026/09/15 00:45:19.279, 3, 167404, 37, 5, 347.71
2026/09/15 00:45:20.282, 0, 168423, 0, 0, 229.42
2026/09/15 00:45:20.286, 1, 167724, 0, 0, 227.27
2026/09/15 00:45:20.289, 2, 167724, 0, 0, 218.55
2026/09/15 00:45:20.292, 3, 167404, 0, 0, 233.16
2026/09/15 00:45:21.295, 0, 168423, 0, 0, 228.40
2026/09/15 00:45:21.299, 1, 167724, 0, 0, 227.02
2026/09/15 00:45:21.302, 2, 167724, 0, 0, 216.89
2026/09/15 00:45:21.304, 3, 167404, 0, 0, 232.65
2026/09/15 00:45:22.307, 0, 168423, 0, 0, 228.41
2026/09/15 00:45:22.311, 1, 167724, 0, 0, 227.27
2026/09/15 00:45:22.314, 2, 167724, 0, 0, 216.00
2026/09/15 00:45:22.316, 3, 167404, 0, 0, 232.66
2026/09/15 00:45:23.319, 0, 168423, 0, 0, 228.41
2026/09/15 00:45:23.323, 1, 167724, 0, 0, 227.27
2026/09/15 00:45:23.325, 2, 167724, 0, 0, 215.69
2026/09/15 00:45:23.328, 3, 167404, 0, 0, 232.66
2026/09/15 00:45:24.331, 0, 168423, 0, 0, 228.41
2026/09/15 00:45:24.335, 1, 167724, 0, 0, 227.27
2026/09/15 00:45:24.337, 2, 167724, 0, 0, 215.70
2026/09/15 00:45:24.340, 3, 167404, 0, 0, 232.69
2026/09/15 00:45:25.343, 0, 168423, 0, 0, 228.41
2026/09/15 00:45:25.347, 1, 167724, 0, 0, 227.27
2026/09/15 00:45:25.350, 2, 167724, 0, 0, 215.53
2026/09/15 00:45:25.353, 3, 167404, 0, 0, 232.63
2026/09/15 00:45:26.355, 0, 168423, 0, 0, 228.41
2026/09/15 00:45:26.359, 1, 167724, 0, 0, 227.27
2026/09/15 00:45:26.362, 2, 167724, 0, 0, 215.54
2026/09/15 00:45:26.365, 3, 167404, 0, 0, 232.68
2026/09/15 00:45:27.367, 0, 168423, 0, 0, 228.41
2026/09/15 00:45:27.371, 1, 167724, 0, 0, 227.27
2026/09/15 00:45:27.374, 2, 167724, 0, 0, 215.56
2026/09/15 00:45:27.377, 3, 167404, 0, 0, 232.70
2026/09/15 00:45:28.379, 0, 168423, 0, 0, 228.41
2026/09/15 00:45:28.383, 1, 167724, 0, 0, 227.27
2026/09/15 00:45:28.386, 2, 167724, 0, 0, 215.56
2026/09/15 00:45:28.389, 3, 167404, 0, 0, 232.70
2026/09/15 00:45:29.392, 0, 168423, 0, 0, 228.41
2026/09/15 00:45:29.395, 1, 167724, 0, 0, 227.27
2026/09/15 00:45:29.398, 2, 167724, 0, 0, 215.55
2026/09/15 00:45:29.401, 3, 167404, 0, 0, 232.65
2026/09/15 00:45:30.404, 0, 168423, 0, 0, 228.41
2026/09/15 00:45:30.408, 1, 167724, 0, 0, 227.27
2026/09/15 00:45:30.410, 2, 167724, 0, 0, 215.55
2026/09/15 00:45:30.413, 3, 167404, 0, 0, 232.68
2026/09/15 00:45:31.416, 0, 168423, 0, 0, 228.41
2026/09/15 00:45:31.420, 1, 167724, 0, 0, 227.27
2026/09/15 00:45:31.424, 2, 167724, 0, 0, 215.54
2026/09/15 00:45:31.427, 3, 167404, 0, 0, 232.70
2026/09/15 00:45:32.430, 0, 168583, 37, 14, 288.62
2026/09/15 00:45:32.434, 1, 167884, 30, 2, 292.09
2026/09/15 00:45:32.436, 2, 167884, 76, 12, 301.70
2026/09/15 00:45:32.439, 3, 167564, 76, 12, 336.24
2026/09/15 00:45:33.442, 0, 166583, 0, 0, 429.45
2026/09/15 00:45:33.445, 1, 165884, 42, 6, 437.30
2026/09/15 00:45:33.448, 2, 165884, 0, 0, 445.78
2026/09/15 00:45:33.451, 3, 165564, 0, 0, 486.77
2026/09/15 00:45:34.454, 0, 168423, 65, 2, 295.52
2026/09/15 00:45:34.457, 1, 167724, 5, 1, 242.47
2026/09/15 00:45:34.459, 2, 167724, 57, 2, 293.44
2026/09/15 00:45:34.462, 3, 167404, 77, 2, 302.74
2026/09/15 00:45:35.465, 0, 168583, 100, 13, 490.28
2026/09/15 00:45:35.468, 1, 167884, 100, 13, 482.90
2026/09/15 00:45:35.471, 2, 167884, 100, 13, 481.38
2026/09/15 00:45:35.474, 3, 167564, 100, 13, 543.65
2026/09/15 00:45:36.476, 0, 168583, 100, 14, 389.12
2026/09/15 00:45:36.479, 1, 167884, 100, 14, 388.53
2026/09/15 00:45:36.482, 2, 167884, 100, 14, 375.41
2026/09/15 00:45:36.485, 3, 167564, 100, 14, 381.97
2026/09/15 00:45:37.488, 0, 168583, 70, 27, 482.14
2026/09/15 00:45:37.491, 1, 167884, 59, 25, 445.90
2026/09/15 00:45:37.493, 2, 167884, 80, 27, 497.08
2026/09/15 00:45:37.496, 3, 167564, 82, 26, 541.62
2026/09/15 00:45:38.499, 0, 168583, 100, 14, 418.98
2026/09/15 00:45:38.502, 1, 167884, 100, 14, 407.44
2026/09/15 00:45:38.505, 2, 167884, 100, 14, 408.04
2026/09/15 00:45:38.508, 3, 167564, 100, 14, 421.13
2026/09/15 00:45:39.510, 0, 168583, 100, 14, 386.39
2026/09/15 00:45:39.513, 1, 167884, 100, 14, 385.52
2026/09/15 00:45:39.516, 2, 167884, 100, 14, 368.35
2026/09/15 00:45:39.519, 3, 167564, 100, 14, 389.02
2026/09/15 00:45:40.521, 0, 168583, 66, 20, 510.33
2026/09/15 00:45:40.524, 1, 167884, 100, 13, 461.35
2026/09/15 00:45:40.527, 2, 167884, 78, 21, 544.91
2026/09/15 00:45:40.530, 3, 167564, 100, 13, 580.74
2026/09/15 00:45:41.533, 0, 168583, 100, 14, 387.90
2026/09/15 00:45:41.536, 1, 167884, 100, 14, 387.71
2026/09/15 00:45:41.538, 2, 167884, 100, 14, 368.80
2026/09/15 00:45:41.541, 3, 167564, 100, 14, 378.80
2026/09/15 00:45:42.544, 0, 168583, 62, 25, 444.94
2026/09/15 00:45:42.547, 1, 167884, 61, 27, 408.98
2026/09/15 00:45:42.550, 2, 167884, 70, 14, 435.25
2026/09/15 00:45:42.552, 3, 167564, 86, 27, 471.05
2026/09/15 00:45:43.555, 0, 168583, 100, 14, 451.42
2026/09/15 00:45:43.558, 1, 167884, 100, 14, 449.30
2026/09/15 00:45:43.561, 2, 167884, 100, 14, 447.70
2026/09/15 00:45:43.563, 3, 167564, 100, 14, 493.27
2026/09/15 00:45:44.566, 0, 168583, 100, 14, 387.43
2026/09/15 00:45:44.569, 1, 167884, 100, 14, 389.00
2026/09/15 00:45:44.572, 2, 167884, 100, 14, 369.42
2026/09/15 00:45:44.575, 3, 167564, 100, 14, 379.92
2026/09/15 00:45:45.578, 0, 168583, 67, 24, 519.62
2026/09/15 00:45:45.581, 1, 167884, 57, 25, 447.63
2026/09/15 00:45:45.583, 2, 167884, 74, 24, 526.55
2026/09/15 00:45:45.586, 3, 167564, 80, 25, 577.70
2026/09/15 00:45:46.589, 0, 168583, 100, 14, 385.68
2026/09/15 00:45:46.592, 1, 167884, 100, 14, 383.80
2026/09/15 00:45:46.595, 2, 167884, 100, 14, 368.45
2026/09/15 00:45:46.597, 3, 167564, 100, 14, 376.11
2026/09/15 00:45:47.600, 0, 168583, 64, 2, 398.56
2026/09/15 00:45:47.603, 1, 167884, 43, 6, 376.68
2026/09/15 00:45:47.606, 2, 167884, 72, 2, 400.71
2026/09/15 00:45:47.609, 3, 167564, 80, 24, 432.73
2026/09/15 00:45:48.612, 0, 168583, 100, 13, 496.98
2026/09/15 00:45:48.615, 1, 167884, 100, 14, 471.08
2026/09/15 00:45:48.617, 2, 167884, 100, 13, 508.21
2026/09/15 00:45:48.620, 3, 167564, 100, 13, 531.27
2026/09/15 00:45:49.623, 0, 168583, 100, 14, 385.47
2026/09/15 00:45:49.626, 1, 167884, 100, 14, 384.50
2026/09/15 00:45:49.629, 2, 167884, 100, 14, 368.28
2026/09/15 00:45:49.631, 3, 167564, 100, 14, 380.37
2026/09/15 00:45:50.634, 0, 168583, 65, 26, 474.31
2026/09/15 00:45:50.637, 1, 167884, 63, 27, 431.77
2026/09/15 00:45:50.640, 2, 167884, 75, 25, 486.72
2026/09/15 00:45:50.643, 3, 167564, 85, 27, 523.57
2026/09/15 00:45:51.646, 0, 168583, 100, 14, 412.66
2026/09/15 00:45:51.649, 1, 167884, 100, 14, 416.95
2026/09/15 00:45:51.651, 2, 167884, 100, 14, 420.94
2026/09/15 00:45:51.654, 3, 167564, 100, 14, 437.81
2026/09/15 00:45:52.657, 0, 168583, 100, 14, 386.67
2026/09/15 00:45:52.660, 1, 167884, 100, 14, 384.87
2026/09/15 00:45:52.663, 2, 167884, 100, 14, 371.89
2026/09/15 00:45:52.665, 3, 167564, 100, 14, 382.36
2026/09/15 00:45:53.668, 0, 168583, 89, 16, 505.41
2026/09/15 00:45:53.671, 1, 167884, 53, 24, 463.99
2026/09/15 00:45:53.674, 2, 167884, 88, 17, 530.41
2026/09/15 00:45:53.677, 3, 167564, 100, 13, 584.72
2026/09/15 00:45:54.680, 0, 168583, 100, 14, 385.38
2026/09/15 00:45:54.683, 1, 167884, 100, 14, 387.65
2026/09/15 00:45:54.685, 2, 167884, 100, 14, 369.23
2026/09/15 00:45:54.688, 3, 167564, 100, 14, 377.32
2026/09/15 00:45:55.691, 0, 168583, 67, 27, 431.86
2026/09/15 00:45:55.694, 1, 167884, 61, 26, 413.92
2026/09/15 00:45:55.697, 2, 167884, 80, 26, 454.84
2026/09/15 00:45:55.700, 3, 167564, 82, 26, 489.81
2026/09/15 00:45:56.703, 0, 168583, 100, 14, 450.30
2026/09/15 00:45:56.706, 1, 167884, 100, 14, 435.90
2026/09/15 00:45:56.709, 2, 167884, 100, 13, 445.15
2026/09/15 00:45:56.711, 3, 167564, 100, 14, 472.79
2026/09/15 00:45:57.714, 0, 168583, 100, 14, 389.78
2026/09/15 00:45:57.717, 1, 167884, 100, 14, 384.58
2026/09/15 00:45:57.720, 2, 167884, 100, 14, 369.62
2026/09/15 00:45:57.723, 3, 167564, 100, 14, 381.51
2026/09/15 00:45:58.726, 0, 168583, 62, 27, 496.35
2026/09/15 00:45:58.729, 1, 167884, 55, 23, 461.88
2026/09/15 00:45:58.732, 2, 167884, 74, 27, 532.02
2026/09/15 00:45:58.734, 3, 167564, 82, 23, 587.28
2026/09/15 00:45:59.737, 0, 168583, 100, 14, 398.21
2026/09/15 00:45:59.740, 1, 167884, 100, 14, 383.98
2026/09/15 00:45:59.743, 2, 167884, 100, 14, 372.33
2026/09/15 00:45:59.746, 3, 167564, 100, 14, 380.77
2026/09/15 00:46:00.749, 0, 168583, 0, 0, 350.51
2026/09/15 00:46:00.753, 1, 167884, 0, 0, 356.40
2026/09/15 00:46:00.756, 2, 167884, 92, 13, 342.57
2026/09/15 00:46:00.759, 3, 167564, 0, 0, 351.98
2026/09/15 00:46:01.762, 0, 168583, 0, 0, 229.96
2026/09/15 00:46:01.766, 1, 167884, 0, 0, 227.27
2026/09/15 00:46:01.769, 2, 167884, 0, 0, 218.10
2026/09/15 00:46:01.772, 3, 167564, 0, 0, 233.74
2026/09/15 00:46:02.775, 0, 168583, 0, 0, 228.48
2026/09/15 00:46:02.779, 1, 167884, 0, 0, 227.03
2026/09/15 00:46:02.781, 2, 167884, 0, 0, 216.41
2026/09/15 00:46:02.784, 3, 167564, 0, 0, 232.68
2026/09/15 00:46:03.787, 0, 168583, 0, 0, 228.41
2026/09/15 00:46:03.790, 1, 167884, 0, 0, 227.27
2026/09/15 00:46:03.793, 2, 167884, 0, 0, 215.77
2026/09/15 00:46:03.796, 3, 167564, 0, 0, 232.65
2026/09/15 00:46:04.798, 0, 168583, 0, 0, 228.41
2026/09/15 00:46:04.802, 1, 167884, 0, 0, 227.27
2026/09/15 00:46:04.813, 2, 167884, 0, 0, 215.78
2026/09/15 00:46:04.826, 3, 167564, 0, 0, 232.66
2026/09/15 00:46:05.828, 0, 168583, 0, 0, 228.41
2026/09/15 00:46:05.832, 1, 167884, 0, 0, 227.27
2026/09/15 00:46:05.835, 2, 167884, 0, 0, 215.69
2026/09/15 00:46:05.838, 3, 167564, 0, 0, 232.65
2026/09/15 00:46:06.840, 0, 168583, 0, 0, 228.41
2026/09/15 00:46:06.844, 1, 167884, 0, 0, 227.27
2026/09/15 00:46:06.847, 2, 167884, 0, 0, 215.53
2026/09/15 00:46:06.850, 3, 167564, 0, 0, 232.64
2026/09/15 00:46:07.853, 0, 168583, 0, 0, 228.41
2026/09/15 00:46:07.856, 1, 167884, 0, 0, 227.27
2026/09/15 00:46:07.859, 2, 167884, 0, 0, 215.54
2026/09/15 00:46:07.862, 3, 167564, 0, 0, 232.65
2026/09/15 00:46:08.865, 0, 168583, 0, 0, 228.41
2026/09/15 00:46:08.868, 1, 167884, 0, 0, 227.27
2026/09/15 00:46:08.871, 2, 167884, 0, 0, 215.54
2026/09/15 00:46:08.874, 3, 167564, 0, 0, 232.64
2026/09/15 00:46:09.877, 0, 168583, 0, 0, 228.41
2026/09/15 00:46:09.881, 1, 167884, 0, 0, 227.27
2026/09/15 00:46:09.884, 2, 167884, 0, 0, 215.54
2026/09/15 00:46:09.887, 3, 167564, 0, 0, 232.65
2026/09/15 00:46:10.890, 0, 168583, 0, 0, 228.41
2026/09/15 00:46:10.893, 1, 167884, 0, 0, 227.27
2026/09/15 00:46:10.896, 2, 167884, 0, 0, 215.62
2026/09/15 00:46:10.899, 3, 167564, 0, 0, 232.66
2026/09/15 00:46:11.903, 0, 168583, 0, 0, 228.41
2026/09/15 00:46:11.906, 1, 167884, 0, 0, 227.27
2026/09/15 00:46:11.909, 2, 167884, 0, 0, 215.54
2026/09/15 00:46:11.912, 3, 167564, 0, 0, 232.65
2026/09/15 00:46:12.915, 0, 168583, 0, 0, 228.41
2026/09/15 00:46:12.919, 1, 167884, 0, 0, 227.27
2026/09/15 00:46:12.922, 2, 167884, 0, 0, 215.54
2026/09/15 00:46:12.925, 3, 167564, 0, 0, 232.67
2026/09/15 00:46:13.928, 0, 168583, 17, 2, 261.54
2026/09/15 00:46:13.932, 1, 167884, 69, 27, 321.90
2026/09/15 00:46:13.935, 2, 167884, 65, 2, 301.65
2026/09/15 00:46:13.938, 3, 167564, 71, 9, 340.93
2026/09/15 00:46:14.941, 0, 166583, 40, 6, 443.18
2026/09/15 00:46:14.944, 1, 165884, 0, 0, 440.95
2026/09/15 00:46:14.947, 2, 165884, 49, 7, 453.66
2026/09/15 00:46:14.949, 3, 165564, 0, 0, 473.98
2026/09/15 00:46:15.952, 0, 168423, 46, 15, 273.81
2026/09/15 00:46:15.955, 1, 167724, 42, 16, 250.66
2026/09/15 00:46:15.958, 2, 167724, 8, 0, 271.57
2026/09/15 00:46:15.961, 3, 167404, 77, 2, 308.64
2026/09/15 00:46:16.964, 0, 168583, 100, 13, 478.87
2026/09/15 00:46:16.967, 1, 167884, 100, 14, 504.53
2026/09/15 00:46:16.970, 2, 167884, 100, 14, 492.52
2026/09/15 00:46:16.973, 3, 167564, 100, 13, 541.98
2026/09/15 00:46:17.976, 0, 168583, 100, 14, 387.90
2026/09/15 00:46:17.979, 1, 167884, 100, 14, 388.23
2026/09/15 00:46:17.981, 2, 167884, 100, 14, 368.48
2026/09/15 00:46:17.984, 3, 167564, 100, 14, 380.16
2026/09/15 00:46:18.987, 0, 168583, 61, 27, 445.69
2026/09/15 00:46:18.990, 1, 167884, 62, 25, 468.37
2026/09/15 00:46:18.993, 2, 167884, 74, 26, 502.61
2026/09/15 00:46:18.996, 3, 167564, 84, 27, 518.06
2026/09/15 00:46:19.999, 0, 168583, 100, 14, 409.11
2026/09/15 00:46:20.002, 1, 167884, 100, 14, 427.16
2026/09/15 00:46:20.005, 2, 167884, 100, 14, 406.70
2026/09/15 00:46:20.008, 3, 167564, 100, 14, 412.67
2026/09/15 00:46:21.010, 0, 168583, 100, 14, 387.60
2026/09/15 00:46:21.013, 1, 167884, 100, 14, 384.43
2026/09/15 00:46:21.016, 2, 167884, 100, 14, 367.92
2026/09/15 00:46:21.019, 3, 167564, 77, 7, 391.13
2026/09/15 00:46:22.022, 0, 168583, 100, 13, 455.96
2026/09/15 00:46:22.025, 1, 167884, 100, 13, 520.15
2026/09/15 00:46:22.028, 2, 167884, 100, 13, 539.82
2026/09/15 00:46:22.031, 3, 167564, 100, 13, 578.96
2026/09/15 00:46:23.033, 0, 168583, 100, 14, 384.10
2026/09/15 00:46:23.037, 1, 167884, 100, 14, 385.86
2026/09/15 00:46:23.040, 2, 167884, 100, 14, 369.24
2026/09/15 00:46:23.042, 3, 167564, 100, 14, 379.67
2026/09/15 00:46:24.045, 0, 168583, 59, 27, 418.13
2026/09/15 00:46:24.048, 1, 167884, 66, 27, 446.36
2026/09/15 00:46:24.051, 2, 167884, 78, 27, 439.91
2026/09/15 00:46:24.054, 3, 167564, 81, 25, 475.41
2026/09/15 00:46:25.057, 0, 168583, 100, 14, 431.58
2026/09/15 00:46:25.060, 1, 167884, 100, 14, 462.74
2026/09/15 00:46:25.063, 2, 167884, 100, 14, 465.17
2026/09/15 00:46:25.066, 3, 167564, 100, 14, 488.99
2026/09/15 00:46:26.069, 0, 168583, 100, 14, 388.13
2026/09/15 00:46:26.072, 1, 167884, 100, 14, 385.95
2026/09/15 00:46:26.075, 2, 167884, 100, 14, 369.76
2026/09/15 00:46:26.077, 3, 167564, 100, 14, 382.46
2026/09/15 00:46:27.080, 0, 168583, 57, 25, 464.91
2026/09/15 00:46:27.083, 1, 167884, 64, 25, 490.40
2026/09/15 00:46:27.086, 2, 167884, 76, 26, 547.88
2026/09/15 00:46:27.089, 3, 167564, 83, 24, 575.01
2026/09/15 00:46:28.092, 0, 168583, 100, 14, 386.86
2026/09/15 00:46:28.095, 1, 167884, 100, 14, 392.04
2026/09/15 00:46:28.098, 2, 167884, 100, 14, 368.12
2026/09/15 00:46:28.101, 3, 167564, 100, 14, 392.21
2026/09/15 00:46:29.103, 0, 168583, 44, 6, 373.50
2026/09/15 00:46:29.106, 1, 167884, 56, 6, 403.45
2026/09/15 00:46:29.109, 2, 167884, 74, 7, 404.50
2026/09/15 00:46:29.112, 3, 167564, 79, 2, 435.59
2026/09/15 00:46:30.115, 0, 168583, 100, 13, 469.05
2026/09/15 00:46:30.118, 1, 167884, 100, 14, 483.08
2026/09/15 00:46:30.121, 2, 167884, 100, 13, 508.00
2026/09/15 00:46:30.124, 3, 167564, 100, 13, 529.22
2026/09/15 00:46:31.127, 0, 168583, 100, 14, 384.58
2026/09/15 00:46:31.130, 1, 167884, 100, 14, 385.18
2026/09/15 00:46:31.133, 2, 167884, 100, 14, 367.60
2026/09/15 00:46:31.135, 3, 167564, 100, 14, 374.97
2026/09/15 00:46:32.138, 0, 168583, 58, 26, 430.41
2026/09/15 00:46:32.141, 1, 167884, 69, 27, 474.76
2026/09/15 00:46:32.144, 2, 167884, 72, 26, 482.96
2026/09/15 00:46:32.147, 3, 167564, 82, 26, 530.35
2026/09/15 00:46:33.150, 0, 168583, 100, 14, 405.63
2026/09/15 00:46:33.153, 1, 167884, 100, 14, 408.42
2026/09/15 00:46:33.156, 2, 167884, 100, 14, 417.28
2026/09/15 00:46:33.159, 3, 167564, 100, 14, 435.38
2026/09/15 00:46:34.161, 0, 168583, 100, 14, 385.35
2026/09/15 00:46:34.165, 1, 167884, 100, 14, 384.62
2026/09/15 00:46:34.167, 2, 167884, 100, 14, 369.41
2026/09/15 00:46:34.170, 3, 167564, 100, 14, 380.62
2026/09/15 00:46:35.173, 0, 168583, 100, 13, 462.03
2026/09/15 00:46:35.176, 1, 167884, 100, 13, 527.30
2026/09/15 00:46:35.179, 2, 167884, 100, 13, 529.62
2026/09/15 00:46:35.181, 3, 167564, 90, 18, 575.34
2026/09/15 00:46:36.184, 0, 168583, 100, 14, 381.88
2026/09/15 00:46:36.187, 1, 167884, 100, 14, 384.50
2026/09/15 00:46:36.190, 2, 167884, 100, 14, 366.81
2026/09/15 00:46:36.193, 3, 167564, 100, 13, 376.30
2026/09/15 00:46:37.196, 0, 168583, 58, 26, 402.23
2026/09/15 00:46:37.199, 1, 167884, 68, 26, 438.44
2026/09/15 00:46:37.202, 2, 167884, 77, 26, 439.67
2026/09/15 00:46:37.205, 3, 167564, 75, 20, 450.68
2026/09/15 00:46:38.207, 0, 168583, 100, 14, 439.00
2026/09/15 00:46:38.211, 1, 167884, 100, 14, 451.84
2026/09/15 00:46:38.213, 2, 167884, 100, 14, 463.43
2026/09/15 00:46:38.216, 3, 167564, 100, 14, 479.72
2026/09/15 00:46:39.219, 0, 168583, 100, 14, 383.08
2026/09/15 00:46:39.222, 1, 167884, 100, 14, 386.13
2026/09/15 00:46:39.225, 2, 167884, 100, 14, 370.02
2026/09/15 00:46:39.228, 3, 167564, 100, 14, 381.17
2026/09/15 00:46:40.231, 0, 168583, 56, 24, 457.98
2026/09/15 00:46:40.234, 1, 167884, 66, 24, 487.85
2026/09/15 00:46:40.237, 2, 167884, 74, 24, 520.22
2026/09/15 00:46:40.239, 3, 167564, 86, 24, 571.82
2026/09/15 00:46:41.242, 0, 168583, 100, 14, 389.43
2026/09/15 00:46:41.245, 1, 167884, 100, 14, 387.02
2026/09/15 00:46:41.248, 2, 167884, 100, 14, 375.08
2026/09/15 00:46:41.251, 3, 167564, 100, 14, 378.29
2026/09/15 00:46:42.254, 0, 168583, 8, 1, 348.60
2026/09/15 00:46:42.258, 1, 167884, 9, 1, 354.97
2026/09/15 00:46:42.262, 2, 167884, 16, 2, 346.83
2026/09/15 00:46:42.265, 3, 167564, 0, 0, 354.25
2026/09/15 00:46:43.268, 0, 168583, 0, 0, 229.72
2026/09/15 00:46:43.272, 1, 167884, 0, 0, 227.27
2026/09/15 00:46:43.275, 2, 167884, 0, 0, 218.23
2026/09/15 00:46:43.278, 3, 167564, 0, 0, 233.40
2026/09/15 00:46:44.281, 0, 168583, 0, 0, 228.54
2026/09/15 00:46:44.284, 1, 167884, 0, 0, 227.03
2026/09/15 00:46:44.287, 2, 167884, 0, 0, 216.54
2026/09/15 00:46:44.290, 3, 167564, 0, 0, 232.67
2026/09/15 00:46:45.293, 0, 168583, 0, 0, 228.41
2026/09/15 00:46:45.296, 1, 167884, 0, 0, 227.27
2026/09/15 00:46:45.299, 2, 167884, 0, 0, 215.92
2026/09/15 00:46:45.302, 3, 167564, 0, 0, 232.64
2026/09/15 00:46:46.305, 0, 168583, 0, 0, 228.41
2026/09/15 00:46:46.314, 1, 167884, 0, 0, 227.27
2026/09/15 00:46:46.316, 2, 167884, 0, 0, 215.71
2026/09/15 00:46:46.319, 3, 167564, 0, 0, 232.66
2026/09/15 00:46:47.322, 0, 168583, 0, 0, 228.41
2026/09/15 00:46:47.325, 1, 167884, 0, 0, 227.27
2026/09/15 00:46:47.328, 2, 167884, 0, 0, 215.70
2026/09/15 00:46:47.331, 3, 167564, 0, 0, 232.64
2026/09/15 00:46:48.334, 0, 168583, 0, 0, 228.41
2026/09/15 00:46:48.337, 1, 167884, 0, 0, 227.27
2026/09/15 00:46:48.340, 2, 167884, 0, 0, 215.45
2026/09/15 00:46:48.343, 3, 167564, 0, 0, 232.63
2026/09/15 00:46:49.346, 0, 168583, 0, 0, 228.41
2026/09/15 00:46:49.349, 1, 167884, 0, 0, 227.27
2026/09/15 00:46:49.352, 2, 167884, 0, 0, 215.54
2026/09/15 00:46:49.355, 3, 167564, 0, 0, 232.65
2026/09/15 00:46:50.358, 0, 168583, 0, 0, 228.41
2026/09/15 00:46:50.361, 1, 167884, 0, 0, 227.27
2026/09/15 00:46:50.364, 2, 167884, 0, 0, 215.54
2026/09/15 00:46:50.367, 3, 167564, 0, 0, 232.64
2026/09/15 00:46:51.369, 0, 168583, 0, 0, 228.41
2026/09/15 00:46:51.373, 1, 167884, 0, 0, 227.27
2026/09/15 00:46:51.376, 2, 167884, 0, 0, 215.54
2026/09/15 00:46:51.379, 3, 167564, 0, 0, 232.66
2026/09/15 00:46:52.382, 0, 168583, 0, 0, 228.41
2026/09/15 00:46:52.386, 1, 167884, 0, 0, 227.27
2026/09/15 00:46:52.389, 2, 167884, 0, 0, 215.55
2026/09/15 00:46:52.392, 3, 167564, 0, 0, 232.66
2026/09/15 00:46:53.395, 0, 168583, 0, 0, 228.41
2026/09/15 00:46:53.398, 1, 167884, 0, 0, 227.27
2026/09/15 00:46:53.401, 2, 167884, 0, 0, 215.54
2026/09/15 00:46:53.404, 3, 167564, 0, 0, 232.64
2026/09/15 00:46:54.407, 0, 168583, 0, 0, 228.41
2026/09/15 00:46:54.411, 1, 167884, 0, 0, 227.27
2026/09/15 00:46:54.414, 2, 167884, 0, 0, 215.54
2026/09/15 00:46:54.416, 3, 167564, 0, 0, 232.67
2026/09/15 00:46:55.419, 0, 168583, 36, 2, 262.47
2026/09/15 00:46:55.423, 1, 167884, 17, 2, 270.21
2026/09/15 00:46:55.426, 2, 167884, 82, 2, 309.95
2026/09/15 00:46:55.429, 3, 167564, 80, 21, 332.36
2026/09/15 00:46:56.432, 0, 166583, 1, 0, 454.46
2026/09/15 00:46:56.435, 1, 165884, 4, 1, 463.59
2026/09/15 00:46:56.437, 2, 165884, 5, 1, 494.73
2026/09/15 00:46:56.440, 3, 165564, 0, 0, 492.30
2026/09/15 00:46:57.443, 0, 168423, 21, 2, 241.47
2026/09/15 00:46:57.446, 1, 167724, 13, 2, 236.64
2026/09/15 00:46:57.449, 2, 167724, 46, 2, 271.33
2026/09/15 00:46:57.452, 3, 167404, 70, 2, 284.12
2026/09/15 00:46:58.454, 0, 168583, 100, 13, 487.04
2026/09/15 00:46:58.457, 1, 167884, 100, 13, 515.45
2026/09/15 00:46:58.460, 2, 167884, 100, 13, 543.18
2026/09/15 00:46:58.463, 3, 167564, 100, 14, 546.19
2026/09/15 00:46:59.466, 0, 168583, 100, 14, 389.24
2026/09/15 00:46:59.469, 1, 167884, 100, 14, 388.26
2026/09/15 00:46:59.472, 2, 167884, 100, 14, 371.39
2026/09/15 00:46:59.474, 3, 167564, 100, 14, 381.05
2026/09/15 00:47:00.477, 0, 168583, 57, 26, 433.66
2026/09/15 00:47:00.480, 1, 167884, 69, 26, 473.62
2026/09/15 00:47:00.483, 2, 167884, 82, 25, 489.57
2026/09/15 00:47:00.486, 3, 167564, 76, 26, 494.71
2026/09/15 00:47:01.488, 0, 168583, 100, 14, 420.67
2026/09/15 00:47:01.491, 1, 167884, 100, 14, 427.78
2026/09/15 00:47:01.494, 2, 167884, 100, 14, 417.06
2026/09/15 00:47:01.497, 3, 167564, 100, 14, 444.20
2026/09/15 00:47:02.500, 0, 168583, 100, 14, 383.15
2026/09/15 00:47:02.503, 1, 167884, 100, 14, 385.43
2026/09/15 00:47:02.506, 2, 167884, 100, 14, 369.27
2026/09/15 00:47:02.508, 3, 167564, 100, 14, 381.37
2026/09/15 00:47:03.511, 0, 168583, 52, 24, 458.23
2026/09/15 00:47:03.514, 1, 167884, 70, 24, 517.88
2026/09/15 00:47:03.517, 2, 167884, 83, 23, 563.73
2026/09/15 00:47:03.520, 3, 167564, 90, 17, 552.28
2026/09/15 00:47:04.523, 0, 168583, 100, 14, 383.27
2026/09/15 00:47:04.526, 1, 167884, 100, 14, 384.58
2026/09/15 00:47:04.528, 2, 167884, 100, 14, 366.48
2026/09/15 00:47:04.531, 3, 167564, 100, 14, 380.24
2026/09/15 00:47:05.534, 0, 168583, 17, 2, 392.64
2026/09/15 00:47:05.537, 1, 167884, 65, 26, 435.64
2026/09/15 00:47:05.540, 2, 167884, 80, 2, 438.78
2026/09/15 00:47:05.543, 3, 167564, 72, 23, 454.60
2026/09/15 00:47:06.545, 0, 168583, 100, 13, 452.72
2026/09/15 00:47:06.549, 1, 167884, 100, 14, 464.44
2026/09/15 00:47:06.551, 2, 167884, 100, 13, 487.71
2026/09/15 00:47:06.554, 3, 167564, 100, 13, 485.77
2026/09/15 00:47:07.557, 0, 168583, 100, 14, 385.94
2026/09/15 00:47:07.560, 1, 167884, 100, 14, 385.51
2026/09/15 00:47:07.563, 2, 167884, 100, 14, 369.19
2026/09/15 00:47:07.566, 3, 167564, 100, 14, 379.96
2026/09/15 00:47:08.568, 0, 168583, 55, 23, 454.95
2026/09/15 00:47:08.571, 1, 167884, 69, 23, 502.76
2026/09/15 00:47:08.574, 2, 167884, 80, 25, 531.40
2026/09/15 00:47:08.577, 3, 167564, 78, 27, 537.71
2026/09/15 00:47:09.580, 0, 168583, 100, 14, 387.10
2026/09/15 00:47:09.583, 1, 167884, 100, 14, 405.55
2026/09/15 00:47:09.586, 2, 167884, 100, 14, 399.00
2026/09/15 00:47:09.588, 3, 167564, 100, 14, 400.80
2026/09/15 00:47:10.591, 0, 168583, 16, 2, 368.33
2026/09/15 00:47:10.594, 1, 167884, 58, 2, 395.39
2026/09/15 00:47:10.597, 2, 167884, 71, 3, 398.33
2026/09/15 00:47:10.600, 3, 167564, 100, 14, 400.66
2026/09/15 00:47:11.603, 0, 168583, 100, 13, 474.26
2026/09/15 00:47:11.606, 1, 167884, 100, 13, 521.73
2026/09/15 00:47:11.608, 2, 167884, 100, 13, 533.35
2026/09/15 00:47:11.611, 3, 167564, 100, 13, 540.66
2026/09/15 00:47:12.614, 0, 168583, 100, 14, 381.43
2026/09/15 00:47:12.617, 1, 167884, 100, 14, 385.25
2026/09/15 00:47:12.620, 2, 167884, 100, 14, 365.69
2026/09/15 00:47:12.623, 3, 167564, 100, 14, 379.53
2026/09/15 00:47:13.625, 0, 168583, 58, 27, 420.25
2026/09/15 00:47:13.628, 1, 167884, 70, 27, 475.37
2026/09/15 00:47:13.631, 2, 167884, 82, 25, 492.43
2026/09/15 00:47:13.634, 3, 167564, 79, 26, 501.81
2026/09/15 00:47:14.637, 0, 168583, 100, 14, 428.14
2026/09/15 00:47:14.640, 1, 167884, 100, 14, 435.69
2026/09/15 00:47:14.643, 2, 167884, 100, 14, 443.03
2026/09/15 00:47:14.646, 3, 167564, 100, 14, 442.56
2026/09/15 00:47:15.648, 0, 168583, 100, 14, 387.08
2026/09/15 00:47:15.651, 1, 167884, 100, 14, 388.13
2026/09/15 00:47:15.654, 2, 167884, 100, 14, 367.83
2026/09/15 00:47:15.657, 3, 167564, 100, 14, 385.33
2026/09/15 00:47:16.660, 0, 168583, 53, 24, 459.36
2026/09/15 00:47:16.663, 1, 167884, 71, 23, 525.89
2026/09/15 00:47:16.666, 2, 167884, 94, 15, 557.70
2026/09/15 00:47:16.669, 3, 167564, 93, 15, 564.60
2026/09/15 00:47:17.672, 0, 168583, 100, 14, 388.10
2026/09/15 00:47:17.674, 1, 167884, 100, 14, 385.46
2026/09/15 00:47:17.677, 2, 167884, 100, 14, 362.95
2026/09/15 00:47:17.680, 3, 167564, 100, 14, 376.32
2026/09/15 00:47:18.683, 0, 168583, 22, 4, 398.90
2026/09/15 00:47:18.686, 1, 167884, 61, 4, 426.16
2026/09/15 00:47:18.689, 2, 167884, 85, 27, 418.46
2026/09/15 00:47:18.692, 3, 167564, 81, 27, 438.95
2026/09/15 00:47:19.694, 0, 168583, 100, 14, 456.67
2026/09/15 00:47:19.697, 1, 167884, 100, 14, 487.53
2026/09/15 00:47:19.700, 2, 167884, 100, 13, 486.74
2026/09/15 00:47:19.703, 3, 167564, 100, 13, 508.97
2026/09/15 00:47:20.706, 0, 168583, 100, 14, 386.14
2026/09/15 00:47:20.709, 1, 167884, 100, 14, 386.86
2026/09/15 00:47:20.712, 2, 167884, 100, 14, 366.97
2026/09/15 00:47:20.715, 3, 167564, 100, 14, 378.20
2026/09/15 00:47:21.717, 0, 168583, 57, 26, 442.09
2026/09/15 00:47:21.721, 1, 167884, 68, 26, 491.15
2026/09/15 00:47:21.723, 2, 167884, 85, 27, 542.59
2026/09/15 00:47:21.726, 3, 167564, 81, 27, 533.75
2026/09/15 00:47:22.729, 0, 168583, 100, 14, 395.58
2026/09/15 00:47:22.732, 1, 167884, 100, 14, 399.17
2026/09/15 00:47:22.735, 2, 167884, 100, 14, 398.55
2026/09/15 00:47:22.738, 3, 167564, 100, 14, 393.12
2026/09/15 00:47:23.741, 0, 168583, 100, 14, 376.22
2026/09/15 00:47:23.744, 1, 167884, 0, 0, 369.51
2026/09/15 00:47:23.747, 2, 167884, 95, 13, 355.04
2026/09/15 00:47:23.750, 3, 167564, 97, 13, 360.34
2026/09/15 00:47:24.753, 0, 168583, 0, 0, 230.41
2026/09/15 00:47:24.757, 1, 167884, 0, 0, 227.27
2026/09/15 00:47:24.760, 2, 167884, 0, 0, 218.93
2026/09/15 00:47:24.763, 3, 167564, 0, 0, 234.47
2026/09/15 00:47:25.766, 0, 168583, 0, 0, 228.48
2026/09/15 00:47:25.769, 1, 167884, 0, 0, 227.04
2026/09/15 00:47:25.772, 2, 167884, 0, 0, 217.77
2026/09/15 00:47:25.775, 3, 167564, 0, 0, 232.75
2026/09/15 00:47:26.778, 0, 168583, 0, 0, 228.41
2026/09/15 00:47:26.781, 1, 167884, 0, 0, 227.27
2026/09/15 00:47:26.784, 2, 167884, 0, 0, 216.47
2026/09/15 00:47:26.787, 3, 167564, 0, 0, 232.65
2026/09/15 00:47:27.789, 0, 168583, 0, 0, 228.41
2026/09/15 00:47:27.801, 1, 167884, 0, 0, 227.27
2026/09/15 00:47:27.812, 2, 167884, 0, 0, 216.62
2026/09/15 00:47:27.823, 3, 167564, 0, 0, 232.66
2026/09/15 00:47:28.836, 0, 168583, 0, 0, 228.49
2026/09/15 00:47:28.839, 1, 167884, 0, 0, 227.27
2026/09/15 00:47:28.842, 2, 167884, 0, 0, 215.62
2026/09/15 00:47:28.845, 3, 167564, 0, 0, 232.64
2026/09/15 00:47:29.848, 0, 168583, 0, 0, 228.41
2026/09/15 00:47:29.852, 1, 167884, 0, 0, 227.27
2026/09/15 00:47:29.855, 2, 167884, 0, 0, 215.61
2026/09/15 00:47:29.858, 3, 167564, 0, 0, 232.64
2026/09/15 00:47:30.861, 0, 168583, 0, 0, 228.41
2026/09/15 00:47:30.864, 1, 167884, 0, 0, 227.27
2026/09/15 00:47:30.867, 2, 167884, 0, 0, 215.62
2026/09/15 00:47:30.870, 3, 167564, 0, 0, 232.67
2026/09/15 00:47:31.873, 0, 168583, 0, 0, 228.41
2026/09/15 00:47:31.876, 1, 167884, 0, 0, 227.27
2026/09/15 00:47:31.879, 2, 167884, 0, 0, 215.54
2026/09/15 00:47:31.882, 3, 167564, 0, 0, 232.65
2026/09/15 00:47:32.885, 0, 168583, 0, 0, 228.41
2026/09/15 00:47:32.889, 1, 167884, 0, 0, 227.27
2026/09/15 00:47:32.892, 2, 167884, 0, 0, 215.62
2026/09/15 00:47:32.895, 3, 167564, 0, 0, 232.64
2026/09/15 00:47:33.898, 0, 168583, 0, 0, 228.41
2026/09/15 00:47:33.902, 1, 167884, 0, 0, 227.27
2026/09/15 00:47:33.905, 2, 167884, 0, 0, 215.54
2026/09/15 00:47:33.908, 3, 167564, 0, 0, 232.66
2026/09/15 00:47:34.911, 0, 168583, 0, 0, 228.41
2026/09/15 00:47:34.915, 1, 167884, 0, 0, 227.27
2026/09/15 00:47:34.918, 2, 167884, 0, 0, 215.54
2026/09/15 00:47:34.921, 3, 167564, 0, 0, 232.64
2026/09/15 00:47:35.924, 0, 168583, 0, 0, 228.41
2026/09/15 00:47:35.927, 1, 167884, 0, 0, 227.27
2026/09/15 00:47:35.930, 2, 167884, 0, 0, 215.54
2026/09/15 00:47:35.933, 3, 167564, 0, 0, 232.65
2026/09/15 00:47:36.937, 0, 168583, 2, 0, 228.90
2026/09/15 00:47:36.940, 1, 167884, 0, 0, 227.43
2026/09/15 00:47:36.943, 2, 167884, 0, 0, 217.09
2026/09/15 00:47:36.946, 3, 167564, 0, 0, 233.99
2026/09/15 00:47:37.949, 0, 168583, 53, 0, 331.04
2026/09/15 00:47:37.952, 1, 167884, 0, 0, 228.04
2026/09/15 00:47:37.955, 2, 167884, 0, 0, 216.03
2026/09/15 00:47:37.958, 3, 167564, 0, 0, 232.78
2026/09/15 00:47:38.961, 0, 166563, 65, 12, 642.30
2026/09/15 00:47:38.964, 1, 165864, 91, 13, 274.57
2026/09/15 00:47:38.967, 2, 165864, 89, 13, 587.01
2026/09/15 00:47:38.970, 3, 165544, 91, 13, 619.24
2026/09/15 00:47:39.972, 0, 167321, 0, 0, 244.02
2026/09/15 00:47:39.976, 1, 166622, 0, 0, 230.24
2026/09/15 00:47:39.978, 2, 166622, 0, 0, 218.87
2026/09/15 00:47:39.981, 3, 166302, 0, 0, 239.40
2026/09/15 00:47:40.984, 0, 167321, 77, 12, 385.71
2026/09/15 00:47:40.987, 1, 166622, 77, 12, 403.57
2026/09/15 00:47:40.990, 2, 166622, 94, 13, 445.79
2026/09/15 00:47:40.993, 3, 166302, 95, 13, 487.24
2026/09/15 00:47:41.996, 0, 167321, 48, 12, 381.98
2026/09/15 00:47:41.999, 1, 166622, 71, 12, 413.48
2026/09/15 00:47:42.002, 2, 166622, 100, 13, 452.06
2026/09/15 00:47:42.005, 3, 166302, 100, 13, 489.75
2026/09/15 00:47:43.008, 0, 167321, 39, 12, 378.39
2026/09/15 00:47:43.011, 1, 166622, 59, 12, 427.44
2026/09/15 00:47:43.013, 2, 166622, 84, 13, 437.45
2026/09/15 00:47:43.016, 3, 166302, 93, 13, 487.89
2026/09/15 00:47:44.019, 0, 167321, 38, 12, 372.73
2026/09/15 00:47:44.022, 1, 166622, 71, 12, 438.64
2026/09/15 00:47:44.025, 2, 166622, 96, 13, 430.71
2026/09/15 00:47:44.028, 3, 166302, 87, 12, 485.30
2026/09/15 00:47:45.031, 0, 167321, 62, 13, 383.13
2026/09/15 00:47:45.034, 1, 166622, 82, 13, 400.21
2026/09/15 00:47:45.037, 2, 166622, 100, 13, 427.57
2026/09/15 00:47:45.039, 3, 166302, 99, 14, 467.56
2026/09/15 00:47:46.042, 0, 167321, 91, 13, 376.96
2026/09/15 00:47:46.045, 1, 166622, 88, 13, 425.49
2026/09/15 00:47:46.048, 2, 166622, 91, 13, 444.36
2026/09/15 00:47:46.051, 3, 166302, 93, 13, 481.40
2026/09/15 00:47:47.054, 0, 167321, 100, 13, 374.37
2026/09/15 00:47:47.057, 1, 166622, 100, 13, 453.54
2026/09/15 00:47:47.059, 2, 166622, 81, 12, 453.46
2026/09/15 00:47:47.062, 3, 166302, 87, 12, 484.23
2026/09/15 00:47:48.065, 0, 167321, 92, 13, 377.42
2026/09/15 00:47:48.068, 1, 166622, 92, 13, 432.53
2026/09/15 00:47:48.071, 2, 166622, 78, 12, 458.73
2026/09/15 00:47:48.074, 3, 166302, 84, 12, 483.56
2026/09/15 00:47:49.077, 0, 167321, 68, 12, 381.41
2026/09/15 00:47:49.080, 1, 166622, 67, 12, 420.49
2026/09/15 00:47:49.083, 2, 166622, 78, 12, 451.41
2026/09/15 00:47:49.086, 3, 166302, 85, 12, 477.41
2026/09/15 00:47:50.088, 0, 167321, 41, 12, 379.15
2026/09/15 00:47:50.092, 1, 166622, 47, 12, 399.99
2026/09/15 00:47:50.094, 2, 166622, 81, 13, 442.22
2026/09/15 00:47:50.097, 3, 166302, 87, 13, 472.30
2026/09/15 00:47:51.100, 0, 167321, 67, 12, 432.33
2026/09/15 00:47:51.103, 1, 166622, 38, 12, 373.10
2026/09/15 00:47:51.106, 2, 166622, 92, 13, 427.03
2026/09/15 00:47:51.109, 3, 166302, 94, 13, 463.25
2026/09/15 00:47:52.112, 0, 167321, 74, 12, 431.09
2026/09/15 00:47:52.115, 1, 166622, 45, 12, 371.82
2026/09/15 00:47:52.118, 2, 166622, 100, 14, 448.06
2026/09/15 00:47:52.121, 3, 166302, 100, 13, 466.48
2026/09/15 00:47:53.124, 0, 167321, 86, 13, 427.23
2026/09/15 00:47:53.127, 1, 166622, 71, 13, 373.52
2026/09/15 00:47:53.129, 2, 166622, 100, 13, 447.36
2026/09/15 00:47:53.132, 3, 166302, 100, 13, 469.78
2026/09/15 00:47:54.135, 0, 167321, 100, 13, 438.19
2026/09/15 00:47:54.138, 1, 166622, 39, 12, 376.16
2026/09/15 00:47:54.141, 2, 166622, 87, 13, 447.23
2026/09/15 00:47:54.144, 3, 166302, 90, 13, 489.41
2026/09/15 00:47:55.147, 0, 167321, 100, 13, 434.16
2026/09/15 00:47:55.150, 1, 166622, 51, 13, 373.33
2026/09/15 00:47:55.153, 2, 166622, 78, 12, 441.61
2026/09/15 00:47:55.156, 3, 166302, 85, 12, 478.38
2026/09/15 00:47:56.159, 0, 167321, 83, 13, 429.50
2026/09/15 00:47:56.162, 1, 166622, 76, 13, 371.51
2026/09/15 00:47:56.165, 2, 166622, 77, 12, 436.79
2026/09/15 00:47:56.168, 3, 166302, 85, 12, 467.33
2026/09/15 00:47:57.171, 0, 167321, 71, 12, 427.83
2026/09/15 00:47:57.174, 1, 166622, 100, 13, 370.65
2026/09/15 00:47:57.177, 2, 166622, 78, 12, 440.61
2026/09/15 00:47:57.180, 3, 166302, 84, 13, 468.52
2026/09/15 00:47:58.183, 0, 167321, 49, 12, 407.62
2026/09/15 00:47:58.186, 1, 166622, 100, 14, 384.63
2026/09/15 00:47:58.188, 2, 166622, 85, 13, 440.34
2026/09/15 00:47:58.191, 3, 166302, 90, 13, 476.60
2026/09/15 00:47:59.194, 0, 167321, 83, 12, 440.60
2026/09/15 00:47:59.197, 1, 166622, 75, 12, 373.75
2026/09/15 00:47:59.200, 2, 166622, 96, 13, 450.73
2026/09/15 00:47:59.203, 3, 166302, 96, 13, 481.05
2026/09/15 00:48:00.206, 0, 167321, 56, 12, 439.97
2026/09/15 00:48:00.209, 1, 166622, 49, 12, 374.20
2026/09/15 00:48:00.212, 2, 166622, 78, 12, 443.95
2026/09/15 00:48:00.215, 3, 166302, 100, 13, 480.95
2026/09/15 00:48:01.218, 0, 167321, 0, 0, 254.66
2026/09/15 00:48:01.222, 1, 166622, 0, 0, 257.63
2026/09/15 00:48:01.225, 2, 166622, 0, 0, 235.35
2026/09/15 00:48:01.228, 3, 166302, 0, 0, 275.47
2026/09/15 00:48:02.231, 0, 167321, 0, 0, 229.32
2026/09/15 00:48:02.235, 1, 166622, 0, 0, 227.27
2026/09/15 00:48:02.237, 2, 166622, 0, 0, 218.57
2026/09/15 00:48:02.240, 3, 166302, 0, 0, 233.06
2026/09/15 00:48:03.243, 0, 167321, 0, 0, 228.48
2026/09/15 00:48:03.246, 1, 166622, 0, 0, 227.27
2026/09/15 00:48:03.249, 2, 166622, 0, 0, 217.29
2026/09/15 00:48:03.252, 3, 166302, 0, 0, 232.65
2026/09/15 00:48:04.255, 0, 167321, 0, 0, 228.41
2026/09/15 00:48:04.258, 1, 166622, 0, 0, 227.27
2026/09/15 00:48:04.261, 2, 166622, 0, 0, 215.77
2026/09/15 00:48:04.264, 3, 166302, 0, 0, 232.63
2026/09/15 00:48:05.267, 0, 167321, 0, 0, 228.41
2026/09/15 00:48:05.270, 1, 166622, 0, 0, 227.27
2026/09/15 00:48:05.273, 2, 166622, 0, 0, 215.92
2026/09/15 00:48:05.276, 3, 166302, 0, 0, 232.64
2026/09/15 00:48:06.278, 0, 167321, 0, 0, 228.41
2026/09/15 00:48:06.282, 1, 166622, 0, 0, 227.27
2026/09/15 00:48:06.285, 2, 166622, 0, 0, 215.60
2026/09/15 00:48:06.288, 3, 166302, 0, 0, 232.65
2026/09/15 00:48:07.291, 0, 167321, 0, 0, 228.41
2026/09/15 00:48:07.294, 1, 166622, 0, 0, 227.27
2026/09/15 00:48:07.297, 2, 166622, 0, 0, 215.61
2026/09/15 00:48:07.300, 3, 166302, 0, 0, 232.66
2026/09/15 00:48:08.302, 0, 167321, 0, 0, 228.41
2026/09/15 00:48:08.306, 1, 166622, 0, 0, 227.27
2026/09/15 00:48:08.309, 2, 166622, 0, 0, 215.62
2026/09/15 00:48:08.312, 3, 166302, 0, 0, 232.65
2026/09/15 00:48:09.314, 0, 167321, 0, 0, 228.41
2026/09/15 00:48:09.318, 1, 166622, 0, 0, 227.27
2026/09/15 00:48:09.321, 2, 166622, 0, 0, 215.62
2026/09/15 00:48:09.324, 3, 166302, 0, 0, 232.66
2026/09/15 00:48:10.327, 0, 167321, 0, 0, 228.41
2026/09/15 00:48:10.330, 1, 166622, 0, 0, 227.27
2026/09/15 00:48:10.333, 2, 166622, 0, 0, 215.77
2026/09/15 00:48:10.336, 3, 166302, 0, 0, 232.65
2026/09/15 00:48:11.339, 0, 167321, 0, 0, 228.41
2026/09/15 00:48:11.343, 1, 166622, 0, 0, 227.27
2026/09/15 00:48:11.346, 2, 166622, 0, 0, 215.61
2026/09/15 00:48:11.348, 3, 166302, 0, 0, 232.64
2026/09/15 00:48:12.351, 0, 167321, 0, 0, 228.41
2026/09/15 00:48:12.355, 1, 166622, 0, 0, 227.27
2026/09/15 00:48:12.358, 2, 166622, 0, 0, 215.54
2026/09/15 00:48:12.361, 3, 166302, 0, 0, 232.64
2026/09/15 00:48:13.364, 0, 167321, 0, 0, 228.41
2026/09/15 00:48:13.368, 1, 166622, 0, 0, 227.27
2026/09/15 00:48:13.371, 2, 166622, 0, 0, 215.62
2026/09/15 00:48:13.374, 3, 166302, 0, 0, 232.65
2026/09/15 00:48:14.377, 0, 166483, 0, 0, 300.45
2026/09/15 00:48:14.380, 1, 165784, 0, 0, 271.80
2026/09/15 00:48:14.383, 2, 165784, 0, 0, 291.79
2026/09/15 00:48:14.386, 3, 165464, 0, 0, 314.09
2026/09/15 00:48:15.389, 0, 167321, 86, 13, 349.98
2026/09/15 00:48:15.392, 1, 166622, 88, 13, 319.36
2026/09/15 00:48:15.395, 2, 166622, 79, 12, 360.51
2026/09/15 00:48:15.397, 3, 166302, 73, 12, 368.52
2026/09/15 00:48:16.400, 0, 167321, 100, 13, 443.04
2026/09/15 00:48:16.403, 1, 166622, 100, 13, 371.80
2026/09/15 00:48:16.406, 2, 166622, 82, 13, 442.73
2026/09/15 00:48:16.409, 3, 166302, 76, 12, 441.77
2026/09/15 00:48:17.412, 0, 167321, 92, 13, 443.77
2026/09/15 00:48:17.415, 1, 166622, 92, 13, 374.08
2026/09/15 00:48:17.418, 2, 166622, 82, 12, 460.47
2026/09/15 00:48:17.421, 3, 166302, 91, 13, 453.24
2026/09/15 00:48:18.423, 0, 167321, 72, 12, 442.41
2026/09/15 00:48:18.427, 1, 166622, 65, 12, 373.49
2026/09/15 00:48:18.429, 2, 166622, 83, 12, 464.94
2026/09/15 00:48:18.432, 3, 166302, 100, 13, 463.49
2026/09/15 00:48:19.435, 0, 167321, 65, 12, 435.64
2026/09/15 00:48:19.438, 1, 166622, 39, 12, 374.68
2026/09/15 00:48:19.441, 2, 166622, 86, 13, 451.43
2026/09/15 00:48:19.444, 3, 166302, 100, 14, 449.65
2026/09/15 00:48:20.447, 0, 167321, 71, 12, 433.35
2026/09/15 00:48:20.450, 1, 166622, 39, 12, 370.33
2026/09/15 00:48:20.453, 2, 166622, 93, 13, 454.27
2026/09/15 00:48:20.456, 3, 166302, 87, 13, 463.54
2026/09/15 00:48:21.458, 0, 167321, 73, 12, 433.83
2026/09/15 00:48:21.462, 1, 166622, 49, 12, 376.09
2026/09/15 00:48:21.464, 2, 166622, 100, 13, 444.87
2026/09/15 00:48:21.467, 3, 166302, 100, 14, 446.63
2026/09/15 00:48:22.470, 0, 167321, 89, 13, 428.33
2026/09/15 00:48:22.473, 1, 166622, 77, 13, 371.68
2026/09/15 00:48:22.476, 2, 166622, 94, 13, 439.03
2026/09/15 00:48:22.479, 3, 166302, 96, 13, 451.42
2026/09/15 00:48:23.481, 0, 167321, 100, 13, 436.73
2026/09/15 00:48:23.484, 1, 166622, 100, 13, 374.38
2026/09/15 00:48:23.487, 2, 166622, 87, 12, 453.78
2026/09/15 00:48:23.490, 3, 166302, 82, 12, 460.90
2026/09/15 00:48:24.493, 0, 167321, 100, 13, 434.58
2026/09/15 00:48:24.496, 1, 166622, 100, 13, 376.65
2026/09/15 00:48:24.499, 2, 166622, 82, 12, 462.19
2026/09/15 00:48:24.502, 3, 166302, 75, 12, 463.14
2026/09/15 00:48:25.505, 0, 167321, 82, 12, 432.37
2026/09/15 00:48:25.508, 1, 166622, 75, 13, 374.19
2026/09/15 00:48:25.510, 2, 166622, 83, 12, 459.69
2026/09/15 00:48:25.513, 3, 166302, 76, 12, 451.08
2026/09/15 00:48:26.516, 0, 167321, 69, 12, 432.79
2026/09/15 00:48:26.519, 1, 166622, 49, 12, 373.04
2026/09/15 00:48:26.522, 2, 166622, 85, 12, 449.20
2026/09/15 00:48:26.525, 3, 166302, 79, 12, 460.11
2026/09/15 00:48:27.528, 0, 167321, 70, 12, 426.61
2026/09/15 00:48:27.531, 1, 166622, 38, 12, 370.39
2026/09/15 00:48:27.534, 2, 166622, 91, 13, 447.96
2026/09/15 00:48:27.536, 3, 166302, 88, 13, 450.27
2026/09/15 00:48:28.539, 0, 167321, 41, 12, 378.20
2026/09/15 00:48:28.542, 1, 166622, 70, 12, 427.08
2026/09/15 00:48:28.545, 2, 166622, 98, 13, 453.35
2026/09/15 00:48:28.548, 3, 166302, 97, 13, 445.17
2026/09/15 00:48:29.550, 0, 167321, 66, 13, 379.26
2026/09/15 00:48:29.554, 1, 166622, 42, 12, 430.72
2026/09/15 00:48:29.556, 2, 166622, 100, 13, 468.20
2026/09/15 00:48:29.559, 3, 166302, 100, 14, 467.13
2026/09/15 00:48:30.562, 0, 167321, 94, 13, 383.48
2026/09/15 00:48:30.565, 1, 166622, 73, 12, 422.15
2026/09/15 00:48:30.568, 2, 166622, 90, 13, 456.73
2026/09/15 00:48:30.571, 3, 166302, 89, 13, 446.49
2026/09/15 00:48:31.574, 0, 167321, 100, 13, 376.36
2026/09/15 00:48:31.577, 1, 166622, 75, 12, 429.99
2026/09/15 00:48:31.579, 2, 166622, 83, 12, 449.67
2026/09/15 00:48:31.582, 3, 166302, 79, 12, 446.94
2026/09/15 00:48:32.585, 0, 167321, 83, 13, 378.58
2026/09/15 00:48:32.588, 1, 166622, 86, 13, 438.50
2026/09/15 00:48:32.591, 2, 166622, 81, 12, 441.76
2026/09/15 00:48:32.594, 3, 166302, 77, 12, 439.35
2026/09/15 00:48:33.597, 0, 167321, 100, 13, 371.97
2026/09/15 00:48:33.600, 1, 166622, 99, 13, 416.05
2026/09/15 00:48:33.603, 2, 166622, 81, 13, 455.82
2026/09/15 00:48:33.605, 3, 166302, 75, 13, 452.39
2026/09/15 00:48:34.608, 0, 167321, 100, 13, 378.63
2026/09/15 00:48:34.611, 1, 166622, 100, 13, 439.90
2026/09/15 00:48:34.614, 2, 166622, 86, 13, 446.53
2026/09/15 00:48:34.617, 3, 166302, 82, 13, 454.37
2026/09/15 00:48:35.620, 0, 167321, 0, 0, 311.41
2026/09/15 00:48:35.624, 1, 166622, 0, 0, 358.69
2026/09/15 00:48:35.627, 2, 166622, 0, 0, 332.86
2026/09/15 00:48:35.630, 3, 166302, 0, 0, 363.36
2026/09/15 00:48:36.633, 0, 167321, 0, 0, 229.21
2026/09/15 00:48:36.637, 1, 166622, 0, 0, 227.27
2026/09/15 00:48:36.640, 2, 166622, 0, 0, 218.61
2026/09/15 00:48:36.643, 3, 166302, 0, 0, 233.89
2026/09/15 00:48:37.646, 0, 167321, 0, 0, 228.54
2026/09/15 00:48:37.650, 1, 166622, 0, 0, 227.10
2026/09/15 00:48:37.653, 2, 166622, 0, 0, 217.88
2026/09/15 00:48:37.656, 3, 166302, 0, 0, 232.68
2026/09/15 00:48:38.659, 0, 167321, 0, 0, 228.41
2026/09/15 00:48:38.662, 1, 166622, 0, 0, 227.27
2026/09/15 00:48:38.665, 2, 166622, 0, 0, 216.23
2026/09/15 00:48:38.668, 3, 166302, 0, 0, 232.64
2026/09/15 00:48:39.671, 0, 167321, 0, 0, 228.41
2026/09/15 00:48:39.674, 1, 166622, 0, 0, 227.27
2026/09/15 00:48:39.677, 2, 166622, 0, 0, 216.29
2026/09/15 00:48:39.680, 3, 166302, 0, 0, 232.65
2026/09/15 00:48:40.683, 0, 167321, 0, 0, 228.41
2026/09/15 00:48:40.686, 1, 166622, 0, 0, 227.27
2026/09/15 00:48:40.689, 2, 166622, 0, 0, 215.85
2026/09/15 00:48:40.692, 3, 166302, 0, 0, 232.66
2026/09/15 00:48:41.694, 0, 167321, 0, 0, 228.41
2026/09/15 00:48:41.698, 1, 166622, 0, 0, 227.27
2026/09/15 00:48:41.701, 2, 166622, 0, 0, 215.61
2026/09/15 00:48:41.704, 3, 166302, 0, 0, 232.65
2026/09/15 00:48:42.707, 0, 167321, 0, 0, 228.41
2026/09/15 00:48:42.711, 1, 166622, 0, 0, 227.27
2026/09/15 00:48:42.713, 2, 166622, 0, 0, 215.71
2026/09/15 00:48:42.716, 3, 166302, 0, 0, 232.68
2026/09/15 00:48:43.719, 0, 167321, 0, 0, 228.41
2026/09/15 00:48:43.723, 1, 166622, 0, 0, 227.27
2026/09/15 00:48:43.725, 2, 166622, 0, 0, 215.69
2026/09/15 00:48:43.728, 3, 166302, 0, 0, 232.67
2026/09/15 00:48:44.731, 0, 167321, 0, 0, 228.41
2026/09/15 00:48:44.735, 1, 166622, 0, 0, 227.27
2026/09/15 00:48:44.738, 2, 166622, 0, 0, 215.62
2026/09/15 00:48:44.740, 3, 166302, 0, 0, 232.67
2026/09/15 00:48:45.743, 0, 167321, 0, 0, 228.41
2026/09/15 00:48:45.747, 1, 166622, 0, 0, 227.27
2026/09/15 00:48:45.750, 2, 166622, 0, 0, 215.54
2026/09/15 00:48:45.753, 3, 166302, 0, 0, 232.66
2026/09/15 00:48:46.756, 0, 167321, 0, 0, 228.41
2026/09/15 00:48:46.759, 1, 166622, 0, 0, 227.27
2026/09/15 00:48:46.762, 2, 166622, 0, 0, 215.54
2026/09/15 00:48:46.764, 3, 166302, 0, 0, 232.66
2026/09/15 00:48:47.767, 0, 167321, 0, 0, 228.41
2026/09/15 00:48:47.771, 1, 166622, 0, 0, 227.27
2026/09/15 00:48:47.774, 2, 166622, 0, 0, 215.54
2026/09/15 00:48:47.777, 3, 166302, 0, 0, 232.65
2026/09/15 00:48:48.780, 0, 166483, 0, 0, 276.55
2026/09/15 00:48:48.783, 1, 165784, 0, 0, 304.53
2026/09/15 00:48:48.786, 2, 165784, 0, 0, 292.25
2026/09/15 00:48:48.789, 3, 165464, 0, 0, 305.95
2026/09/15 00:48:49.792, 0, 167321, 14, 4, 273.59
2026/09/15 00:48:49.795, 1, 166622, 79, 13, 268.86
2026/09/15 00:48:49.798, 2, 166622, 73, 12, 276.44
2026/09/15 00:48:49.801, 3, 166302, 83, 12, 308.58
2026/09/15 00:48:50.803, 0, 167321, 63, 12, 381.29
2026/09/15 00:48:50.807, 1, 166622, 100, 13, 401.35
2026/09/15 00:48:50.809, 2, 166622, 79, 12, 449.62
2026/09/15 00:48:50.812, 3, 166302, 80, 12, 458.91
2026/09/15 00:48:51.815, 0, 167321, 38, 12, 380.28
2026/09/15 00:48:51.818, 1, 166622, 97, 13, 424.19
2026/09/15 00:48:51.821, 2, 166622, 85, 13, 433.14
2026/09/15 00:48:51.824, 3, 166302, 87, 13, 476.10
2026/09/15 00:48:52.827, 0, 167321, 39, 12, 379.30
2026/09/15 00:48:52.830, 1, 166622, 79, 13, 438.51
2026/09/15 00:48:52.832, 2, 166622, 79, 12, 454.67
2026/09/15 00:48:52.835, 3, 166302, 96, 13, 468.82
2026/09/15 00:48:53.838, 0, 167321, 49, 12, 378.86
2026/09/15 00:48:53.841, 1, 166622, 71, 12, 444.34
2026/09/15 00:48:53.844, 2, 166622, 77, 12, 442.93
2026/09/15 00:48:53.847, 3, 166302, 100, 13, 472.30
2026/09/15 00:48:54.850, 0, 167321, 73, 13, 376.49
2026/09/15 00:48:54.853, 1, 166622, 49, 12, 434.70
2026/09/15 00:48:54.856, 2, 166622, 87, 13, 441.37
2026/09/15 00:48:54.858, 3, 166302, 93, 13, 476.97
2026/09/15 00:48:55.861, 0, 167321, 39, 12, 381.42
2026/09/15 00:48:55.864, 1, 166622, 75, 12, 410.13
2026/09/15 00:48:55.867, 2, 166622, 97, 13, 438.40
2026/09/15 00:48:55.870, 3, 166302, 86, 12, 457.32
2026/09/15 00:48:56.873, 0, 167321, 100, 13, 381.70
2026/09/15 00:48:56.876, 1, 166622, 83, 13, 392.72
2026/09/15 00:48:56.879, 2, 166622, 100, 13, 434.66
2026/09/15 00:48:56.881, 3, 166302, 100, 14, 476.41
2026/09/15 00:48:57.884, 0, 167321, 78, 13, 374.03
2026/09/15 00:48:57.887, 1, 166622, 94, 13, 445.15
2026/09/15 00:48:57.890, 2, 166622, 91, 13, 446.69
2026/09/15 00:48:57.893, 3, 166302, 92, 13, 478.45
2026/09/15 00:48:58.896, 0, 167321, 52, 12, 383.54
2026/09/15 00:48:58.899, 1, 166622, 99, 13, 409.39
2026/09/15 00:48:58.901, 2, 166622, 81, 12, 439.77
2026/09/15 00:48:58.904, 3, 166302, 85, 12, 475.23
2026/09/15 00:48:59.907, 0, 167321, 38, 12, 380.62
2026/09/15 00:48:59.910, 1, 166622, 85, 13, 436.01
2026/09/15 00:48:59.913, 2, 166622, 78, 12, 449.61
2026/09/15 00:48:59.916, 3, 166302, 83, 12, 479.59
2026/09/15 00:49:00.919, 0, 167321, 39, 12, 382.73
2026/09/15 00:49:00.922, 1, 166622, 65, 12, 408.32
2026/09/15 00:49:00.924, 2, 166622, 78, 12, 448.27
2026/09/15 00:49:00.927, 3, 166302, 83, 13, 466.95
2026/09/15 00:49:01.930, 0, 167321, 63, 13, 373.77
2026/09/15 00:49:01.933, 1, 166622, 69, 12, 433.20
2026/09/15 00:49:01.936, 2, 166622, 83, 13, 437.30
2026/09/15 00:49:01.939, 3, 166302, 86, 13, 463.28
2026/09/15 00:49:02.942, 0, 167321, 90, 13, 379.18
2026/09/15 00:49:02.945, 1, 166622, 69, 12, 409.41
2026/09/15 00:49:02.947, 2, 166622, 92, 13, 442.03
2026/09/15 00:49:02.950, 3, 166302, 93, 13, 454.35
2026/09/15 00:49:03.953, 0, 167321, 100, 14, 379.51
2026/09/15 00:49:03.956, 1, 166622, 78, 12, 428.19
2026/09/15 00:49:03.959, 2, 166622, 100, 13, 443.73
2026/09/15 00:49:03.962, 3, 166302, 100, 14, 474.98
2026/09/15 00:49:04.965, 0, 167321, 88, 13, 377.49
2026/09/15 00:49:04.968, 1, 166622, 65, 12, 448.40
2026/09/15 00:49:04.971, 2, 166622, 93, 13, 447.71
2026/09/15 00:49:04.973, 3, 166302, 93, 13, 482.31
2026/09/15 00:49:05.976, 0, 167321, 63, 12, 377.37
2026/09/15 00:49:05.980, 1, 166622, 73, 12, 438.25
2026/09/15 00:49:05.982, 2, 166622, 90, 12, 445.76
2026/09/15 00:49:05.985, 3, 166302, 87, 12, 457.30
2026/09/15 00:49:06.988, 0, 167321, 39, 12, 379.42
2026/09/15 00:49:06.991, 1, 166622, 82, 13, 398.11
2026/09/15 00:49:06.994, 2, 166622, 80, 12, 445.21
2026/09/15 00:49:06.997, 3, 166302, 76, 12, 444.73
2026/09/15 00:49:08.000, 0, 167321, 39, 12, 381.29
2026/09/15 00:49:08.003, 1, 166622, 93, 13, 430.97
2026/09/15 00:49:08.006, 2, 166622, 82, 12, 439.94
2026/09/15 00:49:08.009, 3, 166302, 78, 12, 448.65
2026/09/15 00:49:09.012, 0, 167321, 57, 12, 379.68
2026/09/15 00:49:09.015, 1, 166622, 99, 14, 433.66
2026/09/15 00:49:09.018, 2, 166622, 84, 12, 447.23
2026/09/15 00:49:09.021, 3, 166302, 79, 12, 455.63
2026/09/15 00:49:10.023, 0, 167321, 0, 0, 364.55
2026/09/15 00:49:10.027, 1, 166622, 90, 12, 424.82
2026/09/15 00:49:10.030, 2, 166622, 90, 13, 437.10
2026/09/15 00:49:10.033, 3, 166302, 88, 13, 439.69
2026/09/15 00:49:11.036, 0, 167321, 0, 0, 230.40
2026/09/15 00:49:11.040, 1, 166622, 0, 0, 227.51
2026/09/15 00:49:11.043, 2, 166622, 0, 0, 219.01
2026/09/15 00:49:11.046, 3, 166302, 0, 0, 235.22
2026/09/15 00:49:12.049, 0, 167321, 0, 0, 228.47
2026/09/15 00:49:12.052, 1, 166622, 0, 0, 227.04
2026/09/15 00:49:12.055, 2, 166622, 0, 0, 218.25
2026/09/15 00:49:12.058, 3, 166302, 0, 0, 232.87
2026/09/15 00:49:13.060, 0, 167321, 0, 0, 228.49
2026/09/15 00:49:13.064, 1, 166622, 0, 0, 227.27
2026/09/15 00:49:13.067, 2, 166622, 0, 0, 217.00
2026/09/15 00:49:13.069, 3, 166302, 0, 0, 232.64
2026/09/15 00:49:14.072, 0, 167321, 0, 0, 228.41
2026/09/15 00:49:14.078, 1, 166622, 0, 0, 227.27
2026/09/15 00:49:14.089, 2, 166622, 0, 0, 216.29
2026/09/15 00:49:14.100, 3, 166302, 0, 0, 232.65
2026/09/15 00:49:15.112, 0, 167321, 0, 0, 228.48
2026/09/15 00:49:15.116, 1, 166622, 0, 0, 227.27
2026/09/15 00:49:15.119, 2, 166622, 0, 0, 216.08
2026/09/15 00:49:15.121, 3, 166302, 0, 0, 232.65
2026/09/15 00:49:16.124, 0, 167321, 0, 0, 228.41
2026/09/15 00:49:16.128, 1, 166622, 0, 0, 227.27
2026/09/15 00:49:16.131, 2, 166622, 0, 0, 215.61
2026/09/15 00:49:16.134, 3, 166302, 0, 0, 232.65
2026/09/15 00:49:17.137, 0, 167321, 0, 0, 228.41
2026/09/15 00:49:17.140, 1, 166622, 0, 0, 227.27
2026/09/15 00:49:17.143, 2, 166622, 0, 0, 215.54
2026/09/15 00:49:17.146, 3, 166302, 0, 0, 232.64
2026/09/15 00:49:18.149, 0, 167321, 0, 0, 228.41
2026/09/15 00:49:18.152, 1, 166622, 0, 0, 227.27
2026/09/15 00:49:18.155, 2, 166622, 0, 0, 215.62
2026/09/15 00:49:18.158, 3, 166302, 0, 0, 232.65
2026/09/15 00:49:19.161, 0, 167321, 0, 0, 228.41
2026/09/15 00:49:19.164, 1, 166622, 0, 0, 227.27
2026/09/15 00:49:19.167, 2, 166622, 0, 0, 215.55
2026/09/15 00:49:19.170, 3, 166302, 0, 0, 232.66
2026/09/15 00:49:20.173, 0, 167321, 0, 0, 228.41
2026/09/15 00:49:20.177, 1, 166622, 0, 0, 227.27
2026/09/15 00:49:20.180, 2, 166622, 0, 0, 215.54
2026/09/15 00:49:20.183, 3, 166302, 0, 0, 232.65
2026/09/15 00:49:21.186, 0, 167321, 0, 0, 228.41
2026/09/15 00:49:21.189, 1, 166622, 0, 0, 227.27
2026/09/15 00:49:21.192, 2, 166622, 0, 0, 215.54
2026/09/15 00:49:21.195, 3, 166302, 0, 0, 232.66
2026/09/15 00:49:22.197, 0, 167321, 0, 0, 228.41
2026/09/15 00:49:22.201, 1, 166622, 0, 0, 227.27
2026/09/15 00:49:22.205, 2, 166622, 0, 0, 215.54
2026/09/15 00:49:22.208, 3, 166302, 0, 0, 232.64
2026/09/15 00:49:23.211, 0, 168841, 40, 12, 299.17
2026/09/15 00:49:23.214, 1, 168142, 80, 26, 323.46
2026/09/15 00:49:23.217, 2, 168142, 78, 12, 331.54
2026/09/15 00:49:23.220, 3, 167822, 87, 12, 371.56
2026/09/15 00:49:24.223, 0, 166841, 0, 0, 278.16
2026/09/15 00:49:24.226, 1, 166142, 0, 0, 284.79
2026/09/15 00:49:24.229, 2, 166142, 0, 0, 296.87
2026/09/15 00:49:24.232, 3, 165822, 0, 0, 303.86
2026/09/15 00:49:25.235, 0, 168559, 77, 13, 379.14
2026/09/15 00:49:25.238, 1, 167860, 96, 14, 402.70
2026/09/15 00:49:25.241, 2, 167860, 71, 12, 411.04
2026/09/15 00:49:25.243, 3, 167540, 82, 13, 442.58
2026/09/15 00:49:26.246, 0, 168559, 57, 21, 463.53
2026/09/15 00:49:26.249, 1, 167860, 72, 27, 489.80
2026/09/15 00:49:26.252, 2, 167860, 71, 22, 538.42
2026/09/15 00:49:26.255, 3, 167540, 85, 12, 581.51
2026/09/15 00:49:27.258, 0, 168559, 67, 12, 422.28
2026/09/15 00:49:27.261, 1, 167860, 99, 14, 445.17
2026/09/15 00:49:27.264, 2, 167860, 85, 13, 488.81
2026/09/15 00:49:27.267, 3, 167540, 84, 12, 532.93
2026/09/15 00:49:28.270, 0, 168559, 51, 17, 459.11
2026/09/15 00:49:28.273, 1, 167860, 75, 26, 468.93
2026/09/15 00:49:28.275, 2, 167860, 73, 18, 526.92
2026/09/15 00:49:28.278, 3, 167540, 81, 15, 586.30
2026/09/15 00:49:29.281, 0, 168559, 53, 12, 418.55
2026/09/15 00:49:29.284, 1, 167860, 100, 14, 451.53
2026/09/15 00:49:29.287, 2, 167860, 80, 12, 501.50
2026/09/15 00:49:29.290, 3, 167540, 85, 12, 540.57
2026/09/15 00:49:30.293, 0, 168559, 43, 14, 447.67
2026/09/15 00:49:30.296, 1, 167860, 75, 27, 512.16
2026/09/15 00:49:30.299, 2, 167860, 75, 16, 535.05
2026/09/15 00:49:30.302, 3, 167540, 83, 16, 593.59
2026/09/15 00:49:31.304, 0, 168559, 40, 12, 414.46
2026/09/15 00:49:31.307, 1, 167860, 99, 14, 448.54
2026/09/15 00:49:31.310, 2, 167860, 78, 12, 494.33
2026/09/15 00:49:31.313, 3, 167540, 82, 12, 534.70
2026/09/15 00:49:32.316, 0, 168559, 39, 12, 443.38
2026/09/15 00:49:32.319, 1, 167860, 73, 27, 506.83
2026/09/15 00:49:32.322, 2, 167860, 73, 13, 544.03
2026/09/15 00:49:32.325, 3, 167540, 81, 13, 583.24
2026/09/15 00:49:33.328, 0, 168559, 39, 12, 419.25
2026/09/15 00:49:33.331, 1, 167860, 92, 13, 483.72
2026/09/15 00:49:33.333, 2, 167860, 77, 12, 485.28
2026/09/15 00:49:33.336, 3, 167540, 86, 12, 535.09
2026/09/15 00:49:34.339, 0, 168559, 39, 12, 432.29
2026/09/15 00:49:34.342, 1, 167860, 74, 24, 528.07
2026/09/15 00:49:34.345, 2, 167860, 74, 12, 543.45
2026/09/15 00:49:34.348, 3, 167540, 85, 13, 581.15
2026/09/15 00:49:35.351, 0, 168559, 0, 0, 373.79
2026/09/15 00:49:35.355, 1, 167860, 69, 10, 423.45
2026/09/15 00:49:35.358, 2, 167860, 0, 0, 419.86
2026/09/15 00:49:35.361, 3, 167540, 0, 0, 464.10
2026/09/15 00:49:36.364, 0, 168559, 0, 0, 230.24
2026/09/15 00:49:36.368, 1, 167860, 0, 0, 227.35
2026/09/15 00:49:36.371, 2, 167860, 0, 0, 218.77
2026/09/15 00:49:36.374, 3, 167540, 0, 0, 235.07
2026/09/15 00:49:37.377, 0, 168559, 0, 0, 228.40
2026/09/15 00:49:37.381, 1, 167860, 0, 0, 227.26
2026/09/15 00:49:37.383, 2, 167860, 0, 0, 219.16
2026/09/15 00:49:37.386, 3, 167540, 0, 0, 233.56
2026/09/15 00:49:38.389, 0, 168559, 0, 0, 228.41
2026/09/15 00:49:38.392, 1, 167860, 0, 0, 227.27
2026/09/15 00:49:38.395, 2, 167860, 0, 0, 217.28
2026/09/15 00:49:38.398, 3, 167540, 0, 0, 232.63
2026/09/15 00:49:39.401, 0, 168559, 0, 0, 228.41
2026/09/15 00:49:39.404, 1, 167860, 0, 0, 227.27
2026/09/15 00:49:39.407, 2, 167860, 0, 0, 217.13
2026/09/15 00:49:39.410, 3, 167540, 0, 0, 232.64
2026/09/15 00:49:40.412, 0, 168559, 0, 0, 228.41
2026/09/15 00:49:40.416, 1, 167860, 0, 0, 227.27
2026/09/15 00:49:40.419, 2, 167860, 0, 0, 216.60
2026/09/15 00:49:40.422, 3, 167540, 0, 0, 232.64
2026/09/15 00:49:41.425, 0, 168559, 0, 0, 228.41
2026/09/15 00:49:41.428, 1, 167860, 0, 0, 227.27
2026/09/15 00:49:41.431, 2, 167860, 0, 0, 216.23
2026/09/15 00:49:41.434, 3, 167540, 0, 0, 232.63
2026/09/15 00:49:42.437, 0, 168559, 0, 0, 228.41
2026/09/15 00:49:42.441, 1, 167860, 0, 0, 227.27
2026/09/15 00:49:42.444, 2, 167860, 0, 0, 216.07
2026/09/15 00:49:42.447, 3, 167540, 0, 0, 232.65
2026/09/15 00:49:43.450, 0, 168559, 0, 0, 228.41
2026/09/15 00:49:43.453, 1, 167860, 0, 0, 227.27
2026/09/15 00:49:43.456, 2, 167860, 0, 0, 215.77
2026/09/15 00:49:43.459, 3, 167540, 0, 0, 232.65
2026/09/15 00:49:44.462, 0, 168559, 0, 0, 228.41
2026/09/15 00:49:44.465, 1, 167860, 0, 0, 227.27
2026/09/15 00:49:44.468, 2, 167860, 0, 0, 215.62
2026/09/15 00:49:44.471, 3, 167540, 0, 0, 232.65
2026/09/15 00:49:45.474, 0, 168559, 0, 0, 228.41
2026/09/15 00:49:45.478, 1, 167860, 0, 0, 227.27
2026/09/15 00:49:45.481, 2, 167860, 0, 0, 215.54
2026/09/15 00:49:45.483, 3, 167540, 0, 0, 232.65
2026/09/15 00:49:46.486, 0, 168559, 0, 0, 228.41
2026/09/15 00:49:46.490, 1, 167860, 0, 0, 227.27
2026/09/15 00:49:46.493, 2, 167860, 0, 0, 215.69
2026/09/15 00:49:46.496, 3, 167540, 0, 0, 232.65
2026/09/15 00:49:47.499, 0, 168559, 0, 0, 228.41
2026/09/15 00:49:47.502, 1, 167860, 0, 0, 227.27
2026/09/15 00:49:47.506, 2, 167860, 0, 0, 215.69
2026/09/15 00:49:47.509, 3, 167540, 0, 0, 232.64
2026/09/15 00:49:48.512, 0, 168559, 46, 16, 331.23
2026/09/15 00:49:48.516, 1, 167860, 77, 27, 398.54
2026/09/15 00:49:48.519, 2, 167860, 75, 17, 386.26
2026/09/15 00:49:48.522, 3, 167540, 83, 13, 433.58
2026/09/15 00:49:49.525, 0, 166841, 0, 0, 249.14
2026/09/15 00:49:49.528, 1, 166142, 0, 0, 259.75
2026/09/15 00:49:49.531, 2, 166142, 0, 0, 253.81
2026/09/15 00:49:49.534, 3, 165822, 0, 0, 263.81
2026/09/15 00:49:50.536, 0, 168559, 59, 12, 391.27
2026/09/15 00:49:50.540, 1, 167860, 100, 14, 441.38
2026/09/15 00:49:50.543, 2, 167860, 80, 12, 437.95
2026/09/15 00:49:50.545, 3, 167540, 84, 13, 494.41
2026/09/15 00:49:51.548, 0, 168559, 49, 15, 444.64
2026/09/15 00:49:51.551, 1, 167860, 70, 27, 499.21
2026/09/15 00:49:51.554, 2, 167860, 73, 17, 517.06
2026/09/15 00:49:51.557, 3, 167540, 81, 12, 581.03
2026/09/15 00:49:52.560, 0, 168559, 46, 12, 433.72
2026/09/15 00:49:52.563, 1, 167860, 100, 14, 423.83
2026/09/15 00:49:52.566, 2, 167860, 77, 12, 496.30
2026/09/15 00:49:52.569, 3, 167540, 81, 13, 530.13
2026/09/15 00:49:53.572, 0, 168559, 44, 12, 449.24
2026/09/15 00:49:53.575, 1, 167860, 68, 27, 484.04
2026/09/15 00:49:53.578, 2, 167860, 73, 14, 517.11
2026/09/15 00:49:53.581, 3, 167540, 86, 13, 580.77
2026/09/15 00:49:54.584, 0, 168559, 39, 12, 427.17
2026/09/15 00:49:54.587, 1, 167860, 91, 13, 466.98
2026/09/15 00:49:54.590, 2, 167860, 75, 12, 517.23
2026/09/15 00:49:54.593, 3, 167540, 83, 17, 532.34
2026/09/15 00:49:55.595, 0, 168559, 39, 12, 443.23
2026/09/15 00:49:55.599, 1, 167860, 83, 13, 479.28
2026/09/15 00:49:55.601, 2, 167860, 72, 12, 518.98
2026/09/15 00:49:55.604, 3, 167540, 89, 13, 547.97
2026/09/15 00:49:56.607, 0, 168559, 38, 12, 420.64
2026/09/15 00:49:56.610, 1, 167860, 71, 20, 512.34
2026/09/15 00:49:56.613, 2, 167860, 78, 12, 513.35
2026/09/15 00:49:56.616, 3, 167540, 83, 18, 580.38
2026/09/15 00:49:57.619, 0, 168559, 39, 12, 429.06
2026/09/15 00:49:57.622, 1, 167860, 88, 13, 509.22
2026/09/15 00:49:57.625, 2, 167860, 79, 12, 502.07
2026/09/15 00:49:57.628, 3, 167540, 90, 13, 535.16
2026/09/15 00:49:58.630, 0, 168559, 64, 26, 444.68
2026/09/15 00:49:58.633, 1, 167860, 67, 22, 515.84
2026/09/15 00:49:58.636, 2, 167860, 79, 12, 519.69
2026/09/15 00:49:58.639, 3, 167540, 83, 21, 582.36
2026/09/15 00:49:59.642, 0, 168559, 86, 13, 413.28
2026/09/15 00:49:59.645, 1, 167860, 85, 13, 460.02
2026/09/15 00:49:59.648, 2, 167860, 75, 12, 495.76
2026/09/15 00:49:59.651, 3, 167540, 93, 13, 529.91
2026/09/15 00:50:00.654, 0, 168559, 0, 0, 354.55
2026/09/15 00:50:00.658, 1, 167860, 0, 0, 414.42
2026/09/15 00:50:00.661, 2, 167860, 0, 0, 399.66
2026/09/15 00:50:00.664, 3, 167540, 0, 0, 441.24
2026/09/15 00:50:01.667, 0, 168559, 0, 0, 229.91
2026/09/15 00:50:01.671, 1, 167860, 0, 0, 227.33
2026/09/15 00:50:01.674, 2, 167860, 0, 0, 219.39
2026/09/15 00:50:01.677, 3, 167540, 0, 0, 235.20
2026/09/15 00:50:02.680, 0, 168559, 0, 0, 228.54
2026/09/15 00:50:02.684, 1, 167860, 0, 0, 227.26
2026/09/15 00:50:02.687, 2, 167860, 0, 0, 218.79
2026/09/15 00:50:02.690, 3, 167540, 0, 0, 233.10
2026/09/15 00:50:03.692, 0, 168559, 0, 0, 228.41
2026/09/15 00:50:03.696, 1, 167860, 0, 0, 227.27
2026/09/15 00:50:03.699, 2, 167860, 0, 0, 217.85
2026/09/15 00:50:03.702, 3, 167540, 0, 0, 232.73
2026/09/15 00:50:04.704, 0, 168559, 0, 0, 228.49
2026/09/15 00:50:04.708, 1, 167860, 0, 0, 227.27
2026/09/15 00:50:04.711, 2, 167860, 0, 0, 217.23
2026/09/15 00:50:04.713, 3, 167540, 0, 0, 232.65
2026/09/15 00:50:05.716, 0, 168559, 0, 0, 228.41
2026/09/15 00:50:05.720, 1, 167860, 0, 0, 227.27
2026/09/15 00:50:05.723, 2, 167860, 0, 0, 216.31
2026/09/15 00:50:05.725, 3, 167540, 0, 0, 232.66
2026/09/15 00:50:06.728, 0, 168559, 0, 0, 228.41
2026/09/15 00:50:06.732, 1, 167860, 0, 0, 227.27
2026/09/15 00:50:06.735, 2, 167860, 0, 0, 215.99
2026/09/15 00:50:06.738, 3, 167540, 0, 0, 232.65
2026/09/15 00:50:07.741, 0, 168559, 0, 0, 228.41
2026/09/15 00:50:07.745, 1, 167860, 0, 0, 227.27
2026/09/15 00:50:07.748, 2, 167860, 0, 0, 216.01
2026/09/15 00:50:07.751, 3, 167540, 0, 0, 232.65
2026/09/15 00:50:08.754, 0, 168559, 0, 0, 228.41
2026/09/15 00:50:08.757, 1, 167860, 0, 0, 227.27
2026/09/15 00:50:08.760, 2, 167860, 0, 0, 215.70
2026/09/15 00:50:08.763, 3, 167540, 0, 0, 232.68
2026/09/15 00:50:09.766, 0, 168559, 0, 0, 228.41
2026/09/15 00:50:09.770, 1, 167860, 0, 0, 227.27
2026/09/15 00:50:09.773, 2, 167860, 0, 0, 215.55
2026/09/15 00:50:09.776, 3, 167540, 0, 0, 232.71
2026/09/15 00:50:10.778, 0, 168559, 0, 0, 228.41
2026/09/15 00:50:10.782, 1, 167860, 0, 0, 227.27
2026/09/15 00:50:10.785, 2, 167860, 0, 0, 215.78
2026/09/15 00:50:10.788, 3, 167540, 0, 0, 232.70
2026/09/15 00:50:11.791, 0, 168559, 0, 0, 228.41
2026/09/15 00:50:11.794, 1, 167860, 0, 0, 227.27
2026/09/15 00:50:11.797, 2, 167860, 0, 0, 215.55
2026/09/15 00:50:11.800, 3, 167540, 0, 0, 232.68
2026/09/15 00:50:12.803, 0, 168559, 0, 0, 228.41
2026/09/15 00:50:12.807, 1, 167860, 0, 0, 227.27
2026/09/15 00:50:12.810, 2, 167860, 0, 0, 215.54
2026/09/15 00:50:12.813, 3, 167540, 0, 0, 232.66
2026/09/15 00:50:13.816, 0, 168559, 70, 22, 373.92
2026/09/15 00:50:13.820, 1, 167860, 39, 12, 366.91
2026/09/15 00:50:13.822, 2, 167860, 75, 24, 400.02
2026/09/15 00:50:13.825, 3, 167540, 82, 12, 425.07
2026/09/15 00:50:14.828, 0, 166841, 0, 0, 257.16
2026/09/15 00:50:14.832, 1, 166142, 0, 0, 242.47
2026/09/15 00:50:14.834, 2, 166142, 0, 0, 242.12
2026/09/15 00:50:14.837, 3, 165822, 0, 0, 246.12
2026/09/15 00:50:15.840, 0, 168559, 71, 20, 487.54
2026/09/15 00:50:15.843, 1, 167860, 38, 12, 411.48
2026/09/15 00:50:15.846, 2, 167860, 90, 13, 459.77
2026/09/15 00:50:15.849, 3, 167540, 84, 12, 523.11
2026/09/15 00:50:16.852, 0, 168559, 90, 13, 508.72
2026/09/15 00:50:16.855, 1, 167860, 39, 12, 444.17
2026/09/15 00:50:16.858, 2, 167860, 73, 22, 522.71
2026/09/15 00:50:16.861, 3, 167540, 81, 12, 560.54
2026/09/15 00:50:17.864, 0, 168559, 67, 23, 501.09
2026/09/15 00:50:17.867, 1, 167860, 39, 12, 427.34
2026/09/15 00:50:17.870, 2, 167860, 75, 21, 513.57
2026/09/15 00:50:17.873, 3, 167540, 84, 12, 552.13
2026/09/15 00:50:18.876, 0, 168559, 95, 14, 482.29
2026/09/15 00:50:18.879, 1, 167860, 40, 13, 437.07
2026/09/15 00:50:18.882, 2, 167860, 93, 13, 510.22
2026/09/15 00:50:18.885, 3, 167540, 84, 13, 565.66
2026/09/15 00:50:19.888, 0, 168559, 68, 27, 491.14
2026/09/15 00:50:19.891, 1, 167860, 38, 12, 431.64
2026/09/15 00:50:19.894, 2, 167860, 76, 25, 512.25
2026/09/15 00:50:19.896, 3, 167540, 79, 12, 549.59
2026/09/15 00:50:20.899, 0, 168559, 100, 14, 476.71
2026/09/15 00:50:20.902, 1, 167860, 46, 12, 413.15
2026/09/15 00:50:20.905, 2, 167860, 99, 14, 495.05
2026/09/15 00:50:20.908, 3, 167540, 87, 13, 531.00
2026/09/15 00:50:21.911, 0, 168559, 72, 26, 509.54
2026/09/15 00:50:21.914, 1, 167860, 47, 16, 444.61
2026/09/15 00:50:21.917, 2, 167860, 82, 27, 544.03
2026/09/15 00:50:21.920, 3, 167540, 82, 19, 587.87
2026/09/15 00:50:22.923, 0, 168559, 100, 14, 478.32
2026/09/15 00:50:22.926, 1, 167860, 100, 14, 408.62
2026/09/15 00:50:22.929, 2, 167860, 100, 14, 490.67
2026/09/15 00:50:22.932, 3, 167540, 85, 12, 534.17
2026/09/15 00:50:23.935, 0, 168559, 67, 27, 511.38
2026/09/15 00:50:23.938, 1, 167860, 51, 18, 444.95
2026/09/15 00:50:23.941, 2, 167860, 82, 26, 537.61
2026/09/15 00:50:23.944, 3, 167540, 81, 16, 574.93
2026/09/15 00:50:24.946, 0, 168559, 95, 13, 470.76
2026/09/15 00:50:24.950, 1, 167860, 75, 13, 409.83
2026/09/15 00:50:24.953, 2, 167860, 100, 14, 483.38
2026/09/15 00:50:24.955, 3, 167540, 80, 12, 525.91
2026/09/15 00:50:25.958, 0, 168559, 0, 0, 377.26
2026/09/15 00:50:25.963, 1, 167860, 0, 0, 346.72
2026/09/15 00:50:25.966, 2, 167860, 0, 0, 359.13
2026/09/15 00:50:25.969, 3, 167540, 0, 0, 412.45
2026/09/15 00:50:26.973, 0, 168559, 0, 0, 231.33
2026/09/15 00:50:26.976, 1, 167860, 0, 0, 227.27
2026/09/15 00:50:26.979, 2, 167860, 0, 0, 219.24
2026/09/15 00:50:26.982, 3, 167540, 0, 0, 235.44
2026/09/15 00:50:27.986, 0, 168559, 0, 0, 229.24
2026/09/15 00:50:27.989, 1, 167860, 0, 0, 227.18
2026/09/15 00:50:27.992, 2, 167860, 0, 0, 218.94
2026/09/15 00:50:27.995, 3, 167540, 0, 0, 232.89
2026/09/15 00:50:28.998, 0, 168559, 0, 0, 228.41
2026/09/15 00:50:29.001, 1, 167860, 0, 0, 227.27
2026/09/15 00:50:29.004, 2, 167860, 0, 0, 217.58
2026/09/15 00:50:29.007, 3, 167540, 0, 0, 232.65
2026/09/15 00:50:30.010, 0, 168559, 0, 0, 228.41
2026/09/15 00:50:30.013, 1, 167860, 0, 0, 227.27
2026/09/15 00:50:30.016, 2, 167860, 0, 0, 216.78
2026/09/15 00:50:30.019, 3, 167540, 0, 0, 232.66
2026/09/15 00:50:31.022, 0, 168559, 0, 0, 228.41
2026/09/15 00:50:31.025, 1, 167860, 0, 0, 227.27
2026/09/15 00:50:31.028, 2, 167860, 0, 0, 216.70
2026/09/15 00:50:31.031, 3, 167540, 0, 0, 232.69
2026/09/15 00:50:32.034, 0, 168559, 0, 0, 228.41
2026/09/15 00:50:32.037, 1, 167860, 0, 0, 227.27
2026/09/15 00:50:32.040, 2, 167860, 0, 0, 215.99
2026/09/15 00:50:32.043, 3, 167540, 0, 0, 232.66
2026/09/15 00:50:33.046, 0, 168559, 0, 0, 228.41
2026/09/15 00:50:33.049, 1, 167860, 0, 0, 227.27
2026/09/15 00:50:33.052, 2, 167860, 0, 0, 216.24
2026/09/15 00:50:33.055, 3, 167540, 0, 0, 232.67
2026/09/15 00:50:34.058, 0, 168559, 0, 0, 228.41
2026/09/15 00:50:34.062, 1, 167860, 0, 0, 227.27
2026/09/15 00:50:34.065, 2, 167860, 0, 0, 215.63
2026/09/15 00:50:34.068, 3, 167540, 0, 0, 232.68
2026/09/15 00:50:35.071, 0, 168559, 0, 0, 228.41
2026/09/15 00:50:35.074, 1, 167860, 0, 0, 227.27
2026/09/15 00:50:35.077, 2, 167860, 0, 0, 215.63
2026/09/15 00:50:35.080, 3, 167540, 0, 0, 232.70
2026/09/15 00:50:36.083, 0, 168559, 0, 0, 228.41
2026/09/15 00:50:36.087, 1, 167860, 0, 0, 227.27
2026/09/15 00:50:36.090, 2, 167860, 0, 0, 215.86
2026/09/15 00:50:36.093, 3, 167540, 0, 0, 232.68
2026/09/15 00:50:37.096, 0, 168559, 0, 0, 228.41
2026/09/15 00:50:37.099, 1, 167860, 0, 0, 227.27
2026/09/15 00:50:37.102, 2, 167860, 0, 0, 215.54
2026/09/15 00:50:37.105, 3, 167540, 0, 0, 232.69
2026/09/15 00:50:38.108, 0, 168559, 0, 0, 228.41
2026/09/15 00:50:38.112, 1, 167860, 0, 0, 227.27
2026/09/15 00:50:38.115, 2, 167860, 0, 0, 215.73
2026/09/15 00:50:38.118, 3, 167540, 0, 0, 232.65
2026/09/15 00:50:39.121, 0, 168719, 68, 25, 345.74
2026/09/15 00:50:39.125, 1, 168020, 65, 25, 395.22
2026/09/15 00:50:39.128, 2, 168020, 85, 25, 404.85
2026/09/15 00:50:39.130, 3, 167700, 89, 26, 442.74
2026/09/15 00:50:40.133, 0, 168719, 60, 18, 581.00
2026/09/15 00:50:40.137, 1, 168020, 52, 18, 531.59
2026/09/15 00:50:40.140, 2, 168020, 83, 20, 633.82
2026/09/15 00:50:40.143, 3, 167700, 80, 13, 653.94
2026/09/15 00:50:41.146, 0, 166841, 0, 0, 258.63
2026/09/15 00:50:41.149, 1, 166142, 0, 0, 255.82
2026/09/15 00:50:41.152, 2, 166142, 0, 0, 265.46
2026/09/15 00:50:41.155, 3, 165822, 0, 0, 264.37
2026/09/15 00:50:42.157, 0, 168719, 65, 25, 507.31
2026/09/15 00:50:42.161, 1, 168020, 67, 26, 457.69
2026/09/15 00:50:42.163, 2, 168020, 88, 27, 524.66
2026/09/15 00:50:42.166, 3, 167700, 86, 25, 550.51
2026/09/15 00:50:43.169, 0, 168719, 100, 14, 522.42
2026/09/15 00:50:43.172, 1, 168020, 100, 14, 498.19
2026/09/15 00:50:43.175, 2, 168020, 100, 14, 573.03
2026/09/15 00:50:43.178, 3, 167700, 81, 12, 594.00
2026/09/15 00:50:44.181, 0, 168719, 73, 27, 586.05
2026/09/15 00:50:44.184, 1, 168020, 65, 27, 554.02
2026/09/15 00:50:44.187, 2, 168020, 89, 27, 647.45
2026/09/15 00:50:44.190, 3, 167700, 86, 26, 664.53
2026/09/15 00:50:45.193, 0, 168719, 71, 23, 500.82
2026/09/15 00:50:45.196, 1, 168020, 59, 22, 482.88
2026/09/15 00:50:45.199, 2, 168020, 84, 22, 568.86
2026/09/15 00:50:45.202, 3, 167700, 86, 25, 584.59
2026/09/15 00:50:46.205, 0, 168719, 69, 25, 577.86
2026/09/15 00:50:46.208, 1, 168020, 66, 25, 570.71
2026/09/15 00:50:46.211, 2, 168020, 86, 25, 645.04
2026/09/15 00:50:46.214, 3, 167700, 89, 27, 676.60
2026/09/15 00:50:47.217, 0, 168719, 68, 25, 522.62
2026/09/15 00:50:47.220, 1, 168020, 66, 25, 476.63
2026/09/15 00:50:47.223, 2, 168020, 86, 25, 577.53
2026/09/15 00:50:47.225, 3, 167700, 90, 26, 592.66
2026/09/15 00:50:48.228, 0, 168719, 78, 13, 535.19
2026/09/15 00:50:48.232, 1, 168020, 71, 12, 502.88
2026/09/15 00:50:48.235, 2, 168020, 86, 13, 583.65
2026/09/15 00:50:48.238, 3, 167700, 100, 14, 587.12
2026/09/15 00:50:49.241, 0, 168719, 69, 27, 562.37
2026/09/15 00:50:49.244, 1, 168020, 68, 25, 543.76
2026/09/15 00:50:49.247, 2, 168020, 90, 27, 641.25
2026/09/15 00:50:49.250, 3, 167700, 84, 26, 661.87
2026/09/15 00:50:50.253, 0, 168719, 71, 27, 520.76
2026/09/15 00:50:50.256, 1, 168020, 67, 27, 469.19
2026/09/15 00:50:50.259, 2, 168020, 84, 12, 571.79
2026/09/15 00:50:50.262, 3, 167700, 82, 18, 586.76
2026/09/15 00:50:51.265, 0, 168719, 69, 27, 571.48
2026/09/15 00:50:51.268, 1, 168020, 68, 27, 571.48
2026/09/15 00:50:51.271, 2, 168020, 90, 27, 656.31
2026/09/15 00:50:51.273, 3, 167700, 85, 26, 674.25
2026/09/15 00:50:52.276, 0, 168719, 68, 27, 515.11
2026/09/15 00:50:52.279, 1, 168020, 68, 26, 477.13
2026/09/15 00:50:52.282, 2, 168020, 88, 26, 573.68
2026/09/15 00:50:52.285, 3, 167700, 85, 26, 584.05
2026/09/15 00:50:53.288, 0, 168719, 100, 14, 536.51
2026/09/15 00:50:53.291, 1, 168020, 100, 14, 531.16
2026/09/15 00:50:53.294, 2, 168020, 100, 14, 591.99
2026/09/15 00:50:53.297, 3, 167700, 82, 12, 627.04
2026/09/15 00:50:54.300, 0, 168719, 67, 25, 551.97
2026/09/15 00:50:54.303, 1, 168020, 67, 25, 522.10
2026/09/15 00:50:54.306, 2, 168020, 86, 26, 638.36
2026/09/15 00:50:54.309, 3, 167700, 89, 27, 630.85
2026/09/15 00:50:55.312, 0, 168719, 70, 16, 518.77
2026/09/15 00:50:55.315, 1, 168020, 45, 16, 471.38
2026/09/15 00:50:55.318, 2, 168020, 80, 15, 574.24
2026/09/15 00:50:55.321, 3, 167700, 91, 26, 589.70
2026/09/15 00:50:56.323, 0, 168719, 69, 25, 578.13
2026/09/15 00:50:56.327, 1, 168020, 66, 26, 576.89
2026/09/15 00:50:56.329, 2, 168020, 86, 26, 658.64
2026/09/15 00:50:56.332, 3, 167700, 90, 26, 679.03
2026/09/15 00:50:57.335, 0, 168719, 69, 27, 489.20
2026/09/15 00:50:57.338, 1, 168020, 67, 27, 489.37
2026/09/15 00:50:57.341, 2, 168020, 90, 27, 569.47
2026/09/15 00:50:57.344, 3, 167700, 86, 25, 586.34
2026/09/15 00:50:58.347, 0, 168719, 69, 12, 534.84
2026/09/15 00:50:58.350, 1, 168020, 39, 13, 523.47
2026/09/15 00:50:58.353, 2, 168020, 85, 13, 637.30
2026/09/15 00:50:58.356, 3, 167700, 94, 14, 636.23
2026/09/15 00:50:59.359, 0, 168719, 0, 0, 243.95
2026/09/15 00:50:59.363, 1, 168020, 0, 0, 242.26
2026/09/15 00:50:59.366, 2, 168020, 0, 0, 236.38
2026/09/15 00:50:59.369, 3, 167700, 0, 0, 249.05
2026/09/15 00:51:00.373, 0, 168719, 0, 0, 231.80
2026/09/15 00:51:00.376, 1, 168020, 0, 0, 227.26
2026/09/15 00:51:00.379, 2, 168020, 0, 0, 219.31
2026/09/15 00:51:00.382, 3, 167700, 0, 0, 236.01
2026/09/15 00:51:01.385, 0, 168719, 0, 0, 230.19
2026/09/15 00:51:01.388, 1, 168020, 0, 0, 227.27
2026/09/15 00:51:01.391, 2, 168020, 0, 0, 219.39
2026/09/15 00:51:01.393, 3, 167700, 0, 0, 234.42
2026/09/15 00:51:02.396, 0, 168719, 0, 0, 229.34
2026/09/15 00:51:02.400, 1, 168020, 0, 0, 227.27
2026/09/15 00:51:02.403, 2, 168020, 0, 0, 219.23
2026/09/15 00:51:02.405, 3, 167700, 0, 0, 233.09
2026/09/15 00:51:03.408, 0, 168719, 0, 0, 228.70
2026/09/15 00:51:03.412, 1, 168020, 0, 0, 227.27
2026/09/15 00:51:03.415, 2, 168020, 0, 0, 218.62
2026/09/15 00:51:03.418, 3, 167700, 0, 0, 232.74
2026/09/15 00:51:04.421, 0, 168719, 0, 0, 228.48
2026/09/15 00:51:04.425, 1, 168020, 0, 0, 227.27
2026/09/15 00:51:04.427, 2, 168020, 0, 0, 217.50
2026/09/15 00:51:04.430, 3, 167700, 0, 0, 232.66
2026/09/15 00:51:05.433, 0, 168719, 0, 0, 228.41
2026/09/15 00:51:05.437, 1, 168020, 0, 0, 227.27
2026/09/15 00:51:05.440, 2, 168020, 0, 0, 216.67
2026/09/15 00:51:05.442, 3, 167700, 0, 0, 232.71
2026/09/15 00:51:06.445, 0, 168719, 0, 0, 228.41
2026/09/15 00:51:06.449, 1, 168020, 0, 0, 227.27
2026/09/15 00:51:06.452, 2, 168020, 0, 0, 216.46
2026/09/15 00:51:06.455, 3, 167700, 0, 0, 232.71
2026/09/15 00:51:07.457, 0, 168719, 0, 0, 228.41
2026/09/15 00:51:07.461, 1, 168020, 0, 0, 227.27
2026/09/15 00:51:07.464, 2, 168020, 0, 0, 216.01
2026/09/15 00:51:07.467, 3, 167700, 0, 0, 232.63
2026/09/15 00:51:08.469, 0, 168719, 0, 0, 228.41
2026/09/15 00:51:08.473, 1, 168020, 0, 0, 227.27
2026/09/15 00:51:08.476, 2, 168020, 0, 0, 216.38
2026/09/15 00:51:08.478, 3, 167700, 0, 0, 232.64
2026/09/15 00:51:09.481, 0, 168719, 0, 0, 228.41
2026/09/15 00:51:09.485, 1, 168020, 0, 0, 227.27
2026/09/15 00:51:09.488, 2, 168020, 0, 0, 215.85
2026/09/15 00:51:09.491, 3, 167700, 0, 0, 232.64
2026/09/15 00:51:10.494, 0, 168719, 0, 0, 228.41
2026/09/15 00:51:10.498, 1, 168020, 0, 0, 227.27
2026/09/15 00:51:10.501, 2, 168020, 0, 0, 215.84
2026/09/15 00:51:10.504, 3, 167700, 0, 0, 232.64
2026/09/15 00:51:11.507, 0, 168719, 0, 0, 228.41
2026/09/15 00:51:11.510, 1, 168020, 0, 0, 227.27
2026/09/15 00:51:11.513, 2, 168020, 0, 0, 215.70
2026/09/15 00:51:11.516, 3, 167700, 0, 0, 232.68
2026/09/15 00:51:12.519, 0, 168719, 73, 27, 521.70
2026/09/15 00:51:12.522, 1, 168020, 66, 26, 483.52
2026/09/15 00:51:12.525, 2, 168020, 76, 27, 560.89
2026/09/15 00:51:12.528, 3, 167700, 83, 25, 616.86
2026/09/15 00:51:13.531, 0, 166841, 0, 0, 475.84
2026/09/15 00:51:13.534, 1, 166142, 0, 0, 432.88
2026/09/15 00:51:13.537, 2, 166142, 1, 0, 468.92
2026/09/15 00:51:13.540, 3, 165822, 0, 0, 497.90
2026/09/15 00:51:14.542, 0, 168559, 35, 11, 255.37
2026/09/15 00:51:14.545, 1, 167860, 61, 10, 289.12
2026/09/15 00:51:14.548, 2, 167860, 55, 10, 271.81
2026/09/15 00:51:14.551, 3, 167540, 74, 12, 312.96
2026/09/15 00:51:15.554, 0, 168719, 64, 26, 556.00
2026/09/15 00:51:15.557, 1, 168020, 73, 25, 595.52
2026/09/15 00:51:15.559, 2, 168020, 78, 25, 604.37
2026/09/15 00:51:15.562, 3, 167700, 85, 25, 646.70
2026/09/15 00:51:16.565, 0, 168719, 64, 25, 487.12
2026/09/15 00:51:16.568, 1, 168020, 75, 26, 507.83
2026/09/15 00:51:16.571, 2, 168020, 78, 25, 536.79
2026/09/15 00:51:16.574, 3, 167700, 89, 27, 583.99
2026/09/15 00:51:17.577, 0, 168719, 55, 21, 530.34
2026/09/15 00:51:17.580, 1, 168020, 66, 21, 596.63
2026/09/15 00:51:17.582, 2, 168020, 77, 21, 610.81
2026/09/15 00:51:17.585, 3, 167700, 83, 12, 656.13
2026/09/15 00:51:18.588, 0, 168719, 67, 27, 500.75
2026/09/15 00:51:18.591, 1, 168020, 73, 27, 512.23
2026/09/15 00:51:18.594, 2, 168020, 80, 25, 568.40
2026/09/15 00:51:18.597, 3, 167700, 85, 25, 592.70
2026/09/15 00:51:19.600, 0, 168719, 100, 14, 473.76
2026/09/15 00:51:19.603, 1, 168020, 100, 14, 531.47
2026/09/15 00:51:19.606, 2, 168020, 79, 12, 546.21
2026/09/15 00:51:19.609, 3, 167700, 82, 12, 600.70
2026/09/15 00:51:20.612, 0, 168719, 67, 26, 553.93
2026/09/15 00:51:20.615, 1, 168020, 71, 27, 604.52
2026/09/15 00:51:20.617, 2, 168020, 82, 25, 626.02
2026/09/15 00:51:20.620, 3, 167700, 87, 25, 673.52
2026/09/15 00:51:21.623, 0, 168719, 59, 22, 472.09
2026/09/15 00:51:21.626, 1, 168020, 68, 22, 516.54
2026/09/15 00:51:21.629, 2, 168020, 81, 26, 542.92
2026/09/15 00:51:21.632, 3, 167700, 83, 25, 587.45
2026/09/15 00:51:22.635, 0, 168719, 66, 25, 554.13
2026/09/15 00:51:22.638, 1, 168020, 69, 12, 607.34
2026/09/15 00:51:22.641, 2, 168020, 82, 27, 607.37
2026/09/15 00:51:22.644, 3, 167700, 89, 27, 665.48
2026/09/15 00:51:23.647, 0, 168719, 65, 26, 468.69
2026/09/15 00:51:23.650, 1, 168020, 70, 26, 536.82
2026/09/15 00:51:23.653, 2, 168020, 83, 26, 550.47
2026/09/15 00:51:23.656, 3, 167700, 89, 27, 594.69
2026/09/15 00:51:24.659, 0, 168719, 48, 12, 505.61
2026/09/15 00:51:24.662, 1, 168020, 82, 12, 544.38
2026/09/15 00:51:24.665, 2, 168020, 100, 14, 567.53
2026/09/15 00:51:24.667, 3, 167700, 100, 14, 593.97
2026/09/15 00:51:25.670, 0, 168719, 62, 25, 543.50
2026/09/15 00:51:25.673, 1, 168020, 74, 26, 574.43
2026/09/15 00:51:25.676, 2, 168020, 81, 25, 603.09
2026/09/15 00:51:25.679, 3, 167700, 85, 25, 660.41
2026/09/15 00:51:26.682, 0, 168719, 65, 27, 471.67
2026/09/15 00:51:26.685, 1, 168020, 73, 27, 526.23
2026/09/15 00:51:26.688, 2, 168020, 73, 15, 546.38
2026/09/15 00:51:26.691, 3, 167700, 79, 15, 579.35
2026/09/15 00:51:27.693, 0, 168719, 64, 27, 561.55
2026/09/15 00:51:27.697, 1, 168020, 76, 27, 616.11
2026/09/15 00:51:27.699, 2, 168020, 77, 19, 628.05
2026/09/15 00:51:27.702, 3, 167700, 86, 25, 678.16
2026/09/15 00:51:28.705, 0, 168719, 65, 25, 470.71
2026/09/15 00:51:28.708, 1, 168020, 71, 25, 533.42
2026/09/15 00:51:28.711, 2, 168020, 77, 26, 557.22
2026/09/15 00:51:28.714, 3, 167700, 90, 26, 599.54
2026/09/15 00:51:29.717, 0, 168719, 82, 14, 512.35
2026/09/15 00:51:29.720, 1, 168020, 90, 13, 565.53
2026/09/15 00:51:29.723, 2, 168020, 100, 14, 571.44
2026/09/15 00:51:29.726, 3, 167700, 83, 13, 633.30
2026/09/15 00:51:30.729, 0, 168719, 65, 25, 514.45
2026/09/15 00:51:30.732, 1, 168020, 72, 26, 582.79
2026/09/15 00:51:30.735, 2, 168020, 84, 27, 599.72
2026/09/15 00:51:30.738, 3, 167700, 90, 27, 654.04
2026/09/15 00:51:31.741, 0, 168719, 0, 0, 425.61
2026/09/15 00:51:31.745, 1, 168020, 0, 0, 435.19
2026/09/15 00:51:31.748, 2, 168020, 0, 0, 468.00
2026/09/15 00:51:31.751, 3, 167700, 0, 0, 479.15
2026/09/15 00:51:32.754, 0, 168719, 0, 0, 232.04
2026/09/15 00:51:32.758, 1, 168020, 0, 0, 227.59
2026/09/15 00:51:32.761, 2, 168020, 0, 0, 217.96
2026/09/15 00:51:32.764, 3, 167700, 0, 0, 235.79
2026/09/15 00:51:33.767, 0, 168719, 0, 0, 231.44
2026/09/15 00:51:33.771, 1, 168020, 0, 0, 227.26
2026/09/15 00:51:33.774, 2, 168020, 0, 0, 219.39
2026/09/15 00:51:33.776, 3, 167700, 0, 0, 235.80
2026/09/15 00:51:34.779, 0, 168719, 0, 0, 230.20
2026/09/15 00:51:34.783, 1, 168020, 0, 0, 227.27
2026/09/15 00:51:34.786, 2, 168020, 0, 0, 219.00
2026/09/15 00:51:34.789, 3, 167700, 0, 0, 234.22
2026/09/15 00:51:35.791, 0, 168719, 0, 0, 229.06
2026/09/15 00:51:35.795, 1, 168020, 0, 0, 227.27
2026/09/15 00:51:35.798, 2, 168020, 0, 0, 218.69
2026/09/15 00:51:35.801, 3, 167700, 0, 0, 233.08
2026/09/15 00:51:36.804, 0, 168719, 0, 0, 228.85
2026/09/15 00:51:36.807, 1, 168020, 0, 0, 227.27
2026/09/15 00:51:36.810, 2, 168020, 0, 0, 217.42
2026/09/15 00:51:36.813, 3, 167700, 0, 0, 232.87
2026/09/15 00:51:37.816, 0, 168719, 0, 0, 228.70
2026/09/15 00:51:37.819, 1, 168020, 0, 0, 227.27
2026/09/15 00:51:37.822, 2, 168020, 0, 0, 216.92
2026/09/15 00:51:37.825, 3, 167700, 0, 0, 232.63
2026/09/15 00:51:38.828, 0, 168719, 0, 0, 228.48
2026/09/15 00:51:38.832, 1, 168020, 0, 0, 227.27
2026/09/15 00:51:38.835, 2, 168020, 0, 0, 216.78
2026/09/15 00:51:38.838, 3, 167700, 0, 0, 232.70
2026/09/15 00:51:39.841, 0, 168719, 0, 0, 228.56
2026/09/15 00:51:39.845, 1, 168020, 0, 0, 227.27
2026/09/15 00:51:39.848, 2, 168020, 0, 0, 216.60
2026/09/15 00:51:39.851, 3, 167700, 0, 0, 232.64
2026/09/15 00:51:40.854, 0, 168719, 0, 0, 228.48
2026/09/15 00:51:40.858, 1, 168020, 0, 0, 227.27
2026/09/15 00:51:40.861, 2, 168020, 0, 0, 216.31
2026/09/15 00:51:40.863, 3, 167700, 0, 0, 232.65
2026/09/15 00:51:41.866, 0, 168719, 0, 0, 228.41
2026/09/15 00:51:41.870, 1, 168020, 0, 0, 227.27
2026/09/15 00:51:41.873, 2, 168020, 0, 0, 216.02
2026/09/15 00:51:41.876, 3, 167700, 0, 0, 232.65
2026/09/15 00:51:42.879, 0, 168719, 0, 0, 228.49
2026/09/15 00:51:42.882, 1, 168020, 0, 0, 227.27
2026/09/15 00:51:42.885, 2, 168020, 0, 0, 216.07
2026/09/15 00:51:42.888, 3, 167700, 0, 0, 232.65
2026/09/15 00:51:43.891, 0, 168719, 0, 0, 228.41
2026/09/15 00:51:43.895, 1, 168020, 0, 0, 227.27
2026/09/15 00:51:43.898, 2, 168020, 0, 0, 215.69
2026/09/15 00:51:43.901, 3, 167700, 0, 0, 232.64
2026/09/15 00:51:44.904, 0, 168719, 37, 12, 277.02
2026/09/15 00:51:44.908, 1, 168020, 70, 12, 292.96
2026/09/15 00:51:44.911, 2, 168020, 82, 25, 316.76
2026/09/15 00:51:44.913, 3, 167700, 53, 8, 307.62
2026/09/15 00:51:45.916, 0, 168719, 67, 27, 557.24
2026/09/15 00:51:45.919, 1, 168020, 74, 27, 597.28
2026/09/15 00:51:45.922, 2, 168020, 79, 26, 611.70
2026/09/15 00:51:45.925, 3, 167700, 86, 25, 668.59
2026/09/15 00:51:46.928, 0, 166841, 0, 0, 331.75
2026/09/15 00:51:46.931, 1, 166142, 0, 0, 355.30
2026/09/15 00:51:46.934, 2, 166142, 0, 0, 332.23
2026/09/15 00:51:46.937, 3, 165822, 0, 0, 394.41
2026/09/15 00:51:47.939, 0, 168719, 67, 27, 389.88
2026/09/15 00:51:47.943, 1, 168020, 72, 27, 395.73
2026/09/15 00:51:47.945, 2, 168020, 79, 26, 421.29
2026/09/15 00:51:47.948, 3, 167700, 86, 26, 473.65
2026/09/15 00:51:48.951, 0, 168719, 38, 12, 539.67
2026/09/15 00:51:48.954, 1, 168020, 71, 12, 563.16
2026/09/15 00:51:48.957, 2, 168020, 78, 13, 598.10
2026/09/15 00:51:48.960, 3, 167700, 87, 13, 654.64
2026/09/15 00:51:49.963, 0, 168719, 66, 25, 495.38
2026/09/15 00:51:49.966, 1, 168020, 66, 25, 516.60
2026/09/15 00:51:49.969, 2, 168020, 76, 27, 553.69
2026/09/15 00:51:49.972, 3, 167700, 89, 27, 613.29
2026/09/15 00:51:50.975, 0, 168719, 75, 12, 473.93
2026/09/15 00:51:50.978, 1, 168020, 79, 12, 524.57
2026/09/15 00:51:50.981, 2, 168020, 78, 12, 538.79
2026/09/15 00:51:50.984, 3, 167700, 85, 12, 590.29
2026/09/15 00:51:51.986, 0, 168719, 65, 25, 547.24
2026/09/15 00:51:51.990, 1, 168020, 70, 25, 596.90
2026/09/15 00:51:51.992, 2, 168020, 85, 27, 619.43
2026/09/15 00:51:51.995, 3, 167700, 92, 27, 675.11
2026/09/15 00:51:52.998, 0, 168719, 67, 27, 474.03
2026/09/15 00:51:53.001, 1, 168020, 70, 27, 525.11
2026/09/15 00:51:53.004, 2, 168020, 77, 25, 546.55
2026/09/15 00:51:53.007, 3, 167700, 87, 25, 587.58
2026/09/15 00:51:54.010, 0, 168719, 66, 27, 545.44
2026/09/15 00:51:54.013, 1, 168020, 70, 27, 581.55
2026/09/15 00:51:54.016, 2, 168020, 74, 18, 603.34
2026/09/15 00:51:54.019, 3, 167700, 82, 18, 661.32
2026/09/15 00:51:55.022, 0, 168719, 65, 26, 498.62
2026/09/15 00:51:55.025, 1, 168020, 69, 25, 528.63
2026/09/15 00:51:55.028, 2, 168020, 77, 25, 544.35
2026/09/15 00:51:55.030, 3, 167700, 86, 26, 597.02
2026/09/15 00:51:56.033, 0, 168719, 94, 14, 495.35
2026/09/15 00:51:56.036, 1, 168020, 94, 14, 545.84
2026/09/15 00:51:56.039, 2, 168020, 100, 14, 551.90
2026/09/15 00:51:56.042, 3, 167700, 100, 14, 603.37
2026/09/15 00:51:57.045, 0, 168719, 64, 26, 541.11
2026/09/15 00:51:57.048, 1, 168020, 74, 25, 598.76
2026/09/15 00:51:57.051, 2, 168020, 82, 27, 618.66
2026/09/15 00:51:57.054, 3, 167700, 90, 27, 672.83
2026/09/15 00:51:58.057, 0, 168719, 38, 12, 469.07
2026/09/15 00:51:58.060, 1, 168020, 68, 25, 532.63
2026/09/15 00:51:58.063, 2, 168020, 75, 25, 542.27
2026/09/15 00:51:58.066, 3, 167700, 84, 25, 592.02
2026/09/15 00:51:59.069, 0, 168719, 65, 27, 567.89
2026/09/15 00:51:59.072, 1, 168020, 63, 23, 586.24
2026/09/15 00:51:59.075, 2, 168020, 77, 25, 615.23
2026/09/15 00:51:59.077, 3, 167700, 86, 26, 673.89
2026/09/15 00:52:00.080, 0, 168719, 66, 27, 494.55
2026/09/15 00:52:00.083, 1, 168020, 75, 26, 497.55
2026/09/15 00:52:00.086, 2, 168020, 79, 25, 536.14
2026/09/15 00:52:00.089, 3, 167700, 86, 25, 597.69
2026/09/15 00:52:01.092, 0, 168719, 100, 14, 499.66
2026/09/15 00:52:01.095, 1, 168020, 100, 14, 534.20
2026/09/15 00:52:01.098, 2, 168020, 83, 13, 566.59
2026/09/15 00:52:01.101, 3, 167700, 88, 13, 606.44
2026/09/15 00:52:02.104, 0, 168719, 66, 26, 537.02
2026/09/15 00:52:02.107, 1, 168020, 71, 25, 551.79
2026/09/15 00:52:02.110, 2, 168020, 79, 25, 618.95
2026/09/15 00:52:02.113, 3, 167700, 90, 27, 655.99
2026/09/15 00:52:03.116, 0, 168719, 57, 19, 470.17
2026/09/15 00:52:03.119, 1, 168020, 54, 19, 508.37
2026/09/15 00:52:03.122, 2, 168020, 84, 26, 556.98
2026/09/15 00:52:03.124, 3, 167700, 86, 12, 592.30
2026/09/15 00:52:04.127, 0, 168719, 66, 26, 566.20
2026/09/15 00:52:04.130, 1, 168020, 69, 25, 597.91
2026/09/15 00:52:04.133, 2, 168020, 85, 27, 626.07
2026/09/15 00:52:04.136, 3, 167700, 91, 27, 676.87
2026/09/15 00:52:05.139, 0, 168719, 0, 0, 302.34
2026/09/15 00:52:05.143, 1, 168020, 0, 0, 339.21
2026/09/15 00:52:05.146, 2, 168020, 0, 0, 314.62
2026/09/15 00:52:05.149, 3, 167700, 0, 0, 320.30
2026/09/15 00:52:06.152, 0, 168719, 0, 0, 232.04
2026/09/15 00:52:06.156, 1, 168020, 0, 0, 227.27
2026/09/15 00:52:06.159, 2, 168020, 0, 0, 218.79
2026/09/15 00:52:06.162, 3, 167700, 0, 0, 236.16
2026/09/15 00:52:07.171, 0, 168719, 0, 0, 231.32
2026/09/15 00:52:07.174, 1, 168020, 0, 0, 227.26
2026/09/15 00:52:07.177, 2, 168020, 0, 0, 219.39
2026/09/15 00:52:07.180, 3, 167700, 0, 0, 234.54
2026/09/15 00:52:08.182, 0, 168719, 0, 0, 229.20
2026/09/15 00:52:08.186, 1, 168020, 0, 0, 227.27
2026/09/15 00:52:08.189, 2, 168020, 0, 0, 219.16
2026/09/15 00:52:08.191, 3, 167700, 0, 0, 233.95
2026/09/15 00:52:09.194, 0, 168719, 0, 0, 229.12
2026/09/15 00:52:09.198, 1, 168020, 0, 0, 227.27
2026/09/15 00:52:09.200, 2, 168020, 0, 0, 218.31
2026/09/15 00:52:09.203, 3, 167700, 0, 0, 233.01
2026/09/15 00:52:10.206, 0, 168719, 0, 0, 228.62
2026/09/15 00:52:10.210, 1, 168020, 0, 0, 227.27
2026/09/15 00:52:10.212, 2, 168020, 0, 0, 217.34
2026/09/15 00:52:10.215, 3, 167700, 0, 0, 232.97
2026/09/15 00:52:11.218, 0, 168719, 0, 0, 228.41
2026/09/15 00:52:11.222, 1, 168020, 0, 0, 227.27
2026/09/15 00:52:11.225, 2, 168020, 0, 0, 217.08
2026/09/15 00:52:11.228, 3, 167700, 0, 0, 232.64
2026/09/15 00:52:12.230, 0, 168719, 0, 0, 228.48
2026/09/15 00:52:12.234, 1, 168020, 0, 0, 227.27
2026/09/15 00:52:12.237, 2, 168020, 0, 0, 216.97
2026/09/15 00:52:12.239, 3, 167700, 0, 0, 232.81
2026/09/15 00:52:13.242, 0, 168719, 0, 0, 228.41
2026/09/15 00:52:13.246, 1, 168020, 0, 0, 227.27
2026/09/15 00:52:13.249, 2, 168020, 0, 0, 216.61
2026/09/15 00:52:13.252, 3, 167700, 0, 0, 232.66
2026/09/15 00:52:14.254, 0, 168719, 0, 0, 228.41
2026/09/15 00:52:14.258, 1, 168020, 0, 0, 227.27
2026/09/15 00:52:14.261, 2, 168020, 0, 0, 216.39
2026/09/15 00:52:14.263, 3, 167700, 0, 0, 232.65
2026/09/15 00:52:15.266, 0, 168719, 0, 0, 228.41
2026/09/15 00:52:15.270, 1, 168020, 0, 0, 227.27
2026/09/15 00:52:15.273, 2, 168020, 0, 0, 216.31
2026/09/15 00:52:15.276, 3, 167700, 0, 0, 232.66
2026/09/15 00:52:16.279, 0, 168719, 0, 0, 228.41
2026/09/15 00:52:16.283, 1, 168020, 0, 0, 227.27
2026/09/15 00:52:16.286, 2, 168020, 0, 0, 215.77
2026/09/15 00:52:16.289, 3, 167700, 0, 0, 232.68
2026/09/15 00:52:17.292, 0, 168719, 0, 0, 228.41
2026/09/15 00:52:17.296, 1, 168020, 0, 0, 227.27
2026/09/15 00:52:17.299, 2, 168020, 0, 0, 215.61
2026/09/15 00:52:17.302, 3, 167700, 0, 0, 232.66
2026/09/15 00:52:18.305, 0, 168719, 69, 27, 336.10
2026/09/15 00:52:18.308, 1, 168020, 67, 27, 347.92
2026/09/15 00:52:18.311, 2, 168020, 80, 17, 350.33
2026/09/15 00:52:18.314, 3, 167700, 82, 17, 377.19
2026/09/15 00:52:19.317, 0, 168719, 74, 27, 587.14
2026/09/15 00:52:19.320, 1, 168020, 65, 27, 556.64
2026/09/15 00:52:19.323, 2, 168020, 86, 25, 638.55
2026/09/15 00:52:19.325, 3, 167700, 78, 25, 635.72
2026/09/15 00:52:20.328, 0, 168719, 68, 27, 582.49
2026/09/15 00:52:20.331, 1, 168020, 69, 27, 571.73
2026/09/15 00:52:20.334, 2, 168020, 85, 26, 636.21
2026/09/15 00:52:20.337, 3, 167700, 78, 26, 631.15
2026/09/15 00:52:21.340, 0, 166841, 0, 0, 421.63
2026/09/15 00:52:21.343, 1, 166142, 0, 0, 411.59
2026/09/15 00:52:21.345, 2, 166142, 0, 0, 430.16
2026/09/15 00:52:21.348, 3, 165822, 0, 0, 460.00
2026/09/15 00:52:22.351, 0, 168719, 46, 15, 300.47
2026/09/15 00:52:22.354, 1, 168020, 63, 15, 346.75
2026/09/15 00:52:22.357, 2, 168020, 84, 27, 331.30
2026/09/15 00:52:22.360, 3, 167700, 76, 26, 358.85
2026/09/15 00:52:23.362, 0, 168719, 66, 25, 567.38
2026/09/15 00:52:23.366, 1, 168020, 72, 26, 584.28
2026/09/15 00:52:23.368, 2, 168020, 87, 27, 636.91
2026/09/15 00:52:23.371, 3, 167700, 81, 27, 618.75
2026/09/15 00:52:24.374, 0, 168719, 65, 26, 561.09
2026/09/15 00:52:24.377, 1, 168020, 73, 25, 609.15
2026/09/15 00:52:24.380, 2, 168020, 89, 27, 644.97
2026/09/15 00:52:24.382, 3, 167700, 85, 26, 630.03
2026/09/15 00:52:25.385, 0, 168719, 39, 12, 464.58
2026/09/15 00:52:25.388, 1, 168020, 66, 12, 526.04
2026/09/15 00:52:25.391, 2, 168020, 77, 14, 549.30
2026/09/15 00:52:25.394, 3, 167700, 72, 14, 553.34
2026/09/15 00:52:26.396, 0, 168719, 63, 25, 564.38
2026/09/15 00:52:26.399, 1, 168020, 74, 25, 589.24
2026/09/15 00:52:26.402, 2, 168020, 85, 25, 649.84
2026/09/15 00:52:26.405, 3, 167700, 79, 26, 643.79
2026/09/15 00:52:27.408, 0, 168719, 65, 25, 559.08
2026/09/15 00:52:27.411, 1, 168020, 72, 25, 607.39
2026/09/15 00:52:27.413, 2, 168020, 88, 26, 654.75
2026/09/15 00:52:27.416, 3, 167700, 81, 26, 642.82
2026/09/15 00:52:28.419, 0, 168719, 95, 15, 465.09
2026/09/15 00:52:28.422, 1, 168020, 97, 15, 514.25
2026/09/15 00:52:28.425, 2, 168020, 72, 11, 561.53
2026/09/15 00:52:28.427, 3, 167700, 65, 11, 569.91
2026/09/15 00:52:29.430, 0, 168719, 65, 27, 554.84
2026/09/15 00:52:29.433, 1, 168020, 74, 27, 601.44
2026/09/15 00:52:29.436, 2, 168020, 86, 26, 649.59
2026/09/15 00:52:29.439, 3, 167700, 80, 26, 645.64
2026/09/15 00:52:30.441, 0, 168719, 67, 26, 562.13
2026/09/15 00:52:30.444, 1, 168020, 71, 27, 609.49
2026/09/15 00:52:30.447, 2, 168020, 87, 25, 656.19
2026/09/15 00:52:30.450, 3, 167700, 81, 25, 658.60
2026/09/15 00:52:31.452, 0, 168719, 100, 16, 481.37
2026/09/15 00:52:31.455, 1, 168020, 59, 11, 531.19
2026/09/15 00:52:31.458, 2, 168020, 100, 16, 564.43
2026/09/15 00:52:31.461, 3, 167700, 100, 15, 561.05
2026/09/15 00:52:32.464, 0, 168719, 65, 25, 539.32
2026/09/15 00:52:32.467, 1, 168020, 73, 26, 596.08
2026/09/15 00:52:32.469, 2, 168020, 88, 27, 642.78
2026/09/15 00:52:32.472, 3, 167700, 83, 27, 644.56
2026/09/15 00:52:33.475, 0, 168719, 64, 26, 553.79
2026/09/15 00:52:33.478, 1, 168020, 68, 25, 598.87
2026/09/15 00:52:33.481, 2, 168020, 88, 27, 646.68
2026/09/15 00:52:33.483, 3, 167700, 83, 27, 647.07
2026/09/15 00:52:34.486, 0, 168719, 100, 15, 486.02
2026/09/15 00:52:34.489, 1, 168020, 100, 16, 521.08
2026/09/15 00:52:34.492, 2, 168020, 100, 15, 579.02
2026/09/15 00:52:34.494, 3, 167700, 100, 15, 565.56
2026/09/15 00:52:35.497, 0, 168719, 67, 27, 539.89
2026/09/15 00:52:35.500, 1, 168020, 66, 27, 576.87
2026/09/15 00:52:35.503, 2, 168020, 84, 25, 623.83
2026/09/15 00:52:35.506, 3, 167700, 80, 25, 639.87
2026/09/15 00:52:36.509, 0, 168719, 66, 26, 562.41
2026/09/15 00:52:36.512, 1, 168020, 70, 26, 600.93
2026/09/15 00:52:36.515, 2, 168020, 84, 26, 652.00
2026/09/15 00:52:36.517, 3, 167700, 81, 26, 645.86
2026/09/15 00:52:37.520, 0, 168719, 100, 15, 506.18
2026/09/15 00:52:37.523, 1, 168020, 100, 16, 540.87
2026/09/15 00:52:37.526, 2, 168020, 100, 15, 578.46
2026/09/15 00:52:37.529, 3, 167700, 79, 13, 599.34
2026/09/15 00:52:38.532, 0, 168719, 64, 25, 513.24
2026/09/15 00:52:38.535, 1, 168020, 74, 25, 573.11
2026/09/15 00:52:38.538, 2, 168020, 89, 26, 636.48
2026/09/15 00:52:38.540, 3, 167700, 81, 25, 605.21
2026/09/15 00:52:39.543, 0, 168719, 64, 25, 550.63
2026/09/15 00:52:39.546, 1, 168020, 73, 25, 599.57
2026/09/15 00:52:39.549, 2, 168020, 90, 27, 649.95
2026/09/15 00:52:39.552, 3, 167700, 79, 25, 646.01
2026/09/15 00:52:40.555, 0, 168719, 41, 12, 519.56
2026/09/15 00:52:40.558, 1, 168020, 73, 12, 595.19
2026/09/15 00:52:40.561, 2, 168020, 100, 15, 604.49
2026/09/15 00:52:40.564, 3, 167700, 98, 15, 598.68
2026/09/15 00:52:41.567, 0, 168719, 64, 25, 503.12
2026/09/15 00:52:41.570, 1, 168020, 70, 26, 551.09
2026/09/15 00:52:41.573, 2, 168020, 84, 25, 593.67
2026/09/15 00:52:41.575, 3, 167700, 78, 25, 599.12
2026/09/15 00:52:42.578, 0, 168719, 64, 26, 557.34
2026/09/15 00:52:42.581, 1, 168020, 72, 25, 613.65
2026/09/15 00:52:42.584, 2, 168020, 90, 27, 648.52
2026/09/15 00:52:42.587, 3, 167700, 85, 27, 657.18
2026/09/15 00:52:43.590, 0, 168719, 49, 18, 523.48
2026/09/15 00:52:43.593, 1, 168020, 69, 18, 608.20
2026/09/15 00:52:43.596, 2, 168020, 82, 12, 643.28
2026/09/15 00:52:43.599, 3, 167700, 78, 12, 627.16
2026/09/15 00:52:44.602, 0, 168719, 65, 27, 495.14
2026/09/15 00:52:44.605, 1, 168020, 74, 27, 542.08
2026/09/15 00:52:44.607, 2, 168020, 85, 25, 566.20
2026/09/15 00:52:44.610, 3, 167700, 81, 26, 574.62
2026/09/15 00:52:45.613, 0, 168719, 64, 27, 556.28
2026/09/15 00:52:45.616, 1, 168020, 75, 27, 608.82
2026/09/15 00:52:45.619, 2, 168020, 85, 25, 655.18
2026/09/15 00:52:45.622, 3, 167700, 80, 25, 659.64
2026/09/15 00:52:46.625, 0, 168719, 64, 27, 546.92
2026/09/15 00:52:46.628, 1, 168020, 77, 26, 611.63
2026/09/15 00:52:46.631, 2, 168020, 85, 21, 644.58
2026/09/15 00:52:46.634, 3, 167700, 80, 21, 645.81
2026/09/15 00:52:47.637, 0, 168719, 65, 25, 476.91
2026/09/15 00:52:47.640, 1, 168020, 73, 25, 534.41
2026/09/15 00:52:47.642, 2, 168020, 88, 26, 569.02
2026/09/15 00:52:47.645, 3, 167700, 82, 26, 568.84
2026/09/15 00:52:48.648, 0, 168719, 62, 25, 556.71
2026/09/15 00:52:48.651, 1, 168020, 70, 25, 602.69
2026/09/15 00:52:48.654, 2, 168020, 86, 25, 653.62
2026/09/15 00:52:48.657, 3, 167700, 81, 25, 654.70
2026/09/15 00:52:49.660, 0, 168719, 65, 26, 546.76
2026/09/15 00:52:49.663, 1, 168020, 78, 27, 625.93
2026/09/15 00:52:49.666, 2, 168020, 85, 25, 646.46
2026/09/15 00:52:49.668, 3, 167700, 81, 25, 644.32
2026/09/15 00:52:50.671, 0, 168719, 64, 25, 466.00
2026/09/15 00:52:50.674, 1, 168020, 76, 27, 529.24
2026/09/15 00:52:50.677, 2, 168020, 86, 26, 563.52
2026/09/15 00:52:50.680, 3, 167700, 82, 26, 556.61
2026/09/15 00:52:51.683, 0, 168719, 64, 25, 560.00
2026/09/15 00:52:51.686, 1, 168020, 73, 25, 609.49
2026/09/15 00:52:51.689, 2, 168020, 90, 26, 658.50
2026/09/15 00:52:51.692, 3, 167700, 83, 26, 648.55
2026/09/15 00:52:52.695, 0, 168719, 63, 25, 556.50
2026/09/15 00:52:52.698, 1, 168020, 76, 25, 612.84
2026/09/15 00:52:52.701, 2, 168020, 89, 27, 646.99
2026/09/15 00:52:52.704, 3, 167700, 84, 26, 650.87
2026/09/15 00:52:53.707, 0, 168719, 0, 0, 297.95
2026/09/15 00:52:53.711, 1, 168020, 0, 0, 344.53
2026/09/15 00:52:53.714, 2, 168020, 0, 0, 350.19
2026/09/15 00:52:53.717, 3, 167700, 0, 0, 349.34
2026/09/15 00:52:54.720, 0, 168719, 0, 0, 231.97
2026/09/15 00:52:54.724, 1, 168020, 0, 0, 227.87
2026/09/15 00:52:54.727, 2, 168020, 0, 0, 219.08
2026/09/15 00:52:54.730, 3, 167700, 0, 0, 236.24
2026/09/15 00:52:55.733, 0, 168719, 0, 0, 230.79
2026/09/15 00:52:55.736, 1, 168020, 0, 0, 227.26
2026/09/15 00:52:55.739, 2, 168020, 0, 0, 219.31
2026/09/15 00:52:55.741, 3, 167700, 0, 0, 234.79
2026/09/15 00:52:56.744, 0, 168719, 0, 0, 229.33
2026/09/15 00:52:56.748, 1, 168020, 0, 0, 227.27
2026/09/15 00:52:56.751, 2, 168020, 0, 0, 218.70
2026/09/15 00:52:56.754, 3, 167700, 0, 0, 233.24
2026/09/15 00:52:57.757, 0, 168719, 0, 0, 228.70
2026/09/15 00:52:57.760, 1, 168020, 0, 0, 227.27
2026/09/15 00:52:57.763, 2, 168020, 0, 0, 217.70
2026/09/15 00:52:57.766, 3, 167700, 0, 0, 232.90
2026/09/15 00:52:58.769, 0, 168719, 0, 0, 228.41
2026/09/15 00:52:58.772, 1, 168020, 0, 0, 227.27
2026/09/15 00:52:58.775, 2, 168020, 0, 0, 217.33
2026/09/15 00:52:58.778, 3, 167700, 0, 0, 232.68
2026/09/15 00:52:59.781, 0, 168719, 0, 0, 228.41
2026/09/15 00:52:59.785, 1, 168020, 0, 0, 227.27
2026/09/15 00:52:59.788, 2, 168020, 0, 0, 216.30
2026/09/15 00:52:59.791, 3, 167700, 0, 0, 232.65
2026/09/15 00:53:00.793, 0, 168719, 0, 0, 228.41
2026/09/15 00:53:00.797, 1, 168020, 0, 0, 227.27
2026/09/15 00:53:00.800, 2, 168020, 0, 0, 216.31
2026/09/15 00:53:00.803, 3, 167700, 0, 0, 232.66
2026/09/15 00:53:01.806, 0, 168719, 0, 0, 228.41
2026/09/15 00:53:01.810, 1, 168020, 0, 0, 227.27
2026/09/15 00:53:01.813, 2, 168020, 0, 0, 215.91
2026/09/15 00:53:01.815, 3, 167700, 0, 0, 232.68
2026/09/15 00:53:02.818, 0, 168719, 0, 0, 228.41
2026/09/15 00:53:02.822, 1, 168020, 0, 0, 227.27
2026/09/15 00:53:02.825, 2, 168020, 0, 0, 215.71
2026/09/15 00:53:02.828, 3, 167700, 0, 0, 232.69
2026/09/15 00:53:03.831, 0, 168719, 0, 0, 228.41
2026/09/15 00:53:03.835, 1, 168020, 0, 0, 227.27
2026/09/15 00:53:03.837, 2, 168020, 0, 0, 215.62
2026/09/15 00:53:03.840, 3, 167700, 0, 0, 232.70
2026/09/15 00:53:04.843, 0, 168719, 0, 0, 228.41
2026/09/15 00:53:04.847, 1, 168020, 0, 0, 227.27
2026/09/15 00:53:04.850, 2, 168020, 0, 0, 215.56
2026/09/15 00:53:04.853, 3, 167700, 0, 0, 232.70
2026/09/15 00:53:05.856, 0, 168719, 0, 0, 228.41
2026/09/15 00:53:05.860, 1, 168020, 0, 0, 227.27
2026/09/15 00:53:05.863, 2, 168020, 0, 0, 215.55
2026/09/15 00:53:05.866, 3, 167700, 0, 0, 232.70
2026/09/15 00:53:06.869, 0, 168719, 33, 10, 294.45
2026/09/15 00:53:06.872, 1, 168020, 68, 26, 342.86
2026/09/15 00:53:06.875, 2, 168020, 75, 11, 343.41
2026/09/15 00:53:06.878, 3, 167700, 78, 12, 368.89
2026/09/15 00:53:07.880, 0, 168719, 69, 26, 585.28
2026/09/15 00:53:07.883, 1, 168020, 69, 27, 548.63
2026/09/15 00:53:07.886, 2, 168020, 79, 27, 603.52
2026/09/15 00:53:07.889, 3, 167700, 89, 27, 661.41
2026/09/15 00:53:08.892, 0, 168719, 67, 25, 561.70
2026/09/15 00:53:08.895, 1, 168020, 65, 25, 572.74
2026/09/15 00:53:08.897, 2, 168020, 79, 27, 617.42
2026/09/15 00:53:08.900, 3, 167700, 90, 27, 680.32
2026/09/15 00:53:09.903, 0, 166841, 0, 0, 422.14
2026/09/15 00:53:09.906, 1, 166142, 0, 0, 419.39
2026/09/15 00:53:09.909, 2, 166142, 7, 1, 457.62
2026/09/15 00:53:09.911, 3, 165822, 13, 2, 485.94
2026/09/15 00:53:10.914, 0, 168559, 64, 12, 313.67
2026/09/15 00:53:10.917, 1, 167860, 39, 12, 279.46
2026/09/15 00:53:10.920, 2, 167860, 42, 7, 281.61
2026/09/15 00:53:10.923, 3, 167540, 43, 7, 321.23
2026/09/15 00:53:11.926, 0, 168719, 71, 27, 583.74
2026/09/15 00:53:11.928, 1, 168020, 66, 27, 559.99
2026/09/15 00:53:11.931, 2, 168020, 78, 25, 604.01
2026/09/15 00:53:11.934, 3, 167700, 84, 25, 667.06
2026/09/15 00:53:12.937, 0, 168719, 67, 26, 579.43
2026/09/15 00:53:12.940, 1, 168020, 70, 27, 585.63
2026/09/15 00:53:12.942, 2, 168020, 79, 25, 613.43
2026/09/15 00:53:12.945, 3, 167700, 84, 26, 661.58
2026/09/15 00:53:13.948, 0, 168719, 70, 12, 511.98
2026/09/15 00:53:13.951, 1, 168020, 50, 11, 481.33
2026/09/15 00:53:13.954, 2, 168020, 78, 12, 546.65
2026/09/15 00:53:13.957, 3, 167700, 100, 16, 586.81
2026/09/15 00:53:14.959, 0, 168719, 74, 27, 572.60
2026/09/15 00:53:14.962, 1, 168020, 67, 25, 557.53
2026/09/15 00:53:14.965, 2, 168020, 81, 27, 614.78
2026/09/15 00:53:14.968, 3, 167700, 90, 27, 660.37
2026/09/15 00:53:15.970, 0, 168719, 69, 27, 579.43
2026/09/15 00:53:15.973, 1, 168020, 66, 25, 566.83
2026/09/15 00:53:15.976, 2, 168020, 80, 27, 618.04
2026/09/15 00:53:15.979, 3, 167700, 88, 27, 668.43
2026/09/15 00:53:16.982, 0, 168719, 62, 11, 521.08
2026/09/15 00:53:16.985, 1, 168020, 100, 16, 487.39
2026/09/15 00:53:16.987, 2, 168020, 73, 12, 543.95
2026/09/15 00:53:16.990, 3, 167700, 77, 12, 578.36
2026/09/15 00:53:17.993, 0, 168719, 65, 25, 569.52
2026/09/15 00:53:17.996, 1, 168020, 66, 26, 555.63
2026/09/15 00:53:17.999, 2, 168020, 80, 25, 619.43
2026/09/15 00:53:18.001, 3, 167700, 83, 25, 664.30
2026/09/15 00:53:19.004, 0, 168719, 70, 25, 578.98
2026/09/15 00:53:19.007, 1, 168020, 68, 27, 573.40
2026/09/15 00:53:19.010, 2, 168020, 82, 26, 631.52
2026/09/15 00:53:19.013, 3, 167700, 86, 26, 667.13
2026/09/15 00:53:20.016, 0, 168719, 100, 15, 516.75
2026/09/15 00:53:20.019, 1, 168020, 100, 16, 490.70
2026/09/15 00:53:20.021, 2, 168020, 100, 15, 563.68
2026/09/15 00:53:20.024, 3, 167700, 100, 16, 584.53
2026/09/15 00:53:21.027, 0, 168719, 67, 26, 572.58
2026/09/15 00:53:21.030, 1, 168020, 64, 25, 538.89
2026/09/15 00:53:21.032, 2, 168020, 86, 27, 605.22
2026/09/15 00:53:21.035, 3, 167700, 89, 27, 655.03
2026/09/15 00:53:22.038, 0, 168719, 69, 27, 574.36
2026/09/15 00:53:22.041, 1, 168020, 66, 26, 568.41
2026/09/15 00:53:22.044, 2, 168020, 78, 26, 625.19
2026/09/15 00:53:22.047, 3, 167700, 85, 26, 661.77
2026/09/15 00:53:23.049, 0, 168719, 100, 15, 519.82
2026/09/15 00:53:23.052, 1, 168020, 40, 12, 520.38
2026/09/15 00:53:23.055, 2, 168020, 97, 15, 549.83
2026/09/15 00:53:23.058, 3, 167700, 97, 15, 609.96
2026/09/15 00:53:24.061, 0, 168719, 65, 25, 548.70
2026/09/15 00:53:24.064, 1, 168020, 65, 25, 539.10
2026/09/15 00:53:24.066, 2, 168020, 78, 26, 596.61
2026/09/15 00:53:24.069, 3, 167700, 86, 26, 618.16
2026/09/15 00:53:25.072, 0, 168719, 67, 26, 574.51
2026/09/15 00:53:25.075, 1, 168020, 64, 25, 574.28
2026/09/15 00:53:25.078, 2, 168020, 81, 27, 628.21
2026/09/15 00:53:25.081, 3, 167700, 89, 27, 673.70
2026/09/15 00:53:26.083, 0, 168719, 71, 13, 544.48
2026/09/15 00:53:26.086, 1, 168020, 95, 15, 513.86
2026/09/15 00:53:26.089, 2, 168020, 74, 13, 587.88
2026/09/15 00:53:26.092, 3, 167700, 81, 13, 615.04
2026/09/15 00:53:27.095, 0, 168719, 67, 25, 524.79
2026/09/15 00:53:27.098, 1, 168020, 65, 25, 519.72
2026/09/15 00:53:27.101, 2, 168020, 78, 25, 570.20
2026/09/15 00:53:27.103, 3, 167700, 85, 25, 626.05
2026/09/15 00:53:28.106, 0, 168719, 70, 25, 572.89
2026/09/15 00:53:28.109, 1, 168020, 67, 27, 572.87
2026/09/15 00:53:28.112, 2, 168020, 79, 26, 623.70
2026/09/15 00:53:28.115, 3, 167700, 86, 26, 673.51
2026/09/15 00:53:29.117, 0, 168719, 97, 15, 560.10
2026/09/15 00:53:29.121, 1, 168020, 39, 12, 529.56
2026/09/15 00:53:29.123, 2, 168020, 75, 19, 607.55
2026/09/15 00:53:29.126, 3, 167700, 82, 19, 647.88
2026/09/15 00:53:30.129, 0, 168719, 64, 25, 534.88
2026/09/15 00:53:30.132, 1, 168020, 67, 25, 501.63
2026/09/15 00:53:30.135, 2, 168020, 83, 27, 544.72
2026/09/15 00:53:30.138, 3, 167700, 89, 27, 591.73
2026/09/15 00:53:31.140, 0, 168719, 70, 27, 563.48
2026/09/15 00:53:31.143, 1, 168020, 68, 25, 584.59
2026/09/15 00:53:31.146, 2, 168020, 80, 27, 624.07
2026/09/15 00:53:31.149, 3, 167700, 89, 26, 663.02
2026/09/15 00:53:32.152, 0, 168719, 65, 13, 559.53
2026/09/15 00:53:32.155, 1, 168020, 52, 18, 551.53
2026/09/15 00:53:32.158, 2, 168020, 76, 13, 607.36
2026/09/15 00:53:32.161, 3, 167700, 88, 27, 662.79
2026/09/15 00:53:33.163, 0, 168719, 68, 25, 517.00
2026/09/15 00:53:33.167, 1, 168020, 69, 27, 492.55
2026/09/15 00:53:33.169, 2, 168020, 81, 26, 550.36
2026/09/15 00:53:33.172, 3, 167700, 85, 25, 580.28
2026/09/15 00:53:34.175, 0, 168719, 65, 25, 567.87
2026/09/15 00:53:34.178, 1, 168020, 68, 26, 577.53
2026/09/15 00:53:34.181, 2, 168020, 78, 25, 623.94
2026/09/15 00:53:34.184, 3, 167700, 86, 26, 669.97
2026/09/15 00:53:35.187, 0, 168719, 65, 18, 567.47
2026/09/15 00:53:35.190, 1, 168020, 70, 27, 567.05
2026/09/15 00:53:35.193, 2, 168020, 75, 20, 614.74
2026/09/15 00:53:35.195, 3, 167700, 83, 20, 663.27
2026/09/15 00:53:36.198, 0, 168719, 67, 27, 515.69
2026/09/15 00:53:36.201, 1, 168020, 65, 25, 488.86
2026/09/15 00:53:36.204, 2, 168020, 84, 26, 542.74
2026/09/15 00:53:36.207, 3, 167700, 89, 27, 589.19
2026/09/15 00:53:37.210, 0, 168719, 70, 26, 581.97
2026/09/15 00:53:37.213, 1, 168020, 66, 26, 577.79
2026/09/15 00:53:37.216, 2, 168020, 85, 26, 633.40
2026/09/15 00:53:37.218, 3, 167700, 90, 27, 677.01
2026/09/15 00:53:38.221, 0, 168719, 67, 27, 565.81
2026/09/15 00:53:38.224, 1, 168020, 68, 26, 578.81
2026/09/15 00:53:38.227, 2, 168020, 83, 27, 623.09
2026/09/15 00:53:38.230, 3, 167700, 89, 27, 671.73
2026/09/15 00:53:39.233, 0, 168719, 71, 25, 519.01
2026/09/15 00:53:39.236, 1, 168020, 68, 26, 475.19
2026/09/15 00:53:39.239, 2, 168020, 79, 26, 542.72
2026/09/15 00:53:39.241, 3, 167700, 87, 26, 570.99
2026/09/15 00:53:40.244, 0, 168719, 70, 25, 573.46
2026/09/15 00:53:40.247, 1, 168020, 67, 25, 578.85
2026/09/15 00:53:40.250, 2, 168020, 82, 26, 628.32
2026/09/15 00:53:40.253, 3, 167700, 86, 26, 667.45
2026/09/15 00:53:41.256, 0, 168719, 69, 26, 570.02
2026/09/15 00:53:41.259, 1, 168020, 67, 26, 571.95
2026/09/15 00:53:41.262, 2, 168020, 74, 25, 618.36
2026/09/15 00:53:41.265, 3, 167700, 85, 25, 680.28
2026/09/15 00:53:42.267, 0, 168719, 0, 0, 329.88
2026/09/15 00:53:42.271, 1, 168020, 0, 0, 319.31
2026/09/15 00:53:42.275, 2, 168020, 0, 0, 309.12
2026/09/15 00:53:42.278, 3, 167700, 0, 0, 364.85
2026/09/15 00:53:43.281, 0, 168719, 0, 0, 231.68
2026/09/15 00:53:43.285, 1, 168020, 0, 0, 227.27
2026/09/15 00:53:43.288, 2, 168020, 0, 0, 219.39
2026/09/15 00:53:43.290, 3, 167700, 0, 0, 236.15
2026/09/15 00:53:44.293, 0, 168719, 0, 0, 229.75
2026/09/15 00:53:44.297, 1, 168020, 0, 0, 227.26
2026/09/15 00:53:44.300, 2, 168020, 0, 0, 219.09
2026/09/15 00:53:44.303, 3, 167700, 0, 0, 234.35
2026/09/15 00:53:45.305, 0, 168719, 0, 0, 228.41
2026/09/15 00:53:45.309, 1, 168020, 0, 0, 227.27
2026/09/15 00:53:45.312, 2, 168020, 0, 0, 217.47
2026/09/15 00:53:45.314, 3, 167700, 0, 0, 233.11
2026/09/15 00:53:46.317, 0, 168719, 0, 0, 228.63
2026/09/15 00:53:46.321, 1, 168020, 0, 0, 227.27
2026/09/15 00:53:46.323, 2, 168020, 0, 0, 217.35
2026/09/15 00:53:46.326, 3, 167700, 0, 0, 232.82
2026/09/15 00:53:47.329, 0, 168719, 0, 0, 228.41
2026/09/15 00:53:47.332, 1, 168020, 0, 0, 227.27
2026/09/15 00:53:47.335, 2, 168020, 0, 0, 215.71
2026/09/15 00:53:47.338, 3, 167700, 0, 0, 232.70
2026/09/15 00:53:48.341, 0, 168719, 0, 0, 228.41
2026/09/15 00:53:48.345, 1, 168020, 0, 0, 227.27
2026/09/15 00:53:48.347, 2, 168020, 0, 0, 215.61
2026/09/15 00:53:48.350, 3, 167700, 0, 0, 232.66
2026/09/15 00:53:49.353, 0, 168719, 0, 0, 228.41
2026/09/15 00:53:49.357, 1, 168020, 0, 0, 227.27
2026/09/15 00:53:49.359, 2, 168020, 0, 0, 215.70
2026/09/15 00:53:49.362, 3, 167700, 0, 0, 232.68
2026/09/15 00:53:50.365, 0, 168719, 0, 0, 228.41
2026/09/15 00:53:50.369, 1, 168020, 0, 0, 227.27
2026/09/15 00:53:50.372, 2, 168020, 0, 0, 215.62
2026/09/15 00:53:50.375, 3, 167700, 0, 0, 232.71
2026/09/15 00:53:51.378, 0, 168719, 0, 0, 228.41
2026/09/15 00:53:51.381, 1, 168020, 0, 0, 227.27
2026/09/15 00:53:51.384, 2, 168020, 0, 0, 215.55
2026/09/15 00:53:51.387, 3, 167700, 0, 0, 232.68
2026/09/15 00:53:52.390, 0, 168719, 0, 0, 228.41
2026/09/15 00:53:52.393, 1, 168020, 0, 0, 227.27
2026/09/15 00:53:52.396, 2, 168020, 0, 0, 215.54
2026/09/15 00:53:52.399, 3, 167700, 0, 0, 232.67
2026/09/15 00:53:53.402, 0, 168719, 0, 0, 228.41
2026/09/15 00:53:53.406, 1, 168020, 0, 0, 227.27
2026/09/15 00:53:53.408, 2, 168020, 0, 0, 215.55
2026/09/15 00:53:53.411, 3, 167700, 0, 0, 232.68
2026/09/15 00:53:54.414, 0, 168719, 0, 0, 228.41
2026/09/15 00:53:54.418, 1, 168020, 0, 0, 227.27
2026/09/15 00:53:54.421, 2, 168020, 0, 0, 215.54
2026/09/15 00:53:54.424, 3, 167700, 0, 0, 232.67
2026/09/15 00:53:55.427, 0, 168719, 37, 12, 281.91
2026/09/15 00:53:55.430, 1, 168020, 18, 3, 296.07
2026/09/15 00:53:55.433, 2, 168020, 85, 12, 284.47
2026/09/15 00:53:55.436, 3, 167700, 84, 12, 312.73
2026/09/15 00:53:56.439, 0, 168719, 64, 26, 559.84
2026/09/15 00:53:56.442, 1, 168020, 71, 25, 613.43
2026/09/15 00:53:56.445, 2, 168020, 88, 27, 634.24
2026/09/15 00:53:56.447, 3, 167700, 81, 27, 627.39
2026/09/15 00:53:57.450, 0, 168719, 67, 27, 560.84
2026/09/15 00:53:57.453, 1, 168020, 69, 26, 600.64
2026/09/15 00:53:57.456, 2, 168020, 85, 26, 636.84
2026/09/15 00:53:57.459, 3, 167700, 76, 26, 615.46
2026/09/15 00:53:58.462, 0, 166841, 65, 10, 446.30
2026/09/15 00:53:58.465, 1, 166142, 100, 15, 507.73
2026/09/15 00:53:58.467, 2, 166142, 75, 12, 495.07
2026/09/15 00:53:58.470, 3, 165822, 72, 11, 516.30
2026/09/15 00:53:59.473, 0, 167521, 1, 0, 258.14
2026/09/15 00:53:59.476, 1, 167540, 0, 0, 242.25
2026/09/15 00:53:59.479, 2, 167860, 0, 0, 271.98
2026/09/15 00:53:59.482, 3, 167540, 0, 0, 263.91
2026/09/15 00:54:00.484, 0, 168719, 66, 27, 553.63
2026/09/15 00:54:00.487, 1, 168020, 67, 25, 576.01
2026/09/15 00:54:00.490, 2, 168020, 89, 27, 635.61
2026/09/15 00:54:00.493, 3, 167700, 81, 27, 621.18
2026/09/15 00:54:01.496, 0, 168719, 67, 27, 555.95
2026/09/15 00:54:01.499, 1, 168020, 71, 25, 593.79
2026/09/15 00:54:01.502, 2, 168020, 88, 26, 640.35
2026/09/15 00:54:01.505, 3, 167700, 82, 26, 637.33
2026/09/15 00:54:02.507, 0, 168719, 100, 15, 488.33
2026/09/15 00:54:02.510, 1, 168020, 92, 14, 512.57
2026/09/15 00:54:02.513, 2, 168020, 100, 15, 556.49
2026/09/15 00:54:02.516, 3, 167700, 100, 15, 562.09
2026/09/15 00:54:03.519, 0, 168719, 65, 25, 529.72
2026/09/15 00:54:03.522, 1, 168020, 72, 27, 569.59
2026/09/15 00:54:03.525, 2, 168020, 85, 25, 635.89
2026/09/15 00:54:03.528, 3, 167700, 78, 25, 631.40
2026/09/15 00:54:04.531, 0, 168719, 65, 25, 555.05
2026/09/15 00:54:04.534, 1, 168020, 73, 27, 613.23
2026/09/15 00:54:04.536, 2, 168020, 84, 26, 649.43
2026/09/15 00:54:04.539, 3, 167700, 81, 25, 643.18
2026/09/15 00:54:05.542, 0, 168719, 93, 14, 492.48
2026/09/15 00:54:05.545, 1, 168020, 100, 15, 561.23
2026/09/15 00:54:05.548, 2, 168020, 85, 13, 588.79
2026/09/15 00:54:05.551, 3, 167700, 81, 13, 580.32
2026/09/15 00:54:06.554, 0, 168719, 66, 26, 534.44
2026/09/15 00:54:06.557, 1, 168020, 72, 25, 577.85
2026/09/15 00:54:06.559, 2, 168020, 89, 26, 641.43
2026/09/15 00:54:06.562, 3, 167700, 84, 27, 615.46
2026/09/15 00:54:07.565, 0, 168719, 66, 27, 560.63
2026/09/15 00:54:07.568, 1, 168020, 73, 26, 592.24
2026/09/15 00:54:07.571, 2, 168020, 90, 27, 652.45
2026/09/15 00:54:07.574, 3, 167700, 81, 25, 650.59
2026/09/15 00:54:08.577, 0, 168719, 100, 15, 503.02
2026/09/15 00:54:08.580, 1, 168020, 77, 13, 558.38
2026/09/15 00:54:08.582, 2, 168020, 100, 16, 594.69
2026/09/15 00:54:08.585, 3, 167700, 73, 13, 611.87
2026/09/15 00:54:09.588, 0, 168719, 68, 24, 513.88
2026/09/15 00:54:09.591, 1, 168020, 74, 27, 558.55
2026/09/15 00:54:09.594, 2, 168020, 85, 24, 605.89
2026/09/15 00:54:09.597, 3, 167700, 84, 27, 615.78
2026/09/15 00:54:10.600, 0, 168719, 65, 25, 561.28
2026/09/15 00:54:10.603, 1, 168020, 76, 26, 601.47
2026/09/15 00:54:10.606, 2, 168020, 86, 25, 650.36
2026/09/15 00:54:10.609, 3, 167700, 84, 27, 645.64
2026/09/15 00:54:11.611, 0, 168719, 54, 13, 525.89
2026/09/15 00:54:11.615, 1, 168020, 70, 13, 575.70
2026/09/15 00:54:11.617, 2, 168020, 83, 13, 614.57
2026/09/15 00:54:11.620, 3, 167700, 100, 15, 599.49
2026/09/15 00:54:12.623, 0, 168719, 67, 27, 494.75
2026/09/15 00:54:12.626, 1, 168020, 72, 26, 538.47
2026/09/15 00:54:12.629, 2, 168020, 87, 27, 582.57
2026/09/15 00:54:12.632, 3, 167700, 80, 25, 575.92
2026/09/15 00:54:13.635, 0, 168719, 63, 25, 553.23
2026/09/15 00:54:13.638, 1, 168020, 74, 27, 603.68
2026/09/15 00:54:13.641, 2, 168020, 85, 25, 650.99
2026/09/15 00:54:13.644, 3, 167700, 82, 26, 653.01
2026/09/15 00:54:14.647, 0, 168719, 42, 14, 533.18
2026/09/15 00:54:14.650, 1, 168020, 77, 27, 599.52
2026/09/15 00:54:14.652, 2, 168020, 81, 15, 639.00
2026/09/15 00:54:14.655, 3, 167700, 77, 13, 640.64
2026/09/15 00:54:15.658, 0, 168719, 65, 26, 492.34
2026/09/15 00:54:15.661, 1, 168020, 69, 25, 532.46
2026/09/15 00:54:15.664, 2, 168020, 88, 27, 586.75
2026/09/15 00:54:15.667, 3, 167700, 81, 25, 567.60
2026/09/15 00:54:16.670, 0, 168719, 64, 26, 564.14
2026/09/15 00:54:16.673, 1, 168020, 73, 25, 617.17
2026/09/15 00:54:16.676, 2, 168020, 89, 26, 655.62
2026/09/15 00:54:16.679, 3, 167700, 80, 25, 645.01
2026/09/15 00:54:17.682, 0, 168719, 64, 26, 546.74
2026/09/15 00:54:17.685, 1, 168020, 71, 25, 608.84
2026/09/15 00:54:17.688, 2, 168020, 89, 26, 644.65
2026/09/15 00:54:17.690, 3, 167700, 73, 17, 648.73
2026/09/15 00:54:18.693, 0, 168719, 64, 26, 471.70
2026/09/15 00:54:18.697, 1, 168020, 73, 27, 539.84
2026/09/15 00:54:18.699, 2, 168020, 84, 25, 573.11
2026/09/15 00:54:18.702, 3, 167700, 84, 27, 565.35
2026/09/15 00:54:19.705, 0, 168719, 65, 25, 557.64
2026/09/15 00:54:19.708, 1, 168020, 76, 27, 600.42
2026/09/15 00:54:19.711, 2, 168020, 85, 26, 645.89
2026/09/15 00:54:19.714, 3, 167700, 82, 27, 654.87
2026/09/15 00:54:20.717, 0, 168719, 65, 26, 552.66
2026/09/15 00:54:20.720, 1, 168020, 73, 26, 610.86
2026/09/15 00:54:20.723, 2, 168020, 85, 26, 650.77
2026/09/15 00:54:20.725, 3, 167700, 82, 27, 646.83
2026/09/15 00:54:21.728, 0, 168719, 67, 27, 471.96
2026/09/15 00:54:21.731, 1, 168020, 75, 27, 520.63
2026/09/15 00:54:21.734, 2, 168020, 87, 26, 553.10
2026/09/15 00:54:21.737, 3, 167700, 79, 26, 559.17
2026/09/15 00:54:22.740, 0, 168719, 64, 27, 567.02
2026/09/15 00:54:22.743, 1, 168020, 76, 26, 592.18
2026/09/15 00:54:22.746, 2, 168020, 85, 25, 651.30
2026/09/15 00:54:22.749, 3, 167700, 82, 26, 637.25
2026/09/15 00:54:23.752, 0, 168719, 65, 26, 555.60
2026/09/15 00:54:23.755, 1, 168020, 74, 26, 603.56
2026/09/15 00:54:23.758, 2, 168020, 85, 25, 658.29
2026/09/15 00:54:23.760, 3, 167700, 81, 25, 655.99
2026/09/15 00:54:24.763, 0, 168719, 64, 25, 455.30
2026/09/15 00:54:24.766, 1, 168020, 72, 26, 523.45
2026/09/15 00:54:24.769, 2, 168020, 85, 26, 557.85
2026/09/15 00:54:24.772, 3, 167700, 83, 25, 556.87
2026/09/15 00:54:25.775, 0, 168719, 65, 25, 563.91
2026/09/15 00:54:25.778, 1, 168020, 70, 26, 603.90
2026/09/15 00:54:25.781, 2, 168020, 86, 25, 648.69
2026/09/15 00:54:25.784, 3, 167700, 82, 25, 649.53
2026/09/15 00:54:26.787, 0, 168719, 64, 25, 571.01
2026/09/15 00:54:26.790, 1, 168020, 68, 25, 604.47
2026/09/15 00:54:26.793, 2, 168020, 86, 26, 651.17
2026/09/15 00:54:26.796, 3, 167700, 80, 26, 651.28
2026/09/15 00:54:27.798, 0, 168719, 65, 25, 466.06
2026/09/15 00:54:27.801, 1, 168020, 68, 25, 519.61
2026/09/15 00:54:27.804, 2, 168020, 86, 25, 563.69
2026/09/15 00:54:27.807, 3, 167700, 81, 25, 560.05
2026/09/15 00:54:28.810, 0, 168719, 65, 25, 559.13
2026/09/15 00:54:28.813, 1, 168020, 73, 25, 603.91
2026/09/15 00:54:28.816, 2, 168020, 85, 25, 644.95
2026/09/15 00:54:28.819, 3, 167700, 77, 26, 642.97
2026/09/15 00:54:29.822, 0, 168719, 63, 25, 568.36
2026/09/15 00:54:29.825, 1, 168020, 74, 25, 609.16
2026/09/15 00:54:29.828, 2, 168020, 86, 25, 653.43
2026/09/15 00:54:29.831, 3, 167700, 86, 27, 654.52
2026/09/15 00:54:30.833, 0, 168719, 0, 0, 347.55
2026/09/15 00:54:30.837, 1, 168020, 0, 0, 394.75
2026/09/15 00:54:30.840, 2, 168020, 0, 0, 411.29
2026/09/15 00:54:30.843, 3, 167700, 0, 0, 416.26
2026/09/15 00:54:31.846, 0, 168719, 0, 0, 231.46
2026/09/15 00:54:31.850, 1, 168020, 0, 0, 227.49
2026/09/15 00:54:31.853, 2, 168020, 0, 0, 219.08
2026/09/15 00:54:31.856, 3, 167700, 0, 0, 235.50
2026/09/15 00:54:32.859, 0, 168719, 0, 0, 229.40
2026/09/15 00:54:32.863, 1, 168020, 0, 0, 227.26
2026/09/15 00:54:32.866, 2, 168020, 0, 0, 219.24
2026/09/15 00:54:32.868, 3, 167700, 0, 0, 234.04
2026/09/15 00:54:33.871, 0, 168719, 0, 0, 228.41
2026/09/15 00:54:33.875, 1, 168020, 0, 0, 227.27
2026/09/15 00:54:33.877, 2, 168020, 0, 0, 218.26
2026/09/15 00:54:33.880, 3, 167700, 0, 0, 232.78
2026/09/15 00:54:34.883, 0, 168719, 0, 0, 228.41
2026/09/15 00:54:34.886, 1, 168020, 0, 0, 227.27
2026/09/15 00:54:34.889, 2, 168020, 0, 0, 216.90
2026/09/15 00:54:34.892, 3, 167700, 0, 0, 232.72
2026/09/15 00:54:35.895, 0, 168719, 0, 0, 228.41
2026/09/15 00:54:35.898, 1, 168020, 0, 0, 227.27
2026/09/15 00:54:35.901, 2, 168020, 0, 0, 216.44
2026/09/15 00:54:35.904, 3, 167700, 0, 0, 232.64
2026/09/15 00:54:36.907, 0, 168719, 0, 0, 228.41
2026/09/15 00:54:36.911, 1, 168020, 0, 0, 227.27
2026/09/15 00:54:36.913, 2, 168020, 0, 0, 215.69
2026/09/15 00:54:36.916, 3, 167700, 0, 0, 232.63
2026/09/15 00:54:37.919, 0, 168719, 0, 0, 228.41
2026/09/15 00:54:37.923, 1, 168020, 0, 0, 227.27
2026/09/15 00:54:37.925, 2, 168020, 0, 0, 215.93
2026/09/15 00:54:37.928, 3, 167700, 0, 0, 232.65
2026/09/15 00:54:38.931, 0, 168719, 0, 0, 228.41
2026/09/15 00:54:38.935, 1, 168020, 0, 0, 227.27
2026/09/15 00:54:38.938, 2, 168020, 0, 0, 215.78
2026/09/15 00:54:38.941, 3, 167700, 0, 0, 232.67
2026/09/15 00:54:39.944, 0, 168719, 0, 0, 228.41
2026/09/15 00:54:39.947, 1, 168020, 0, 0, 227.27
2026/09/15 00:54:39.950, 2, 168020, 0, 0, 215.63
2026/09/15 00:54:39.953, 3, 167700, 0, 0, 232.67
2026/09/15 00:54:40.956, 0, 168719, 0, 0, 228.41
2026/09/15 00:54:40.960, 1, 168020, 0, 0, 227.27
2026/09/15 00:54:40.963, 2, 168020, 0, 0, 215.70
2026/09/15 00:54:40.966, 3, 167700, 0, 0, 232.67
2026/09/15 00:54:41.968, 0, 168719, 0, 0, 228.41
2026/09/15 00:54:41.972, 1, 168020, 0, 0, 227.27
2026/09/15 00:54:41.975, 2, 168020, 0, 0, 215.62
2026/09/15 00:54:41.977, 3, 167700, 0, 0, 232.70
2026/09/15 00:54:42.980, 0, 168719, 0, 0, 228.41
2026/09/15 00:54:42.984, 1, 168020, 0, 0, 227.27
2026/09/15 00:54:42.987, 2, 168020, 0, 0, 215.55
2026/09/15 00:54:42.990, 3, 167700, 0, 0, 232.69
2026/09/15 00:54:43.993, 0, 166761, 0, 0, 255.97
2026/09/15 00:54:43.996, 1, 166062, 0, 0, 244.80
2026/09/15 00:54:43.999, 2, 166062, 0, 0, 247.43
2026/09/15 00:54:44.002, 3, 165742, 0, 0, 263.50
2026/09/15 00:54:45.005, 0, 166761, 100, 14, 267.52
2026/09/15 00:54:45.008, 1, 166062, 100, 14, 261.01
2026/09/15 00:54:45.011, 2, 166062, 100, 14, 259.15
2026/09/15 00:54:45.014, 3, 165742, 100, 14, 282.06
2026/09/15 00:54:46.017, 0, 166761, 100, 14, 335.19
2026/09/15 00:54:46.020, 1, 166062, 100, 14, 334.78
2026/09/15 00:54:46.022, 2, 166062, 100, 14, 321.75
2026/09/15 00:54:46.025, 3, 165742, 100, 14, 336.66
2026/09/15 00:54:47.028, 0, 166761, 100, 14, 336.53
2026/09/15 00:54:47.031, 1, 166062, 100, 14, 334.72
2026/09/15 00:54:47.034, 2, 166062, 100, 14, 323.75
2026/09/15 00:54:47.037, 3, 165742, 100, 14, 335.66
2026/09/15 00:54:48.040, 0, 166761, 100, 14, 335.30
2026/09/15 00:54:48.043, 1, 166062, 99, 14, 334.02
2026/09/15 00:54:48.045, 2, 166062, 100, 14, 320.55
2026/09/15 00:54:48.048, 3, 165742, 100, 14, 337.50
2026/09/15 00:54:49.051, 0, 166761, 100, 14, 336.71
2026/09/15 00:54:49.054, 1, 166062, 100, 14, 335.67
2026/09/15 00:54:49.057, 2, 166062, 100, 14, 324.19
2026/09/15 00:54:49.060, 3, 165742, 100, 14, 334.93
2026/09/15 00:54:50.063, 0, 166761, 100, 14, 330.77
2026/09/15 00:54:50.066, 1, 166062, 100, 14, 319.38
2026/09/15 00:54:50.069, 2, 166062, 100, 14, 321.88
2026/09/15 00:54:50.071, 3, 165742, 100, 14, 338.05
2026/09/15 00:54:51.074, 0, 166761, 100, 14, 334.98
2026/09/15 00:54:51.077, 1, 166062, 100, 14, 334.79
2026/09/15 00:54:51.080, 2, 166062, 100, 14, 321.58
2026/09/15 00:54:51.083, 3, 165742, 100, 14, 336.80
2026/09/15 00:54:52.086, 0, 166761, 100, 14, 336.70
2026/09/15 00:54:52.089, 1, 166062, 100, 14, 334.62
2026/09/15 00:54:52.092, 2, 166062, 100, 14, 322.96
2026/09/15 00:54:52.095, 3, 165742, 100, 14, 335.46
2026/09/15 00:54:53.097, 0, 166761, 100, 14, 336.94
2026/09/15 00:54:53.101, 1, 166062, 99, 14, 334.33
2026/09/15 00:54:53.103, 2, 166062, 100, 14, 324.90
2026/09/15 00:54:53.106, 3, 165742, 100, 14, 334.79
2026/09/15 00:54:54.109, 0, 166761, 100, 14, 336.48
2026/09/15 00:54:54.112, 1, 166062, 100, 14, 335.32
2026/09/15 00:54:54.115, 2, 166062, 100, 14, 322.66
2026/09/15 00:54:54.118, 3, 165742, 100, 14, 339.16
2026/09/15 00:54:55.121, 0, 166761, 100, 14, 327.91
2026/09/15 00:54:55.124, 1, 166062, 100, 14, 319.17
2026/09/15 00:54:55.127, 2, 166062, 100, 14, 321.93
2026/09/15 00:54:55.129, 3, 165742, 100, 14, 338.48
2026/09/15 00:54:56.132, 0, 166761, 99, 14, 336.92
2026/09/15 00:54:56.135, 1, 166062, 100, 14, 334.43
2026/09/15 00:54:56.138, 2, 166062, 100, 14, 323.44
2026/09/15 00:54:56.141, 3, 165742, 100, 14, 337.34
2026/09/15 00:54:57.144, 0, 166761, 99, 14, 335.02
2026/09/15 00:54:57.147, 1, 166062, 100, 14, 335.17
2026/09/15 00:54:57.150, 2, 166062, 100, 14, 324.82
2026/09/15 00:54:57.153, 3, 165742, 100, 14, 335.13
2026/09/15 00:54:58.156, 0, 166761, 100, 14, 335.48
2026/09/15 00:54:58.159, 1, 166062, 100, 14, 334.71
2026/09/15 00:54:58.162, 2, 166062, 100, 14, 323.00
2026/09/15 00:54:58.164, 3, 165742, 100, 14, 336.16
2026/09/15 00:54:59.167, 0, 166761, 99, 14, 336.08
2026/09/15 00:54:59.170, 1, 166062, 100, 14, 335.79
2026/09/15 00:54:59.173, 2, 166062, 100, 14, 322.43
2026/09/15 00:54:59.176, 3, 165742, 100, 14, 336.31
2026/09/15 00:55:00.179, 0, 166761, 100, 14, 326.07
2026/09/15 00:55:00.182, 1, 166062, 99, 14, 318.26
2026/09/15 00:55:00.185, 2, 166062, 100, 14, 324.36
2026/09/15 00:55:00.188, 3, 165742, 100, 14, 338.50
2026/09/15 00:55:01.191, 0, 166761, 100, 14, 335.09
2026/09/15 00:55:01.194, 1, 166062, 99, 14, 333.75
2026/09/15 00:55:01.197, 2, 166062, 99, 14, 322.58
2026/09/15 00:55:01.200, 3, 165742, 100, 14, 335.61
2026/09/15 00:55:02.202, 0, 166761, 100, 14, 335.74
2026/09/15 00:55:02.205, 1, 166062, 100, 14, 334.79
2026/09/15 00:55:02.208, 2, 166062, 99, 14, 324.32
2026/09/15 00:55:02.211, 3, 165742, 100, 14, 334.26
2026/09/15 00:55:03.214, 0, 166761, 100, 14, 335.43
2026/09/15 00:55:03.217, 1, 166062, 99, 14, 335.24
2026/09/15 00:55:03.220, 2, 166062, 100, 14, 318.00
2026/09/15 00:55:03.223, 3, 165742, 100, 14, 336.75
2026/09/15 00:55:04.226, 0, 166761, 46, 5, 330.23
2026/09/15 00:55:04.229, 1, 166062, 41, 5, 319.39
2026/09/15 00:55:04.232, 2, 166062, 78, 6, 322.24
2026/09/15 00:55:04.235, 3, 165742, 82, 0, 339.06
2026/09/15 00:55:05.237, 0, 166761, 100, 14, 333.97
2026/09/15 00:55:05.241, 1, 166062, 99, 14, 333.26
2026/09/15 00:55:05.243, 2, 166062, 100, 14, 322.87
2026/09/15 00:55:05.246, 3, 165742, 100, 14, 335.32
2026/09/15 00:55:06.249, 0, 166761, 100, 14, 336.88
2026/09/15 00:55:06.252, 1, 166062, 100, 14, 334.22
2026/09/15 00:55:06.255, 2, 166062, 100, 14, 324.04
2026/09/15 00:55:06.258, 3, 165742, 100, 14, 341.71
2026/09/15 00:55:07.261, 0, 166761, 100, 14, 337.27
2026/09/15 00:55:07.264, 1, 166062, 100, 14, 335.96
2026/09/15 00:55:07.267, 2, 166062, 100, 14, 321.14
2026/09/15 00:55:07.270, 3, 165742, 100, 14, 335.27
2026/09/15 00:55:08.273, 0, 166761, 100, 14, 336.43
2026/09/15 00:55:08.276, 1, 166062, 99, 14, 334.52
2026/09/15 00:55:08.279, 2, 166062, 100, 14, 320.72
2026/09/15 00:55:08.282, 3, 165742, 100, 14, 336.95
2026/09/15 00:55:09.285, 0, 166761, 67, 3, 329.86
2026/09/15 00:55:09.288, 1, 166062, 29, 3, 318.57
2026/09/15 00:55:09.290, 2, 166062, 74, 2, 321.53
2026/09/15 00:55:09.293, 3, 165742, 100, 14, 339.68
2026/09/15 00:55:10.296, 0, 166761, 100, 14, 335.01
2026/09/15 00:55:10.299, 1, 166062, 100, 14, 333.40
2026/09/15 00:55:10.302, 2, 166062, 100, 14, 321.29
2026/09/15 00:55:10.305, 3, 165742, 99, 14, 336.32
2026/09/15 00:55:11.308, 0, 166761, 100, 14, 335.31
2026/09/15 00:55:11.311, 1, 166062, 100, 14, 334.35
2026/09/15 00:55:11.314, 2, 166062, 100, 14, 320.96
2026/09/15 00:55:11.317, 3, 165742, 100, 13, 333.32
2026/09/15 00:55:12.320, 0, 166761, 100, 14, 335.49
2026/09/15 00:55:12.323, 1, 166062, 100, 14, 335.15
2026/09/15 00:55:12.326, 2, 166062, 100, 14, 321.76
2026/09/15 00:55:12.329, 3, 165742, 100, 14, 335.05
2026/09/15 00:55:13.332, 0, 166761, 100, 14, 336.87
2026/09/15 00:55:13.335, 1, 166062, 100, 14, 335.29
2026/09/15 00:55:13.338, 2, 166062, 99, 14, 321.33
2026/09/15 00:55:13.341, 3, 165742, 100, 14, 336.74
2026/09/15 00:55:14.343, 0, 166761, 100, 14, 330.22
2026/09/15 00:55:14.347, 1, 166062, 99, 14, 317.32
2026/09/15 00:55:14.349, 2, 166062, 100, 14, 322.68
2026/09/15 00:55:14.352, 3, 165742, 100, 14, 339.78
2026/09/15 00:55:15.355, 0, 166761, 100, 14, 335.60
2026/09/15 00:55:15.358, 1, 166062, 99, 14, 334.97
2026/09/15 00:55:15.361, 2, 166062, 100, 14, 322.95
2026/09/15 00:55:15.364, 3, 165742, 100, 14, 333.49
2026/09/15 00:55:16.367, 0, 166761, 100, 14, 335.65
2026/09/15 00:55:16.370, 1, 166062, 99, 14, 334.65
2026/09/15 00:55:16.373, 2, 166062, 100, 14, 323.49
2026/09/15 00:55:16.376, 3, 165742, 100, 14, 333.97
2026/09/15 00:55:17.379, 0, 166761, 100, 14, 335.66
2026/09/15 00:55:17.382, 1, 166062, 100, 14, 333.79
2026/09/15 00:55:17.385, 2, 166062, 100, 14, 324.03
2026/09/15 00:55:17.388, 3, 165742, 100, 14, 335.42
2026/09/15 00:55:18.391, 0, 166761, 100, 14, 336.00
2026/09/15 00:55:18.394, 1, 166062, 100, 14, 334.40
2026/09/15 00:55:18.397, 2, 166062, 100, 14, 320.79
2026/09/15 00:55:18.400, 3, 165742, 100, 14, 335.93
2026/09/15 00:55:19.403, 0, 166761, 100, 14, 328.79
2026/09/15 00:55:19.406, 1, 166062, 100, 14, 318.34
2026/09/15 00:55:19.408, 2, 166062, 99, 14, 322.24
2026/09/15 00:55:19.411, 3, 165742, 100, 14, 337.51
2026/09/15 00:55:20.414, 0, 166761, 100, 14, 336.22
2026/09/15 00:55:20.417, 1, 166062, 99, 14, 334.08
2026/09/15 00:55:20.420, 2, 166062, 100, 14, 322.39
2026/09/15 00:55:20.423, 3, 165742, 100, 14, 334.22
2026/09/15 00:55:21.426, 0, 166761, 100, 14, 336.51
2026/09/15 00:55:21.429, 1, 166062, 100, 14, 334.33
2026/09/15 00:55:21.432, 2, 166062, 99, 14, 323.52
2026/09/15 00:55:21.435, 3, 165742, 100, 14, 332.86
2026/09/15 00:55:22.438, 0, 166761, 100, 14, 336.71
2026/09/15 00:55:22.441, 1, 166062, 100, 14, 334.31
2026/09/15 00:55:22.444, 2, 166062, 99, 14, 323.78
2026/09/15 00:55:22.447, 3, 165742, 100, 14, 336.36
2026/09/15 00:55:23.450, 0, 166761, 100, 14, 336.18
2026/09/15 00:55:23.453, 1, 166062, 99, 14, 335.42
2026/09/15 00:55:23.456, 2, 166062, 99, 14, 321.81
2026/09/15 00:55:23.459, 3, 165742, 100, 14, 336.86
2026/09/15 00:55:24.462, 0, 166761, 99, 14, 330.40
2026/09/15 00:55:24.465, 1, 166062, 100, 14, 317.87
2026/09/15 00:55:24.468, 2, 166062, 100, 14, 322.26
2026/09/15 00:55:24.471, 3, 165742, 100, 14, 338.70
2026/09/15 00:55:25.474, 0, 166761, 100, 14, 336.83
2026/09/15 00:55:25.477, 1, 166062, 99, 14, 333.70
2026/09/15 00:55:25.480, 2, 166062, 100, 14, 321.91
2026/09/15 00:55:25.483, 3, 165742, 100, 14, 338.07
2026/09/15 00:55:26.486, 0, 166761, 100, 14, 336.05
2026/09/15 00:55:26.489, 1, 166062, 100, 14, 334.76
2026/09/15 00:55:26.492, 2, 166062, 100, 14, 322.49
2026/09/15 00:55:26.494, 3, 165742, 100, 14, 334.21
2026/09/15 00:55:27.497, 0, 166761, 99, 14, 335.54
2026/09/15 00:55:27.501, 1, 166062, 100, 14, 335.31
2026/09/15 00:55:27.503, 2, 166062, 100, 14, 324.52
2026/09/15 00:55:27.506, 3, 165742, 100, 14, 336.61
2026/09/15 00:55:28.509, 0, 166761, 100, 14, 335.06
2026/09/15 00:55:28.512, 1, 166062, 99, 14, 335.85
2026/09/15 00:55:28.515, 2, 166062, 100, 14, 323.08
2026/09/15 00:55:28.518, 3, 165742, 100, 14, 335.69
2026/09/15 00:55:29.521, 0, 166761, 99, 14, 329.07
2026/09/15 00:55:29.524, 1, 166062, 99, 14, 322.14
2026/09/15 00:55:29.527, 2, 166062, 100, 14, 322.17
2026/09/15 00:55:29.530, 3, 165742, 100, 13, 341.22
2026/09/15 00:55:30.533, 0, 166761, 100, 14, 336.55
2026/09/15 00:55:30.536, 1, 166062, 100, 14, 334.69
2026/09/15 00:55:30.539, 2, 166062, 100, 14, 323.66
2026/09/15 00:55:30.542, 3, 165742, 100, 14, 331.94
2026/09/15 00:55:31.545, 0, 166761, 100, 14, 336.39
2026/09/15 00:55:31.548, 1, 166062, 100, 14, 334.08
2026/09/15 00:55:31.551, 2, 166062, 100, 14, 322.78
2026/09/15 00:55:31.554, 3, 165742, 100, 14, 336.46
2026/09/15 00:55:32.557, 0, 166761, 100, 14, 336.35
2026/09/15 00:55:32.560, 1, 166062, 100, 14, 334.83
2026/09/15 00:55:32.563, 2, 166062, 100, 14, 320.66
2026/09/15 00:55:32.566, 3, 165742, 100, 14, 335.60
2026/09/15 00:55:33.569, 0, 166761, 60, 2, 328.87
2026/09/15 00:55:33.572, 1, 166062, 18, 2, 319.53
2026/09/15 00:55:33.575, 2, 166062, 100, 14, 322.76
2026/09/15 00:55:33.578, 3, 165742, 80, 5, 338.80
2026/09/15 00:55:34.581, 0, 166761, 100, 14, 335.05
2026/09/15 00:55:34.584, 1, 166062, 100, 14, 334.72
2026/09/15 00:55:34.587, 2, 166062, 100, 14, 323.90
2026/09/15 00:55:34.590, 3, 165742, 100, 14, 335.83
2026/09/15 00:55:35.593, 0, 166761, 100, 14, 336.12
2026/09/15 00:55:35.596, 1, 166062, 100, 14, 334.94
2026/09/15 00:55:35.599, 2, 166062, 99, 14, 322.46
2026/09/15 00:55:35.602, 3, 165742, 100, 14, 337.94
2026/09/15 00:55:36.605, 0, 166761, 100, 14, 336.02
2026/09/15 00:55:36.608, 1, 166062, 100, 14, 334.97
2026/09/15 00:55:36.611, 2, 166062, 99, 14, 322.94
2026/09/15 00:55:36.614, 3, 165742, 100, 14, 336.28
2026/09/15 00:55:37.616, 0, 166761, 100, 14, 335.86
2026/09/15 00:55:37.620, 1, 166062, 100, 14, 334.77
2026/09/15 00:55:37.623, 2, 166062, 99, 14, 324.55
2026/09/15 00:55:37.625, 3, 165742, 100, 14, 336.28
2026/09/15 00:55:38.628, 0, 166761, 100, 14, 328.09
2026/09/15 00:55:38.632, 1, 166062, 100, 14, 319.79
2026/09/15 00:55:38.635, 2, 166062, 100, 14, 320.36
2026/09/15 00:55:38.637, 3, 165742, 100, 14, 338.34
2026/09/15 00:55:39.640, 0, 166761, 100, 14, 336.98
2026/09/15 00:55:39.643, 1, 166062, 100, 14, 334.30
2026/09/15 00:55:39.646, 2, 166062, 100, 14, 322.74
2026/09/15 00:55:39.649, 3, 165742, 100, 14, 337.48
2026/09/15 00:55:40.652, 0, 166761, 100, 14, 335.77
2026/09/15 00:55:40.655, 1, 166062, 100, 14, 335.03
2026/09/15 00:55:40.658, 2, 166062, 100, 14, 325.02
2026/09/15 00:55:40.661, 3, 165742, 100, 14, 337.62
2026/09/15 00:55:41.664, 0, 166761, 100, 14, 335.35
2026/09/15 00:55:41.667, 1, 166062, 100, 14, 335.17
2026/09/15 00:55:41.670, 2, 166062, 100, 14, 324.84
2026/09/15 00:55:41.673, 3, 165742, 100, 14, 335.83
2026/09/15 00:55:42.676, 0, 166761, 100, 14, 337.64
2026/09/15 00:55:42.679, 1, 166062, 100, 14, 335.62
2026/09/15 00:55:42.682, 2, 166062, 100, 14, 322.83
2026/09/15 00:55:42.685, 3, 165742, 100, 14, 335.84
2026/09/15 00:55:43.688, 0, 166761, 100, 14, 328.09
2026/09/15 00:55:43.691, 1, 166062, 100, 14, 318.90
2026/09/15 00:55:43.694, 2, 166062, 100, 14, 323.08
2026/09/15 00:55:43.697, 3, 165742, 100, 14, 336.93
2026/09/15 00:55:44.700, 0, 166761, 100, 14, 334.56
2026/09/15 00:55:44.703, 1, 166062, 100, 14, 334.14
2026/09/15 00:55:44.706, 2, 166062, 100, 14, 321.34
2026/09/15 00:55:44.709, 3, 165742, 100, 14, 333.68
2026/09/15 00:55:45.712, 0, 166761, 100, 14, 336.49
2026/09/15 00:55:45.715, 1, 166062, 100, 14, 334.19
2026/09/15 00:55:45.718, 2, 166062, 100, 14, 321.02
2026/09/15 00:55:45.721, 3, 165742, 100, 14, 335.55
2026/09/15 00:55:46.724, 0, 166761, 100, 14, 336.22
2026/09/15 00:55:46.727, 1, 166062, 100, 14, 334.79
2026/09/15 00:55:46.730, 2, 166062, 100, 14, 323.32
2026/09/15 00:55:46.733, 3, 165742, 100, 14, 336.02
2026/09/15 00:55:47.736, 0, 166761, 100, 14, 336.29
2026/09/15 00:55:47.739, 1, 166062, 100, 14, 335.93
2026/09/15 00:55:47.742, 2, 166062, 100, 14, 323.14
2026/09/15 00:55:47.745, 3, 165742, 100, 14, 336.57
2026/09/15 00:55:48.747, 0, 166761, 100, 14, 321.00
2026/09/15 00:55:48.751, 1, 166062, 100, 14, 328.90
2026/09/15 00:55:48.753, 2, 166062, 100, 14, 323.90
2026/09/15 00:55:48.756, 3, 165742, 100, 14, 337.78
2026/09/15 00:55:49.759, 0, 166761, 100, 14, 335.95
2026/09/15 00:55:49.762, 1, 166062, 100, 14, 335.28
2026/09/15 00:55:49.765, 2, 166062, 100, 14, 323.15
2026/09/15 00:55:49.768, 3, 165742, 100, 14, 336.15
2026/09/15 00:55:50.771, 0, 166761, 100, 14, 336.02
2026/09/15 00:55:50.774, 1, 166062, 100, 14, 335.15
2026/09/15 00:55:50.777, 2, 166062, 100, 14, 324.68
2026/09/15 00:55:50.780, 3, 165742, 100, 14, 336.10
2026/09/15 00:55:51.783, 0, 166761, 100, 14, 336.31
2026/09/15 00:55:51.786, 1, 166062, 100, 14, 335.39
2026/09/15 00:55:51.789, 2, 166062, 100, 14, 322.96
2026/09/15 00:55:51.792, 3, 165742, 100, 14, 335.77
2026/09/15 00:55:52.795, 0, 166761, 100, 14, 336.28
2026/09/15 00:55:52.798, 1, 166062, 100, 14, 335.06
2026/09/15 00:55:52.801, 2, 166062, 100, 14, 322.69
2026/09/15 00:55:52.804, 3, 165742, 100, 14, 335.99
2026/09/15 00:55:53.807, 0, 166761, 100, 14, 320.54
2026/09/15 00:55:53.810, 1, 166062, 100, 14, 328.10
2026/09/15 00:55:53.813, 2, 166062, 100, 14, 320.53
2026/09/15 00:55:53.816, 3, 165742, 100, 14, 338.17
2026/09/15 00:55:54.819, 0, 166761, 100, 14, 336.42
2026/09/15 00:55:54.822, 1, 166062, 100, 14, 334.78
2026/09/15 00:55:54.825, 2, 166062, 100, 14, 324.56
2026/09/15 00:55:54.828, 3, 165742, 100, 14, 333.00
2026/09/15 00:55:55.831, 0, 166761, 100, 14, 335.44
2026/09/15 00:55:55.834, 1, 166062, 100, 14, 335.40
2026/09/15 00:55:55.837, 2, 166062, 100, 14, 321.08
2026/09/15 00:55:55.840, 3, 165742, 100, 14, 335.16
2026/09/15 00:55:56.843, 0, 166761, 100, 14, 335.99
2026/09/15 00:55:56.846, 1, 166062, 100, 14, 334.54
2026/09/15 00:55:56.849, 2, 166062, 100, 14, 322.68
2026/09/15 00:55:56.852, 3, 165742, 100, 14, 335.12
2026/09/15 00:55:57.855, 0, 166761, 100, 14, 334.52
2026/09/15 00:55:57.858, 1, 166062, 100, 14, 330.26
2026/09/15 00:55:57.861, 2, 166062, 78, 5, 324.23
2026/09/15 00:55:57.864, 3, 165742, 83, 5, 338.59
2026/09/15 00:55:58.867, 0, 166761, 100, 14, 331.59
2026/09/15 00:55:58.870, 1, 166062, 100, 14, 333.25
2026/09/15 00:55:58.873, 2, 166062, 100, 14, 323.32
2026/09/15 00:55:58.876, 3, 165742, 100, 14, 338.51
2026/09/15 00:55:59.879, 0, 166761, 100, 14, 336.28
2026/09/15 00:55:59.882, 1, 166062, 100, 14, 334.68
2026/09/15 00:55:59.885, 2, 166062, 100, 14, 321.91
2026/09/15 00:55:59.888, 3, 165742, 100, 14, 335.80
2026/09/15 00:56:00.891, 0, 166761, 100, 14, 336.12
2026/09/15 00:56:00.894, 1, 166062, 100, 14, 335.57
2026/09/15 00:56:00.897, 2, 166062, 100, 14, 322.68
2026/09/15 00:56:00.900, 3, 165742, 100, 14, 338.31
2026/09/15 00:56:01.903, 0, 166761, 100, 14, 337.11
2026/09/15 00:56:01.906, 1, 166062, 100, 14, 334.86
2026/09/15 00:56:01.909, 2, 166062, 100, 14, 321.88
2026/09/15 00:56:01.912, 3, 165742, 100, 14, 337.09
2026/09/15 00:56:02.915, 0, 166761, 13, 1, 320.53
2026/09/15 00:56:02.918, 1, 166062, 56, 1, 331.92
2026/09/15 00:56:02.921, 2, 166062, 78, 3, 322.75
2026/09/15 00:56:02.924, 3, 165742, 83, 3, 337.42
2026/09/15 00:56:03.927, 0, 166761, 100, 14, 335.70
2026/09/15 00:56:03.930, 1, 166062, 100, 14, 334.81
2026/09/15 00:56:03.933, 2, 166062, 100, 14, 322.60
2026/09/15 00:56:03.936, 3, 165742, 100, 14, 334.87
2026/09/15 00:56:04.939, 0, 166761, 100, 14, 337.21
2026/09/15 00:56:04.942, 1, 166062, 100, 14, 334.90
2026/09/15 00:56:04.945, 2, 166062, 100, 14, 323.92
2026/09/15 00:56:04.948, 3, 165742, 100, 14, 336.97
2026/09/15 00:56:05.951, 0, 166761, 100, 14, 336.67
2026/09/15 00:56:05.954, 1, 166062, 100, 14, 334.16
2026/09/15 00:56:05.957, 2, 166062, 100, 14, 323.49
2026/09/15 00:56:05.960, 3, 165742, 100, 14, 336.40
2026/09/15 00:56:06.963, 0, 166761, 100, 14, 336.06
2026/09/15 00:56:06.966, 1, 166062, 100, 14, 334.22
2026/09/15 00:56:06.969, 2, 166062, 100, 14, 324.08
2026/09/15 00:56:06.972, 3, 165742, 100, 14, 336.48
2026/09/15 00:56:07.975, 0, 166761, 100, 14, 322.59
2026/09/15 00:56:07.978, 1, 166062, 100, 14, 318.09
2026/09/15 00:56:07.981, 2, 166062, 100, 14, 321.04
2026/09/15 00:56:07.984, 3, 165742, 100, 14, 337.81
2026/09/15 00:56:08.987, 0, 166761, 100, 14, 335.90
2026/09/15 00:56:08.990, 1, 166062, 100, 14, 334.62
2026/09/15 00:56:08.993, 2, 166062, 100, 14, 320.70
2026/09/15 00:56:08.996, 3, 165742, 100, 14, 336.10
2026/09/15 00:56:09.999, 0, 166761, 100, 14, 336.45
2026/09/15 00:56:10.002, 1, 166062, 100, 14, 334.77
2026/09/15 00:56:10.005, 2, 166062, 100, 14, 321.80
2026/09/15 00:56:10.008, 3, 165742, 100, 14, 335.95
2026/09/15 00:56:11.011, 0, 166761, 100, 14, 335.56
2026/09/15 00:56:11.014, 1, 166062, 100, 14, 334.90
2026/09/15 00:56:11.017, 2, 166062, 100, 14, 323.88
2026/09/15 00:56:11.020, 3, 165742, 100, 14, 333.06
2026/09/15 00:56:12.023, 0, 166761, 100, 14, 336.02
2026/09/15 00:56:12.026, 1, 166062, 100, 14, 334.83
2026/09/15 00:56:12.029, 2, 166062, 99, 14, 324.46
2026/09/15 00:56:12.032, 3, 165742, 100, 14, 335.23
2026/09/15 00:56:13.035, 0, 166761, 100, 14, 320.35
2026/09/15 00:56:13.038, 1, 166062, 99, 14, 322.32
2026/09/15 00:56:13.041, 2, 166062, 100, 14, 321.75
2026/09/15 00:56:13.044, 3, 165742, 100, 14, 337.70
2026/09/15 00:56:14.047, 0, 166761, 100, 14, 336.02
2026/09/15 00:56:14.050, 1, 166062, 99, 13, 334.67
2026/09/15 00:56:14.053, 2, 166062, 100, 14, 322.69
2026/09/15 00:56:14.056, 3, 165742, 100, 14, 333.39
2026/09/15 00:56:15.059, 0, 166761, 100, 13, 336.44
2026/09/15 00:56:15.062, 1, 166062, 100, 13, 333.99
2026/09/15 00:56:15.065, 2, 166062, 100, 14, 321.49
2026/09/15 00:56:15.068, 3, 165742, 100, 14, 339.23
2026/09/15 00:56:16.071, 0, 166761, 100, 14, 336.16
2026/09/15 00:56:16.074, 1, 166062, 99, 14, 334.68
2026/09/15 00:56:16.077, 2, 166062, 100, 14, 322.27
2026/09/15 00:56:16.080, 3, 165742, 100, 14, 335.99
2026/09/15 00:56:17.083, 0, 166761, 99, 14, 335.59
2026/09/15 00:56:17.086, 1, 166062, 99, 14, 334.97
2026/09/15 00:56:17.089, 2, 166062, 100, 14, 324.23
2026/09/15 00:56:17.092, 3, 165742, 100, 14, 335.39
2026/09/15 00:56:18.095, 0, 166761, 100, 14, 319.96
2026/09/15 00:56:18.098, 1, 166062, 100, 14, 329.30
2026/09/15 00:56:18.101, 2, 166062, 100, 14, 322.44
2026/09/15 00:56:18.104, 3, 165742, 100, 14, 338.59
2026/09/15 00:56:19.107, 0, 166761, 100, 14, 336.57
2026/09/15 00:56:19.110, 1, 166062, 100, 14, 334.58
2026/09/15 00:56:19.113, 2, 166062, 100, 14, 322.55
2026/09/15 00:56:19.116, 3, 165742, 100, 14, 339.76
2026/09/15 00:56:20.119, 0, 166761, 99, 14, 335.70
2026/09/15 00:56:20.122, 1, 166062, 100, 14, 334.02
2026/09/15 00:56:20.125, 2, 166062, 100, 14, 323.22
2026/09/15 00:56:20.128, 3, 165742, 100, 14, 336.04
2026/09/15 00:56:21.131, 0, 166761, 100, 14, 336.77
2026/09/15 00:56:21.134, 1, 166062, 100, 14, 335.89
2026/09/15 00:56:21.137, 2, 166062, 100, 14, 320.48
2026/09/15 00:56:21.140, 3, 165742, 100, 14, 338.66
2026/09/15 00:56:22.143, 0, 166761, 100, 14, 336.71
2026/09/15 00:56:22.146, 1, 166062, 100, 14, 336.69
2026/09/15 00:56:22.149, 2, 166062, 100, 14, 321.44
2026/09/15 00:56:22.152, 3, 165742, 100, 14, 336.06
2026/09/15 00:56:23.155, 0, 166761, 100, 14, 319.81
2026/09/15 00:56:23.158, 1, 166062, 100, 14, 328.98
2026/09/15 00:56:23.161, 2, 166062, 100, 14, 322.94
2026/09/15 00:56:23.164, 3, 165742, 100, 14, 336.01
2026/09/15 00:56:24.167, 0, 166761, 99, 14, 336.28
2026/09/15 00:56:24.170, 1, 166062, 100, 14, 334.64
2026/09/15 00:56:24.173, 2, 166062, 100, 14, 321.05
2026/09/15 00:56:24.176, 3, 165742, 100, 14, 335.18
2026/09/15 00:56:25.179, 0, 166761, 100, 14, 335.54
2026/09/15 00:56:25.182, 1, 166062, 100, 14, 334.62
2026/09/15 00:56:25.185, 2, 166062, 100, 14, 321.94
2026/09/15 00:56:25.188, 3, 165742, 100, 14, 336.43
2026/09/15 00:56:26.191, 0, 166761, 99, 14, 337.30
2026/09/15 00:56:26.194, 1, 166062, 100, 14, 334.30
2026/09/15 00:56:26.197, 2, 166062, 100, 14, 324.07
2026/09/15 00:56:26.200, 3, 165742, 100, 14, 336.76
2026/09/15 00:56:27.203, 0, 166761, 21, 2, 323.11
2026/09/15 00:56:27.206, 1, 166062, 52, 2, 331.65
2026/09/15 00:56:27.209, 2, 166062, 100, 14, 324.83
2026/09/15 00:56:27.212, 3, 165742, 100, 14, 337.86
2026/09/15 00:56:28.215, 0, 166761, 99, 14, 334.81
2026/09/15 00:56:28.218, 1, 166062, 100, 14, 333.29
2026/09/15 00:56:28.221, 2, 166062, 100, 14, 323.00
2026/09/15 00:56:28.224, 3, 165742, 100, 14, 335.86
2026/09/15 00:56:29.227, 0, 166761, 99, 14, 336.66
2026/09/15 00:56:29.230, 1, 166062, 100, 14, 334.77
2026/09/15 00:56:29.233, 2, 166062, 100, 14, 322.51
2026/09/15 00:56:29.236, 3, 165742, 100, 14, 337.63
2026/09/15 00:56:30.239, 0, 166761, 100, 14, 336.20
2026/09/15 00:56:30.242, 1, 166062, 100, 14, 334.45
2026/09/15 00:56:30.245, 2, 166062, 100, 14, 319.33
2026/09/15 00:56:30.248, 3, 165742, 100, 14, 336.05
2026/09/15 00:56:31.251, 0, 166761, 100, 14, 335.64
2026/09/15 00:56:31.254, 1, 166062, 100, 14, 336.14
2026/09/15 00:56:31.257, 2, 166062, 100, 14, 322.11
2026/09/15 00:56:31.260, 3, 165742, 100, 14, 334.60
2026/09/15 00:56:32.263, 0, 166761, 46, 6, 320.61
2026/09/15 00:56:32.266, 1, 166062, 76, 6, 328.59
2026/09/15 00:56:32.269, 2, 166062, 100, 14, 323.53
2026/09/15 00:56:32.272, 3, 165742, 100, 14, 337.38
2026/09/15 00:56:33.274, 0, 166761, 100, 14, 336.05
2026/09/15 00:56:33.278, 1, 166062, 100, 14, 334.92
2026/09/15 00:56:33.281, 2, 166062, 100, 14, 322.33
2026/09/15 00:56:33.283, 3, 165742, 100, 14, 334.80
2026/09/15 00:56:34.286, 0, 166761, 100, 14, 336.14
2026/09/15 00:56:34.289, 1, 166062, 100, 14, 334.46
2026/09/15 00:56:34.292, 2, 166062, 100, 14, 320.75
2026/09/15 00:56:34.295, 3, 165742, 100, 14, 338.24
2026/09/15 00:56:35.298, 0, 166761, 100, 14, 336.29
2026/09/15 00:56:35.301, 1, 166062, 100, 14, 334.06
2026/09/15 00:56:35.304, 2, 166062, 100, 14, 324.41
2026/09/15 00:56:35.307, 3, 165742, 100, 14, 336.73
2026/09/15 00:56:36.310, 0, 166761, 100, 14, 336.26
2026/09/15 00:56:36.313, 1, 166062, 100, 14, 335.40
2026/09/15 00:56:36.316, 2, 166062, 100, 14, 323.91
2026/09/15 00:56:36.319, 3, 165742, 100, 14, 336.78
2026/09/15 00:56:37.322, 0, 166761, 100, 14, 321.24
2026/09/15 00:56:37.326, 1, 166062, 100, 14, 325.53
2026/09/15 00:56:37.329, 2, 166062, 100, 14, 322.38
2026/09/15 00:56:37.332, 3, 165742, 100, 14, 336.10
2026/09/15 00:56:38.335, 0, 166761, 100, 14, 335.42
2026/09/15 00:56:38.338, 1, 166062, 100, 14, 334.38
2026/09/15 00:56:38.341, 2, 166062, 100, 14, 324.33
2026/09/15 00:56:38.344, 3, 165742, 100, 14, 337.04
2026/09/15 00:56:39.347, 0, 166761, 100, 14, 335.99
2026/09/15 00:56:39.350, 1, 166062, 100, 14, 334.55
2026/09/15 00:56:39.353, 2, 166062, 100, 14, 325.53
2026/09/15 00:56:39.356, 3, 165742, 100, 14, 334.76
2026/09/15 00:56:40.359, 0, 166761, 100, 14, 336.53
2026/09/15 00:56:40.362, 1, 166062, 100, 14, 334.66
2026/09/15 00:56:40.365, 2, 166062, 100, 14, 321.90
2026/09/15 00:56:40.368, 3, 165742, 99, 14, 335.31
2026/09/15 00:56:41.371, 0, 166761, 100, 14, 336.77
2026/09/15 00:56:41.374, 1, 166062, 100, 14, 335.64
2026/09/15 00:56:41.378, 2, 166062, 100, 14, 322.64
2026/09/15 00:56:41.381, 3, 165742, 100, 14, 336.66
2026/09/15 00:56:42.384, 0, 166761, 100, 14, 320.58
2026/09/15 00:56:42.387, 1, 166062, 100, 14, 331.49
2026/09/15 00:56:42.390, 2, 166062, 100, 14, 322.46
2026/09/15 00:56:42.393, 3, 165742, 100, 14, 337.60
2026/09/15 00:56:43.396, 0, 166761, 100, 14, 336.18
2026/09/15 00:56:43.399, 1, 166062, 100, 14, 334.21
2026/09/15 00:56:43.402, 2, 166062, 100, 14, 322.05
2026/09/15 00:56:43.405, 3, 165742, 100, 14, 337.46
2026/09/15 00:56:44.408, 0, 166761, 100, 14, 335.47
2026/09/15 00:56:44.411, 1, 166062, 99, 14, 334.50
2026/09/15 00:56:44.414, 2, 166062, 100, 14, 321.98
2026/09/15 00:56:44.417, 3, 165742, 100, 14, 337.24
2026/09/15 00:56:45.420, 0, 166761, 100, 14, 337.10
2026/09/15 00:56:45.424, 1, 166062, 100, 14, 334.92
2026/09/15 00:56:45.427, 2, 166062, 100, 14, 322.23
2026/09/15 00:56:45.430, 3, 165742, 100, 14, 334.64
2026/09/15 00:56:46.433, 0, 166761, 99, 14, 336.55
2026/09/15 00:56:46.436, 1, 166062, 100, 14, 335.07
2026/09/15 00:56:46.439, 2, 166062, 99, 14, 322.35
2026/09/15 00:56:46.442, 3, 165742, 100, 14, 334.63
2026/09/15 00:56:47.445, 0, 166761, 99, 14, 320.65
2026/09/15 00:56:47.449, 1, 166062, 99, 14, 330.30
2026/09/15 00:56:47.452, 2, 166062, 100, 14, 321.59
2026/09/15 00:56:47.455, 3, 165742, 100, 14, 337.30
2026/09/15 00:56:48.458, 0, 166761, 100, 14, 335.98
2026/09/15 00:56:48.461, 1, 166062, 100, 14, 334.89
2026/09/15 00:56:48.464, 2, 166062, 100, 14, 321.53
2026/09/15 00:56:48.467, 3, 165742, 100, 14, 332.79
2026/09/15 00:56:49.470, 0, 166761, 100, 14, 337.63
2026/09/15 00:56:49.473, 1, 166062, 100, 14, 335.04
2026/09/15 00:56:49.476, 2, 166062, 100, 14, 323.82
2026/09/15 00:56:49.479, 3, 165742, 100, 14, 333.82
2026/09/15 00:56:50.483, 0, 166761, 99, 14, 335.19
2026/09/15 00:56:50.486, 1, 166062, 99, 14, 336.00
2026/09/15 00:56:50.489, 2, 166062, 100, 14, 322.93
2026/09/15 00:56:50.492, 3, 165742, 100, 14, 335.54
2026/09/15 00:56:51.495, 0, 166761, 100, 14, 330.64
2026/09/15 00:56:51.498, 1, 166062, 99, 14, 332.96
2026/09/15 00:56:51.501, 2, 166062, 100, 14, 322.93
2026/09/15 00:56:51.504, 3, 165742, 100, 14, 334.81
2026/09/15 00:56:52.507, 0, 166761, 100, 14, 325.51
2026/09/15 00:56:52.510, 1, 166062, 100, 14, 332.45
2026/09/15 00:56:52.513, 2, 166062, 100, 14, 320.71
2026/09/15 00:56:52.516, 3, 165742, 100, 14, 337.82
2026/09/15 00:56:53.519, 0, 166761, 100, 14, 334.62
2026/09/15 00:56:53.523, 1, 166062, 100, 14, 334.14
2026/09/15 00:56:53.526, 2, 166062, 100, 14, 322.45
2026/09/15 00:56:53.529, 3, 165742, 100, 14, 337.04
2026/09/15 00:56:54.532, 0, 166761, 100, 14, 335.93
2026/09/15 00:56:54.535, 1, 166062, 100, 14, 334.69
2026/09/15 00:56:54.538, 2, 166062, 100, 14, 320.93
2026/09/15 00:56:54.541, 3, 165742, 100, 14, 334.44
2026/09/15 00:56:55.544, 0, 166761, 100, 14, 336.14
2026/09/15 00:56:55.547, 1, 166062, 99, 14, 334.94
2026/09/15 00:56:55.550, 2, 166062, 100, 14, 323.30
2026/09/15 00:56:55.553, 3, 165742, 100, 14, 337.35
2026/09/15 00:56:56.556, 0, 166761, 93, 13, 321.76
2026/09/15 00:56:56.560, 1, 166062, 75, 6, 330.04
2026/09/15 00:56:56.563, 2, 166062, 66, 1, 321.58
2026/09/15 00:56:56.566, 3, 165742, 77, 1, 337.45
2026/09/15 00:56:57.569, 0, 166761, 100, 14, 335.09
2026/09/15 00:56:57.572, 1, 166062, 100, 14, 334.86
2026/09/15 00:56:57.575, 2, 166062, 100, 14, 322.77
2026/09/15 00:56:57.578, 3, 165742, 100, 14, 337.13
2026/09/15 00:56:58.581, 0, 166761, 100, 14, 336.77
2026/09/15 00:56:58.584, 1, 166062, 100, 14, 334.59
2026/09/15 00:56:58.587, 2, 166062, 100, 14, 322.85
2026/09/15 00:56:58.590, 3, 165742, 100, 14, 337.42
2026/09/15 00:56:59.593, 0, 166761, 100, 14, 335.58
2026/09/15 00:56:59.597, 1, 166062, 100, 14, 333.84
2026/09/15 00:56:59.600, 2, 166062, 100, 14, 325.45
2026/09/15 00:56:59.603, 3, 165742, 100, 14, 336.24
2026/09/15 00:57:00.606, 0, 166761, 100, 14, 336.70
2026/09/15 00:57:00.609, 1, 166062, 100, 14, 335.01
2026/09/15 00:57:00.612, 2, 166062, 100, 14, 322.41
2026/09/15 00:57:00.615, 3, 165742, 100, 14, 336.09
2026/09/15 00:57:01.618, 0, 166761, 100, 14, 320.40
2026/09/15 00:57:01.621, 1, 166062, 100, 14, 330.05
2026/09/15 00:57:01.624, 2, 166062, 83, 7, 321.56
2026/09/15 00:57:01.627, 3, 165742, 89, 7, 338.06
2026/09/15 00:57:02.631, 0, 166761, 99, 14, 336.19
2026/09/15 00:57:02.634, 1, 166062, 100, 14, 333.77
2026/09/15 00:57:02.637, 2, 166062, 100, 14, 322.38
2026/09/15 00:57:02.640, 3, 165742, 100, 14, 332.50
2026/09/15 00:57:03.643, 0, 166761, 99, 14, 335.98
2026/09/15 00:57:03.646, 1, 166062, 100, 14, 333.94
2026/09/15 00:57:03.649, 2, 166062, 100, 14, 322.55
2026/09/15 00:57:03.652, 3, 165742, 100, 14, 337.29
2026/09/15 00:57:04.655, 0, 166761, 100, 14, 335.99
2026/09/15 00:57:04.659, 1, 166062, 100, 14, 334.78
2026/09/15 00:57:04.662, 2, 166062, 100, 14, 323.09
2026/09/15 00:57:04.665, 3, 165742, 100, 14, 337.11
2026/09/15 00:57:05.668, 0, 166761, 99, 14, 336.47
2026/09/15 00:57:05.671, 1, 166062, 100, 14, 334.85
2026/09/15 00:57:05.674, 2, 166062, 100, 14, 322.93
2026/09/15 00:57:05.677, 3, 165742, 100, 14, 335.84
2026/09/15 00:57:06.680, 0, 166761, 100, 14, 321.77
2026/09/15 00:57:06.683, 1, 166062, 100, 14, 331.32
2026/09/15 00:57:06.686, 2, 166062, 100, 14, 321.08
2026/09/15 00:57:06.689, 3, 165742, 100, 14, 339.48
2026/09/15 00:57:07.692, 0, 166761, 100, 14, 334.81
2026/09/15 00:57:07.696, 1, 166062, 100, 14, 334.40
2026/09/15 00:57:07.699, 2, 166062, 100, 14, 323.02
2026/09/15 00:57:07.702, 3, 165742, 100, 14, 336.32
2026/09/15 00:57:08.705, 0, 166761, 100, 14, 334.99
2026/09/15 00:57:08.708, 1, 166062, 100, 14, 335.21
2026/09/15 00:57:08.711, 2, 166062, 100, 14, 320.03
2026/09/15 00:57:08.714, 3, 165742, 100, 14, 333.80
2026/09/15 00:57:09.717, 0, 166761, 100, 14, 336.95
2026/09/15 00:57:09.720, 1, 166062, 100, 14, 334.49
2026/09/15 00:57:09.723, 2, 166062, 100, 14, 323.26
2026/09/15 00:57:09.726, 3, 165742, 100, 14, 336.95
2026/09/15 00:57:10.729, 0, 166761, 100, 14, 336.61
2026/09/15 00:57:10.733, 1, 166062, 100, 14, 334.62
2026/09/15 00:57:10.736, 2, 166062, 100, 14, 323.65
2026/09/15 00:57:10.739, 3, 165742, 100, 14, 335.24
2026/09/15 00:57:11.742, 0, 166761, 99, 14, 320.71
2026/09/15 00:57:11.745, 1, 166062, 100, 14, 325.63
2026/09/15 00:57:11.748, 2, 166062, 100, 14, 322.78
2026/09/15 00:57:11.751, 3, 165742, 100, 14, 337.29
2026/09/15 00:57:12.754, 0, 166761, 100, 14, 336.56
2026/09/15 00:57:12.757, 1, 166062, 100, 14, 334.53
2026/09/15 00:57:12.760, 2, 166062, 100, 14, 323.21
2026/09/15 00:57:12.763, 3, 165742, 100, 14, 335.57
2026/09/15 00:57:13.766, 0, 166761, 100, 14, 335.20
2026/09/15 00:57:13.770, 1, 166062, 100, 14, 334.91
2026/09/15 00:57:13.773, 2, 166062, 100, 14, 320.39
2026/09/15 00:57:13.776, 3, 165742, 100, 14, 335.83
2026/09/15 00:57:14.779, 0, 166761, 99, 14, 336.96
2026/09/15 00:57:14.782, 1, 166062, 100, 14, 334.68
2026/09/15 00:57:14.785, 2, 166062, 100, 14, 324.09
2026/09/15 00:57:14.788, 3, 165742, 100, 14, 335.98
2026/09/15 00:57:15.791, 0, 166761, 99, 14, 336.13
2026/09/15 00:57:15.794, 1, 166062, 100, 14, 335.99
2026/09/15 00:57:15.797, 2, 166062, 100, 14, 323.91
2026/09/15 00:57:15.800, 3, 165742, 100, 14, 335.55
2026/09/15 00:57:16.803, 0, 166761, 99, 14, 320.48
2026/09/15 00:57:16.806, 1, 166062, 100, 14, 328.45
2026/09/15 00:57:16.809, 2, 166062, 100, 14, 321.86
2026/09/15 00:57:16.812, 3, 165742, 100, 14, 334.95
2026/09/15 00:57:17.815, 0, 166761, 99, 14, 336.62
2026/09/15 00:57:17.819, 1, 166062, 100, 14, 335.35
2026/09/15 00:57:17.822, 2, 166062, 100, 14, 322.48
2026/09/15 00:57:17.825, 3, 165742, 100, 14, 330.67
2026/09/15 00:57:18.828, 0, 166761, 100, 14, 336.68
2026/09/15 00:57:18.831, 1, 166062, 100, 14, 335.77
2026/09/15 00:57:18.834, 2, 166062, 100, 14, 321.65
2026/09/15 00:57:18.837, 3, 165742, 100, 14, 339.02
2026/09/15 00:57:19.840, 0, 166761, 99, 14, 336.40
2026/09/15 00:57:19.843, 1, 166062, 100, 14, 334.98
2026/09/15 00:57:19.846, 2, 166062, 100, 14, 320.64
2026/09/15 00:57:19.849, 3, 165742, 100, 14, 336.54
2026/09/15 00:57:20.852, 0, 166761, 99, 14, 327.26
2026/09/15 00:57:20.855, 1, 166062, 100, 14, 329.03
2026/09/15 00:57:20.858, 2, 166062, 70, 2, 322.27
2026/09/15 00:57:20.862, 3, 165742, 100, 14, 336.04
2026/09/15 00:57:21.865, 0, 166761, 100, 14, 327.10
2026/09/15 00:57:21.868, 1, 166062, 100, 14, 332.78
2026/09/15 00:57:21.871, 2, 166062, 100, 14, 324.01
2026/09/15 00:57:21.874, 3, 165742, 100, 14, 336.69
2026/09/15 00:57:22.877, 0, 166761, 100, 14, 335.89
2026/09/15 00:57:22.880, 1, 166062, 100, 14, 333.84
2026/09/15 00:57:22.883, 2, 166062, 100, 14, 322.88
2026/09/15 00:57:22.886, 3, 165742, 100, 14, 331.92
2026/09/15 00:57:23.889, 0, 166761, 99, 14, 336.34
2026/09/15 00:57:23.892, 1, 166062, 100, 14, 334.39
2026/09/15 00:57:23.895, 2, 166062, 100, 14, 320.03
2026/09/15 00:57:23.898, 3, 165742, 100, 14, 337.77
2026/09/15 00:57:24.901, 0, 166761, 99, 14, 335.62
2026/09/15 00:57:24.905, 1, 166062, 100, 14, 334.07
2026/09/15 00:57:24.908, 2, 166062, 100, 14, 323.66
2026/09/15 00:57:24.911, 3, 165742, 100, 14, 335.53
2026/09/15 00:57:25.914, 0, 166761, 10, 0, 320.44
2026/09/15 00:57:25.917, 1, 166062, 63, 0, 330.87
2026/09/15 00:57:25.920, 2, 166062, 84, 6, 324.43
2026/09/15 00:57:25.923, 3, 165742, 88, 6, 337.79
2026/09/15 00:57:26.926, 0, 166761, 99, 14, 335.47
2026/09/15 00:57:26.930, 1, 166062, 100, 14, 334.49
2026/09/15 00:57:26.933, 2, 166062, 100, 14, 323.10
2026/09/15 00:57:26.936, 3, 165742, 100, 14, 333.84
2026/09/15 00:57:27.939, 0, 166761, 100, 14, 336.11
2026/09/15 00:57:27.942, 1, 166062, 100, 14, 335.05
2026/09/15 00:57:27.945, 2, 166062, 100, 14, 322.37
2026/09/15 00:57:27.948, 3, 165742, 100, 14, 334.51
2026/09/15 00:57:28.951, 0, 166761, 100, 14, 335.86
2026/09/15 00:57:28.954, 1, 166062, 100, 14, 334.31
2026/09/15 00:57:28.957, 2, 166062, 100, 14, 321.14
2026/09/15 00:57:28.960, 3, 165742, 100, 14, 334.83
2026/09/15 00:57:29.964, 0, 166761, 100, 14, 336.62
2026/09/15 00:57:29.967, 1, 166062, 100, 14, 334.44
2026/09/15 00:57:29.970, 2, 166062, 100, 14, 321.28
2026/09/15 00:57:29.973, 3, 165742, 100, 14, 336.37
2026/09/15 00:57:30.976, 0, 166761, 99, 14, 321.74
2026/09/15 00:57:30.979, 1, 166062, 100, 14, 331.24
2026/09/15 00:57:30.982, 2, 166062, 100, 14, 324.24
2026/09/15 00:57:30.985, 3, 165742, 100, 14, 337.58
2026/09/15 00:57:31.988, 0, 166761, 99, 14, 335.36
2026/09/15 00:57:31.992, 1, 166062, 100, 14, 333.76
2026/09/15 00:57:31.995, 2, 166062, 100, 14, 322.32
2026/09/15 00:57:31.998, 3, 165742, 100, 14, 336.72
2026/09/15 00:57:33.001, 0, 166761, 100, 14, 334.96
2026/09/15 00:57:33.004, 1, 166062, 100, 14, 334.68
2026/09/15 00:57:33.007, 2, 166062, 100, 14, 321.36
2026/09/15 00:57:33.010, 3, 165742, 100, 14, 336.00
2026/09/15 00:57:34.013, 0, 166761, 99, 14, 336.19
2026/09/15 00:57:34.017, 1, 166062, 100, 14, 334.75
2026/09/15 00:57:34.020, 2, 166062, 100, 14, 320.81
2026/09/15 00:57:34.023, 3, 165742, 100, 14, 335.15
2026/09/15 00:57:35.026, 0, 166761, 100, 14, 335.98
2026/09/15 00:57:35.029, 1, 166062, 100, 14, 334.54
2026/09/15 00:57:35.032, 2, 166062, 100, 14, 321.62
2026/09/15 00:57:35.035, 3, 165742, 100, 14, 337.71
2026/09/15 00:57:36.038, 0, 166761, 99, 14, 319.84
2026/09/15 00:57:36.041, 1, 166062, 100, 14, 328.67
2026/09/15 00:57:36.044, 2, 166062, 100, 14, 323.06
2026/09/15 00:57:36.047, 3, 165742, 100, 14, 338.61
2026/09/15 00:57:37.050, 0, 166761, 100, 14, 335.56
2026/09/15 00:57:37.054, 1, 166062, 100, 14, 334.69
2026/09/15 00:57:37.057, 2, 166062, 100, 14, 321.77
2026/09/15 00:57:37.060, 3, 165742, 100, 14, 335.67
2026/09/15 00:57:38.063, 0, 166761, 99, 14, 335.92
2026/09/15 00:57:38.066, 1, 166062, 100, 14, 333.87
2026/09/15 00:57:38.069, 2, 166062, 100, 14, 322.15
2026/09/15 00:57:38.072, 3, 165742, 100, 14, 337.05
2026/09/15 00:57:39.075, 0, 166761, 99, 14, 335.86
2026/09/15 00:57:39.078, 1, 166062, 100, 14, 334.63
2026/09/15 00:57:39.081, 2, 166062, 100, 14, 324.72
2026/09/15 00:57:39.085, 3, 165742, 100, 14, 336.71
2026/09/15 00:57:40.088, 0, 166761, 99, 14, 337.00
2026/09/15 00:57:40.091, 1, 166062, 100, 14, 336.17
2026/09/15 00:57:40.094, 2, 166062, 100, 14, 323.22
2026/09/15 00:57:40.097, 3, 165742, 100, 14, 335.54
2026/09/15 00:57:41.100, 0, 166761, 100, 14, 320.71
2026/09/15 00:57:41.103, 1, 166062, 100, 14, 319.01
2026/09/15 00:57:41.106, 2, 166062, 100, 14, 322.61
2026/09/15 00:57:41.109, 3, 165742, 100, 14, 339.68
2026/09/15 00:57:42.112, 0, 166761, 99, 14, 336.97
2026/09/15 00:57:42.116, 1, 166062, 100, 14, 334.09
2026/09/15 00:57:42.119, 2, 166062, 100, 14, 322.45
2026/09/15 00:57:42.122, 3, 165742, 100, 14, 335.77
2026/09/15 00:57:43.125, 0, 166761, 99, 14, 335.80
2026/09/15 00:57:43.128, 1, 166062, 100, 14, 334.21
2026/09/15 00:57:43.131, 2, 166062, 100, 14, 321.96
2026/09/15 00:57:43.134, 3, 165742, 100, 14, 338.35
2026/09/15 00:57:44.137, 0, 166761, 99, 14, 336.20
2026/09/15 00:57:44.140, 1, 166062, 100, 14, 334.94
2026/09/15 00:57:44.143, 2, 166062, 100, 14, 321.15
2026/09/15 00:57:44.146, 3, 165742, 100, 14, 337.34
2026/09/15 00:57:45.149, 0, 166761, 99, 14, 335.94
2026/09/15 00:57:45.153, 1, 166062, 100, 14, 334.89
2026/09/15 00:57:45.156, 2, 166062, 100, 14, 323.12
2026/09/15 00:57:45.159, 3, 165742, 100, 14, 336.07
2026/09/15 00:57:46.162, 0, 166761, 99, 14, 320.72
2026/09/15 00:57:46.165, 1, 166062, 100, 14, 330.73
2026/09/15 00:57:46.168, 2, 166062, 100, 14, 324.71
2026/09/15 00:57:46.171, 3, 165742, 100, 14, 338.55
2026/09/15 00:57:47.174, 0, 166761, 100, 14, 335.95
2026/09/15 00:57:47.177, 1, 166062, 100, 14, 334.69
2026/09/15 00:57:47.180, 2, 166062, 100, 14, 321.51
2026/09/15 00:57:47.183, 3, 165742, 100, 14, 337.72
2026/09/15 00:57:48.186, 0, 166761, 100, 14, 335.78
2026/09/15 00:57:48.190, 1, 166062, 100, 14, 334.48
2026/09/15 00:57:48.193, 2, 166062, 100, 14, 322.11
2026/09/15 00:57:48.196, 3, 165742, 100, 14, 336.80
2026/09/15 00:57:49.199, 0, 166761, 99, 14, 335.63
2026/09/15 00:57:49.202, 1, 166062, 100, 14, 334.41
2026/09/15 00:57:49.205, 2, 166062, 100, 14, 322.21
2026/09/15 00:57:49.208, 3, 165742, 100, 14, 335.18
2026/09/15 00:57:50.211, 0, 166761, 57, 7, 319.08
2026/09/15 00:57:50.214, 1, 166062, 59, 0, 330.12
2026/09/15 00:57:50.217, 2, 166062, 92, 12, 322.63
2026/09/15 00:57:50.220, 3, 165742, 94, 12, 337.05
2026/09/15 00:57:51.224, 0, 166761, 100, 14, 335.12
2026/09/15 00:57:51.227, 1, 166062, 100, 14, 334.33
2026/09/15 00:57:51.230, 2, 166062, 100, 14, 320.63
2026/09/15 00:57:51.233, 3, 165742, 100, 14, 333.71
2026/09/15 00:57:52.236, 0, 166761, 100, 14, 335.71
2026/09/15 00:57:52.239, 1, 166062, 100, 14, 334.82
2026/09/15 00:57:52.242, 2, 166062, 100, 14, 321.87
2026/09/15 00:57:52.245, 3, 165742, 100, 14, 336.95
2026/09/15 00:57:53.248, 0, 166761, 100, 14, 335.40
2026/09/15 00:57:53.252, 1, 166062, 100, 14, 334.15
2026/09/15 00:57:53.255, 2, 166062, 100, 14, 324.15
2026/09/15 00:57:53.258, 3, 165742, 100, 14, 336.23
2026/09/15 00:57:54.261, 0, 166761, 99, 14, 336.77
2026/09/15 00:57:54.264, 1, 166062, 100, 14, 334.53
2026/09/15 00:57:54.267, 2, 166062, 100, 14, 325.66
2026/09/15 00:57:54.270, 3, 165742, 100, 14, 335.23
2026/09/15 00:57:55.273, 0, 166761, 100, 14, 319.47
2026/09/15 00:57:55.276, 1, 166062, 87, 10, 327.92
2026/09/15 00:57:55.279, 2, 166062, 100, 14, 321.85
2026/09/15 00:57:55.282, 3, 165742, 100, 14, 337.15
2026/09/15 00:57:56.285, 0, 166761, 100, 14, 335.94
2026/09/15 00:57:56.289, 1, 166062, 100, 14, 333.90
2026/09/15 00:57:56.292, 2, 166062, 100, 14, 322.18
2026/09/15 00:57:56.295, 3, 165742, 100, 14, 336.09
2026/09/15 00:57:57.298, 0, 166761, 100, 14, 335.55
2026/09/15 00:57:57.301, 1, 166062, 100, 14, 334.48
2026/09/15 00:57:57.304, 2, 166062, 100, 14, 322.06
2026/09/15 00:57:57.307, 3, 165742, 100, 14, 332.19
2026/09/15 00:57:58.310, 0, 166761, 100, 14, 335.35
2026/09/15 00:57:58.313, 1, 166062, 100, 14, 335.26
2026/09/15 00:57:58.316, 2, 166062, 100, 14, 324.70
2026/09/15 00:57:58.319, 3, 165742, 100, 14, 334.96
2026/09/15 00:57:59.322, 0, 166761, 100, 14, 335.70
2026/09/15 00:57:59.326, 1, 166062, 100, 14, 334.91
2026/09/15 00:57:59.329, 2, 166062, 100, 14, 324.58
2026/09/15 00:57:59.332, 3, 165742, 100, 14, 335.53
2026/09/15 00:58:00.335, 0, 166761, 100, 14, 320.16
2026/09/15 00:58:00.338, 1, 166062, 100, 14, 324.93
2026/09/15 00:58:00.341, 2, 166062, 100, 14, 321.71
2026/09/15 00:58:00.344, 3, 165742, 100, 14, 338.49
2026/09/15 00:58:01.347, 0, 166761, 100, 14, 334.77
2026/09/15 00:58:01.350, 1, 166062, 100, 14, 334.90
2026/09/15 00:58:01.353, 2, 166062, 100, 14, 321.07
2026/09/15 00:58:01.356, 3, 165742, 100, 14, 335.65
2026/09/15 00:58:02.359, 0, 166761, 100, 14, 336.35
2026/09/15 00:58:02.362, 1, 166062, 100, 14, 334.16
2026/09/15 00:58:02.365, 2, 166062, 100, 14, 323.72
2026/09/15 00:58:02.368, 3, 165742, 100, 14, 336.50
2026/09/15 00:58:03.371, 0, 166761, 100, 14, 335.81
2026/09/15 00:58:03.374, 1, 166062, 100, 14, 334.23
2026/09/15 00:58:03.377, 2, 166062, 100, 14, 324.11
2026/09/15 00:58:03.380, 3, 165742, 100, 14, 334.76
2026/09/15 00:58:04.383, 0, 166761, 100, 14, 335.61
2026/09/15 00:58:04.387, 1, 166062, 100, 14, 334.82
2026/09/15 00:58:04.390, 2, 166062, 100, 14, 323.54
2026/09/15 00:58:04.392, 3, 165742, 100, 14, 335.97
2026/09/15 00:58:05.396, 0, 166761, 99, 14, 320.93
2026/09/15 00:58:05.399, 1, 166062, 100, 14, 329.22
2026/09/15 00:58:05.402, 2, 166062, 100, 14, 321.17
2026/09/15 00:58:05.405, 3, 165742, 100, 14, 338.30
2026/09/15 00:58:06.408, 0, 166761, 99, 14, 336.03
2026/09/15 00:58:06.411, 1, 166062, 100, 14, 334.68
2026/09/15 00:58:06.414, 2, 166062, 100, 14, 322.91
2026/09/15 00:58:06.417, 3, 165742, 100, 14, 334.03
2026/09/15 00:58:07.420, 0, 166761, 100, 14, 336.59
2026/09/15 00:58:07.423, 1, 166062, 100, 14, 334.79
2026/09/15 00:58:07.426, 2, 166062, 100, 14, 324.13
2026/09/15 00:58:07.429, 3, 165742, 100, 14, 332.60
2026/09/15 00:58:08.432, 0, 166761, 99, 14, 335.91
2026/09/15 00:58:08.435, 1, 166062, 100, 14, 334.43
2026/09/15 00:58:08.438, 2, 166062, 100, 14, 323.42
2026/09/15 00:58:08.441, 3, 165742, 100, 14, 336.52
2026/09/15 00:58:09.444, 0, 166761, 99, 14, 335.16
2026/09/15 00:58:09.447, 1, 166062, 100, 14, 334.60
2026/09/15 00:58:09.450, 2, 166062, 100, 14, 322.89
2026/09/15 00:58:09.453, 3, 165742, 100, 14, 334.26
2026/09/15 00:58:10.456, 0, 166761, 99, 14, 319.45
2026/09/15 00:58:10.460, 1, 166062, 100, 14, 331.45
2026/09/15 00:58:10.463, 2, 166062, 100, 14, 322.10
2026/09/15 00:58:10.466, 3, 165742, 100, 14, 337.09
2026/09/15 00:58:11.469, 0, 166761, 99, 14, 335.83
2026/09/15 00:58:11.472, 1, 166062, 100, 14, 334.48
2026/09/15 00:58:11.475, 2, 166062, 100, 14, 321.61
2026/09/15 00:58:11.478, 3, 165742, 100, 14, 337.33
2026/09/15 00:58:12.481, 0, 166761, 100, 14, 336.33
2026/09/15 00:58:12.484, 1, 166062, 100, 14, 335.40
2026/09/15 00:58:12.487, 2, 166062, 100, 14, 322.96
2026/09/15 00:58:12.490, 3, 165742, 100, 14, 335.75
2026/09/15 00:58:13.493, 0, 166761, 100, 14, 337.05
2026/09/15 00:58:13.496, 1, 166062, 100, 14, 334.14
2026/09/15 00:58:13.499, 2, 166062, 100, 14, 321.00
2026/09/15 00:58:13.502, 3, 165742, 100, 14, 336.58
2026/09/15 00:58:14.505, 0, 166761, 83, 11, 332.32
2026/09/15 00:58:14.509, 1, 166062, 100, 14, 332.15
2026/09/15 00:58:14.512, 2, 166062, 93, 12, 322.10
2026/09/15 00:58:14.514, 3, 165742, 94, 13, 336.86
2026/09/15 00:58:15.518, 0, 166761, 100, 14, 322.18
2026/09/15 00:58:15.521, 1, 166062, 100, 14, 332.26
2026/09/15 00:58:15.524, 2, 166062, 100, 14, 320.56
2026/09/15 00:58:15.527, 3, 165742, 100, 14, 337.64
2026/09/15 00:58:16.530, 0, 166761, 99, 14, 334.84
2026/09/15 00:58:16.533, 1, 166062, 100, 14, 334.05
2026/09/15 00:58:16.536, 2, 166062, 100, 14, 322.31
2026/09/15 00:58:16.539, 3, 165742, 100, 14, 337.09
2026/09/15 00:58:17.542, 0, 166761, 100, 14, 335.85
2026/09/15 00:58:17.546, 1, 166062, 100, 14, 334.44
2026/09/15 00:58:17.549, 2, 166062, 100, 14, 322.16
2026/09/15 00:58:17.551, 3, 165742, 100, 14, 337.93
2026/09/15 00:58:18.555, 0, 166761, 100, 14, 335.60
2026/09/15 00:58:18.558, 1, 166062, 100, 14, 334.14
2026/09/15 00:58:18.561, 2, 166062, 100, 14, 323.35
2026/09/15 00:58:18.564, 3, 165742, 100, 14, 336.25
2026/09/15 00:58:19.567, 0, 166761, 10, 0, 321.39
2026/09/15 00:58:19.570, 1, 166062, 67, 9, 329.09
2026/09/15 00:58:19.573, 2, 166062, 71, 0, 322.46
2026/09/15 00:58:19.576, 3, 165742, 79, 0, 337.92
2026/09/15 00:58:20.579, 0, 166761, 100, 14, 335.64
2026/09/15 00:58:20.582, 1, 166062, 99, 14, 334.68
2026/09/15 00:58:20.585, 2, 166062, 100, 14, 321.05
2026/09/15 00:58:20.588, 3, 165742, 100, 14, 338.60
2026/09/15 00:58:21.591, 0, 166761, 100, 14, 337.01
2026/09/15 00:58:21.594, 1, 166062, 99, 14, 334.39
2026/09/15 00:58:21.597, 2, 166062, 100, 14, 323.15
2026/09/15 00:58:21.600, 3, 165742, 100, 14, 339.15
2026/09/15 00:58:22.603, 0, 166761, 100, 14, 336.11
2026/09/15 00:58:22.606, 1, 166062, 99, 14, 335.02
2026/09/15 00:58:22.609, 2, 166062, 100, 14, 322.12
2026/09/15 00:58:22.612, 3, 165742, 100, 14, 334.94
2026/09/15 00:58:23.615, 0, 166761, 99, 14, 336.56
2026/09/15 00:58:23.619, 1, 166062, 99, 14, 334.66
2026/09/15 00:58:23.622, 2, 166062, 100, 14, 322.70
2026/09/15 00:58:23.625, 3, 165742, 100, 14, 336.04
2026/09/15 00:58:24.628, 0, 166761, 100, 14, 321.02
2026/09/15 00:58:24.631, 1, 166062, 100, 14, 317.93
2026/09/15 00:58:24.634, 2, 166062, 93, 12, 321.80
2026/09/15 00:58:24.637, 3, 165742, 96, 12, 338.44
2026/09/15 00:58:25.640, 0, 166761, 100, 14, 334.76
2026/09/15 00:58:25.643, 1, 166062, 100, 14, 334.31
2026/09/15 00:58:25.646, 2, 166062, 100, 14, 322.30
2026/09/15 00:58:25.649, 3, 165742, 99, 14, 337.17
2026/09/15 00:58:26.652, 0, 166761, 100, 14, 336.14
2026/09/15 00:58:26.655, 1, 166062, 100, 14, 334.69
2026/09/15 00:58:26.658, 2, 166062, 100, 14, 324.02
2026/09/15 00:58:26.661, 3, 165742, 100, 14, 338.32
2026/09/15 00:58:27.664, 0, 166761, 100, 14, 336.05
2026/09/15 00:58:27.668, 1, 166062, 100, 14, 335.70
2026/09/15 00:58:27.671, 2, 166062, 100, 14, 322.59
2026/09/15 00:58:27.674, 3, 165742, 99, 14, 332.93
2026/09/15 00:58:28.677, 0, 166761, 100, 14, 336.64
2026/09/15 00:58:28.680, 1, 166062, 100, 14, 334.58
2026/09/15 00:58:28.683, 2, 166062, 100, 14, 322.64
2026/09/15 00:58:28.686, 3, 165742, 100, 14, 336.72
2026/09/15 00:58:29.689, 0, 166761, 100, 14, 321.16
2026/09/15 00:58:29.692, 1, 166062, 99, 14, 331.74
2026/09/15 00:58:29.695, 2, 166062, 100, 14, 321.59
2026/09/15 00:58:29.698, 3, 165742, 100, 14, 339.34
2026/09/15 00:58:30.701, 0, 166761, 100, 14, 336.13
2026/09/15 00:58:30.704, 1, 166062, 100, 14, 334.84
2026/09/15 00:58:30.707, 2, 166062, 100, 14, 323.33
2026/09/15 00:58:30.710, 3, 165742, 100, 14, 338.05
2026/09/15 00:58:31.713, 0, 166761, 100, 14, 336.30
2026/09/15 00:58:31.716, 1, 166062, 99, 14, 334.76
2026/09/15 00:58:31.719, 2, 166062, 100, 14, 322.94
2026/09/15 00:58:31.722, 3, 165742, 100, 14, 337.75
2026/09/15 00:58:32.725, 0, 166761, 100, 14, 335.48
2026/09/15 00:58:32.729, 1, 166062, 100, 14, 334.76
2026/09/15 00:58:32.731, 2, 166062, 100, 14, 322.64
2026/09/15 00:58:32.734, 3, 165742, 100, 14, 336.77
2026/09/15 00:58:33.737, 0, 166761, 100, 14, 336.12
2026/09/15 00:58:33.741, 1, 166062, 99, 14, 334.73
2026/09/15 00:58:33.744, 2, 166062, 100, 14, 320.70
2026/09/15 00:58:33.747, 3, 165742, 100, 14, 335.58
2026/09/15 00:58:34.750, 0, 166761, 100, 14, 320.03
2026/09/15 00:58:34.753, 1, 166062, 100, 14, 326.64
2026/09/15 00:58:34.756, 2, 166062, 100, 14, 322.13
2026/09/15 00:58:34.759, 3, 165742, 100, 14, 334.64
2026/09/15 00:58:35.762, 0, 166761, 100, 14, 336.76
2026/09/15 00:58:35.765, 1, 166062, 100, 14, 334.51
2026/09/15 00:58:35.768, 2, 166062, 100, 14, 322.38
2026/09/15 00:58:35.771, 3, 165742, 100, 14, 338.60
2026/09/15 00:58:36.774, 0, 166761, 100, 14, 335.48
2026/09/15 00:58:36.777, 1, 166062, 100, 14, 334.40
2026/09/15 00:58:36.780, 2, 166062, 100, 14, 323.92
2026/09/15 00:58:36.783, 3, 165742, 100, 14, 333.62
2026/09/15 00:58:37.786, 0, 166761, 100, 14, 334.98
2026/09/15 00:58:37.790, 1, 166062, 100, 14, 334.95
2026/09/15 00:58:37.793, 2, 166062, 100, 14, 322.95
2026/09/15 00:58:37.796, 3, 165742, 100, 14, 338.51
2026/09/15 00:58:38.799, 0, 166761, 100, 14, 336.04
2026/09/15 00:58:38.802, 1, 166062, 87, 11, 333.90
2026/09/15 00:58:38.805, 2, 166062, 100, 14, 322.59
2026/09/15 00:58:38.808, 3, 165742, 100, 14, 336.36
2026/09/15 00:58:39.811, 0, 166761, 99, 14, 320.21
2026/09/15 00:58:39.814, 1, 166062, 100, 14, 330.71
2026/09/15 00:58:39.817, 2, 166062, 100, 14, 320.92
2026/09/15 00:58:39.820, 3, 165742, 100, 14, 336.26
2026/09/15 00:58:40.823, 0, 166761, 100, 14, 335.62
2026/09/15 00:58:40.826, 1, 166062, 100, 14, 334.82
2026/09/15 00:58:40.829, 2, 166062, 100, 14, 322.83
2026/09/15 00:58:40.832, 3, 165742, 100, 14, 339.63
2026/09/15 00:58:41.835, 0, 166761, 99, 14, 335.62
2026/09/15 00:58:41.838, 1, 166062, 100, 14, 334.45
2026/09/15 00:58:41.841, 2, 166062, 100, 14, 323.58
2026/09/15 00:58:41.844, 3, 165742, 100, 14, 335.67
2026/09/15 00:58:42.847, 0, 166761, 99, 14, 336.24
2026/09/15 00:58:42.850, 1, 166062, 100, 14, 335.42
2026/09/15 00:58:42.854, 2, 166062, 100, 14, 324.17
2026/09/15 00:58:42.856, 3, 165742, 100, 14, 336.12
2026/09/15 00:58:43.860, 0, 166761, 10, 0, 322.40
2026/09/15 00:58:43.863, 1, 166062, 61, 0, 332.00
2026/09/15 00:58:43.866, 2, 166062, 70, 0, 321.52
2026/09/15 00:58:43.869, 3, 165742, 90, 10, 337.98
2026/09/15 00:58:44.872, 0, 166761, 100, 14, 331.89
2026/09/15 00:58:44.875, 1, 166062, 100, 14, 333.10
2026/09/15 00:58:44.878, 2, 166062, 100, 14, 322.88
2026/09/15 00:58:44.881, 3, 165742, 100, 14, 334.93
2026/09/15 00:58:45.884, 0, 166761, 100, 14, 335.70
2026/09/15 00:58:45.887, 1, 166062, 100, 14, 334.91
2026/09/15 00:58:45.890, 2, 166062, 100, 14, 322.64
2026/09/15 00:58:45.893, 3, 165742, 100, 14, 333.83
2026/09/15 00:58:46.896, 0, 166761, 100, 14, 335.56
2026/09/15 00:58:46.900, 1, 166062, 100, 14, 335.07
2026/09/15 00:58:46.903, 2, 166062, 99, 14, 323.03
2026/09/15 00:58:46.906, 3, 165742, 100, 14, 334.04
2026/09/15 00:58:47.909, 0, 166761, 100, 14, 336.67
2026/09/15 00:58:47.912, 1, 166062, 100, 14, 334.06
2026/09/15 00:58:47.915, 2, 166062, 99, 14, 323.30
2026/09/15 00:58:47.918, 3, 165742, 100, 14, 334.97
2026/09/15 00:58:48.921, 0, 166761, 97, 13, 327.79
2026/09/15 00:58:48.924, 1, 166062, 93, 13, 318.12
2026/09/15 00:58:48.927, 2, 166062, 96, 12, 321.51
2026/09/15 00:58:48.930, 3, 165742, 100, 14, 338.48
2026/09/15 00:58:49.933, 0, 166761, 100, 14, 334.70
2026/09/15 00:58:49.936, 1, 166062, 100, 14, 334.81
2026/09/15 00:58:49.939, 2, 166062, 100, 14, 322.21
2026/09/15 00:58:49.942, 3, 165742, 100, 14, 337.46
2026/09/15 00:58:50.945, 0, 166761, 100, 14, 336.29
2026/09/15 00:58:50.949, 1, 166062, 100, 14, 335.20
2026/09/15 00:58:50.952, 2, 166062, 100, 14, 322.28
2026/09/15 00:58:50.955, 3, 165742, 100, 14, 337.65
2026/09/15 00:58:51.958, 0, 166761, 100, 14, 336.19
2026/09/15 00:58:51.961, 1, 166062, 100, 14, 335.63
2026/09/15 00:58:51.964, 2, 166062, 100, 14, 321.99
2026/09/15 00:58:51.967, 3, 165742, 100, 14, 336.65
2026/09/15 00:58:52.970, 0, 166761, 100, 14, 335.89
2026/09/15 00:58:52.973, 1, 166062, 100, 14, 335.78
2026/09/15 00:58:52.976, 2, 166062, 100, 14, 321.21
2026/09/15 00:58:52.979, 3, 165742, 100, 14, 337.28
2026/09/15 00:58:53.982, 0, 166761, 100, 14, 329.05
2026/09/15 00:58:53.985, 1, 166062, 99, 14, 318.97
2026/09/15 00:58:53.988, 2, 166062, 99, 14, 323.04
2026/09/15 00:58:53.991, 3, 165742, 100, 14, 339.47
2026/09/15 00:58:54.994, 0, 166761, 100, 14, 337.08
2026/09/15 00:58:54.997, 1, 166062, 100, 14, 334.52
2026/09/15 00:58:55.000, 2, 166062, 99, 14, 321.41
2026/09/15 00:58:55.004, 3, 165742, 100, 14, 336.45
2026/09/15 00:58:56.007, 0, 166761, 100, 14, 336.41
2026/09/15 00:58:56.010, 1, 166062, 100, 14, 334.77
2026/09/15 00:58:56.013, 2, 166062, 100, 14, 323.48
2026/09/15 00:58:56.016, 3, 165742, 100, 14, 334.91
2026/09/15 00:58:57.019, 0, 166761, 100, 14, 335.42
2026/09/15 00:58:57.022, 1, 166062, 100, 14, 334.92
2026/09/15 00:58:57.025, 2, 166062, 100, 14, 323.37
2026/09/15 00:58:57.028, 3, 165742, 100, 14, 336.65
2026/09/15 00:58:58.031, 0, 166761, 100, 14, 335.31
2026/09/15 00:58:58.034, 1, 166062, 100, 14, 336.07
2026/09/15 00:58:58.037, 2, 166062, 99, 14, 325.79
2026/09/15 00:58:58.040, 3, 165742, 100, 14, 337.58
2026/09/15 00:58:59.043, 0, 166761, 100, 14, 330.92
2026/09/15 00:58:59.047, 1, 166062, 99, 14, 319.64
2026/09/15 00:58:59.050, 2, 166062, 100, 14, 321.37
2026/09/15 00:58:59.053, 3, 165742, 100, 14, 337.79
2026/09/15 00:59:00.056, 0, 166761, 100, 14, 337.30
2026/09/15 00:59:00.059, 1, 166062, 100, 14, 334.85
2026/09/15 00:59:00.062, 2, 166062, 100, 14, 324.12
2026/09/15 00:59:00.065, 3, 165742, 100, 14, 337.66
2026/09/15 00:59:01.068, 0, 166761, 100, 14, 336.45
2026/09/15 00:59:01.071, 1, 166062, 100, 14, 334.96
2026/09/15 00:59:01.074, 2, 166062, 100, 14, 320.65
2026/09/15 00:59:01.077, 3, 165742, 100, 14, 336.41
2026/09/15 00:59:02.080, 0, 166761, 100, 14, 336.40
2026/09/15 00:59:02.083, 1, 166062, 100, 14, 334.75
2026/09/15 00:59:02.086, 2, 166062, 100, 14, 322.80
2026/09/15 00:59:02.089, 3, 165742, 100, 14, 336.22
2026/09/15 00:59:03.092, 0, 166761, 100, 14, 335.76
2026/09/15 00:59:03.096, 1, 166062, 99, 14, 334.28
2026/09/15 00:59:03.099, 2, 166062, 100, 14, 321.45
2026/09/15 00:59:03.102, 3, 165742, 100, 14, 336.56
2026/09/15 00:59:04.105, 0, 166761, 100, 14, 327.35
2026/09/15 00:59:04.108, 1, 166062, 100, 14, 317.92
2026/09/15 00:59:04.111, 2, 166062, 100, 14, 322.08
2026/09/15 00:59:04.114, 3, 165742, 100, 14, 338.84
2026/09/15 00:59:05.117, 0, 166761, 100, 14, 335.51
2026/09/15 00:59:05.120, 1, 166062, 100, 14, 334.50
2026/09/15 00:59:05.123, 2, 166062, 100, 14, 324.20
2026/09/15 00:59:05.126, 3, 165742, 100, 14, 337.82
2026/09/15 00:59:06.129, 0, 166761, 100, 14, 336.39
2026/09/15 00:59:06.132, 1, 166062, 100, 14, 334.06
2026/09/15 00:59:06.135, 2, 166062, 99, 14, 321.64
2026/09/15 00:59:06.138, 3, 165742, 100, 14, 335.15
2026/09/15 00:59:07.141, 0, 166761, 100, 14, 335.89
2026/09/15 00:59:07.145, 1, 166062, 100, 14, 334.20
2026/09/15 00:59:07.148, 2, 166062, 100, 14, 320.63
2026/09/15 00:59:07.151, 3, 165742, 100, 14, 338.13
2026/09/15 00:59:08.154, 0, 166761, 100, 14, 331.48
2026/09/15 00:59:08.157, 1, 166062, 100, 14, 331.13
2026/09/15 00:59:08.160, 2, 166062, 100, 14, 322.54
2026/09/15 00:59:08.163, 3, 165742, 87, 9, 335.09
2026/09/15 00:59:09.166, 0, 166761, 100, 14, 335.46
2026/09/15 00:59:09.169, 1, 166062, 100, 14, 320.87
2026/09/15 00:59:09.172, 2, 166062, 100, 14, 323.36
2026/09/15 00:59:09.175, 3, 165742, 100, 14, 336.77
2026/09/15 00:59:10.178, 0, 166761, 99, 14, 335.27
2026/09/15 00:59:10.181, 1, 166062, 100, 14, 335.23
2026/09/15 00:59:10.184, 2, 166062, 100, 14, 322.17
2026/09/15 00:59:10.187, 3, 165742, 100, 14, 334.49
2026/09/15 00:59:11.190, 0, 166761, 99, 14, 335.90
2026/09/15 00:59:11.193, 1, 166062, 100, 14, 334.94
2026/09/15 00:59:11.196, 2, 166062, 100, 14, 322.64
2026/09/15 00:59:11.199, 3, 165742, 100, 14, 337.13
2026/09/15 00:59:12.202, 0, 166761, 100, 14, 337.11
2026/09/15 00:59:12.206, 1, 166062, 100, 14, 334.22
2026/09/15 00:59:12.209, 2, 166062, 100, 14, 323.99
2026/09/15 00:59:12.212, 3, 165742, 100, 14, 334.72
2026/09/15 00:59:13.215, 0, 166761, 49, 5, 326.68
2026/09/15 00:59:13.218, 1, 166062, 96, 13, 319.00
2026/09/15 00:59:13.221, 2, 166062, 75, 7, 322.18
2026/09/15 00:59:13.224, 3, 165742, 77, 0, 337.07
2026/09/15 00:59:14.227, 0, 166761, 100, 14, 336.03
2026/09/15 00:59:14.230, 1, 166062, 99, 14, 334.39
2026/09/15 00:59:14.233, 2, 166062, 100, 14, 321.86
2026/09/15 00:59:14.236, 3, 165742, 100, 14, 334.63
2026/09/15 00:59:15.239, 0, 166761, 100, 14, 334.87
2026/09/15 00:59:15.242, 1, 166062, 100, 14, 334.74
2026/09/15 00:59:15.245, 2, 166062, 100, 14, 322.76
2026/09/15 00:59:15.248, 3, 165742, 100, 14, 339.30
2026/09/15 00:59:16.251, 0, 166761, 100, 14, 335.47
2026/09/15 00:59:16.255, 1, 166062, 100, 14, 335.25
2026/09/15 00:59:16.258, 2, 166062, 100, 14, 324.48
2026/09/15 00:59:16.261, 3, 165742, 100, 14, 336.89
2026/09/15 00:59:17.264, 0, 166761, 100, 14, 336.43
2026/09/15 00:59:17.267, 1, 166062, 100, 14, 335.00
2026/09/15 00:59:17.270, 2, 166062, 99, 14, 322.91
2026/09/15 00:59:17.273, 3, 165742, 100, 14, 336.42
2026/09/15 00:59:18.276, 0, 166761, 100, 14, 331.10
2026/09/15 00:59:18.279, 1, 166062, 99, 14, 317.76
2026/09/15 00:59:18.282, 2, 166062, 100, 14, 321.27
2026/09/15 00:59:18.285, 3, 165742, 100, 14, 337.18
2026/09/15 00:59:19.288, 0, 166761, 100, 14, 334.98
2026/09/15 00:59:19.292, 1, 166062, 99, 14, 333.09
2026/09/15 00:59:19.295, 2, 166062, 100, 14, 323.26
2026/09/15 00:59:19.298, 3, 165742, 100, 14, 334.50
2026/09/15 00:59:20.301, 0, 166761, 100, 14, 336.21
2026/09/15 00:59:20.304, 1, 166062, 100, 14, 334.43
2026/09/15 00:59:20.307, 2, 166062, 100, 14, 323.72
2026/09/15 00:59:20.310, 3, 165742, 100, 14, 337.72
2026/09/15 00:59:21.313, 0, 166761, 100, 14, 335.00
2026/09/15 00:59:21.316, 1, 166062, 99, 14, 334.85
2026/09/15 00:59:21.319, 2, 166062, 100, 14, 321.77
2026/09/15 00:59:21.322, 3, 165742, 100, 14, 335.77
2026/09/15 00:59:22.325, 0, 166761, 100, 14, 336.92
2026/09/15 00:59:22.328, 1, 166062, 99, 14, 334.53
2026/09/15 00:59:22.331, 2, 166062, 100, 14, 323.32
2026/09/15 00:59:22.334, 3, 165742, 100, 14, 336.01
2026/09/15 00:59:23.337, 0, 166761, 100, 14, 326.38
2026/09/15 00:59:23.341, 1, 166062, 100, 14, 319.16
2026/09/15 00:59:23.344, 2, 166062, 100, 14, 321.17
2026/09/15 00:59:23.347, 3, 165742, 100, 14, 338.45
2026/09/15 00:59:24.350, 0, 166761, 100, 14, 335.92
2026/09/15 00:59:24.353, 1, 166062, 100, 14, 334.82
2026/09/15 00:59:24.356, 2, 166062, 100, 14, 324.15
2026/09/15 00:59:24.359, 3, 165742, 100, 14, 334.32
2026/09/15 00:59:25.362, 0, 166761, 100, 14, 335.43
2026/09/15 00:59:25.365, 1, 166062, 100, 14, 335.16
2026/09/15 00:59:25.369, 2, 166062, 100, 14, 323.48
2026/09/15 00:59:25.371, 3, 165742, 100, 14, 333.62
2026/09/15 00:59:26.375, 0, 166761, 100, 14, 336.76
2026/09/15 00:59:26.378, 1, 166062, 100, 14, 334.59
2026/09/15 00:59:26.381, 2, 166062, 100, 14, 323.77
2026/09/15 00:59:26.384, 3, 165742, 100, 14, 337.71
2026/09/15 00:59:27.387, 0, 166761, 100, 14, 337.17
2026/09/15 00:59:27.390, 1, 166062, 100, 14, 334.85
2026/09/15 00:59:27.393, 2, 166062, 99, 14, 323.68
2026/09/15 00:59:27.396, 3, 165742, 100, 14, 337.47
2026/09/15 00:59:28.399, 0, 166761, 100, 14, 330.45
2026/09/15 00:59:28.402, 1, 166062, 100, 14, 318.31
2026/09/15 00:59:28.405, 2, 166062, 100, 14, 322.33
2026/09/15 00:59:28.408, 3, 165742, 100, 14, 337.79
2026/09/15 00:59:29.411, 0, 166761, 100, 14, 336.70
2026/09/15 00:59:29.414, 1, 166062, 99, 14, 334.75
2026/09/15 00:59:29.417, 2, 166062, 100, 14, 321.97
2026/09/15 00:59:29.421, 3, 165742, 100, 14, 332.70
2026/09/15 00:59:30.424, 0, 166761, 100, 14, 336.90
2026/09/15 00:59:30.427, 1, 166062, 100, 14, 334.78
2026/09/15 00:59:30.430, 2, 166062, 100, 14, 322.38
2026/09/15 00:59:30.433, 3, 165742, 100, 14, 337.16
2026/09/15 00:59:31.436, 0, 166761, 100, 14, 335.77
2026/09/15 00:59:31.439, 1, 166062, 99, 14, 334.92
2026/09/15 00:59:31.442, 2, 166062, 100, 14, 322.88
2026/09/15 00:59:31.445, 3, 165742, 100, 14, 334.29
2026/09/15 00:59:32.448, 0, 166761, 100, 14, 336.20
2026/09/15 00:59:32.451, 1, 166062, 99, 14, 333.91
2026/09/15 00:59:32.454, 2, 166062, 100, 14, 323.39
2026/09/15 00:59:32.457, 3, 165742, 100, 14, 336.67
2026/09/15 00:59:33.460, 0, 166761, 100, 14, 323.11
2026/09/15 00:59:33.463, 1, 166062, 100, 14, 319.45
2026/09/15 00:59:33.466, 2, 166062, 99, 14, 318.68
2026/09/15 00:59:33.469, 3, 165742, 100, 14, 336.14
2026/09/15 00:59:34.472, 0, 166761, 100, 14, 335.18
2026/09/15 00:59:34.476, 1, 166062, 99, 14, 334.61
2026/09/15 00:59:34.479, 2, 166062, 99, 14, 322.56
2026/09/15 00:59:34.481, 3, 165742, 99, 14, 335.55
2026/09/15 00:59:35.484, 0, 166761, 100, 14, 334.96
2026/09/15 00:59:35.488, 1, 166062, 100, 14, 335.23
2026/09/15 00:59:35.491, 2, 166062, 99, 14, 323.13
2026/09/15 00:59:35.494, 3, 165742, 99, 14, 336.58
2026/09/15 00:59:36.496, 0, 166761, 100, 14, 336.88
2026/09/15 00:59:36.500, 1, 166062, 100, 14, 334.58
2026/09/15 00:59:36.503, 2, 166062, 99, 14, 325.43
2026/09/15 00:59:36.506, 3, 165742, 100, 14, 335.21
2026/09/15 00:59:37.509, 0, 166761, 64, 5, 333.63
2026/09/15 00:59:37.512, 1, 166062, 42, 5, 328.35
2026/09/15 00:59:37.515, 2, 166062, 76, 6, 321.83
2026/09/15 00:59:37.518, 3, 165742, 82, 0, 336.33
2026/09/15 00:59:38.521, 0, 166761, 100, 14, 334.58
2026/09/15 00:59:38.524, 1, 166062, 100, 14, 333.26
2026/09/15 00:59:38.527, 2, 166062, 100, 14, 324.08
2026/09/15 00:59:38.530, 3, 165742, 100, 14, 335.88
2026/09/15 00:59:39.533, 0, 166761, 100, 14, 335.42
2026/09/15 00:59:39.536, 1, 166062, 99, 14, 335.14
2026/09/15 00:59:39.539, 2, 166062, 100, 14, 320.40
2026/09/15 00:59:39.542, 3, 165742, 100, 14, 337.88
2026/09/15 00:59:40.545, 0, 166761, 100, 14, 336.25
2026/09/15 00:59:40.549, 1, 166062, 100, 14, 334.36
2026/09/15 00:59:40.552, 2, 166062, 100, 14, 325.84
2026/09/15 00:59:40.555, 3, 165742, 100, 14, 336.22
2026/09/15 00:59:41.558, 0, 166761, 99, 14, 335.19
2026/09/15 00:59:41.561, 1, 166062, 100, 14, 334.91
2026/09/15 00:59:41.564, 2, 166062, 100, 14, 322.02
2026/09/15 00:59:41.567, 3, 165742, 100, 14, 336.87
2026/09/15 00:59:42.570, 0, 166761, 38, 4, 323.33
2026/09/15 00:59:42.573, 1, 166062, 29, 3, 319.98
2026/09/15 00:59:42.576, 2, 166062, 65, 2, 318.77
2026/09/15 00:59:42.579, 3, 165742, 100, 14, 335.64
2026/09/15 00:59:43.582, 0, 166761, 100, 14, 335.25
2026/09/15 00:59:43.585, 1, 166062, 100, 14, 334.53
2026/09/15 00:59:43.588, 2, 166062, 100, 14, 322.43
2026/09/15 00:59:43.591, 3, 165742, 100, 14, 336.22
2026/09/15 00:59:44.594, 0, 166761, 100, 14, 336.28
2026/09/15 00:59:44.597, 1, 166062, 100, 14, 334.76
2026/09/15 00:59:44.600, 2, 166062, 100, 14, 324.67
2026/09/15 00:59:44.603, 3, 165742, 100, 14, 336.10
2026/09/15 00:59:45.606, 0, 166761, 100, 14, 336.81
2026/09/15 00:59:45.609, 1, 166062, 100, 14, 335.33
2026/09/15 00:59:45.612, 2, 166062, 100, 14, 322.74
2026/09/15 00:59:45.615, 3, 165742, 100, 14, 336.37
2026/09/15 00:59:46.618, 0, 166761, 100, 14, 335.39
2026/09/15 00:59:46.622, 1, 166062, 100, 14, 335.57
2026/09/15 00:59:46.625, 2, 166062, 100, 14, 324.28
2026/09/15 00:59:46.628, 3, 165742, 100, 14, 338.80
2026/09/15 00:59:47.631, 0, 166761, 100, 14, 326.80
2026/09/15 00:59:47.634, 1, 166062, 99, 14, 319.12
2026/09/15 00:59:47.637, 2, 166062, 100, 14, 321.12
2026/09/15 00:59:47.640, 3, 165742, 100, 14, 339.11
2026/09/15 00:59:48.643, 0, 166761, 100, 14, 334.90
2026/09/15 00:59:48.646, 1, 166062, 99, 14, 335.14
2026/09/15 00:59:48.649, 2, 166062, 100, 14, 322.65
2026/09/15 00:59:48.652, 3, 165742, 100, 14, 336.83
2026/09/15 00:59:49.655, 0, 166761, 100, 14, 334.32
2026/09/15 00:59:49.658, 1, 166062, 100, 14, 334.00
2026/09/15 00:59:49.661, 2, 166062, 100, 14, 322.27
2026/09/15 00:59:49.664, 3, 165742, 100, 14, 332.96
2026/09/15 00:59:50.667, 0, 166761, 100, 14, 336.32
2026/09/15 00:59:50.670, 1, 166062, 100, 14, 334.77
2026/09/15 00:59:50.673, 2, 166062, 100, 14, 324.48
2026/09/15 00:59:50.676, 3, 165742, 100, 14, 336.82
2026/09/15 00:59:51.679, 0, 166761, 100, 14, 335.55
2026/09/15 00:59:51.683, 1, 166062, 100, 14, 337.03
2026/09/15 00:59:51.686, 2, 166062, 100, 14, 320.77
2026/09/15 00:59:51.689, 3, 165742, 100, 14, 335.76
2026/09/15 00:59:52.692, 0, 166761, 100, 14, 330.01
2026/09/15 00:59:52.695, 1, 166062, 100, 14, 319.25
2026/09/15 00:59:52.698, 2, 166062, 100, 14, 322.02
2026/09/15 00:59:52.701, 3, 165742, 100, 14, 336.01
2026/09/15 00:59:53.704, 0, 166761, 100, 14, 335.36
2026/09/15 00:59:53.707, 1, 166062, 100, 14, 334.01
2026/09/15 00:59:53.710, 2, 166062, 100, 14, 322.91
2026/09/15 00:59:53.713, 3, 165742, 100, 14, 335.62
2026/09/15 00:59:54.716, 0, 166761, 100, 14, 336.03
2026/09/15 00:59:54.719, 1, 166062, 100, 14, 335.12
2026/09/15 00:59:54.722, 2, 166062, 99, 14, 324.81
2026/09/15 00:59:54.725, 3, 165742, 99, 14, 334.36
2026/09/15 00:59:55.728, 0, 166761, 100, 14, 335.64
2026/09/15 00:59:55.732, 1, 166062, 100, 14, 334.92
2026/09/15 00:59:55.735, 2, 166062, 100, 14, 324.52
2026/09/15 00:59:55.737, 3, 165742, 100, 14, 335.19
2026/09/15 00:59:56.741, 0, 166761, 100, 14, 336.32
2026/09/15 00:59:56.744, 1, 166062, 100, 14, 334.83
2026/09/15 00:59:56.747, 2, 166062, 100, 14, 322.52
2026/09/15 00:59:56.750, 3, 165742, 100, 14, 336.19
2026/09/15 00:59:57.753, 0, 166761, 0, 0, 250.62
2026/09/15 00:59:57.757, 1, 166062, 0, 0, 240.52
2026/09/15 00:59:57.760, 2, 166062, 0, 0, 235.52
2026/09/15 00:59:57.763, 3, 165742, 0, 0, 247.92
2026/09/15 00:59:58.766, 0, 166761, 0, 0, 228.46
2026/09/15 00:59:58.770, 1, 166062, 0, 0, 227.19
2026/09/15 00:59:58.773, 2, 166062, 0, 0, 216.01
2026/09/15 00:59:58.776, 3, 165742, 0, 0, 232.65
2026/09/15 00:59:59.779, 0, 166761, 0, 0, 228.41
2026/09/15 00:59:59.782, 1, 166062, 0, 0, 227.04
2026/09/15 00:59:59.785, 2, 166062, 0, 0, 215.70
2026/09/15 00:59:59.788, 3, 165742, 0, 0, 232.64
2026/09/15 01:00:00.791, 0, 166761, 0, 0, 228.41
2026/09/15 01:00:00.794, 1, 166062, 0, 0, 227.27
2026/09/15 01:00:00.797, 2, 166062, 0, 0, 215.62
2026/09/15 01:00:00.800, 3, 165742, 0, 0, 232.63
2026/09/15 01:00:01.803, 0, 166761, 0, 0, 228.41
2026/09/15 01:00:01.806, 1, 166062, 0, 0, 227.27
2026/09/15 01:00:01.809, 2, 166062, 0, 0, 215.69
2026/09/15 01:00:01.812, 3, 165742, 0, 0, 232.65
2026/09/15 01:00:02.814, 0, 166761, 0, 0, 228.41
2026/09/15 01:00:02.818, 1, 166062, 0, 0, 227.27
2026/09/15 01:00:02.821, 2, 166062, 0, 0, 215.54
2026/09/15 01:00:02.824, 3, 165742, 0, 0, 232.65
2026/09/15 01:00:03.827, 0, 166761, 0, 0, 228.41
2026/09/15 01:00:03.830, 1, 166062, 0, 0, 227.27
2026/09/15 01:00:03.833, 2, 166062, 0, 0, 215.55
2026/09/15 01:00:03.836, 3, 165742, 0, 0, 232.66
2026/09/15 01:00:04.839, 0, 166761, 0, 0, 228.41
2026/09/15 01:00:04.842, 1, 166062, 0, 0, 227.27
2026/09/15 01:00:04.845, 2, 166062, 0, 0, 215.54
2026/09/15 01:00:04.848, 3, 165742, 0, 0, 232.67
2026/09/15 01:00:05.851, 0, 166761, 0, 0, 228.41
2026/09/15 01:00:05.854, 1, 166062, 0, 0, 227.27
2026/09/15 01:00:05.857, 2, 166062, 0, 0, 215.55
2026/09/15 01:00:05.860, 3, 165742, 0, 0, 232.70
2026/09/15 01:00:06.863, 0, 166761, 0, 0, 228.41
2026/09/15 01:00:06.866, 1, 166062, 0, 0, 227.27
2026/09/15 01:00:06.869, 2, 166062, 0, 0, 215.56
2026/09/15 01:00:06.872, 3, 165742, 0, 0, 232.67
2026/09/15 01:00:07.875, 0, 166761, 0, 0, 228.41
2026/09/15 01:00:07.878, 1, 166062, 0, 0, 227.27
2026/09/15 01:00:07.881, 2, 166062, 0, 0, 215.55
2026/09/15 01:00:07.884, 3, 165742, 0, 0, 232.66
2026/09/15 01:00:08.887, 0, 166761, 0, 0, 228.41
2026/09/15 01:00:08.891, 1, 166062, 0, 0, 227.27
2026/09/15 01:00:08.894, 2, 166062, 0, 0, 215.55
2026/09/15 01:00:08.897, 3, 165742, 0, 0, 232.65
2026/09/15 01:00:09.900, 0, 166761, 29, 0, 235.46
2026/09/15 01:00:09.904, 1, 166062, 8, 0, 228.14
2026/09/15 01:00:09.907, 2, 166062, 76, 0, 231.64
2026/09/15 01:00:09.910, 3, 165742, 0, 0, 242.39
2026/09/15 01:00:10.913, 0, 166759, 0, 0, 248.71
2026/09/15 01:00:10.916, 1, 166060, 0, 0, 243.22
2026/09/15 01:00:10.919, 2, 166060, 0, 0, 233.71
2026/09/15 01:00:10.922, 3, 165740, 0, 0, 258.11
2026/09/15 01:00:11.924, 0, 166759, 100, 14, 308.68
2026/09/15 01:00:11.928, 1, 166060, 100, 14, 292.73
2026/09/15 01:00:11.931, 2, 166060, 100, 14, 303.57
2026/09/15 01:00:11.933, 3, 165740, 100, 14, 320.21
2026/09/15 01:00:12.936, 0, 166759, 100, 14, 335.48
2026/09/15 01:00:12.939, 1, 166060, 100, 14, 333.84
2026/09/15 01:00:12.942, 2, 166060, 100, 14, 322.55
2026/09/15 01:00:12.945, 3, 165740, 100, 14, 333.95
2026/09/15 01:00:13.948, 0, 166759, 100, 14, 336.83
2026/09/15 01:00:13.951, 1, 166060, 100, 14, 334.08
2026/09/15 01:00:13.954, 2, 166060, 100, 14, 323.37
2026/09/15 01:00:13.957, 3, 165740, 100, 14, 334.19
2026/09/15 01:00:14.960, 0, 166759, 100, 14, 336.14
2026/09/15 01:00:14.963, 1, 166060, 100, 14, 335.28
2026/09/15 01:00:14.966, 2, 166060, 100, 14, 321.29
2026/09/15 01:00:14.969, 3, 165740, 100, 14, 334.71
2026/09/15 01:00:15.972, 0, 166759, 100, 14, 333.60
2026/09/15 01:00:15.975, 1, 166060, 100, 14, 334.30
2026/09/15 01:00:15.978, 2, 166060, 100, 14, 322.83
2026/09/15 01:00:15.981, 3, 165740, 100, 14, 334.03
2026/09/15 01:00:16.983, 0, 166759, 100, 14, 329.46
2026/09/15 01:00:16.987, 1, 166060, 100, 14, 318.05
2026/09/15 01:00:16.990, 2, 166060, 100, 14, 322.42
2026/09/15 01:00:16.992, 3, 165740, 100, 14, 336.18
2026/09/15 01:00:17.995, 0, 166759, 100, 14, 335.99
2026/09/15 01:00:17.998, 1, 166060, 100, 14, 335.21
2026/09/15 01:00:18.001, 2, 166060, 100, 14, 322.22
2026/09/15 01:00:18.004, 3, 165740, 100, 14, 332.86
2026/09/15 01:00:19.007, 0, 166759, 100, 14, 336.50
2026/09/15 01:00:19.010, 1, 166060, 100, 14, 334.66
2026/09/15 01:00:19.013, 2, 166060, 100, 14, 323.04
2026/09/15 01:00:19.016, 3, 165740, 100, 14, 333.65
2026/09/15 01:00:20.019, 0, 166759, 100, 14, 336.26
2026/09/15 01:00:20.022, 1, 166060, 100, 14, 335.05
2026/09/15 01:00:20.025, 2, 166060, 100, 14, 321.03
2026/09/15 01:00:20.028, 3, 165740, 100, 14, 336.63
2026/09/15 01:00:21.031, 0, 166759, 100, 14, 322.88
2026/09/15 01:00:21.034, 1, 166060, 100, 14, 330.70
2026/09/15 01:00:21.037, 2, 166060, 67, 2, 321.22
2026/09/15 01:00:21.039, 3, 165740, 77, 2, 339.52
2026/09/15 01:00:22.042, 0, 166759, 100, 14, 331.49
2026/09/15 01:00:22.045, 1, 166060, 100, 14, 334.10
2026/09/15 01:00:22.048, 2, 166060, 100, 14, 321.75
2026/09/15 01:00:22.051, 3, 165740, 100, 14, 333.05
2026/09/15 01:00:23.054, 0, 166759, 100, 14, 336.65
2026/09/15 01:00:23.057, 1, 166060, 100, 14, 335.09
2026/09/15 01:00:23.060, 2, 166060, 100, 14, 321.32
2026/09/15 01:00:23.063, 3, 165740, 100, 14, 333.44
2026/09/15 01:00:24.066, 0, 166759, 100, 14, 336.53
2026/09/15 01:00:24.069, 1, 166060, 100, 14, 334.71
2026/09/15 01:00:24.072, 2, 166060, 100, 14, 319.92
2026/09/15 01:00:24.075, 3, 165740, 100, 14, 336.96
2026/09/15 01:00:25.078, 0, 166759, 100, 14, 336.76
2026/09/15 01:00:25.081, 1, 166060, 100, 14, 335.40
2026/09/15 01:00:25.084, 2, 166060, 100, 14, 320.83
2026/09/15 01:00:25.087, 3, 165740, 100, 14, 336.92
2026/09/15 01:00:26.089, 0, 166759, 100, 14, 321.04
2026/09/15 01:00:26.092, 1, 166060, 100, 14, 330.39
2026/09/15 01:00:26.095, 2, 166060, 79, 6, 320.03
2026/09/15 01:00:26.098, 3, 165740, 85, 6, 338.18
2026/09/15 01:00:27.101, 0, 166759, 100, 14, 335.25
2026/09/15 01:00:27.104, 1, 166060, 100, 14, 334.62
2026/09/15 01:00:27.107, 2, 166060, 99, 14, 323.17
2026/09/15 01:00:27.110, 3, 165740, 100, 14, 336.83
2026/09/15 01:00:28.113, 0, 166759, 100, 14, 336.51
2026/09/15 01:00:28.116, 1, 166060, 100, 14, 335.09
2026/09/15 01:00:28.119, 2, 166060, 100, 14, 323.64
2026/09/15 01:00:28.122, 3, 165740, 100, 14, 337.82
2026/09/15 01:00:29.125, 0, 166759, 100, 14, 335.19
2026/09/15 01:00:29.128, 1, 166060, 100, 14, 333.76
2026/09/15 01:00:29.131, 2, 166060, 99, 14, 322.96
2026/09/15 01:00:29.134, 3, 165740, 100, 14, 335.75
2026/09/15 01:00:30.137, 0, 166759, 100, 14, 336.48
2026/09/15 01:00:30.140, 1, 166060, 100, 14, 335.23
2026/09/15 01:00:30.143, 2, 166060, 100, 14, 323.67
2026/09/15 01:00:30.146, 3, 165740, 100, 14, 335.46
2026/09/15 01:00:31.149, 0, 166759, 100, 14, 320.86
2026/09/15 01:00:31.152, 1, 166060, 99, 14, 328.68
2026/09/15 01:00:31.155, 2, 166060, 100, 14, 321.72
2026/09/15 01:00:31.157, 3, 165740, 100, 14, 337.67
2026/09/15 01:00:32.160, 0, 166759, 100, 14, 335.77
2026/09/15 01:00:32.163, 1, 166060, 99, 14, 334.83
2026/09/15 01:00:32.166, 2, 166060, 100, 14, 321.10
2026/09/15 01:00:32.169, 3, 165740, 100, 14, 337.29
2026/09/15 01:00:33.172, 0, 166759, 100, 14, 335.99
2026/09/15 01:00:33.175, 1, 166060, 100, 14, 334.45
2026/09/15 01:00:33.178, 2, 166060, 100, 14, 322.13
2026/09/15 01:00:33.181, 3, 165740, 100, 14, 334.58
2026/09/15 01:00:34.184, 0, 166759, 100, 14, 335.64
2026/09/15 01:00:34.187, 1, 166060, 100, 14, 335.02
2026/09/15 01:00:34.190, 2, 166060, 100, 14, 323.40
2026/09/15 01:00:34.193, 3, 165740, 100, 14, 336.19
2026/09/15 01:00:35.196, 0, 166759, 100, 14, 336.60
2026/09/15 01:00:35.199, 1, 166060, 99, 14, 334.91
2026/09/15 01:00:35.202, 2, 166060, 99, 14, 325.38
2026/09/15 01:00:35.205, 3, 165740, 100, 14, 336.56
2026/09/15 01:00:36.208, 0, 166759, 100, 14, 320.42
2026/09/15 01:00:36.211, 1, 166060, 100, 14, 320.70
2026/09/15 01:00:36.214, 2, 166060, 100, 14, 320.88
2026/09/15 01:00:36.217, 3, 165740, 100, 14, 339.35
2026/09/15 01:00:37.220, 0, 166759, 100, 14, 336.47
2026/09/15 01:00:37.223, 1, 166060, 100, 14, 334.62
2026/09/15 01:00:37.226, 2, 166060, 100, 14, 322.97
2026/09/15 01:00:37.229, 3, 165740, 100, 14, 332.14
2026/09/15 01:00:38.232, 0, 166759, 100, 14, 335.35
2026/09/15 01:00:38.235, 1, 166060, 100, 14, 334.17
2026/09/15 01:00:38.238, 2, 166060, 100, 14, 321.67
2026/09/15 01:00:38.241, 3, 165740, 100, 14, 336.94
2026/09/15 01:00:39.244, 0, 166759, 100, 14, 336.30
2026/09/15 01:00:39.247, 1, 166060, 99, 14, 334.76
2026/09/15 01:00:39.250, 2, 166060, 100, 14, 322.10
2026/09/15 01:00:39.253, 3, 165740, 100, 14, 336.01
2026/09/15 01:00:40.256, 0, 166759, 100, 14, 336.48
2026/09/15 01:00:40.260, 1, 166060, 99, 14, 335.04
2026/09/15 01:00:40.263, 2, 166060, 100, 14, 323.50
2026/09/15 01:00:40.266, 3, 165740, 100, 14, 336.27
2026/09/15 01:00:41.269, 0, 166759, 100, 14, 321.04
2026/09/15 01:00:41.272, 1, 166060, 100, 14, 329.46
2026/09/15 01:00:41.275, 2, 166060, 100, 14, 322.97
2026/09/15 01:00:41.278, 3, 165740, 100, 14, 338.12
2026/09/15 01:00:42.281, 0, 166759, 100, 14, 335.56
2026/09/15 01:00:42.284, 1, 166060, 100, 14, 334.23
2026/09/15 01:00:42.287, 2, 166060, 100, 14, 323.78
2026/09/15 01:00:42.290, 3, 165740, 100, 14, 335.62
2026/09/15 01:00:43.293, 0, 166759, 100, 14, 336.61
2026/09/15 01:00:43.296, 1, 166060, 100, 14, 334.98
2026/09/15 01:00:43.299, 2, 166060, 100, 14, 322.47
2026/09/15 01:00:43.302, 3, 165740, 100, 14, 333.62
2026/09/15 01:00:44.305, 0, 166759, 100, 14, 335.99
2026/09/15 01:00:44.308, 1, 166060, 100, 14, 334.50
2026/09/15 01:00:44.311, 2, 166060, 100, 14, 320.85
2026/09/15 01:00:44.314, 3, 165740, 100, 14, 335.78
2026/09/15 01:00:45.317, 0, 166759, 99, 14, 330.61
2026/09/15 01:00:45.320, 1, 166060, 100, 14, 333.71
2026/09/15 01:00:45.323, 2, 166060, 72, 2, 323.03
2026/09/15 01:00:45.326, 3, 165740, 100, 14, 336.35
2026/09/15 01:00:46.329, 0, 166759, 100, 14, 325.80
2026/09/15 01:00:46.332, 1, 166060, 100, 14, 334.05
2026/09/15 01:00:46.335, 2, 166060, 100, 14, 321.83
2026/09/15 01:00:46.338, 3, 165740, 100, 14, 338.63
2026/09/15 01:00:47.341, 0, 166759, 100, 14, 336.20
2026/09/15 01:00:47.344, 1, 166060, 100, 14, 334.60
2026/09/15 01:00:47.347, 2, 166060, 100, 14, 323.31
2026/09/15 01:00:47.350, 3, 165740, 100, 14, 336.25
2026/09/15 01:00:48.353, 0, 166759, 100, 14, 336.48
2026/09/15 01:00:48.357, 1, 166060, 100, 14, 334.71
2026/09/15 01:00:48.360, 2, 166060, 100, 14, 322.47
2026/09/15 01:00:48.363, 3, 165740, 100, 14, 337.28
2026/09/15 01:00:49.366, 0, 166759, 100, 14, 336.60
2026/09/15 01:00:49.369, 1, 166060, 100, 14, 335.35
2026/09/15 01:00:49.372, 2, 166060, 100, 14, 322.45
2026/09/15 01:00:49.375, 3, 165740, 100, 14, 335.41
2026/09/15 01:00:50.378, 0, 166759, 10, 0, 320.66
2026/09/15 01:00:50.381, 1, 166060, 64, 0, 333.20
2026/09/15 01:00:50.384, 2, 166060, 82, 6, 323.36
2026/09/15 01:00:50.387, 3, 165740, 87, 6, 338.68
2026/09/15 01:00:51.390, 0, 166759, 100, 14, 335.96
2026/09/15 01:00:51.393, 1, 166060, 100, 14, 334.48
2026/09/15 01:00:51.396, 2, 166060, 100, 14, 321.48
2026/09/15 01:00:51.399, 3, 165740, 100, 14, 334.78
2026/09/15 01:00:52.402, 0, 166759, 100, 14, 336.09
2026/09/15 01:00:52.406, 1, 166060, 99, 14, 335.51
2026/09/15 01:00:52.409, 2, 166060, 100, 14, 322.06
2026/09/15 01:00:52.412, 3, 165740, 100, 14, 340.14
2026/09/15 01:00:53.415, 0, 166759, 100, 14, 336.42
2026/09/15 01:00:53.418, 1, 166060, 99, 14, 335.23
2026/09/15 01:00:53.421, 2, 166060, 100, 14, 321.56
2026/09/15 01:00:53.424, 3, 165740, 100, 14, 337.85
2026/09/15 01:00:54.427, 0, 166759, 100, 14, 335.69
2026/09/15 01:00:54.430, 1, 166060, 100, 14, 335.04
2026/09/15 01:00:54.433, 2, 166060, 100, 14, 323.61
2026/09/15 01:00:54.436, 3, 165740, 100, 14, 335.55
2026/09/15 01:00:55.439, 0, 166759, 86, 10, 329.26
2026/09/15 01:00:55.442, 1, 166060, 71, 10, 318.02
2026/09/15 01:00:55.445, 2, 166060, 100, 14, 321.34
2026/09/15 01:00:55.448, 3, 165740, 100, 14, 337.74
2026/09/15 01:00:56.451, 0, 166759, 99, 14, 335.71
2026/09/15 01:00:56.455, 1, 166060, 100, 14, 334.14
2026/09/15 01:00:56.458, 2, 166060, 100, 14, 323.18
2026/09/15 01:00:56.461, 3, 165740, 100, 14, 334.94
2026/09/15 01:00:57.464, 0, 166759, 100, 14, 336.42
2026/09/15 01:00:57.467, 1, 166060, 100, 14, 334.63
2026/09/15 01:00:57.470, 2, 166060, 100, 14, 323.60
2026/09/15 01:00:57.473, 3, 165740, 100, 14, 338.29
2026/09/15 01:00:58.476, 0, 166759, 99, 14, 336.13
2026/09/15 01:00:58.479, 1, 166060, 100, 14, 334.86
2026/09/15 01:00:58.482, 2, 166060, 100, 14, 322.72
2026/09/15 01:00:58.485, 3, 165740, 100, 14, 336.57
2026/09/15 01:00:59.488, 0, 166759, 100, 14, 337.34
2026/09/15 01:00:59.491, 1, 166060, 100, 14, 334.84
2026/09/15 01:00:59.494, 2, 166060, 100, 14, 324.18
2026/09/15 01:00:59.497, 3, 165740, 100, 14, 336.06
2026/09/15 01:01:00.500, 0, 166759, 100, 14, 320.51
2026/09/15 01:01:00.503, 1, 166060, 100, 14, 323.65
2026/09/15 01:01:00.506, 2, 166060, 100, 14, 322.39
2026/09/15 01:01:00.509, 3, 165740, 100, 14, 335.65
2026/09/15 01:01:01.512, 0, 166759, 100, 14, 334.96
2026/09/15 01:01:01.515, 1, 166060, 99, 14, 334.23
2026/09/15 01:01:01.518, 2, 166060, 100, 14, 322.16
2026/09/15 01:01:01.521, 3, 165740, 100, 14, 337.54
2026/09/15 01:01:02.524, 0, 166759, 100, 14, 336.70
2026/09/15 01:01:02.528, 1, 166060, 99, 14, 334.39
2026/09/15 01:01:02.531, 2, 166060, 100, 14, 322.13
2026/09/15 01:01:02.534, 3, 165740, 100, 14, 336.52
2026/09/15 01:01:03.537, 0, 166759, 100, 14, 336.14
2026/09/15 01:01:03.540, 1, 166060, 100, 14, 335.29
2026/09/15 01:01:03.543, 2, 166060, 100, 14, 323.35
2026/09/15 01:01:03.546, 3, 165740, 100, 14, 335.17
2026/09/15 01:01:04.549, 0, 166759, 100, 14, 335.63
2026/09/15 01:01:04.552, 1, 166060, 99, 14, 334.82
2026/09/15 01:01:04.555, 2, 166060, 100, 14, 324.01
2026/09/15 01:01:04.558, 3, 165740, 100, 14, 333.48
2026/09/15 01:01:05.561, 0, 166759, 100, 14, 331.01
2026/09/15 01:01:05.564, 1, 166060, 99, 14, 318.83
2026/09/15 01:01:05.567, 2, 166060, 100, 14, 321.20
2026/09/15 01:01:05.570, 3, 165740, 100, 14, 338.77
2026/09/15 01:01:06.573, 0, 166759, 100, 14, 335.90
2026/09/15 01:01:06.577, 1, 166060, 99, 14, 335.07
2026/09/15 01:01:06.580, 2, 166060, 100, 14, 323.64
2026/09/15 01:01:06.583, 3, 165740, 100, 14, 330.97
2026/09/15 01:01:07.586, 0, 166759, 100, 14, 336.49
2026/09/15 01:01:07.589, 1, 166060, 100, 14, 336.10
2026/09/15 01:01:07.592, 2, 166060, 100, 14, 322.83
2026/09/15 01:01:07.595, 3, 165740, 100, 14, 335.24
2026/09/15 01:01:08.598, 0, 166759, 100, 14, 336.73
2026/09/15 01:01:08.601, 1, 166060, 99, 14, 334.76
2026/09/15 01:01:08.604, 2, 166060, 100, 14, 322.04
2026/09/15 01:01:08.607, 3, 165740, 100, 14, 336.92
2026/09/15 01:01:09.610, 0, 166759, 100, 14, 337.63
2026/09/15 01:01:09.613, 1, 166060, 99, 14, 335.75
2026/09/15 01:01:09.616, 2, 166060, 100, 14, 323.48
2026/09/15 01:01:09.619, 3, 165740, 100, 14, 335.01
2026/09/15 01:01:10.622, 0, 166759, 100, 14, 330.41
2026/09/15 01:01:10.626, 1, 166060, 99, 14, 318.16
2026/09/15 01:01:10.629, 2, 166060, 100, 14, 323.11
2026/09/15 01:01:10.632, 3, 165740, 100, 14, 338.56
2026/09/15 01:01:11.635, 0, 166759, 100, 14, 336.16
2026/09/15 01:01:11.638, 1, 166060, 99, 14, 334.57
2026/09/15 01:01:11.641, 2, 166060, 100, 14, 323.55
2026/09/15 01:01:11.644, 3, 165740, 100, 14, 336.84
2026/09/15 01:01:12.647, 0, 166759, 100, 14, 336.27
2026/09/15 01:01:12.650, 1, 166060, 99, 14, 335.11
2026/09/15 01:01:12.653, 2, 166060, 100, 14, 324.26
2026/09/15 01:01:12.656, 3, 165740, 100, 14, 333.69
2026/09/15 01:01:13.659, 0, 166759, 100, 14, 336.36
2026/09/15 01:01:13.663, 1, 166060, 100, 14, 334.94
2026/09/15 01:01:13.666, 2, 166060, 100, 14, 322.72
2026/09/15 01:01:13.669, 3, 165740, 100, 14, 335.90
2026/09/15 01:01:14.672, 0, 166759, 100, 14, 330.57
2026/09/15 01:01:14.675, 1, 166060, 10, 0, 319.62
2026/09/15 01:01:14.678, 2, 166060, 93, 13, 321.33
2026/09/15 01:01:14.681, 3, 165740, 94, 13, 339.77
2026/09/15 01:01:15.684, 0, 166759, 100, 14, 333.82
2026/09/15 01:01:15.687, 1, 166060, 99, 14, 330.82
2026/09/15 01:01:15.690, 2, 166060, 100, 14, 320.90
2026/09/15 01:01:15.694, 3, 165740, 100, 14, 335.59
2026/09/15 01:01:16.697, 0, 166759, 100, 14, 336.12
2026/09/15 01:01:16.700, 1, 166060, 100, 14, 334.06
2026/09/15 01:01:16.703, 2, 166060, 100, 14, 323.48
2026/09/15 01:01:16.706, 3, 165740, 100, 14, 339.52
2026/09/15 01:01:17.709, 0, 166759, 100, 14, 335.70
2026/09/15 01:01:17.712, 1, 166060, 99, 14, 334.15
2026/09/15 01:01:17.715, 2, 166060, 100, 14, 321.88
2026/09/15 01:01:17.718, 3, 165740, 100, 14, 335.62
2026/09/15 01:01:18.721, 0, 166759, 100, 14, 337.05
2026/09/15 01:01:18.725, 1, 166060, 99, 14, 335.36
2026/09/15 01:01:18.728, 2, 166060, 100, 14, 324.24
2026/09/15 01:01:18.731, 3, 165740, 100, 14, 336.42
2026/09/15 01:01:19.734, 0, 166759, 82, 10, 324.06
2026/09/15 01:01:19.737, 1, 166060, 73, 10, 317.43
2026/09/15 01:01:19.740, 2, 166060, 100, 14, 322.03
2026/09/15 01:01:19.743, 3, 165740, 77, 0, 337.07
2026/09/15 01:01:20.746, 0, 166759, 100, 14, 335.70
2026/09/15 01:01:20.749, 1, 166060, 99, 14, 334.45
2026/09/15 01:01:20.752, 2, 166060, 100, 14, 322.43
2026/09/15 01:01:20.755, 3, 165740, 100, 14, 335.84
2026/09/15 01:01:21.758, 0, 166759, 100, 14, 335.61
2026/09/15 01:01:21.762, 1, 166060, 99, 14, 335.39
2026/09/15 01:01:21.765, 2, 166060, 100, 14, 322.25
2026/09/15 01:01:21.768, 3, 165740, 100, 14, 336.58
2026/09/15 01:01:22.771, 0, 166759, 100, 14, 335.70
2026/09/15 01:01:22.774, 1, 166060, 99, 14, 334.77
2026/09/15 01:01:22.777, 2, 166060, 100, 14, 324.80
2026/09/15 01:01:22.780, 3, 165740, 100, 14, 335.66
2026/09/15 01:01:23.783, 0, 166759, 100, 14, 336.69
2026/09/15 01:01:23.786, 1, 166060, 99, 14, 334.98
2026/09/15 01:01:23.789, 2, 166060, 100, 14, 322.42
2026/09/15 01:01:23.792, 3, 165740, 100, 14, 335.92
2026/09/15 01:01:24.795, 0, 166759, 100, 14, 330.42
2026/09/15 01:01:24.799, 1, 166060, 100, 14, 318.55
2026/09/15 01:01:24.802, 2, 166060, 100, 14, 321.67
2026/09/15 01:01:24.805, 3, 165740, 100, 14, 337.87
2026/09/15 01:01:25.808, 0, 166759, 100, 14, 335.60
2026/09/15 01:01:25.811, 1, 166060, 100, 14, 334.66
2026/09/15 01:01:25.814, 2, 166060, 100, 14, 322.64
2026/09/15 01:01:25.817, 3, 165740, 100, 14, 334.01
2026/09/15 01:01:26.820, 0, 166759, 100, 14, 336.26
2026/09/15 01:01:26.823, 1, 166060, 100, 14, 334.77
2026/09/15 01:01:26.826, 2, 166060, 100, 14, 323.43
2026/09/15 01:01:26.829, 3, 165740, 100, 14, 336.08
2026/09/15 01:01:27.832, 0, 166759, 100, 14, 335.91
2026/09/15 01:01:27.835, 1, 166060, 100, 14, 334.92
2026/09/15 01:01:27.838, 2, 166060, 100, 14, 322.17
2026/09/15 01:01:27.841, 3, 165740, 100, 14, 333.19
2026/09/15 01:01:28.845, 0, 166759, 100, 14, 336.57
2026/09/15 01:01:28.848, 1, 166060, 100, 14, 336.10
2026/09/15 01:01:28.851, 2, 166060, 100, 14, 321.84
2026/09/15 01:01:28.854, 3, 165740, 100, 14, 335.54
2026/09/15 01:01:29.857, 0, 166759, 100, 14, 329.65
2026/09/15 01:01:29.860, 1, 166060, 100, 14, 317.48
2026/09/15 01:01:29.863, 2, 166060, 100, 14, 321.13
2026/09/15 01:01:29.866, 3, 165740, 100, 14, 338.54
2026/09/15 01:01:30.869, 0, 166759, 100, 14, 336.14
2026/09/15 01:01:30.872, 1, 166060, 100, 14, 334.32
2026/09/15 01:01:30.875, 2, 166060, 100, 14, 322.26
2026/09/15 01:01:30.879, 3, 165740, 100, 14, 336.54
2026/09/15 01:01:31.882, 0, 166759, 100, 14, 336.25
2026/09/15 01:01:31.885, 1, 166060, 100, 14, 335.16
2026/09/15 01:01:31.888, 2, 166060, 100, 14, 322.93
2026/09/15 01:01:31.891, 3, 165740, 100, 14, 336.93
2026/09/15 01:01:32.894, 0, 166759, 100, 14, 336.19
2026/09/15 01:01:32.897, 1, 166060, 100, 14, 335.28
2026/09/15 01:01:32.900, 2, 166060, 100, 14, 321.92
2026/09/15 01:01:32.903, 3, 165740, 100, 14, 336.67
2026/09/15 01:01:33.906, 0, 166759, 100, 14, 336.15
2026/09/15 01:01:33.910, 1, 166060, 100, 14, 335.91
2026/09/15 01:01:33.913, 2, 166060, 100, 14, 324.43
2026/09/15 01:01:33.916, 3, 165740, 100, 14, 337.92
2026/09/15 01:01:34.919, 0, 166759, 100, 14, 327.87
2026/09/15 01:01:34.922, 1, 166060, 100, 14, 319.19
2026/09/15 01:01:34.925, 2, 166060, 100, 14, 322.49
2026/09/15 01:01:34.928, 3, 165740, 100, 14, 339.27
2026/09/15 01:01:35.931, 0, 166759, 100, 14, 336.33
2026/09/15 01:01:35.934, 1, 166060, 100, 14, 334.62
2026/09/15 01:01:35.937, 2, 166060, 100, 14, 322.20
2026/09/15 01:01:35.940, 3, 165740, 100, 14, 334.40
2026/09/15 01:01:36.944, 0, 166759, 100, 14, 336.02
2026/09/15 01:01:36.947, 1, 166060, 100, 14, 335.01
2026/09/15 01:01:36.950, 2, 166060, 100, 14, 325.47
2026/09/15 01:01:36.953, 3, 165740, 100, 14, 337.21
2026/09/15 01:01:37.956, 0, 166759, 100, 14, 336.30
2026/09/15 01:01:37.959, 1, 166060, 100, 14, 335.11
2026/09/15 01:01:37.962, 2, 166060, 100, 14, 320.87
2026/09/15 01:01:37.965, 3, 165740, 100, 14, 334.67
2026/09/15 01:01:38.968, 0, 166759, 100, 14, 335.43
2026/09/15 01:01:38.972, 1, 166060, 100, 14, 328.37
2026/09/15 01:01:38.975, 2, 166060, 88, 11, 322.84
2026/09/15 01:01:38.978, 3, 165740, 90, 12, 337.09
2026/09/15 01:01:39.981, 0, 166759, 100, 14, 330.05
2026/09/15 01:01:39.984, 1, 166060, 100, 14, 323.97
2026/09/15 01:01:39.987, 2, 166060, 100, 14, 321.41
2026/09/15 01:01:39.990, 3, 165740, 100, 14, 336.82
2026/09/15 01:01:40.994, 0, 166759, 100, 14, 335.17
2026/09/15 01:01:40.997, 1, 166060, 100, 14, 334.77
2026/09/15 01:01:41.000, 2, 166060, 100, 14, 321.73
2026/09/15 01:01:41.003, 3, 165740, 100, 14, 336.15
2026/09/15 01:01:42.006, 0, 166759, 100, 14, 336.26
2026/09/15 01:01:42.009, 1, 166060, 100, 14, 335.05
2026/09/15 01:01:42.012, 2, 166060, 100, 14, 321.98
2026/09/15 01:01:42.015, 3, 165740, 100, 14, 336.72
2026/09/15 01:01:43.018, 0, 166759, 100, 14, 336.21
2026/09/15 01:01:43.022, 1, 166060, 100, 14, 335.52
2026/09/15 01:01:43.025, 2, 166060, 100, 14, 322.70
2026/09/15 01:01:43.028, 3, 165740, 100, 14, 337.70
2026/09/15 01:01:44.031, 0, 166759, 67, 8, 328.37
2026/09/15 01:01:44.034, 1, 166060, 63, 8, 318.52
2026/09/15 01:01:44.037, 2, 166060, 71, 0, 323.58
2026/09/15 01:01:44.040, 3, 165740, 80, 0, 337.95
2026/09/15 01:01:45.043, 0, 166759, 100, 14, 336.05
2026/09/15 01:01:45.047, 1, 166060, 100, 14, 334.06
2026/09/15 01:01:45.050, 2, 166060, 100, 14, 323.05
2026/09/15 01:01:45.053, 3, 165740, 100, 14, 335.56
2026/09/15 01:01:46.056, 0, 166759, 100, 14, 334.34
2026/09/15 01:01:46.059, 1, 166060, 100, 14, 333.95
2026/09/15 01:01:46.062, 2, 166060, 100, 14, 320.55
2026/09/15 01:01:46.065, 3, 165740, 100, 14, 336.15
2026/09/15 01:01:47.068, 0, 166759, 100, 14, 335.77
2026/09/15 01:01:47.071, 1, 166060, 100, 14, 334.62
2026/09/15 01:01:47.074, 2, 166060, 100, 14, 323.32
2026/09/15 01:01:47.077, 3, 165740, 100, 14, 337.30
2026/09/15 01:01:48.080, 0, 166759, 100, 14, 335.28
2026/09/15 01:01:48.084, 1, 166060, 99, 14, 333.76
2026/09/15 01:01:48.087, 2, 166060, 99, 14, 323.05
2026/09/15 01:01:48.090, 3, 165740, 100, 14, 336.00
2026/09/15 01:01:49.093, 0, 166759, 10, 0, 321.46
2026/09/15 01:01:49.096, 1, 166060, 100, 14, 328.96
2026/09/15 01:01:49.099, 2, 166060, 92, 11, 322.05
2026/09/15 01:01:49.102, 3, 165740, 93, 11, 337.37
2026/09/15 01:01:50.105, 0, 166759, 99, 14, 335.77
2026/09/15 01:01:50.109, 1, 166060, 100, 14, 334.60
2026/09/15 01:01:50.112, 2, 166060, 100, 14, 322.69
2026/09/15 01:01:50.115, 3, 165740, 100, 14, 332.52
2026/09/15 01:01:51.118, 0, 166759, 100, 14, 336.47
2026/09/15 01:01:51.121, 1, 166060, 100, 14, 334.99
2026/09/15 01:01:51.124, 2, 166060, 100, 14, 322.34
2026/09/15 01:01:51.127, 3, 165740, 100, 14, 338.34
2026/09/15 01:01:52.130, 0, 166759, 99, 14, 336.27
2026/09/15 01:01:52.134, 1, 166060, 100, 14, 335.05
2026/09/15 01:01:52.137, 2, 166060, 100, 14, 320.75
2026/09/15 01:01:52.140, 3, 165740, 100, 14, 335.19
2026/09/15 01:01:53.143, 0, 166759, 99, 14, 336.37
2026/09/15 01:01:53.146, 1, 166060, 100, 14, 335.89
2026/09/15 01:01:53.149, 2, 166060, 100, 14, 323.06
2026/09/15 01:01:53.152, 3, 165740, 100, 14, 335.53
2026/09/15 01:01:54.155, 0, 166759, 100, 14, 319.23
2026/09/15 01:01:54.158, 1, 166060, 100, 14, 325.86
2026/09/15 01:01:54.161, 2, 166060, 100, 14, 321.75
2026/09/15 01:01:54.164, 3, 165740, 100, 14, 339.12
2026/09/15 01:01:55.168, 0, 166759, 100, 14, 337.12
2026/09/15 01:01:55.171, 1, 166060, 100, 14, 334.84
2026/09/15 01:01:55.174, 2, 166060, 100, 14, 322.61
2026/09/15 01:01:55.177, 3, 165740, 100, 14, 335.97
2026/09/15 01:01:56.180, 0, 166759, 100, 14, 336.44
2026/09/15 01:01:56.183, 1, 166060, 100, 14, 335.53
2026/09/15 01:01:56.186, 2, 166060, 100, 14, 323.37
2026/09/15 01:01:56.189, 3, 165740, 100, 14, 335.91
2026/09/15 01:01:57.192, 0, 166759, 100, 14, 336.99
2026/09/15 01:01:57.196, 1, 166060, 100, 14, 334.98
2026/09/15 01:01:57.199, 2, 166060, 100, 14, 324.63
2026/09/15 01:01:57.202, 3, 165740, 100, 14, 335.48
2026/09/15 01:01:58.205, 0, 166759, 100, 14, 336.11
2026/09/15 01:01:58.208, 1, 166060, 100, 14, 334.28
2026/09/15 01:01:58.211, 2, 166060, 100, 14, 322.88
2026/09/15 01:01:58.214, 3, 165740, 100, 14, 335.05
2026/09/15 01:01:59.217, 0, 166759, 100, 14, 321.54
2026/09/15 01:01:59.221, 1, 166060, 99, 14, 333.03
2026/09/15 01:01:59.224, 2, 166060, 100, 14, 322.32
2026/09/15 01:01:59.226, 3, 165740, 100, 14, 339.10
2026/09/15 01:02:00.230, 0, 166759, 100, 14, 334.38
2026/09/15 01:02:00.233, 1, 166060, 99, 14, 334.15
2026/09/15 01:02:00.236, 2, 166060, 99, 14, 322.80
2026/09/15 01:02:00.239, 3, 165740, 100, 14, 332.99
2026/09/15 01:02:01.242, 0, 166759, 100, 14, 336.42
2026/09/15 01:02:01.245, 1, 166060, 99, 14, 335.06
2026/09/15 01:02:01.248, 2, 166060, 100, 14, 321.43
2026/09/15 01:02:01.251, 3, 165740, 100, 14, 335.77
2026/09/15 01:02:02.254, 0, 166759, 100, 14, 335.91
2026/09/15 01:02:02.258, 1, 166060, 99, 14, 334.67
2026/09/15 01:02:02.261, 2, 166060, 99, 14, 323.23
2026/09/15 01:02:02.264, 3, 165740, 100, 14, 336.00
2026/09/15 01:02:03.267, 0, 166759, 100, 14, 336.55
2026/09/15 01:02:03.270, 1, 166060, 99, 14, 334.71
2026/09/15 01:02:03.273, 2, 166060, 100, 14, 324.02
2026/09/15 01:02:03.276, 3, 165740, 100, 14, 335.83
2026/09/15 01:02:04.280, 0, 166759, 100, 14, 320.97
2026/09/15 01:02:04.283, 1, 166060, 100, 14, 330.52
2026/09/15 01:02:04.286, 2, 166060, 100, 14, 322.59
2026/09/15 01:02:04.289, 3, 165740, 100, 14, 336.28
2026/09/15 01:02:05.292, 0, 166759, 100, 14, 336.43
2026/09/15 01:02:05.295, 1, 166060, 100, 14, 335.24
2026/09/15 01:02:05.298, 2, 166060, 100, 14, 322.64
2026/09/15 01:02:05.302, 3, 165740, 100, 14, 335.80
2026/09/15 01:02:06.305, 0, 166759, 100, 14, 336.58
2026/09/15 01:02:06.308, 1, 166060, 100, 14, 335.11
2026/09/15 01:02:06.311, 2, 166060, 100, 14, 324.18
2026/09/15 01:02:06.314, 3, 165740, 100, 14, 340.29
2026/09/15 01:02:07.317, 0, 166759, 100, 14, 336.61
2026/09/15 01:02:07.320, 1, 166060, 100, 14, 334.38
2026/09/15 01:02:07.323, 2, 166060, 100, 14, 325.69
2026/09/15 01:02:07.326, 3, 165740, 100, 14, 334.96
2026/09/15 01:02:08.329, 0, 166759, 10, 0, 324.89
2026/09/15 01:02:08.333, 1, 166060, 74, 10, 331.69
2026/09/15 01:02:08.336, 2, 166060, 100, 14, 323.00
2026/09/15 01:02:08.339, 3, 165740, 100, 14, 336.34
2026/09/15 01:02:09.342, 0, 166759, 100, 14, 329.99
2026/09/15 01:02:09.345, 1, 166060, 100, 14, 332.48
2026/09/15 01:02:09.348, 2, 166060, 100, 14, 322.82
2026/09/15 01:02:09.351, 3, 165740, 100, 14, 338.37
2026/09/15 01:02:10.354, 0, 166759, 100, 14, 336.46
2026/09/15 01:02:10.358, 1, 166060, 100, 14, 335.15
2026/09/15 01:02:10.361, 2, 166060, 100, 14, 324.49
2026/09/15 01:02:10.364, 3, 165740, 100, 14, 336.34
2026/09/15 01:02:11.367, 0, 166759, 100, 14, 336.11
2026/09/15 01:02:11.370, 1, 166060, 100, 14, 335.00
2026/09/15 01:02:11.373, 2, 166060, 100, 14, 323.63
2026/09/15 01:02:11.376, 3, 165740, 100, 14, 337.52
2026/09/15 01:02:12.379, 0, 166759, 99, 14, 337.21
2026/09/15 01:02:12.382, 1, 166060, 100, 14, 335.14
2026/09/15 01:02:12.385, 2, 166060, 100, 14, 325.44
2026/09/15 01:02:12.389, 3, 165740, 100, 14, 337.11
2026/09/15 01:02:13.392, 0, 166759, 84, 12, 321.37
2026/09/15 01:02:13.395, 1, 166060, 62, 0, 332.21
2026/09/15 01:02:13.398, 2, 166060, 91, 10, 323.31
2026/09/15 01:02:13.401, 3, 165740, 93, 10, 337.27
2026/09/15 01:02:14.404, 0, 166759, 100, 14, 335.57
2026/09/15 01:02:14.407, 1, 166060, 100, 14, 334.65
2026/09/15 01:02:14.410, 2, 166060, 100, 14, 322.37
2026/09/15 01:02:14.413, 3, 165740, 100, 14, 335.91
2026/09/15 01:02:15.416, 0, 166759, 100, 14, 337.37
2026/09/15 01:02:15.420, 1, 166060, 100, 14, 335.42
2026/09/15 01:02:15.423, 2, 166060, 100, 14, 322.90
2026/09/15 01:02:15.426, 3, 165740, 100, 14, 337.51
2026/09/15 01:02:16.429, 0, 166759, 100, 14, 335.76
2026/09/15 01:02:16.432, 1, 166060, 100, 14, 335.42
2026/09/15 01:02:16.435, 2, 166060, 100, 14, 322.98
2026/09/15 01:02:16.438, 3, 165740, 100, 14, 337.93
2026/09/15 01:02:17.441, 0, 166759, 100, 14, 337.20
2026/09/15 01:02:17.445, 1, 166060, 100, 14, 334.89
2026/09/15 01:02:17.448, 2, 166060, 100, 14, 321.39
2026/09/15 01:02:17.451, 3, 165740, 100, 14, 339.62
2026/09/15 01:02:18.454, 0, 166759, 100, 14, 321.06
2026/09/15 01:02:18.457, 1, 166060, 100, 14, 330.13
2026/09/15 01:02:18.460, 2, 166060, 100, 14, 322.15
2026/09/15 01:02:18.463, 3, 165740, 100, 14, 338.26
2026/09/15 01:02:19.466, 0, 166759, 100, 14, 337.36
2026/09/15 01:02:19.470, 1, 166060, 100, 14, 334.75
2026/09/15 01:02:19.473, 2, 166060, 100, 14, 322.26
2026/09/15 01:02:19.476, 3, 165740, 100, 14, 335.26
2026/09/15 01:02:20.479, 0, 166759, 100, 14, 336.39
2026/09/15 01:02:20.482, 1, 166060, 100, 14, 334.59
2026/09/15 01:02:20.485, 2, 166060, 100, 14, 320.44
2026/09/15 01:02:20.488, 3, 165740, 100, 14, 335.02
2026/09/15 01:02:21.491, 0, 166759, 100, 14, 336.04
2026/09/15 01:02:21.495, 1, 166060, 100, 14, 334.85
2026/09/15 01:02:21.498, 2, 166060, 100, 14, 321.18
2026/09/15 01:02:21.501, 3, 165740, 100, 14, 337.57
2026/09/15 01:02:22.504, 0, 166759, 100, 14, 337.32
2026/09/15 01:02:22.507, 1, 166060, 100, 14, 334.99
2026/09/15 01:02:22.510, 2, 166060, 100, 14, 322.00
2026/09/15 01:02:22.513, 3, 165740, 100, 14, 333.83
2026/09/15 01:02:23.516, 0, 166759, 100, 14, 320.95
2026/09/15 01:02:23.519, 1, 166060, 100, 14, 332.02
2026/09/15 01:02:23.522, 2, 166060, 100, 14, 321.12
2026/09/15 01:02:23.525, 3, 165740, 100, 14, 334.91
2026/09/15 01:02:24.529, 0, 166759, 100, 14, 336.83
2026/09/15 01:02:24.532, 1, 166060, 100, 14, 334.35
2026/09/15 01:02:24.535, 2, 166060, 100, 14, 324.06
2026/09/15 01:02:24.538, 3, 165740, 100, 14, 338.01
2026/09/15 01:02:25.541, 0, 166759, 99, 14, 335.14
2026/09/15 01:02:25.544, 1, 166060, 100, 14, 335.11
2026/09/15 01:02:25.547, 2, 166060, 100, 14, 322.50
2026/09/15 01:02:25.550, 3, 165740, 100, 14, 338.16
2026/09/15 01:02:26.553, 0, 166759, 100, 14, 335.99
2026/09/15 01:02:26.557, 1, 166060, 100, 14, 335.67
2026/09/15 01:02:26.560, 2, 166060, 100, 14, 325.03
2026/09/15 01:02:26.563, 3, 165740, 100, 14, 335.95
2026/09/15 01:02:27.566, 0, 166759, 100, 14, 335.71
2026/09/15 01:02:27.569, 1, 166060, 100, 14, 333.69
2026/09/15 01:02:27.572, 2, 166060, 100, 14, 322.45
2026/09/15 01:02:27.575, 3, 165740, 100, 14, 333.64
2026/09/15 01:02:28.578, 0, 166759, 100, 14, 321.21
2026/09/15 01:02:28.581, 1, 166060, 100, 14, 331.79
2026/09/15 01:02:28.584, 2, 166060, 100, 14, 323.98
2026/09/15 01:02:28.587, 3, 165740, 100, 14, 338.03
2026/09/15 01:02:29.590, 0, 166759, 100, 14, 335.40
2026/09/15 01:02:29.594, 1, 166060, 100, 14, 333.78
2026/09/15 01:02:29.597, 2, 166060, 100, 14, 321.63
2026/09/15 01:02:29.600, 3, 165740, 100, 14, 330.64
2026/09/15 01:02:30.603, 0, 166759, 100, 14, 336.77
2026/09/15 01:02:30.606, 1, 166060, 100, 14, 335.15
2026/09/15 01:02:30.609, 2, 166060, 100, 14, 321.93
2026/09/15 01:02:30.612, 3, 165740, 100, 14, 336.07
2026/09/15 01:02:31.615, 0, 166759, 99, 14, 335.44
2026/09/15 01:02:31.619, 1, 166060, 100, 14, 336.04
2026/09/15 01:02:31.622, 2, 166060, 100, 14, 324.64
2026/09/15 01:02:31.625, 3, 165740, 100, 14, 333.80
2026/09/15 01:02:32.628, 0, 166759, 99, 14, 334.15
2026/09/15 01:02:32.631, 1, 166060, 100, 14, 334.79
2026/09/15 01:02:32.634, 2, 166060, 100, 14, 323.19
2026/09/15 01:02:32.637, 3, 165740, 100, 14, 336.50
2026/09/15 01:02:33.640, 0, 166759, 100, 14, 322.71
2026/09/15 01:02:33.643, 1, 166060, 100, 14, 331.99
2026/09/15 01:02:33.646, 2, 166060, 100, 14, 323.47
2026/09/15 01:02:33.649, 3, 165740, 100, 14, 337.91
2026/09/15 01:02:34.652, 0, 166759, 99, 14, 336.82
2026/09/15 01:02:34.656, 1, 166060, 100, 14, 335.33
2026/09/15 01:02:34.659, 2, 166060, 100, 14, 323.44
2026/09/15 01:02:34.662, 3, 165740, 100, 14, 336.57
2026/09/15 01:02:35.665, 0, 166759, 100, 14, 336.26
2026/09/15 01:02:35.668, 1, 166060, 100, 14, 333.61
2026/09/15 01:02:35.671, 2, 166060, 100, 14, 323.62
2026/09/15 01:02:35.674, 3, 165740, 100, 14, 335.77
2026/09/15 01:02:36.677, 0, 166759, 100, 14, 335.90
2026/09/15 01:02:36.680, 1, 166060, 100, 14, 335.18
2026/09/15 01:02:36.683, 2, 166060, 100, 14, 324.21
2026/09/15 01:02:36.686, 3, 165740, 100, 14, 335.10
2026/09/15 01:02:37.689, 0, 166759, 62, 8, 322.30
2026/09/15 01:02:37.693, 1, 166060, 66, 0, 332.30
2026/09/15 01:02:37.696, 2, 166060, 84, 9, 322.58
2026/09/15 01:02:37.699, 3, 165740, 88, 9, 338.59
2026/09/15 01:02:38.702, 0, 166759, 100, 14, 335.45
2026/09/15 01:02:38.705, 1, 166060, 100, 14, 335.09
2026/09/15 01:02:38.708, 2, 166060, 100, 14, 322.81
2026/09/15 01:02:38.711, 3, 165740, 100, 14, 335.16
2026/09/15 01:02:39.714, 0, 166759, 100, 14, 336.32
2026/09/15 01:02:39.718, 1, 166060, 100, 14, 335.08
2026/09/15 01:02:39.721, 2, 166060, 100, 14, 321.01
2026/09/15 01:02:39.724, 3, 165740, 100, 14, 333.25
2026/09/15 01:02:40.727, 0, 166759, 100, 14, 335.29
2026/09/15 01:02:40.730, 1, 166060, 100, 14, 335.78
2026/09/15 01:02:40.733, 2, 166060, 100, 14, 321.09
2026/09/15 01:02:40.736, 3, 165740, 100, 14, 332.95
2026/09/15 01:02:41.739, 0, 166759, 100, 14, 337.13
2026/09/15 01:02:41.742, 1, 166060, 100, 14, 335.58
2026/09/15 01:02:41.745, 2, 166060, 100, 14, 320.96
2026/09/15 01:02:41.748, 3, 165740, 100, 14, 335.31
2026/09/15 01:02:42.751, 0, 166759, 99, 14, 321.41
2026/09/15 01:02:42.755, 1, 166060, 95, 13, 327.62
2026/09/15 01:02:42.758, 2, 166060, 68, 0, 321.92
2026/09/15 01:02:42.761, 3, 165740, 80, 0, 337.89
2026/09/15 01:02:43.764, 0, 166759, 99, 14, 335.72
2026/09/15 01:02:43.767, 1, 166060, 100, 14, 334.69
2026/09/15 01:02:43.770, 2, 166060, 100, 14, 323.27
2026/09/15 01:02:43.773, 3, 165740, 100, 14, 336.25
2026/09/15 01:02:44.776, 0, 166759, 100, 14, 335.52
2026/09/15 01:02:44.780, 1, 166060, 100, 14, 335.26
2026/09/15 01:02:44.783, 2, 166060, 100, 14, 322.77
2026/09/15 01:02:44.786, 3, 165740, 100, 14, 336.57
2026/09/15 01:02:45.789, 0, 166759, 99, 14, 335.35
2026/09/15 01:02:45.792, 1, 166060, 100, 14, 335.05
2026/09/15 01:02:45.795, 2, 166060, 100, 14, 323.55
2026/09/15 01:02:45.798, 3, 165740, 100, 14, 335.57
2026/09/15 01:02:46.801, 0, 166759, 99, 14, 336.48
2026/09/15 01:02:46.805, 1, 166060, 100, 14, 334.56
2026/09/15 01:02:46.808, 2, 166060, 100, 14, 323.76
2026/09/15 01:02:46.811, 3, 165740, 100, 14, 335.27
2026/09/15 01:02:47.814, 0, 166759, 100, 14, 329.41
2026/09/15 01:02:47.817, 1, 166060, 100, 14, 318.06
2026/09/15 01:02:47.820, 2, 166060, 100, 14, 321.30
2026/09/15 01:02:47.823, 3, 165740, 100, 14, 338.08
2026/09/15 01:02:48.826, 0, 166759, 100, 14, 336.31
2026/09/15 01:02:48.829, 1, 166060, 100, 14, 334.73
2026/09/15 01:02:48.832, 2, 166060, 100, 14, 322.60
2026/09/15 01:02:48.835, 3, 165740, 100, 14, 334.32
2026/09/15 01:02:49.839, 0, 166759, 100, 14, 336.81
2026/09/15 01:02:49.842, 1, 166060, 100, 14, 334.21
2026/09/15 01:02:49.845, 2, 166060, 100, 14, 324.28
2026/09/15 01:02:49.848, 3, 165740, 100, 14, 336.62
2026/09/15 01:02:50.851, 0, 166759, 100, 14, 336.56
2026/09/15 01:02:50.854, 1, 166060, 100, 14, 334.90
2026/09/15 01:02:50.857, 2, 166060, 100, 14, 322.83
2026/09/15 01:02:50.860, 3, 165740, 100, 14, 337.17
2026/09/15 01:02:51.863, 0, 166759, 100, 14, 336.15
2026/09/15 01:02:51.867, 1, 166060, 100, 14, 335.77
2026/09/15 01:02:51.870, 2, 166060, 100, 14, 322.42
2026/09/15 01:02:51.873, 3, 165740, 100, 14, 337.84
2026/09/15 01:02:52.876, 0, 166759, 99, 14, 327.58
2026/09/15 01:02:52.879, 1, 166060, 100, 14, 318.63
2026/09/15 01:02:52.882, 2, 166060, 100, 14, 322.26
2026/09/15 01:02:52.885, 3, 165740, 100, 14, 337.37
2026/09/15 01:02:53.888, 0, 166759, 100, 14, 335.77
2026/09/15 01:02:53.891, 1, 166060, 100, 14, 333.94
2026/09/15 01:02:53.895, 2, 166060, 100, 14, 323.51
2026/09/15 01:02:53.898, 3, 165740, 100, 14, 335.62
2026/09/15 01:02:54.901, 0, 166759, 100, 14, 336.61
2026/09/15 01:02:54.904, 1, 166060, 100, 14, 334.71
2026/09/15 01:02:54.907, 2, 166060, 100, 14, 323.30
2026/09/15 01:02:54.910, 3, 165740, 100, 14, 336.89
2026/09/15 01:02:55.913, 0, 166759, 99, 14, 335.78
2026/09/15 01:02:55.917, 1, 166060, 100, 14, 335.20
2026/09/15 01:02:55.920, 2, 166060, 100, 14, 323.86
2026/09/15 01:02:55.923, 3, 165740, 100, 14, 337.08
2026/09/15 01:02:56.926, 0, 166759, 99, 14, 336.76
2026/09/15 01:02:56.929, 1, 166060, 100, 14, 333.99
2026/09/15 01:02:56.932, 2, 166060, 100, 14, 322.42
2026/09/15 01:02:56.935, 3, 165740, 100, 14, 335.16
2026/09/15 01:02:57.938, 0, 166759, 99, 14, 330.19
2026/09/15 01:02:57.942, 1, 166060, 100, 14, 320.10
2026/09/15 01:02:57.945, 2, 166060, 100, 14, 322.95
2026/09/15 01:02:57.948, 3, 165740, 100, 14, 337.07
2026/09/15 01:02:58.951, 0, 166759, 100, 14, 336.76
2026/09/15 01:02:58.954, 1, 166060, 100, 14, 334.44
2026/09/15 01:02:58.957, 2, 166060, 100, 14, 324.30
2026/09/15 01:02:58.960, 3, 165740, 100, 14, 332.20
2026/09/15 01:02:59.963, 0, 166759, 100, 14, 336.68
2026/09/15 01:02:59.966, 1, 166060, 100, 14, 334.73
2026/09/15 01:02:59.969, 2, 166060, 100, 14, 320.94
2026/09/15 01:02:59.972, 3, 165740, 100, 14, 335.17
2026/09/15 01:03:00.976, 0, 166759, 100, 14, 335.93
2026/09/15 01:03:00.979, 1, 166060, 100, 14, 335.27
2026/09/15 01:03:00.982, 2, 166060, 100, 14, 322.55
2026/09/15 01:03:00.985, 3, 165740, 100, 14, 335.93
2026/09/15 01:03:01.988, 0, 166759, 64, 8, 332.92
2026/09/15 01:03:01.991, 1, 166060, 60, 8, 332.56
2026/09/15 01:03:01.994, 2, 166060, 84, 9, 321.75
2026/09/15 01:03:01.997, 3, 165740, 79, 0, 339.75
2026/09/15 01:03:03.001, 0, 166759, 99, 14, 331.37
2026/09/15 01:03:03.004, 1, 166060, 100, 14, 331.03
2026/09/15 01:03:03.007, 2, 166060, 100, 14, 323.60
2026/09/15 01:03:03.010, 3, 165740, 100, 14, 337.79
2026/09/15 01:03:04.013, 0, 166759, 100, 14, 336.26
2026/09/15 01:03:04.016, 1, 166060, 100, 14, 334.38
2026/09/15 01:03:04.019, 2, 166060, 100, 14, 322.58
2026/09/15 01:03:04.023, 3, 165740, 100, 14, 335.04
2026/09/15 01:03:05.026, 0, 166759, 100, 14, 336.12
2026/09/15 01:03:05.029, 1, 166060, 100, 14, 335.30
2026/09/15 01:03:05.032, 2, 166060, 100, 14, 322.00
2026/09/15 01:03:05.035, 3, 165740, 100, 14, 336.51
2026/09/15 01:03:06.038, 0, 166759, 99, 14, 336.40
2026/09/15 01:03:06.041, 1, 166060, 100, 14, 335.79
2026/09/15 01:03:06.045, 2, 166060, 100, 14, 324.17
2026/09/15 01:03:06.048, 3, 165740, 100, 14, 335.47
2026/09/15 01:03:07.051, 0, 166759, 52, 0, 328.21
2026/09/15 01:03:07.054, 1, 166060, 10, 0, 317.84
2026/09/15 01:03:07.057, 2, 166060, 68, 0, 322.21
2026/09/15 01:03:07.060, 3, 165740, 96, 12, 336.33
2026/09/15 01:03:08.063, 0, 166759, 99, 14, 335.17
2026/09/15 01:03:08.067, 1, 166060, 100, 14, 334.16
2026/09/15 01:03:08.070, 2, 166060, 100, 14, 323.80
2026/09/15 01:03:08.073, 3, 165740, 100, 14, 334.42
2026/09/15 01:03:09.076, 0, 166759, 100, 14, 336.68
2026/09/15 01:03:09.079, 1, 166060, 100, 14, 334.64
2026/09/15 01:03:09.082, 2, 166060, 100, 14, 324.11
2026/09/15 01:03:09.085, 3, 165740, 100, 14, 337.96
2026/09/15 01:03:10.088, 0, 166759, 100, 14, 335.83
2026/09/15 01:03:10.091, 1, 166060, 100, 14, 334.99
2026/09/15 01:03:10.094, 2, 166060, 100, 14, 324.29
2026/09/15 01:03:10.097, 3, 165740, 100, 14, 337.41
2026/09/15 01:03:11.100, 0, 166759, 100, 14, 335.55
2026/09/15 01:03:11.104, 1, 166060, 100, 14, 334.20
2026/09/15 01:03:11.107, 2, 166060, 100, 14, 325.45
2026/09/15 01:03:11.110, 3, 165740, 100, 14, 336.94
2026/09/15 01:03:12.113, 0, 166759, 100, 14, 332.55
2026/09/15 01:03:12.116, 1, 166060, 100, 14, 319.93
2026/09/15 01:03:12.119, 2, 166060, 100, 14, 322.12
2026/09/15 01:03:12.122, 3, 165740, 100, 14, 336.85
2026/09/15 01:03:13.125, 0, 166759, 99, 14, 335.76
2026/09/15 01:03:13.129, 1, 166060, 100, 14, 334.31
2026/09/15 01:03:13.132, 2, 166060, 100, 14, 324.09
2026/09/15 01:03:13.135, 3, 165740, 100, 14, 336.11
2026/09/15 01:03:14.138, 0, 166759, 99, 14, 336.19
2026/09/15 01:03:14.141, 1, 166060, 100, 14, 334.66
2026/09/15 01:03:14.144, 2, 166060, 100, 14, 322.19
2026/09/15 01:03:14.147, 3, 165740, 100, 14, 337.11
2026/09/15 01:03:15.150, 0, 166759, 99, 14, 336.19
2026/09/15 01:03:15.154, 1, 166060, 100, 14, 334.30
2026/09/15 01:03:15.157, 2, 166060, 100, 14, 321.62
2026/09/15 01:03:15.160, 3, 165740, 100, 13, 333.10
2026/09/15 01:03:16.163, 0, 166759, 99, 14, 336.47
2026/09/15 01:03:16.166, 1, 166060, 100, 14, 333.59
2026/09/15 01:03:16.169, 2, 166060, 100, 14, 322.85
2026/09/15 01:03:16.172, 3, 165740, 100, 14, 336.50
2026/09/15 01:03:17.175, 0, 166759, 100, 14, 328.21
2026/09/15 01:03:17.179, 1, 166060, 100, 14, 318.84
2026/09/15 01:03:17.182, 2, 166060, 100, 14, 323.26
2026/09/15 01:03:17.185, 3, 165740, 100, 14, 337.73
2026/09/15 01:03:18.188, 0, 166759, 99, 14, 335.49
2026/09/15 01:03:18.191, 1, 166060, 100, 14, 333.91
2026/09/15 01:03:18.194, 2, 166060, 100, 14, 321.65
2026/09/15 01:03:18.197, 3, 165740, 100, 14, 336.28
2026/09/15 01:03:19.201, 0, 166759, 100, 14, 336.63
2026/09/15 01:03:19.204, 1, 166060, 100, 14, 334.86
2026/09/15 01:03:19.207, 2, 166060, 100, 14, 324.26
2026/09/15 01:03:19.210, 3, 165740, 100, 14, 333.63
2026/09/15 01:03:20.213, 0, 166759, 100, 14, 335.62
2026/09/15 01:03:20.216, 1, 166060, 100, 14, 334.98
2026/09/15 01:03:20.219, 2, 166060, 100, 14, 322.97
2026/09/15 01:03:20.222, 3, 165740, 100, 14, 336.18
2026/09/15 01:03:21.226, 0, 166759, 99, 14, 336.20
2026/09/15 01:03:21.229, 1, 166060, 100, 14, 335.62
2026/09/15 01:03:21.232, 2, 166060, 100, 14, 324.87
2026/09/15 01:03:21.235, 3, 165740, 100, 14, 337.09
2026/09/15 01:03:22.238, 0, 166759, 100, 14, 331.38
2026/09/15 01:03:22.241, 1, 166060, 100, 14, 318.53
2026/09/15 01:03:22.244, 2, 166060, 100, 14, 322.51
2026/09/15 01:03:22.247, 3, 165740, 100, 14, 338.34
2026/09/15 01:03:23.251, 0, 166759, 100, 14, 336.88
2026/09/15 01:03:23.254, 1, 166060, 100, 14, 334.36
2026/09/15 01:03:23.257, 2, 166060, 100, 14, 324.71
2026/09/15 01:03:23.260, 3, 165740, 100, 14, 336.04
2026/09/15 01:03:24.263, 0, 166759, 100, 14, 336.76
2026/09/15 01:03:24.266, 1, 166060, 100, 14, 334.37
2026/09/15 01:03:24.269, 2, 166060, 100, 14, 321.47
2026/09/15 01:03:24.273, 3, 165740, 100, 14, 335.24
2026/09/15 01:03:25.276, 0, 166759, 99, 14, 336.10
2026/09/15 01:03:25.279, 1, 166060, 100, 14, 334.97
2026/09/15 01:03:25.282, 2, 166060, 100, 14, 324.35
2026/09/15 01:03:25.285, 3, 165740, 100, 14, 337.25
2026/09/15 01:03:26.288, 0, 166759, 100, 14, 335.98
2026/09/15 01:03:26.291, 1, 166060, 100, 14, 334.61
2026/09/15 01:03:26.294, 2, 166060, 100, 14, 324.57
2026/09/15 01:03:26.297, 3, 165740, 100, 14, 335.61
2026/09/15 01:03:27.300, 0, 166759, 100, 14, 331.11
2026/09/15 01:03:27.304, 1, 166060, 100, 14, 319.09
2026/09/15 01:03:27.307, 2, 166060, 100, 14, 323.08
2026/09/15 01:03:27.310, 3, 165740, 100, 14, 338.51
2026/09/15 01:03:28.313, 0, 166759, 99, 14, 337.05
2026/09/15 01:03:28.316, 1, 166060, 100, 14, 335.08
2026/09/15 01:03:28.319, 2, 166060, 100, 14, 322.39
2026/09/15 01:03:28.322, 3, 165740, 100, 14, 334.34
2026/09/15 01:03:29.326, 0, 166759, 100, 14, 335.54
2026/09/15 01:03:29.329, 1, 166060, 100, 14, 335.36
2026/09/15 01:03:29.332, 2, 166060, 100, 14, 323.07
2026/09/15 01:03:29.335, 3, 165740, 100, 14, 334.49
2026/09/15 01:03:30.338, 0, 166759, 99, 14, 335.72
2026/09/15 01:03:30.341, 1, 166060, 100, 14, 334.09
2026/09/15 01:03:30.345, 2, 166060, 100, 14, 323.88
2026/09/15 01:03:30.348, 3, 165740, 100, 14, 336.50
2026/09/15 01:03:31.351, 0, 166759, 49, 0, 328.15
2026/09/15 01:03:31.354, 1, 166060, 10, 0, 319.47
2026/09/15 01:03:31.357, 2, 166060, 100, 14, 321.64
2026/09/15 01:03:31.360, 3, 165740, 83, 7, 337.01
2026/09/15 01:03:32.363, 0, 166759, 99, 14, 335.37
2026/09/15 01:03:32.367, 1, 166060, 100, 14, 333.12
2026/09/15 01:03:32.370, 2, 166060, 100, 14, 322.09
2026/09/15 01:03:32.373, 3, 165740, 100, 14, 337.77
2026/09/15 01:03:33.376, 0, 166759, 100, 14, 336.54
2026/09/15 01:03:33.379, 1, 166060, 100, 14, 334.52
2026/09/15 01:03:33.382, 2, 166060, 100, 14, 322.41
2026/09/15 01:03:33.385, 3, 165740, 100, 14, 337.81
2026/09/15 01:03:34.388, 0, 166759, 99, 14, 335.54
2026/09/15 01:03:34.392, 1, 166060, 100, 14, 335.83
2026/09/15 01:03:34.395, 2, 166060, 100, 14, 323.14
2026/09/15 01:03:34.398, 3, 165740, 100, 14, 335.40
2026/09/15 01:03:35.401, 0, 166759, 100, 14, 335.14
2026/09/15 01:03:35.404, 1, 166060, 100, 14, 335.31
2026/09/15 01:03:35.407, 2, 166060, 100, 14, 322.70
2026/09/15 01:03:35.410, 3, 165740, 100, 14, 335.21
2026/09/15 01:03:36.413, 0, 166759, 100, 14, 330.83
2026/09/15 01:03:36.417, 1, 166060, 99, 14, 318.86
2026/09/15 01:03:36.420, 2, 166060, 100, 14, 322.45
2026/09/15 01:03:36.423, 3, 165740, 100, 14, 338.97
2026/09/15 01:03:37.426, 0, 166759, 100, 14, 335.29
2026/09/15 01:03:37.429, 1, 166060, 99, 14, 333.90
2026/09/15 01:03:37.432, 2, 166060, 100, 14, 321.37
2026/09/15 01:03:37.435, 3, 165740, 100, 14, 335.48
2026/09/15 01:03:38.438, 0, 166759, 99, 14, 335.50
2026/09/15 01:03:38.441, 1, 166060, 100, 14, 334.76
2026/09/15 01:03:38.445, 2, 166060, 100, 14, 320.76
2026/09/15 01:03:38.448, 3, 165740, 100, 14, 337.36
2026/09/15 01:03:39.451, 0, 166759, 99, 14, 337.18
2026/09/15 01:03:39.454, 1, 166060, 99, 14, 334.84
2026/09/15 01:03:39.457, 2, 166060, 100, 14, 323.55
2026/09/15 01:03:39.460, 3, 165740, 100, 14, 337.86
2026/09/15 01:03:40.463, 0, 166759, 99, 14, 336.26
2026/09/15 01:03:40.467, 1, 166060, 99, 14, 335.22
2026/09/15 01:03:40.470, 2, 166060, 100, 14, 320.46
2026/09/15 01:03:40.473, 3, 165740, 100, 14, 336.59
2026/09/15 01:03:41.476, 0, 166759, 99, 14, 331.58
2026/09/15 01:03:41.479, 1, 166060, 100, 14, 318.43
2026/09/15 01:03:41.482, 2, 166060, 100, 14, 322.04
2026/09/15 01:03:41.486, 3, 165740, 100, 14, 336.71
2026/09/15 01:03:42.489, 0, 166759, 99, 14, 335.51
2026/09/15 01:03:42.492, 1, 166060, 100, 14, 334.89
2026/09/15 01:03:42.495, 2, 166060, 100, 14, 323.16
2026/09/15 01:03:42.498, 3, 165740, 100, 14, 335.24
2026/09/15 01:03:43.501, 0, 166759, 99, 14, 337.05
2026/09/15 01:03:43.504, 1, 166060, 100, 14, 334.58
2026/09/15 01:03:43.507, 2, 166060, 100, 14, 322.55
2026/09/15 01:03:43.511, 3, 165740, 100, 14, 333.94
2026/09/15 01:03:44.514, 0, 166759, 100, 14, 335.39
2026/09/15 01:03:44.517, 1, 166060, 100, 14, 334.73
2026/09/15 01:03:44.520, 2, 166060, 100, 14, 323.09
2026/09/15 01:03:44.523, 3, 165740, 100, 14, 335.52
2026/09/15 01:03:45.526, 0, 166759, 100, 14, 337.19
2026/09/15 01:03:45.530, 1, 166060, 100, 14, 335.13
2026/09/15 01:03:45.533, 2, 166060, 100, 14, 323.04
2026/09/15 01:03:45.536, 3, 165740, 100, 14, 335.76
2026/09/15 01:03:46.539, 0, 166759, 100, 14, 329.89
2026/09/15 01:03:46.542, 1, 166060, 100, 14, 318.89
2026/09/15 01:03:46.545, 2, 166060, 100, 14, 322.32
2026/09/15 01:03:46.548, 3, 165740, 100, 14, 337.89
2026/09/15 01:03:47.551, 0, 166759, 99, 14, 336.04
2026/09/15 01:03:47.555, 1, 166060, 100, 14, 334.75
2026/09/15 01:03:47.558, 2, 166060, 100, 14, 321.67
2026/09/15 01:03:47.561, 3, 165740, 100, 14, 334.24
2026/09/15 01:03:48.564, 0, 166759, 100, 14, 336.88
2026/09/15 01:03:48.567, 1, 166060, 100, 14, 334.90
2026/09/15 01:03:48.570, 2, 166060, 100, 14, 324.04
2026/09/15 01:03:48.573, 3, 165740, 100, 14, 337.61
2026/09/15 01:03:49.577, 0, 166759, 100, 14, 336.10
2026/09/15 01:03:49.580, 1, 166060, 100, 14, 334.89
2026/09/15 01:03:49.583, 2, 166060, 100, 14, 323.65
2026/09/15 01:03:49.586, 3, 165740, 100, 14, 337.11
2026/09/15 01:03:50.589, 0, 166759, 99, 14, 336.47
2026/09/15 01:03:50.593, 1, 166060, 100, 14, 335.65
2026/09/15 01:03:50.596, 2, 166060, 100, 14, 324.06
2026/09/15 01:03:50.599, 3, 165740, 100, 14, 336.21
2026/09/15 01:03:51.602, 0, 166759, 100, 14, 329.22
2026/09/15 01:03:51.605, 1, 166060, 100, 14, 318.05
2026/09/15 01:03:51.608, 2, 166060, 100, 14, 322.35
2026/09/15 01:03:51.611, 3, 165740, 100, 14, 338.70
2026/09/15 01:03:52.614, 0, 166759, 100, 14, 335.82
2026/09/15 01:03:52.618, 1, 166060, 100, 14, 335.47
2026/09/15 01:03:52.621, 2, 166060, 100, 14, 321.97
2026/09/15 01:03:52.624, 3, 165740, 100, 14, 332.68
2026/09/15 01:03:53.627, 0, 166759, 100, 14, 336.75
2026/09/15 01:03:53.630, 1, 166060, 100, 14, 334.12
2026/09/15 01:03:53.633, 2, 166060, 100, 14, 323.97
2026/09/15 01:03:53.636, 3, 165740, 100, 14, 335.64
2026/09/15 01:03:54.639, 0, 166759, 100, 14, 336.31
2026/09/15 01:03:54.643, 1, 166060, 100, 14, 334.48
2026/09/15 01:03:54.646, 2, 166060, 100, 14, 320.82
2026/09/15 01:03:54.649, 3, 165740, 100, 14, 336.35
2026/09/15 01:03:55.652, 0, 166759, 100, 14, 328.07
2026/09/15 01:03:55.655, 1, 166060, 100, 14, 332.07
2026/09/15 01:03:55.658, 2, 166060, 100, 14, 319.08
2026/09/15 01:03:55.661, 3, 165740, 85, 7, 336.73
2026/09/15 01:03:56.665, 0, 166759, 100, 14, 327.48
2026/09/15 01:03:56.668, 1, 166060, 100, 14, 332.73
2026/09/15 01:03:56.671, 2, 166060, 100, 14, 323.94
2026/09/15 01:03:56.674, 3, 165740, 100, 14, 338.79
2026/09/15 01:03:57.678, 0, 166759, 100, 14, 336.82
2026/09/15 01:03:57.681, 1, 166060, 100, 14, 334.84
2026/09/15 01:03:57.684, 2, 166060, 100, 14, 322.60
2026/09/15 01:03:57.687, 3, 165740, 100, 14, 333.89
2026/09/15 01:03:58.690, 0, 166759, 100, 14, 335.74
2026/09/15 01:03:58.693, 1, 166060, 100, 14, 334.68
2026/09/15 01:03:58.696, 2, 166060, 100, 14, 324.37
2026/09/15 01:03:58.700, 3, 165740, 100, 14, 337.48
2026/09/15 01:03:59.703, 0, 166759, 100, 14, 335.90
2026/09/15 01:03:59.706, 1, 166060, 100, 14, 334.36
2026/09/15 01:03:59.709, 2, 166060, 100, 14, 321.57
2026/09/15 01:03:59.712, 3, 165740, 100, 14, 334.73
2026/09/15 01:04:00.715, 0, 166759, 27, 3, 320.04
2026/09/15 01:04:00.719, 1, 166060, 62, 3, 329.59
2026/09/15 01:04:00.722, 2, 166060, 74, 4, 323.38
2026/09/15 01:04:00.725, 3, 165740, 79, 1, 337.32
2026/09/15 01:04:01.728, 0, 166759, 99, 14, 334.85
2026/09/15 01:04:01.731, 1, 166060, 100, 14, 334.89
2026/09/15 01:04:01.734, 2, 166060, 100, 14, 324.99
2026/09/15 01:04:01.737, 3, 165740, 100, 14, 335.20
2026/09/15 01:04:02.741, 0, 166759, 100, 14, 335.76
2026/09/15 01:04:02.744, 1, 166060, 100, 14, 334.60
2026/09/15 01:04:02.747, 2, 166060, 100, 14, 324.07
2026/09/15 01:04:02.750, 3, 165740, 100, 14, 335.91
2026/09/15 01:04:03.753, 0, 166759, 100, 14, 336.96
2026/09/15 01:04:03.757, 1, 166060, 100, 14, 334.88
2026/09/15 01:04:03.760, 2, 166060, 100, 14, 324.34
2026/09/15 01:04:03.763, 3, 165740, 100, 14, 338.20
2026/09/15 01:04:04.766, 0, 166759, 100, 14, 336.19
2026/09/15 01:04:04.769, 1, 166060, 100, 14, 334.76
2026/09/15 01:04:04.772, 2, 166060, 100, 14, 323.71
2026/09/15 01:04:04.776, 3, 165740, 100, 14, 338.14
2026/09/15 01:04:05.779, 0, 166759, 100, 14, 320.39
2026/09/15 01:04:05.782, 1, 166060, 100, 14, 330.19
2026/09/15 01:04:05.785, 2, 166060, 73, 3, 322.42
2026/09/15 01:04:05.788, 3, 165740, 100, 14, 336.73
2026/09/15 01:04:06.792, 0, 166759, 100, 14, 336.71
2026/09/15 01:04:06.795, 1, 166060, 100, 14, 334.61
2026/09/15 01:04:06.798, 2, 166060, 100, 14, 322.74
2026/09/15 01:04:06.801, 3, 165740, 100, 14, 332.38
2026/09/15 01:04:07.804, 0, 166759, 100, 14, 335.72
2026/09/15 01:04:07.807, 1, 166060, 100, 14, 335.00
2026/09/15 01:04:07.810, 2, 166060, 100, 14, 322.78
2026/09/15 01:04:07.814, 3, 165740, 100, 14, 336.28
2026/09/15 01:04:08.817, 0, 166759, 100, 14, 335.68
2026/09/15 01:04:08.820, 1, 166060, 100, 14, 334.31
2026/09/15 01:04:08.823, 2, 166060, 100, 14, 323.44
2026/09/15 01:04:08.826, 3, 165740, 100, 14, 333.74
2026/09/15 01:04:09.829, 0, 166759, 100, 14, 336.70
2026/09/15 01:04:09.833, 1, 166060, 100, 14, 334.97
2026/09/15 01:04:09.836, 2, 166060, 100, 14, 325.50
2026/09/15 01:04:09.839, 3, 165740, 100, 14, 338.05
2026/09/15 01:04:10.842, 0, 166759, 100, 14, 320.97
2026/09/15 01:04:10.845, 1, 166060, 100, 14, 330.39
2026/09/15 01:04:10.848, 2, 166060, 100, 14, 321.10
2026/09/15 01:04:10.851, 3, 165740, 100, 14, 339.19
2026/09/15 01:04:11.855, 0, 166759, 100, 14, 333.57
2026/09/15 01:04:11.858, 1, 166060, 100, 14, 334.38
2026/09/15 01:04:11.861, 2, 166060, 100, 14, 325.14
2026/09/15 01:04:11.864, 3, 165740, 100, 14, 337.27
2026/09/15 01:04:12.867, 0, 166759, 100, 14, 337.17
2026/09/15 01:04:12.871, 1, 166060, 100, 14, 335.09
2026/09/15 01:04:12.874, 2, 166060, 100, 14, 322.61
2026/09/15 01:04:12.877, 3, 165740, 100, 14, 335.33
2026/09/15 01:04:13.880, 0, 166759, 99, 14, 336.06
2026/09/15 01:04:13.884, 1, 166060, 100, 14, 334.94
2026/09/15 01:04:13.887, 2, 166060, 100, 14, 323.66
2026/09/15 01:04:13.890, 3, 165740, 100, 14, 335.90
2026/09/15 01:04:14.893, 0, 166759, 100, 14, 336.20
2026/09/15 01:04:14.896, 1, 166060, 100, 14, 335.42
2026/09/15 01:04:14.900, 2, 166060, 100, 14, 321.28
2026/09/15 01:04:14.903, 3, 165740, 100, 14, 337.30
2026/09/15 01:04:15.906, 0, 166759, 100, 14, 321.47
2026/09/15 01:04:15.909, 1, 166060, 99, 14, 330.95
2026/09/15 01:04:15.912, 2, 166060, 100, 14, 322.48
2026/09/15 01:04:15.915, 3, 165740, 100, 14, 338.47
2026/09/15 01:04:16.918, 0, 166759, 100, 14, 336.62
2026/09/15 01:04:16.922, 1, 166060, 99, 14, 334.51
2026/09/15 01:04:16.925, 2, 166060, 100, 14, 322.04
2026/09/15 01:04:16.928, 3, 165740, 100, 14, 336.22
2026/09/15 01:04:17.931, 0, 166759, 100, 14, 336.19
2026/09/15 01:04:17.935, 1, 166060, 100, 14, 334.62
2026/09/15 01:04:17.938, 2, 166060, 100, 14, 323.21
2026/09/15 01:04:17.941, 3, 165740, 100, 14, 336.72
2026/09/15 01:04:18.944, 0, 166759, 100, 14, 336.29
2026/09/15 01:04:18.947, 1, 166060, 99, 14, 334.55
2026/09/15 01:04:18.950, 2, 166060, 100, 14, 323.68
2026/09/15 01:04:18.954, 3, 165740, 100, 14, 335.48
2026/09/15 01:04:19.957, 0, 166759, 100, 14, 336.33
2026/09/15 01:04:19.960, 1, 166060, 99, 14, 334.65
2026/09/15 01:04:19.963, 2, 166060, 100, 14, 323.31
2026/09/15 01:04:19.966, 3, 165740, 100, 14, 335.47
2026/09/15 01:04:20.969, 0, 166759, 100, 14, 319.34
2026/09/15 01:04:20.973, 1, 166060, 100, 14, 331.14
2026/09/15 01:04:20.976, 2, 166060, 100, 14, 322.28
2026/09/15 01:04:20.979, 3, 165740, 100, 14, 337.68
2026/09/15 01:04:21.982, 0, 166759, 100, 14, 335.56
2026/09/15 01:04:21.985, 1, 166060, 100, 14, 335.39
2026/09/15 01:04:21.989, 2, 166060, 100, 14, 322.93
2026/09/15 01:04:21.992, 3, 165740, 100, 14, 333.40
2026/09/15 01:04:22.995, 0, 166759, 100, 14, 336.10
2026/09/15 01:04:22.998, 1, 166060, 100, 14, 334.86
2026/09/15 01:04:23.001, 2, 166060, 100, 14, 320.45
2026/09/15 01:04:23.004, 3, 165740, 100, 14, 335.42
2026/09/15 01:04:24.008, 0, 166759, 100, 14, 336.24
2026/09/15 01:04:24.011, 1, 166060, 100, 14, 336.63
2026/09/15 01:04:24.014, 2, 166060, 99, 14, 323.72
2026/09/15 01:04:24.017, 3, 165740, 100, 14, 337.39
2026/09/15 01:04:25.020, 0, 166759, 31, 3, 324.94
2026/09/15 01:04:25.024, 1, 166060, 52, 4, 330.83
2026/09/15 01:04:25.027, 2, 166060, 68, 1, 322.29
2026/09/15 01:04:25.030, 3, 165740, 78, 1, 339.21
2026/09/15 01:04:26.033, 0, 166759, 100, 14, 331.29
2026/09/15 01:04:26.037, 1, 166060, 100, 14, 334.40
2026/09/15 01:04:26.040, 2, 166060, 100, 14, 322.26
2026/09/15 01:04:26.043, 3, 165740, 100, 14, 337.33
2026/09/15 01:04:27.046, 0, 166759, 100, 14, 336.73
2026/09/15 01:04:27.049, 1, 166060, 100, 14, 334.96
2026/09/15 01:04:27.052, 2, 166060, 100, 14, 321.81
2026/09/15 01:04:27.055, 3, 165740, 100, 14, 337.37
2026/09/15 01:04:28.059, 0, 166759, 100, 14, 337.03
2026/09/15 01:04:28.062, 1, 166060, 100, 14, 335.19
2026/09/15 01:04:28.065, 2, 166060, 100, 14, 322.73
2026/09/15 01:04:28.068, 3, 165740, 100, 14, 334.27
2026/09/15 01:04:29.071, 0, 166759, 100, 14, 337.13
2026/09/15 01:04:29.075, 1, 166060, 100, 14, 334.05
2026/09/15 01:04:29.078, 2, 166060, 100, 14, 323.22
2026/09/15 01:04:29.081, 3, 165740, 100, 14, 335.63
2026/09/15 01:04:30.084, 0, 166759, 36, 4, 320.97
2026/09/15 01:04:30.087, 1, 166060, 74, 4, 331.32
2026/09/15 01:04:30.091, 2, 166060, 100, 14, 322.40
2026/09/15 01:04:30.094, 3, 165740, 100, 14, 337.57
2026/09/15 01:04:31.097, 0, 166759, 100, 14, 335.77
2026/09/15 01:04:31.100, 1, 166060, 100, 14, 334.72
2026/09/15 01:04:31.103, 2, 166060, 100, 14, 324.22
2026/09/15 01:04:31.106, 3, 165740, 100, 14, 336.17
2026/09/15 01:04:32.109, 0, 166759, 100, 14, 335.59
2026/09/15 01:04:32.113, 1, 166060, 100, 14, 333.52
2026/09/15 01:04:32.116, 2, 166060, 100, 14, 323.62
2026/09/15 01:04:32.119, 3, 165740, 100, 14, 332.83
2026/09/15 01:04:33.122, 0, 166759, 100, 14, 336.62
2026/09/15 01:04:33.126, 1, 166060, 100, 14, 335.08
2026/09/15 01:04:33.129, 2, 166060, 100, 14, 322.32
2026/09/15 01:04:33.132, 3, 165740, 100, 14, 335.78
2026/09/15 01:04:34.135, 0, 166759, 99, 14, 336.76
2026/09/15 01:04:34.139, 1, 166060, 100, 14, 335.17
2026/09/15 01:04:34.142, 2, 166060, 100, 14, 320.54
2026/09/15 01:04:34.145, 3, 165740, 100, 14, 337.03
2026/09/15 01:04:35.148, 0, 166759, 100, 14, 320.00
2026/09/15 01:04:35.152, 1, 166060, 100, 14, 330.64
2026/09/15 01:04:35.155, 2, 166060, 100, 14, 323.50
2026/09/15 01:04:35.158, 3, 165740, 100, 14, 339.18
2026/09/15 01:04:36.161, 0, 166759, 100, 14, 335.34
2026/09/15 01:04:36.165, 1, 166060, 100, 14, 333.82
2026/09/15 01:04:36.168, 2, 166060, 100, 14, 322.73
2026/09/15 01:04:36.171, 3, 165740, 100, 14, 335.95
2026/09/15 01:04:37.174, 0, 166759, 100, 14, 335.41
2026/09/15 01:04:37.177, 1, 166060, 100, 14, 335.13
2026/09/15 01:04:37.181, 2, 166060, 100, 14, 323.61
2026/09/15 01:04:37.184, 3, 165740, 100, 14, 336.60
2026/09/15 01:04:38.187, 0, 166759, 100, 14, 337.13
2026/09/15 01:04:38.190, 1, 166060, 100, 14, 334.47
2026/09/15 01:04:38.193, 2, 166060, 100, 14, 323.43
2026/09/15 01:04:38.197, 3, 165740, 100, 14, 335.25
2026/09/15 01:04:39.200, 0, 166759, 100, 14, 336.34
2026/09/15 01:04:39.203, 1, 166060, 100, 14, 335.98
2026/09/15 01:04:39.206, 2, 166060, 100, 14, 320.14
2026/09/15 01:04:39.209, 3, 165740, 100, 14, 334.58
2026/09/15 01:04:40.212, 0, 166759, 100, 14, 320.08
2026/09/15 01:04:40.216, 1, 166060, 100, 14, 331.72
2026/09/15 01:04:40.219, 2, 166060, 100, 14, 321.47
2026/09/15 01:04:40.222, 3, 165740, 99, 14, 338.40
2026/09/15 01:04:41.225, 0, 166759, 100, 14, 335.43
2026/09/15 01:04:41.229, 1, 166060, 100, 14, 335.06
2026/09/15 01:04:41.232, 2, 166060, 100, 14, 321.59
2026/09/15 01:04:41.235, 3, 165740, 100, 14, 334.01
2026/09/15 01:04:42.238, 0, 166759, 100, 14, 336.18
2026/09/15 01:04:42.241, 1, 166060, 100, 14, 335.27
2026/09/15 01:04:42.244, 2, 166060, 100, 14, 324.86
2026/09/15 01:04:42.247, 3, 165740, 99, 14, 336.91
2026/09/15 01:04:43.251, 0, 166759, 99, 14, 335.87
2026/09/15 01:04:43.254, 1, 166060, 100, 14, 334.89
2026/09/15 01:04:43.257, 2, 166060, 100, 14, 321.93
2026/09/15 01:04:43.260, 3, 165740, 99, 14, 335.61
2026/09/15 01:04:44.263, 0, 166759, 100, 14, 335.60
2026/09/15 01:04:44.267, 1, 166060, 100, 14, 336.01
2026/09/15 01:04:44.270, 2, 166060, 100, 14, 323.63
2026/09/15 01:04:44.273, 3, 165740, 100, 14, 335.28
2026/09/15 01:04:45.276, 0, 166759, 100, 14, 321.16
2026/09/15 01:04:45.280, 1, 166060, 100, 14, 328.67
2026/09/15 01:04:45.283, 2, 166060, 100, 14, 320.38
2026/09/15 01:04:45.286, 3, 165740, 100, 14, 336.95
2026/09/15 01:04:46.289, 0, 166759, 100, 14, 335.30
2026/09/15 01:04:46.292, 1, 166060, 100, 14, 335.27
2026/09/15 01:04:46.295, 2, 166060, 100, 14, 323.32
2026/09/15 01:04:46.298, 3, 165740, 100, 14, 336.89
2026/09/15 01:04:47.302, 0, 166759, 100, 14, 336.46
2026/09/15 01:04:47.305, 1, 166060, 100, 14, 335.22
2026/09/15 01:04:47.308, 2, 166060, 100, 14, 322.29
2026/09/15 01:04:47.311, 3, 165740, 100, 14, 337.83
2026/09/15 01:04:48.315, 0, 166759, 100, 14, 335.40
2026/09/15 01:04:48.318, 1, 166060, 100, 14, 334.25
2026/09/15 01:04:48.321, 2, 166060, 100, 14, 323.75
2026/09/15 01:04:48.324, 3, 165740, 100, 14, 335.54
2026/09/15 01:04:49.327, 0, 166759, 100, 14, 334.87
2026/09/15 01:04:49.331, 1, 166060, 100, 14, 336.15
2026/09/15 01:04:49.334, 2, 166060, 100, 14, 323.94
2026/09/15 01:04:49.337, 3, 165740, 100, 14, 336.61
2026/09/15 01:04:50.340, 0, 166759, 100, 14, 320.86
2026/09/15 01:04:50.343, 1, 166060, 100, 14, 333.07
2026/09/15 01:04:50.346, 2, 166060, 100, 14, 323.86
2026/09/15 01:04:50.349, 3, 165740, 100, 14, 336.26
2026/09/15 01:04:51.352, 0, 166759, 100, 14, 334.63
2026/09/15 01:04:51.356, 1, 166060, 100, 14, 334.18
2026/09/15 01:04:51.359, 2, 166060, 100, 14, 324.14
2026/09/15 01:04:51.362, 3, 165740, 100, 14, 332.32
2026/09/15 01:04:52.365, 0, 166759, 100, 14, 335.92
2026/09/15 01:04:52.368, 1, 166060, 100, 14, 334.69
2026/09/15 01:04:52.371, 2, 166060, 100, 14, 322.11
2026/09/15 01:04:52.375, 3, 165740, 100, 14, 336.82
2026/09/15 01:04:53.378, 0, 166759, 100, 14, 336.40
2026/09/15 01:04:53.381, 1, 166060, 100, 14, 333.92
2026/09/15 01:04:53.384, 2, 166060, 100, 14, 322.86
2026/09/15 01:04:53.387, 3, 165740, 100, 14, 337.98
2026/09/15 01:04:54.390, 0, 166759, 32, 4, 320.05
2026/09/15 01:04:54.394, 1, 166060, 69, 4, 326.68
2026/09/15 01:04:54.397, 2, 166060, 70, 3, 320.96
2026/09/15 01:04:54.400, 3, 165740, 79, 3, 336.84
2026/09/15 01:04:55.403, 0, 166759, 100, 14, 336.29
2026/09/15 01:04:55.406, 1, 166060, 100, 14, 334.62
2026/09/15 01:04:55.409, 2, 166060, 100, 14, 323.75
2026/09/15 01:04:55.413, 3, 165740, 100, 14, 333.76
2026/09/15 01:04:56.416, 0, 166759, 99, 14, 336.63
2026/09/15 01:04:56.419, 1, 166060, 100, 14, 334.61
2026/09/15 01:04:56.422, 2, 166060, 100, 14, 322.44
2026/09/15 01:04:56.425, 3, 165740, 100, 14, 339.14
2026/09/15 01:04:57.428, 0, 166759, 100, 14, 335.43
2026/09/15 01:04:57.432, 1, 166060, 100, 14, 334.59
2026/09/15 01:04:57.435, 2, 166060, 100, 14, 320.77
2026/09/15 01:04:57.438, 3, 165740, 100, 14, 335.89
2026/09/15 01:04:58.441, 0, 166759, 100, 14, 336.98
2026/09/15 01:04:58.445, 1, 166060, 100, 14, 334.98
2026/09/15 01:04:58.448, 2, 166060, 100, 14, 321.34
2026/09/15 01:04:58.451, 3, 165740, 100, 14, 337.32
2026/09/15 01:04:59.454, 0, 166759, 100, 14, 321.74
2026/09/15 01:04:59.457, 1, 166060, 100, 14, 318.67
2026/09/15 01:04:59.461, 2, 166060, 100, 14, 322.14
2026/09/15 01:04:59.464, 3, 165740, 100, 14, 337.60
2026/09/15 01:05:00.467, 0, 166759, 100, 14, 335.56
2026/09/15 01:05:00.470, 1, 166060, 100, 14, 334.82
2026/09/15 01:05:00.473, 2, 166060, 100, 14, 324.21
2026/09/15 01:05:00.476, 3, 165740, 100, 14, 335.52
2026/09/15 01:05:01.479, 0, 166759, 100, 14, 336.69
2026/09/15 01:05:01.483, 1, 166060, 100, 14, 334.81
2026/09/15 01:05:01.486, 2, 166060, 100, 14, 325.53
2026/09/15 01:05:01.489, 3, 165740, 100, 14, 334.78
2026/09/15 01:05:02.492, 0, 166759, 100, 14, 336.54
2026/09/15 01:05:02.495, 1, 166060, 100, 14, 335.05
2026/09/15 01:05:02.498, 2, 166060, 100, 14, 321.32
2026/09/15 01:05:02.502, 3, 165740, 100, 14, 336.73
2026/09/15 01:05:03.505, 0, 166759, 100, 14, 336.46
2026/09/15 01:05:03.508, 1, 166060, 100, 14, 335.01
2026/09/15 01:05:03.511, 2, 166060, 100, 14, 322.68
2026/09/15 01:05:03.514, 3, 165740, 100, 14, 335.47
2026/09/15 01:05:04.517, 0, 166759, 100, 14, 320.51
2026/09/15 01:05:04.521, 1, 166060, 100, 14, 331.24
2026/09/15 01:05:04.524, 2, 166060, 100, 14, 322.89
2026/09/15 01:05:04.527, 3, 165740, 100, 14, 338.54
2026/09/15 01:05:05.530, 0, 166759, 100, 14, 336.15
2026/09/15 01:05:05.533, 1, 166060, 100, 14, 334.85
2026/09/15 01:05:05.537, 2, 166060, 100, 14, 321.06
2026/09/15 01:05:05.540, 3, 165740, 100, 14, 336.29
2026/09/15 01:05:06.543, 0, 166759, 100, 14, 335.63
2026/09/15 01:05:06.546, 1, 166060, 100, 14, 334.15
2026/09/15 01:05:06.549, 2, 166060, 100, 14, 323.27
2026/09/15 01:05:06.552, 3, 165740, 100, 14, 336.61
2026/09/15 01:05:07.556, 0, 166759, 100, 14, 335.99
2026/09/15 01:05:07.559, 1, 166060, 100, 14, 334.13
2026/09/15 01:05:07.562, 2, 166060, 100, 14, 323.23
2026/09/15 01:05:07.565, 3, 165740, 100, 14, 335.99
2026/09/15 01:05:08.568, 0, 166759, 100, 14, 337.11
2026/09/15 01:05:08.572, 1, 166060, 100, 14, 335.30
2026/09/15 01:05:08.575, 2, 166060, 100, 14, 323.33
2026/09/15 01:05:08.578, 3, 165740, 100, 14, 336.74
2026/09/15 01:05:09.581, 0, 166759, 100, 14, 319.55
2026/09/15 01:05:09.584, 1, 166060, 100, 14, 329.67
2026/09/15 01:05:09.587, 2, 166060, 100, 14, 321.46
2026/09/15 01:05:09.591, 3, 165740, 100, 14, 336.93
2026/09/15 01:05:10.594, 0, 166759, 100, 14, 336.00
2026/09/15 01:05:10.597, 1, 166060, 100, 14, 334.74
2026/09/15 01:05:10.600, 2, 166060, 100, 14, 321.30
2026/09/15 01:05:10.603, 3, 165740, 100, 14, 334.58
2026/09/15 01:05:11.606, 0, 166759, 99, 14, 336.60
2026/09/15 01:05:11.610, 1, 166060, 100, 14, 335.06
2026/09/15 01:05:11.613, 2, 166060, 100, 14, 321.78
2026/09/15 01:05:11.616, 3, 165740, 100, 14, 337.19
2026/09/15 01:05:12.619, 0, 166759, 100, 14, 336.12
2026/09/15 01:05:12.622, 1, 166060, 100, 14, 335.57
2026/09/15 01:05:12.625, 2, 166060, 100, 14, 324.06
2026/09/15 01:05:12.628, 3, 165740, 100, 14, 334.76
2026/09/15 01:05:13.632, 0, 166759, 100, 14, 336.19
2026/09/15 01:05:13.635, 1, 166060, 100, 14, 335.87
2026/09/15 01:05:13.638, 2, 166060, 100, 14, 322.49
2026/09/15 01:05:13.641, 3, 165740, 100, 14, 336.99
2026/09/15 01:05:14.644, 0, 166759, 100, 14, 320.10
2026/09/15 01:05:14.648, 1, 166060, 100, 14, 330.63
2026/09/15 01:05:14.651, 2, 166060, 100, 14, 322.24
2026/09/15 01:05:14.654, 3, 165740, 100, 14, 337.70
2026/09/15 01:05:15.657, 0, 166759, 100, 14, 336.20
2026/09/15 01:05:15.660, 1, 166060, 100, 14, 334.16
2026/09/15 01:05:15.663, 2, 166060, 100, 14, 320.50
2026/09/15 01:05:15.666, 3, 165740, 100, 14, 334.95
2026/09/15 01:05:16.670, 0, 166759, 100, 14, 336.13
2026/09/15 01:05:16.673, 1, 166060, 100, 14, 334.31
2026/09/15 01:05:16.676, 2, 166060, 100, 14, 325.27
2026/09/15 01:05:16.679, 3, 165740, 100, 14, 335.33
2026/09/15 01:05:17.682, 0, 166759, 99, 14, 335.89
2026/09/15 01:05:17.685, 1, 166060, 100, 14, 335.10
2026/09/15 01:05:17.688, 2, 166060, 100, 14, 323.92
2026/09/15 01:05:17.692, 3, 165740, 100, 14, 336.58
2026/09/15 01:05:18.695, 0, 166759, 99, 14, 322.38
2026/09/15 01:05:18.698, 1, 166060, 100, 14, 329.92
2026/09/15 01:05:18.701, 2, 166060, 75, 3, 324.20
2026/09/15 01:05:18.704, 3, 165740, 80, 3, 337.36
2026/09/15 01:05:19.707, 0, 166759, 100, 14, 334.25
2026/09/15 01:05:19.711, 1, 166060, 100, 14, 333.00
2026/09/15 01:05:19.714, 2, 166060, 100, 14, 323.12
2026/09/15 01:05:19.717, 3, 165740, 100, 14, 332.86
2026/09/15 01:05:20.720, 0, 166759, 100, 14, 336.52
2026/09/15 01:05:20.723, 1, 166060, 100, 14, 334.89
2026/09/15 01:05:20.726, 2, 166060, 100, 14, 323.26
2026/09/15 01:05:20.730, 3, 165740, 100, 14, 335.75
2026/09/15 01:05:21.733, 0, 166759, 100, 14, 336.04
2026/09/15 01:05:21.736, 1, 166060, 100, 14, 334.68
2026/09/15 01:05:21.739, 2, 166060, 100, 14, 321.90
2026/09/15 01:05:21.742, 3, 165740, 100, 14, 334.60
2026/09/15 01:05:22.745, 0, 166759, 100, 14, 336.47
2026/09/15 01:05:22.749, 1, 166060, 100, 14, 334.62
2026/09/15 01:05:22.752, 2, 166060, 100, 14, 324.00
2026/09/15 01:05:22.755, 3, 165740, 100, 14, 337.38
2026/09/15 01:05:23.758, 0, 166759, 0, 0, 307.37
2026/09/15 01:05:23.762, 1, 166060, 0, 0, 297.62
2026/09/15 01:05:23.765, 2, 166060, 0, 0, 292.02
2026/09/15 01:05:23.768, 3, 165740, 0, 0, 300.76
2026/09/15 01:05:24.772, 0, 166759, 0, 0, 228.47
2026/09/15 01:05:24.776, 1, 166060, 0, 0, 227.27
2026/09/15 01:05:24.779, 2, 166060, 0, 0, 216.99
2026/09/15 01:05:24.782, 3, 165740, 0, 0, 232.63
2026/09/15 01:05:25.785, 0, 166759, 0, 0, 228.40
2026/09/15 01:05:25.789, 1, 166060, 0, 0, 227.04
2026/09/15 01:05:25.792, 2, 166060, 0, 0, 215.85
2026/09/15 01:05:25.794, 3, 165740, 0, 0, 232.65
2026/09/15 01:05:26.797, 0, 166759, 0, 0, 228.41
2026/09/15 01:05:26.801, 1, 166060, 0, 0, 227.27
2026/09/15 01:05:26.804, 2, 166060, 0, 0, 215.62
2026/09/15 01:05:26.807, 3, 165740, 0, 0, 232.65
2026/09/15 01:05:27.810, 0, 166759, 0, 0, 228.41
2026/09/15 01:05:27.813, 1, 166060, 0, 0, 227.27
2026/09/15 01:05:27.816, 2, 166060, 0, 0, 215.70
2026/09/15 01:05:27.819, 3, 165740, 0, 0, 232.65
2026/09/15 01:05:28.822, 0, 166759, 0, 0, 228.41
2026/09/15 01:05:28.826, 1, 166060, 0, 0, 227.27
2026/09/15 01:05:28.829, 2, 166060, 0, 0, 215.61
2026/09/15 01:05:28.832, 3, 165740, 0, 0, 232.66
2026/09/15 01:05:29.835, 0, 166759, 0, 0, 228.41
2026/09/15 01:05:29.838, 1, 166060, 0, 0, 227.27
2026/09/15 01:05:29.841, 2, 166060, 0, 0, 215.53
2026/09/15 01:05:29.844, 3, 165740, 0, 0, 232.65
2026/09/15 01:05:30.847, 0, 166759, 0, 0, 228.41
2026/09/15 01:05:30.851, 1, 166060, 0, 0, 227.27
2026/09/15 01:05:30.854, 2, 166060, 0, 0, 215.62
2026/09/15 01:05:30.857, 3, 165740, 0, 0, 232.65
2026/09/15 01:05:31.860, 0, 166759, 0, 0, 228.41
2026/09/15 01:05:31.864, 1, 166060, 0, 0, 227.27
2026/09/15 01:05:31.867, 2, 166060, 0, 0, 215.54
2026/09/15 01:05:31.870, 3, 165740, 0, 0, 232.66
2026/09/15 01:05:32.873, 0, 166759, 0, 0, 228.41
2026/09/15 01:05:32.876, 1, 166060, 0, 0, 227.27
2026/09/15 01:05:32.879, 2, 166060, 0, 0, 215.54
2026/09/15 01:05:32.882, 3, 165740, 0, 0, 232.65
2026/09/15 01:05:33.885, 0, 166759, 0, 0, 228.41
2026/09/15 01:05:33.889, 1, 166060, 0, 0, 227.27
2026/09/15 01:05:33.892, 2, 166060, 0, 0, 215.55
2026/09/15 01:05:33.895, 3, 165740, 0, 0, 232.65
2026/09/15 01:05:34.898, 0, 166759, 0, 0, 228.41
2026/09/15 01:05:34.901, 1, 166060, 0, 0, 227.27
2026/09/15 01:05:34.904, 2, 166060, 0, 0, 215.55
2026/09/15 01:05:34.907, 3, 165740, 0, 0, 232.66
2026/09/15 01:05:35.910, 0, 166759, 0, 0, 228.41
2026/09/15 01:05:35.914, 1, 166060, 0, 0, 227.27
2026/09/15 01:05:35.917, 2, 166060, 0, 0, 215.55
2026/09/15 01:05:35.920, 3, 165740, 0, 0, 232.64
2026/09/15 01:05:36.923, 0, 166759, 0, 0, 245.24
2026/09/15 01:05:36.926, 1, 166060, 0, 0, 253.25
2026/09/15 01:05:36.929, 2, 166060, 0, 0, 246.76
2026/09/15 01:05:36.932, 3, 165740, 0, 0, 262.71
2026/09/15 01:05:37.935, 0, 166759, 59, 0, 252.98
2026/09/15 01:05:37.938, 1, 166060, 10, 0, 236.77
2026/09/15 01:05:37.941, 2, 166060, 83, 3, 251.73
2026/09/15 01:05:37.944, 3, 165740, 78, 3, 257.06
2026/09/15 01:05:38.947, 0, 166759, 100, 14, 335.74
2026/09/15 01:05:38.950, 1, 166060, 100, 14, 333.48
2026/09/15 01:05:38.953, 2, 166060, 99, 14, 322.09
2026/09/15 01:05:38.956, 3, 165740, 100, 14, 332.73
2026/09/15 01:05:39.959, 0, 166759, 100, 14, 335.36
2026/09/15 01:05:39.962, 1, 166060, 99, 14, 335.00
2026/09/15 01:05:39.965, 2, 166060, 99, 14, 321.78
2026/09/15 01:05:39.968, 3, 165740, 100, 14, 335.36
2026/09/15 01:05:40.971, 0, 166759, 100, 14, 334.99
2026/09/15 01:05:40.974, 1, 166060, 99, 14, 334.77
2026/09/15 01:05:40.977, 2, 166060, 100, 14, 320.41
2026/09/15 01:05:40.979, 3, 165740, 100, 14, 338.47
2026/09/15 01:05:41.982, 0, 166759, 100, 14, 336.68
2026/09/15 01:05:41.986, 1, 166060, 99, 14, 334.90
2026/09/15 01:05:41.988, 2, 166060, 99, 14, 323.54
2026/09/15 01:05:41.991, 3, 165740, 100, 14, 335.98
2026/09/15 01:05:42.994, 0, 166759, 100, 14, 330.35
2026/09/15 01:05:42.997, 1, 166060, 100, 14, 317.84
2026/09/15 01:05:43.000, 2, 166060, 100, 14, 323.77
2026/09/15 01:05:43.003, 3, 165740, 100, 14, 334.93
2026/09/15 01:05:44.006, 0, 166759, 99, 14, 337.03
2026/09/15 01:05:44.009, 1, 166060, 100, 14, 334.54
2026/09/15 01:05:44.012, 2, 166060, 100, 14, 324.12
2026/09/15 01:05:44.015, 3, 165740, 100, 14, 334.48
2026/09/15 01:05:45.018, 0, 166759, 100, 14, 336.27
2026/09/15 01:05:45.021, 1, 166060, 100, 14, 334.96
2026/09/15 01:05:45.024, 2, 166060, 100, 14, 320.37
2026/09/15 01:05:45.027, 3, 165740, 100, 14, 334.03
2026/09/15 01:05:46.030, 0, 166759, 100, 14, 335.57
2026/09/15 01:05:46.033, 1, 166060, 100, 14, 335.17
2026/09/15 01:05:46.036, 2, 166060, 100, 14, 321.80
2026/09/15 01:05:46.039, 3, 165740, 100, 14, 335.60
2026/09/15 01:05:47.042, 0, 166759, 99, 14, 335.61
2026/09/15 01:05:47.045, 1, 166060, 100, 14, 334.74
2026/09/15 01:05:47.048, 2, 166060, 100, 14, 325.01
2026/09/15 01:05:47.051, 3, 165740, 100, 14, 337.08
2026/09/15 01:05:48.054, 0, 166759, 100, 14, 331.46
2026/09/15 01:05:48.057, 1, 166060, 100, 14, 319.12
2026/09/15 01:05:48.060, 2, 166060, 100, 14, 324.40
2026/09/15 01:05:48.063, 3, 165740, 100, 14, 335.82
2026/09/15 01:05:49.066, 0, 166759, 100, 14, 336.40
2026/09/15 01:05:49.069, 1, 166060, 100, 14, 334.70
2026/09/15 01:05:49.072, 2, 166060, 100, 14, 322.08
2026/09/15 01:05:49.074, 3, 165740, 100, 14, 336.55
2026/09/15 01:05:50.077, 0, 166759, 100, 14, 336.95
2026/09/15 01:05:50.080, 1, 166060, 100, 14, 335.06
2026/09/15 01:05:50.083, 2, 166060, 100, 14, 320.07
2026/09/15 01:05:50.086, 3, 165740, 100, 14, 335.15
2026/09/15 01:05:51.089, 0, 166759, 100, 14, 336.55
2026/09/15 01:05:51.092, 1, 166060, 100, 14, 334.54
2026/09/15 01:05:51.095, 2, 166060, 100, 14, 322.28
2026/09/15 01:05:51.098, 3, 165740, 100, 14, 336.57
2026/09/15 01:05:52.101, 0, 166759, 100, 14, 336.57
2026/09/15 01:05:52.104, 1, 166060, 100, 14, 334.32
2026/09/15 01:05:52.107, 2, 166060, 100, 14, 323.16
2026/09/15 01:05:52.110, 3, 165740, 100, 14, 334.31
2026/09/15 01:05:53.113, 0, 166759, 100, 14, 329.01
2026/09/15 01:05:53.116, 1, 166060, 100, 14, 318.68
2026/09/15 01:05:53.119, 2, 166060, 100, 14, 324.13
2026/09/15 01:05:53.121, 3, 165740, 100, 14, 334.23
2026/09/15 01:05:54.124, 0, 166759, 100, 14, 335.13
2026/09/15 01:05:54.128, 1, 166060, 100, 14, 333.91
2026/09/15 01:05:54.131, 2, 166060, 100, 14, 321.27
2026/09/15 01:05:54.133, 3, 165740, 100, 14, 336.99
2026/09/15 01:05:55.136, 0, 166759, 100, 14, 335.76
2026/09/15 01:05:55.139, 1, 166060, 100, 14, 334.71
2026/09/15 01:05:55.142, 2, 166060, 100, 14, 320.98
2026/09/15 01:05:55.145, 3, 165740, 100, 14, 334.88
2026/09/15 01:05:56.148, 0, 166759, 100, 14, 336.20
2026/09/15 01:05:56.151, 1, 166060, 100, 14, 334.44
2026/09/15 01:05:56.154, 2, 166060, 100, 14, 321.70
2026/09/15 01:05:56.157, 3, 165740, 100, 14, 335.71
2026/09/15 01:05:57.160, 0, 166759, 99, 14, 336.05
2026/09/15 01:05:57.163, 1, 166060, 100, 14, 336.00
2026/09/15 01:05:57.166, 2, 166060, 99, 14, 322.56
2026/09/15 01:05:57.169, 3, 165740, 100, 14, 335.05
2026/09/15 01:05:58.172, 0, 166759, 100, 14, 331.09
2026/09/15 01:05:58.175, 1, 166060, 100, 14, 321.12
2026/09/15 01:05:58.178, 2, 166060, 100, 14, 325.20
2026/09/15 01:05:58.181, 3, 165740, 100, 14, 335.21
2026/09/15 01:05:59.184, 0, 166759, 100, 14, 335.05
2026/09/15 01:05:59.187, 1, 166060, 99, 14, 334.16
2026/09/15 01:05:59.190, 2, 166060, 100, 14, 323.58
2026/09/15 01:05:59.192, 3, 165740, 100, 14, 338.50
2026/09/15 01:06:00.195, 0, 166759, 100, 14, 335.70
2026/09/15 01:06:00.199, 1, 166060, 99, 14, 334.44
2026/09/15 01:06:00.201, 2, 166060, 100, 14, 325.74
2026/09/15 01:06:00.204, 3, 165740, 100, 14, 337.54
2026/09/15 01:06:01.207, 0, 166759, 100, 14, 335.64
2026/09/15 01:06:01.210, 1, 166060, 99, 14, 335.29
2026/09/15 01:06:01.213, 2, 166060, 99, 14, 321.58
2026/09/15 01:06:01.216, 3, 165740, 100, 14, 336.09
2026/09/15 01:06:02.219, 0, 166759, 56, 0, 333.21
2026/09/15 01:06:02.222, 1, 166060, 10, 0, 319.73
2026/09/15 01:06:02.225, 2, 166060, 99, 14, 323.61
2026/09/15 01:06:02.228, 3, 165740, 100, 14, 336.69
2026/09/15 01:06:03.231, 0, 166759, 100, 14, 336.08
2026/09/15 01:06:03.234, 1, 166060, 100, 14, 333.85
2026/09/15 01:06:03.237, 2, 166060, 100, 14, 323.06
2026/09/15 01:06:03.240, 3, 165740, 100, 14, 333.82
2026/09/15 01:06:04.243, 0, 166759, 100, 14, 336.56
2026/09/15 01:06:04.246, 1, 166060, 100, 14, 334.38
2026/09/15 01:06:04.249, 2, 166060, 100, 14, 322.69
2026/09/15 01:06:04.252, 3, 165740, 100, 14, 336.37
2026/09/15 01:06:05.255, 0, 166759, 100, 14, 336.29
2026/09/15 01:06:05.258, 1, 166060, 100, 14, 335.55
2026/09/15 01:06:05.261, 2, 166060, 100, 14, 323.62
2026/09/15 01:06:05.264, 3, 165740, 100, 14, 336.15
2026/09/15 01:06:06.267, 0, 166759, 100, 14, 335.56
2026/09/15 01:06:06.270, 1, 166060, 100, 14, 334.28
2026/09/15 01:06:06.273, 2, 166060, 100, 14, 325.58
2026/09/15 01:06:06.275, 3, 165740, 100, 14, 335.72
2026/09/15 01:06:07.278, 0, 166759, 81, 8, 330.99
2026/09/15 01:06:07.282, 1, 166060, 58, 8, 318.34
2026/09/15 01:06:07.284, 2, 166060, 100, 14, 325.34
2026/09/15 01:06:07.287, 3, 165740, 100, 14, 337.77
2026/09/15 01:06:08.290, 0, 166759, 100, 14, 336.11
2026/09/15 01:06:08.293, 1, 166060, 100, 14, 334.49
2026/09/15 01:06:08.296, 2, 166060, 100, 14, 322.86
2026/09/15 01:06:08.299, 3, 165740, 100, 14, 334.91
2026/09/15 01:06:09.302, 0, 166759, 100, 14, 336.62
2026/09/15 01:06:09.305, 1, 166060, 100, 14, 334.58
2026/09/15 01:06:09.308, 2, 166060, 100, 14, 322.07
2026/09/15 01:06:09.311, 3, 165740, 100, 14, 333.18
2026/09/15 01:06:10.314, 0, 166759, 100, 14, 335.55
2026/09/15 01:06:10.317, 1, 166060, 99, 14, 334.86
2026/09/15 01:06:10.320, 2, 166060, 100, 14, 321.86
2026/09/15 01:06:10.323, 3, 165740, 100, 14, 337.11
2026/09/15 01:06:11.326, 0, 166759, 100, 14, 336.46
2026/09/15 01:06:11.329, 1, 166060, 99, 14, 333.59
2026/09/15 01:06:11.332, 2, 166060, 100, 14, 325.17
2026/09/15 01:06:11.335, 3, 165740, 100, 14, 336.03
2026/09/15 01:06:12.338, 0, 166759, 99, 14, 330.95
2026/09/15 01:06:12.341, 1, 166060, 100, 14, 319.52
2026/09/15 01:06:12.344, 2, 166060, 100, 14, 325.67
2026/09/15 01:06:12.347, 3, 165740, 100, 14, 338.29
2026/09/15 01:06:13.350, 0, 166759, 100, 14, 336.79
2026/09/15 01:06:13.353, 1, 166060, 100, 14, 333.78
2026/09/15 01:06:13.356, 2, 166060, 100, 14, 322.05
2026/09/15 01:06:13.359, 3, 165740, 100, 14, 336.68
2026/09/15 01:06:14.362, 0, 166759, 99, 14, 335.12
2026/09/15 01:06:14.365, 1, 166060, 100, 14, 334.37
2026/09/15 01:06:14.368, 2, 166060, 100, 14, 319.69
2026/09/15 01:06:14.371, 3, 165740, 100, 14, 334.59
2026/09/15 01:06:15.374, 0, 166759, 100, 14, 336.77
2026/09/15 01:06:15.378, 1, 166060, 100, 14, 334.17
2026/09/15 01:06:15.381, 2, 166060, 100, 14, 324.85
2026/09/15 01:06:15.383, 3, 165740, 100, 14, 336.22
2026/09/15 01:06:16.386, 0, 166759, 99, 14, 336.98
2026/09/15 01:06:16.390, 1, 166060, 100, 14, 335.44
2026/09/15 01:06:16.393, 2, 166060, 100, 14, 322.74
2026/09/15 01:06:16.396, 3, 165740, 100, 14, 334.68
2026/09/15 01:06:17.399, 0, 166759, 100, 14, 330.78
2026/09/15 01:06:17.402, 1, 166060, 100, 14, 317.82
2026/09/15 01:06:17.405, 2, 166060, 100, 14, 324.42
2026/09/15 01:06:17.408, 3, 165740, 100, 14, 338.42
2026/09/15 01:06:18.411, 0, 166759, 100, 14, 335.42
2026/09/15 01:06:18.414, 1, 166060, 100, 14, 333.83
2026/09/15 01:06:18.417, 2, 166060, 100, 14, 321.76
2026/09/15 01:06:18.420, 3, 165740, 100, 14, 335.95
2026/09/15 01:06:19.423, 0, 166759, 100, 14, 335.43
2026/09/15 01:06:19.426, 1, 166060, 100, 14, 335.26
2026/09/15 01:06:19.429, 2, 166060, 100, 14, 320.10
2026/09/15 01:06:19.432, 3, 165740, 100, 14, 336.45
2026/09/15 01:06:20.435, 0, 166759, 100, 14, 336.32
2026/09/15 01:06:20.438, 1, 166060, 100, 14, 334.75
2026/09/15 01:06:20.441, 2, 166060, 100, 14, 322.08
2026/09/15 01:06:20.444, 3, 165740, 100, 14, 337.57
2026/09/15 01:06:21.447, 0, 166759, 100, 14, 335.90
2026/09/15 01:06:21.450, 1, 166060, 100, 14, 334.43
2026/09/15 01:06:21.453, 2, 166060, 100, 14, 325.18
2026/09/15 01:06:21.456, 3, 165740, 100, 14, 335.84
2026/09/15 01:06:22.459, 0, 166759, 100, 14, 332.30
2026/09/15 01:06:22.462, 1, 166060, 100, 14, 317.53
2026/09/15 01:06:22.465, 2, 166060, 100, 14, 324.34
2026/09/15 01:06:22.468, 3, 165740, 100, 14, 337.92
2026/09/15 01:06:23.471, 0, 166759, 100, 14, 336.81
2026/09/15 01:06:23.474, 1, 166060, 100, 14, 334.68
2026/09/15 01:06:23.477, 2, 166060, 100, 14, 323.15
2026/09/15 01:06:23.480, 3, 165740, 100, 14, 338.92
2026/09/15 01:06:24.483, 0, 166759, 99, 14, 335.98
2026/09/15 01:06:24.486, 1, 166060, 100, 14, 335.49
2026/09/15 01:06:24.489, 2, 166060, 100, 14, 319.29
2026/09/15 01:06:24.492, 3, 165740, 100, 14, 335.24
2026/09/15 01:06:25.495, 0, 166759, 99, 14, 334.80
2026/09/15 01:06:25.498, 1, 166060, 100, 14, 335.00
2026/09/15 01:06:25.501, 2, 166060, 100, 14, 322.71
2026/09/15 01:06:25.504, 3, 165740, 100, 14, 333.56
2026/09/15 01:06:26.507, 0, 166759, 100, 14, 336.18
2026/09/15 01:06:26.511, 1, 166060, 100, 14, 328.63
2026/09/15 01:06:26.514, 2, 166060, 100, 14, 322.18
2026/09/15 01:06:26.516, 3, 165740, 100, 14, 334.11
2026/09/15 01:06:27.519, 0, 166759, 100, 14, 335.36
2026/09/15 01:06:27.523, 1, 166060, 100, 14, 324.33
2026/09/15 01:06:27.525, 2, 166060, 100, 14, 323.69
2026/09/15 01:06:27.528, 3, 165740, 100, 14, 337.84
2026/09/15 01:06:28.531, 0, 166759, 99, 14, 335.69
2026/09/15 01:06:28.534, 1, 166060, 100, 14, 335.22
2026/09/15 01:06:28.537, 2, 166060, 100, 14, 324.21
2026/09/15 01:06:28.540, 3, 165740, 100, 14, 336.56
2026/09/15 01:06:29.543, 0, 166759, 99, 14, 336.34
2026/09/15 01:06:29.547, 1, 166060, 100, 14, 335.45
2026/09/15 01:06:29.549, 2, 166060, 100, 14, 321.19
2026/09/15 01:06:29.552, 3, 165740, 100, 14, 335.15
2026/09/15 01:06:30.555, 0, 166759, 99, 14, 334.93
2026/09/15 01:06:30.559, 1, 166060, 100, 14, 335.46
2026/09/15 01:06:30.561, 2, 166060, 100, 14, 321.73
2026/09/15 01:06:30.564, 3, 165740, 100, 14, 337.13
2026/09/15 01:06:31.567, 0, 166759, 41, 0, 328.88
2026/09/15 01:06:31.570, 1, 166060, 85, 12, 318.93
2026/09/15 01:06:31.573, 2, 166060, 74, 0, 323.49
2026/09/15 01:06:31.576, 3, 165740, 77, 0, 337.68
2026/09/15 01:06:32.579, 0, 166759, 100, 14, 335.80
2026/09/15 01:06:32.582, 1, 166060, 100, 14, 333.72
2026/09/15 01:06:32.585, 2, 166060, 100, 14, 322.89
2026/09/15 01:06:32.588, 3, 165740, 100, 14, 336.08
2026/09/15 01:06:33.591, 0, 166759, 100, 14, 334.44
2026/09/15 01:06:33.595, 1, 166060, 100, 14, 335.06
2026/09/15 01:06:33.598, 2, 166060, 100, 14, 322.78
2026/09/15 01:06:33.601, 3, 165740, 100, 14, 334.93
2026/09/15 01:06:34.603, 0, 166759, 100, 14, 336.27
2026/09/15 01:06:34.607, 1, 166060, 100, 14, 334.71
2026/09/15 01:06:34.610, 2, 166060, 100, 14, 321.93
2026/09/15 01:06:34.613, 3, 165740, 100, 14, 335.58
2026/09/15 01:06:35.616, 0, 166759, 100, 14, 335.87
2026/09/15 01:06:35.619, 1, 166060, 100, 14, 334.74
2026/09/15 01:06:35.622, 2, 166060, 100, 14, 319.70
2026/09/15 01:06:35.625, 3, 165740, 100, 14, 336.56
2026/09/15 01:06:36.628, 0, 166759, 100, 14, 330.00
2026/09/15 01:06:36.631, 1, 166060, 100, 14, 318.49
2026/09/15 01:06:36.634, 2, 166060, 91, 9, 322.95
2026/09/15 01:06:36.637, 3, 165740, 91, 9, 338.93
2026/09/15 01:06:37.640, 0, 166759, 100, 14, 335.64
2026/09/15 01:06:37.643, 1, 166060, 100, 14, 334.69
2026/09/15 01:06:37.646, 2, 166060, 100, 14, 322.58
2026/09/15 01:06:37.649, 3, 165740, 100, 14, 336.85
2026/09/15 01:06:38.652, 0, 166759, 100, 14, 335.98
2026/09/15 01:06:38.655, 1, 166060, 100, 14, 334.61
2026/09/15 01:06:38.658, 2, 166060, 100, 14, 322.97
2026/09/15 01:06:38.661, 3, 165740, 100, 14, 336.34
2026/09/15 01:06:39.664, 0, 166759, 100, 14, 336.25
2026/09/15 01:06:39.667, 1, 166060, 100, 14, 335.58
2026/09/15 01:06:39.670, 2, 166060, 100, 14, 322.58
2026/09/15 01:06:39.673, 3, 165740, 100, 14, 335.89
2026/09/15 01:06:40.676, 0, 166759, 100, 14, 337.40
2026/09/15 01:06:40.679, 1, 166060, 100, 14, 335.50
2026/09/15 01:06:40.682, 2, 166060, 100, 14, 321.34
2026/09/15 01:06:40.685, 3, 165740, 100, 14, 336.96
2026/09/15 01:06:41.688, 0, 166759, 100, 14, 332.68
2026/09/15 01:06:41.692, 1, 166060, 100, 14, 318.07
2026/09/15 01:06:41.695, 2, 166060, 100, 14, 321.57
2026/09/15 01:06:41.698, 3, 165740, 100, 14, 336.86
2026/09/15 01:06:42.701, 0, 166759, 100, 14, 335.47
2026/09/15 01:06:42.704, 1, 166060, 100, 14, 334.32
2026/09/15 01:06:42.707, 2, 166060, 100, 14, 320.35
2026/09/15 01:06:42.710, 3, 165740, 100, 14, 336.08
2026/09/15 01:06:43.713, 0, 166759, 100, 14, 336.26
2026/09/15 01:06:43.716, 1, 166060, 100, 14, 334.62
2026/09/15 01:06:43.719, 2, 166060, 100, 14, 322.13
2026/09/15 01:06:43.722, 3, 165740, 100, 14, 334.77
2026/09/15 01:06:44.725, 0, 166759, 100, 14, 335.83
2026/09/15 01:06:44.728, 1, 166060, 100, 14, 334.71
2026/09/15 01:06:44.731, 2, 166060, 100, 14, 323.26
2026/09/15 01:06:44.734, 3, 165740, 100, 14, 336.30
2026/09/15 01:06:45.737, 0, 166759, 100, 14, 336.36
2026/09/15 01:06:45.740, 1, 166060, 100, 14, 335.17
2026/09/15 01:06:45.743, 2, 166060, 100, 14, 321.98
2026/09/15 01:06:45.746, 3, 165740, 100, 14, 336.28
2026/09/15 01:06:46.749, 0, 166759, 100, 14, 330.24
2026/09/15 01:06:46.752, 1, 166060, 100, 14, 319.33
2026/09/15 01:06:46.755, 2, 166060, 100, 14, 322.03
2026/09/15 01:06:46.758, 3, 165740, 100, 14, 335.89
2026/09/15 01:06:47.761, 0, 166759, 100, 14, 336.19
2026/09/15 01:06:47.766, 1, 166060, 100, 14, 333.93
2026/09/15 01:06:47.768, 2, 166060, 100, 14, 323.57
2026/09/15 01:06:47.771, 3, 165740, 100, 14, 335.99
2026/09/15 01:06:48.774, 0, 166759, 100, 14, 335.86
2026/09/15 01:06:48.777, 1, 166060, 100, 14, 334.77
2026/09/15 01:06:48.780, 2, 166060, 100, 14, 323.35
2026/09/15 01:06:48.783, 3, 165740, 100, 14, 335.41
2026/09/15 01:06:49.786, 0, 166759, 100, 14, 335.99
2026/09/15 01:06:49.790, 1, 166060, 100, 14, 334.88
2026/09/15 01:06:49.792, 2, 166060, 100, 14, 323.35
2026/09/15 01:06:49.795, 3, 165740, 100, 14, 336.20
2026/09/15 01:06:50.798, 0, 166759, 100, 14, 337.13
2026/09/15 01:06:50.802, 1, 166060, 100, 14, 334.48
2026/09/15 01:06:50.805, 2, 166060, 100, 14, 321.98
2026/09/15 01:06:50.807, 3, 165740, 100, 14, 335.61
2026/09/15 01:06:51.810, 0, 166759, 100, 14, 331.71
2026/09/15 01:06:51.814, 1, 166060, 100, 14, 317.31
2026/09/15 01:06:51.817, 2, 166060, 100, 14, 322.00
2026/09/15 01:06:51.820, 3, 165740, 100, 14, 339.76
2026/09/15 01:06:52.823, 0, 166759, 100, 14, 335.99
2026/09/15 01:06:52.826, 1, 166060, 100, 14, 335.31
2026/09/15 01:06:52.829, 2, 166060, 100, 14, 322.72
2026/09/15 01:06:52.832, 3, 165740, 100, 14, 335.27
2026/09/15 01:06:53.835, 0, 166759, 100, 14, 336.56
2026/09/15 01:06:53.838, 1, 166060, 100, 14, 334.01
2026/09/15 01:06:53.841, 2, 166060, 100, 14, 321.23
2026/09/15 01:06:53.844, 3, 165740, 100, 14, 335.74
2026/09/15 01:06:54.847, 0, 166759, 100, 14, 336.25
2026/09/15 01:06:54.850, 1, 166060, 99, 14, 333.99
2026/09/15 01:06:54.853, 2, 166060, 100, 14, 325.69
2026/09/15 01:06:54.856, 3, 165740, 100, 14, 336.20
2026/09/15 01:06:55.859, 0, 166759, 48, 0, 331.51
2026/09/15 01:06:55.862, 1, 166060, 89, 12, 325.48
2026/09/15 01:06:55.865, 2, 166060, 65, 0, 321.89
2026/09/15 01:06:55.868, 3, 165740, 100, 14, 336.44
2026/09/15 01:06:56.871, 0, 166759, 100, 14, 334.79
2026/09/15 01:06:56.874, 1, 166060, 100, 14, 327.22
2026/09/15 01:06:56.877, 2, 166060, 100, 14, 323.69
2026/09/15 01:06:56.880, 3, 165740, 100, 14, 334.71
2026/09/15 01:06:57.883, 0, 166759, 100, 14, 335.60
2026/09/15 01:06:57.886, 1, 166060, 100, 14, 335.14
2026/09/15 01:06:57.889, 2, 166060, 100, 14, 322.90
2026/09/15 01:06:57.892, 3, 165740, 100, 14, 333.22
2026/09/15 01:06:58.895, 0, 166759, 100, 14, 336.12
2026/09/15 01:06:58.898, 1, 166060, 100, 14, 334.70
2026/09/15 01:06:58.901, 2, 166060, 100, 14, 325.07
2026/09/15 01:06:58.904, 3, 165740, 100, 14, 334.26
2026/09/15 01:06:59.907, 0, 166759, 100, 14, 336.86
2026/09/15 01:06:59.910, 1, 166060, 100, 14, 334.45
2026/09/15 01:06:59.913, 2, 166060, 100, 14, 323.09
2026/09/15 01:06:59.916, 3, 165740, 100, 14, 334.70
2026/09/15 01:07:00.919, 0, 166759, 87, 10, 330.75
2026/09/15 01:07:00.922, 1, 166060, 10, 0, 319.00
2026/09/15 01:07:00.925, 2, 166060, 88, 9, 322.72
2026/09/15 01:07:00.928, 3, 165740, 89, 8, 336.18
2026/09/15 01:07:01.931, 0, 166759, 100, 14, 337.06
2026/09/15 01:07:01.934, 1, 166060, 100, 14, 333.60
2026/09/15 01:07:01.937, 2, 166060, 100, 14, 323.23
2026/09/15 01:07:01.940, 3, 165740, 100, 14, 336.36
2026/09/15 01:07:02.943, 0, 166759, 100, 14, 336.48
2026/09/15 01:07:02.946, 1, 166060, 100, 14, 335.21
2026/09/15 01:07:02.949, 2, 166060, 100, 14, 322.56
2026/09/15 01:07:02.952, 3, 165740, 100, 14, 339.94
2026/09/15 01:07:03.955, 0, 166759, 100, 14, 336.54
2026/09/15 01:07:03.958, 1, 166060, 100, 14, 334.32
2026/09/15 01:07:03.961, 2, 166060, 100, 14, 323.11
2026/09/15 01:07:03.964, 3, 165740, 100, 14, 335.42
2026/09/15 01:07:04.967, 0, 166759, 100, 14, 335.48
2026/09/15 01:07:04.971, 1, 166060, 100, 14, 335.30
2026/09/15 01:07:04.973, 2, 166060, 100, 14, 324.03
2026/09/15 01:07:04.976, 3, 165740, 100, 14, 335.76
2026/09/15 01:07:05.979, 0, 166759, 100, 14, 327.81
2026/09/15 01:07:05.982, 1, 166060, 90, 12, 318.56
2026/09/15 01:07:05.985, 2, 166060, 100, 14, 322.93
2026/09/15 01:07:05.988, 3, 165740, 100, 14, 337.93
2026/09/15 01:07:06.991, 0, 166759, 100, 14, 335.79
2026/09/15 01:07:06.994, 1, 166060, 100, 14, 334.99
2026/09/15 01:07:06.997, 2, 166060, 100, 14, 323.25
2026/09/15 01:07:07.000, 3, 165740, 100, 14, 337.24
2026/09/15 01:07:08.003, 0, 166759, 100, 14, 335.37
2026/09/15 01:07:08.006, 1, 166060, 100, 14, 334.69
2026/09/15 01:07:08.009, 2, 166060, 100, 14, 322.88
2026/09/15 01:07:08.012, 3, 165740, 100, 14, 336.64
2026/09/15 01:07:09.015, 0, 166759, 100, 14, 336.34
2026/09/15 01:07:09.018, 1, 166060, 100, 14, 335.53
2026/09/15 01:07:09.021, 2, 166060, 100, 14, 322.82
2026/09/15 01:07:09.024, 3, 165740, 100, 14, 337.10
2026/09/15 01:07:10.027, 0, 166759, 100, 14, 336.34
2026/09/15 01:07:10.030, 1, 166060, 100, 14, 334.83
2026/09/15 01:07:10.033, 2, 166060, 100, 14, 321.83
2026/09/15 01:07:10.036, 3, 165740, 100, 14, 335.40
2026/09/15 01:07:11.039, 0, 166759, 100, 14, 329.03
2026/09/15 01:07:11.042, 1, 166060, 100, 14, 320.15
2026/09/15 01:07:11.045, 2, 166060, 100, 14, 321.02
2026/09/15 01:07:11.048, 3, 165740, 100, 14, 337.62
2026/09/15 01:07:12.051, 0, 166759, 100, 14, 335.99
2026/09/15 01:07:12.054, 1, 166060, 100, 14, 334.57
2026/09/15 01:07:12.057, 2, 166060, 100, 14, 323.35
2026/09/15 01:07:12.060, 3, 165740, 100, 14, 334.43
2026/09/15 01:07:13.063, 0, 166759, 100, 14, 336.76
2026/09/15 01:07:13.066, 1, 166060, 100, 14, 334.47
2026/09/15 01:07:13.069, 2, 166060, 100, 14, 321.91
2026/09/15 01:07:13.072, 3, 165740, 100, 14, 337.57
2026/09/15 01:07:14.075, 0, 166759, 100, 14, 336.08
2026/09/15 01:07:14.078, 1, 166060, 100, 14, 333.29
2026/09/15 01:07:14.081, 2, 166060, 100, 14, 321.96
2026/09/15 01:07:14.084, 3, 165740, 100, 14, 334.17
2026/09/15 01:07:15.087, 0, 166759, 100, 14, 336.98
2026/09/15 01:07:15.090, 1, 166060, 100, 14, 335.40
2026/09/15 01:07:15.093, 2, 166060, 100, 14, 322.47
2026/09/15 01:07:15.096, 3, 165740, 100, 14, 336.04
2026/09/15 01:07:16.099, 0, 166759, 100, 14, 331.45
2026/09/15 01:07:16.102, 1, 166060, 99, 14, 317.89
2026/09/15 01:07:16.105, 2, 166060, 100, 14, 323.13
2026/09/15 01:07:16.108, 3, 165740, 100, 14, 338.85
2026/09/15 01:07:17.111, 0, 166759, 100, 14, 335.27
2026/09/15 01:07:17.114, 1, 166060, 99, 14, 334.52
2026/09/15 01:07:17.117, 2, 166060, 100, 14, 322.60
2026/09/15 01:07:17.120, 3, 165740, 100, 14, 337.22
2026/09/15 01:07:18.122, 0, 166759, 100, 14, 336.40
2026/09/15 01:07:18.126, 1, 166060, 99, 14, 334.21
2026/09/15 01:07:18.128, 2, 166060, 100, 14, 325.02
2026/09/15 01:07:18.131, 3, 165740, 100, 14, 336.89
2026/09/15 01:07:19.134, 0, 166759, 100, 14, 335.65
2026/09/15 01:07:19.137, 1, 166060, 100, 14, 335.13
2026/09/15 01:07:19.140, 2, 166060, 100, 14, 321.52
2026/09/15 01:07:19.143, 3, 165740, 100, 14, 337.02
2026/09/15 01:07:20.146, 0, 166759, 99, 14, 334.29
2026/09/15 01:07:20.149, 1, 166060, 100, 14, 334.95
2026/09/15 01:07:20.152, 2, 166060, 100, 14, 320.33
2026/09/15 01:07:20.155, 3, 165740, 100, 14, 337.54
2026/09/15 01:07:21.158, 0, 166759, 100, 14, 333.30
2026/09/15 01:07:21.161, 1, 166060, 100, 14, 318.64
2026/09/15 01:07:21.164, 2, 166060, 100, 14, 322.38
2026/09/15 01:07:21.167, 3, 165740, 100, 14, 336.49
2026/09/15 01:07:22.170, 0, 166759, 100, 14, 336.54
2026/09/15 01:07:22.173, 1, 166060, 100, 14, 334.30
2026/09/15 01:07:22.176, 2, 166060, 100, 14, 321.73
2026/09/15 01:07:22.179, 3, 165740, 100, 14, 336.36
2026/09/15 01:07:23.182, 0, 166759, 100, 14, 336.04
2026/09/15 01:07:23.185, 1, 166060, 100, 14, 335.12
2026/09/15 01:07:23.188, 2, 166060, 100, 14, 321.24
2026/09/15 01:07:23.191, 3, 165740, 100, 14, 337.08
2026/09/15 01:07:24.194, 0, 166759, 100, 14, 335.05
2026/09/15 01:07:24.197, 1, 166060, 100, 14, 335.42
2026/09/15 01:07:24.200, 2, 166060, 100, 14, 325.15
2026/09/15 01:07:24.203, 3, 165740, 100, 14, 335.85
2026/09/15 01:07:25.206, 0, 166759, 79, 9, 331.30
2026/09/15 01:07:25.209, 1, 166060, 69, 9, 319.71
2026/09/15 01:07:25.212, 2, 166060, 85, 10, 320.87
2026/09/15 01:07:25.215, 3, 165740, 77, 0, 337.01
2026/09/15 01:07:26.218, 0, 166759, 100, 14, 334.57
2026/09/15 01:07:26.221, 1, 166060, 100, 14, 335.13
2026/09/15 01:07:26.224, 2, 166060, 100, 14, 322.68
2026/09/15 01:07:26.227, 3, 165740, 100, 14, 335.41
2026/09/15 01:07:27.230, 0, 166759, 100, 14, 335.98
2026/09/15 01:07:27.233, 1, 166060, 100, 14, 335.20
2026/09/15 01:07:27.236, 2, 166060, 100, 14, 322.99
2026/09/15 01:07:27.239, 3, 165740, 100, 14, 335.77
2026/09/15 01:07:28.242, 0, 166759, 100, 14, 334.45
2026/09/15 01:07:28.245, 1, 166060, 100, 14, 333.98
2026/09/15 01:07:28.248, 2, 166060, 100, 14, 324.47
2026/09/15 01:07:28.250, 3, 165740, 100, 14, 335.86
2026/09/15 01:07:29.253, 0, 166759, 100, 14, 336.19
2026/09/15 01:07:29.256, 1, 166060, 99, 14, 335.29
2026/09/15 01:07:29.259, 2, 166060, 100, 14, 322.30
2026/09/15 01:07:29.262, 3, 165740, 100, 14, 336.46
2026/09/15 01:07:30.265, 0, 166759, 100, 14, 331.95
2026/09/15 01:07:30.268, 1, 166060, 100, 14, 320.16
2026/09/15 01:07:30.271, 2, 166060, 71, 0, 321.25
2026/09/15 01:07:30.274, 3, 165740, 93, 11, 336.41
2026/09/15 01:07:31.277, 0, 166759, 100, 14, 336.52
2026/09/15 01:07:31.280, 1, 166060, 100, 14, 335.02
2026/09/15 01:07:31.283, 2, 166060, 100, 14, 322.44
2026/09/15 01:07:31.286, 3, 165740, 100, 14, 336.30
2026/09/15 01:07:32.289, 0, 166759, 100, 14, 337.20
2026/09/15 01:07:32.292, 1, 166060, 100, 14, 334.92
2026/09/15 01:07:32.295, 2, 166060, 100, 14, 322.67
2026/09/15 01:07:32.298, 3, 165740, 100, 14, 337.68
2026/09/15 01:07:33.301, 0, 166759, 100, 14, 335.41
2026/09/15 01:07:33.304, 1, 166060, 100, 14, 334.81
2026/09/15 01:07:33.307, 2, 166060, 100, 14, 322.79
2026/09/15 01:07:33.310, 3, 165740, 100, 14, 336.24
2026/09/15 01:07:34.313, 0, 166759, 100, 14, 336.67
2026/09/15 01:07:34.316, 1, 166060, 100, 14, 335.65
2026/09/15 01:07:34.319, 2, 166060, 100, 14, 322.57
2026/09/15 01:07:34.322, 3, 165740, 100, 14, 334.86
2026/09/15 01:07:35.325, 0, 166759, 100, 14, 331.47
2026/09/15 01:07:35.328, 1, 166060, 100, 14, 319.65
2026/09/15 01:07:35.331, 2, 166060, 100, 14, 322.10
2026/09/15 01:07:35.334, 3, 165740, 100, 14, 336.44
2026/09/15 01:07:36.337, 0, 166759, 100, 14, 335.05
2026/09/15 01:07:36.340, 1, 166060, 100, 14, 335.17
2026/09/15 01:07:36.343, 2, 166060, 100, 14, 321.30
2026/09/15 01:07:36.346, 3, 165740, 100, 14, 337.20
2026/09/15 01:07:37.348, 0, 166759, 100, 14, 336.66
2026/09/15 01:07:37.352, 1, 166060, 100, 14, 335.28
2026/09/15 01:07:37.354, 2, 166060, 100, 14, 322.35
2026/09/15 01:07:37.357, 3, 165740, 100, 14, 335.71
2026/09/15 01:07:38.360, 0, 166759, 100, 14, 335.38
2026/09/15 01:07:38.363, 1, 166060, 100, 14, 335.13
2026/09/15 01:07:38.366, 2, 166060, 100, 14, 325.18
2026/09/15 01:07:38.369, 3, 165740, 100, 14, 336.82
2026/09/15 01:07:39.372, 0, 166759, 99, 14, 334.47
2026/09/15 01:07:39.375, 1, 166060, 100, 14, 335.11
2026/09/15 01:07:39.378, 2, 166060, 100, 14, 324.62
2026/09/15 01:07:39.381, 3, 165740, 100, 14, 337.04
2026/09/15 01:07:40.384, 0, 166759, 100, 14, 332.90
2026/09/15 01:07:40.387, 1, 166060, 100, 14, 318.33
2026/09/15 01:07:40.390, 2, 166060, 100, 14, 320.00
2026/09/15 01:07:40.393, 3, 165740, 100, 14, 338.27
2026/09/15 01:07:41.396, 0, 166759, 100, 14, 336.90
2026/09/15 01:07:41.399, 1, 166060, 100, 14, 335.32
2026/09/15 01:07:41.402, 2, 166060, 100, 14, 322.50
2026/09/15 01:07:41.405, 3, 165740, 100, 14, 331.33
2026/09/15 01:07:42.408, 0, 166759, 100, 14, 336.17
2026/09/15 01:07:42.411, 1, 166060, 100, 14, 335.22
2026/09/15 01:07:42.414, 2, 166060, 100, 14, 322.15
2026/09/15 01:07:42.417, 3, 165740, 100, 14, 334.27
2026/09/15 01:07:43.420, 0, 166759, 100, 14, 335.50
2026/09/15 01:07:43.423, 1, 166060, 100, 14, 335.09
2026/09/15 01:07:43.426, 2, 166060, 100, 14, 323.78
2026/09/15 01:07:43.429, 3, 165740, 100, 14, 338.90
2026/09/15 01:07:44.432, 0, 166759, 100, 14, 336.05
2026/09/15 01:07:44.435, 1, 166060, 100, 14, 335.22
2026/09/15 01:07:44.438, 2, 166060, 100, 14, 322.30
2026/09/15 01:07:44.441, 3, 165740, 100, 14, 335.02
2026/09/15 01:07:45.444, 0, 166759, 100, 14, 329.83
2026/09/15 01:07:45.447, 1, 166060, 99, 14, 319.60
2026/09/15 01:07:45.450, 2, 166060, 100, 14, 321.82
2026/09/15 01:07:45.452, 3, 165740, 100, 14, 336.50
2026/09/15 01:07:46.455, 0, 166759, 100, 14, 335.80
2026/09/15 01:07:46.459, 1, 166060, 100, 14, 334.25
2026/09/15 01:07:46.461, 2, 166060, 100, 14, 322.91
2026/09/15 01:07:46.464, 3, 165740, 100, 14, 337.11
2026/09/15 01:07:47.467, 0, 166759, 100, 14, 336.40
2026/09/15 01:07:47.471, 1, 166060, 99, 14, 335.64
2026/09/15 01:07:47.473, 2, 166060, 100, 14, 322.24
2026/09/15 01:07:47.476, 3, 165740, 100, 14, 337.41
2026/09/15 01:07:48.479, 0, 166759, 100, 14, 335.49
2026/09/15 01:07:48.482, 1, 166060, 99, 14, 335.08
2026/09/15 01:07:48.485, 2, 166060, 100, 14, 324.17
2026/09/15 01:07:48.488, 3, 165740, 100, 14, 335.33
2026/09/15 01:07:49.491, 0, 166759, 77, 10, 334.04
2026/09/15 01:07:49.494, 1, 166060, 74, 10, 331.70
2026/09/15 01:07:49.497, 2, 166060, 87, 11, 321.17
2026/09/15 01:07:49.500, 3, 165740, 100, 14, 337.23
2026/09/15 01:07:50.503, 0, 166759, 100, 14, 333.89
2026/09/15 01:07:50.506, 1, 166060, 100, 14, 321.78
2026/09/15 01:07:50.509, 2, 166060, 100, 14, 323.10
2026/09/15 01:07:50.512, 3, 165740, 100, 14, 334.72
2026/09/15 01:07:51.515, 0, 166759, 100, 14, 336.32
2026/09/15 01:07:51.518, 1, 166060, 100, 14, 335.43
2026/09/15 01:07:51.521, 2, 166060, 100, 14, 323.33
2026/09/15 01:07:51.524, 3, 165740, 100, 14, 337.65
2026/09/15 01:07:52.527, 0, 166759, 100, 14, 335.85
2026/09/15 01:07:52.530, 1, 166060, 100, 14, 334.39
2026/09/15 01:07:52.533, 2, 166060, 100, 14, 324.37
2026/09/15 01:07:52.536, 3, 165740, 100, 14, 334.95
2026/09/15 01:07:53.539, 0, 166759, 100, 14, 335.36
2026/09/15 01:07:53.542, 1, 166060, 100, 14, 334.81
2026/09/15 01:07:53.545, 2, 166060, 100, 14, 324.16
2026/09/15 01:07:53.548, 3, 165740, 100, 14, 336.23
2026/09/15 01:07:54.551, 0, 166759, 59, 0, 331.66
2026/09/15 01:07:54.554, 1, 166060, 10, 0, 317.81
2026/09/15 01:07:54.557, 2, 166060, 80, 0, 325.54
2026/09/15 01:07:54.560, 3, 165740, 93, 10, 336.48
2026/09/15 01:07:55.563, 0, 166759, 100, 14, 335.39
2026/09/15 01:07:55.566, 1, 166060, 100, 14, 334.90
2026/09/15 01:07:55.569, 2, 166060, 100, 14, 321.65
2026/09/15 01:07:55.571, 3, 165740, 100, 14, 334.86
2026/09/15 01:07:56.574, 0, 166759, 100, 14, 337.08
2026/09/15 01:07:56.578, 1, 166060, 100, 14, 333.84
2026/09/15 01:07:56.580, 2, 166060, 100, 14, 322.14
2026/09/15 01:07:56.583, 3, 165740, 100, 14, 340.64
2026/09/15 01:07:57.586, 0, 166759, 100, 14, 336.53
2026/09/15 01:07:57.589, 1, 166060, 100, 14, 335.30
2026/09/15 01:07:57.592, 2, 166060, 100, 14, 321.02
2026/09/15 01:07:57.595, 3, 165740, 100, 14, 334.33
2026/09/15 01:07:58.598, 0, 166759, 100, 14, 335.82
2026/09/15 01:07:58.601, 1, 166060, 100, 14, 333.99
2026/09/15 01:07:58.604, 2, 166060, 100, 14, 323.76
2026/09/15 01:07:58.607, 3, 165740, 100, 14, 336.16
2026/09/15 01:07:59.610, 0, 166759, 100, 14, 331.45
2026/09/15 01:07:59.613, 1, 166060, 100, 14, 320.20
2026/09/15 01:07:59.616, 2, 166060, 98, 13, 323.82
2026/09/15 01:07:59.619, 3, 165740, 100, 14, 337.36
2026/09/15 01:08:00.622, 0, 166759, 100, 14, 335.07
2026/09/15 01:08:00.625, 1, 166060, 100, 14, 334.16
2026/09/15 01:08:00.628, 2, 166060, 100, 14, 323.09
2026/09/15 01:08:00.631, 3, 165740, 100, 14, 335.93
2026/09/15 01:08:01.634, 0, 166759, 100, 14, 335.55
2026/09/15 01:08:01.637, 1, 166060, 100, 14, 334.91
2026/09/15 01:08:01.640, 2, 166060, 100, 14, 323.19
2026/09/15 01:08:01.643, 3, 165740, 100, 14, 335.09
2026/09/15 01:08:02.646, 0, 166759, 100, 14, 335.65
2026/09/15 01:08:02.649, 1, 166060, 100, 14, 334.37
2026/09/15 01:08:02.652, 2, 166060, 100, 14, 324.79
2026/09/15 01:08:02.655, 3, 165740, 100, 14, 335.75
2026/09/15 01:08:03.658, 0, 166759, 100, 14, 335.57
2026/09/15 01:08:03.661, 1, 166060, 100, 14, 334.74
2026/09/15 01:08:03.664, 2, 166060, 100, 14, 323.92
2026/09/15 01:08:03.667, 3, 165740, 100, 14, 336.11
2026/09/15 01:08:04.670, 0, 166759, 100, 14, 331.22
2026/09/15 01:08:04.673, 1, 166060, 100, 14, 319.95
2026/09/15 01:08:04.676, 2, 166060, 100, 14, 324.07
2026/09/15 01:08:04.679, 3, 165740, 100, 14, 337.81
2026/09/15 01:08:05.682, 0, 166759, 100, 14, 335.49
2026/09/15 01:08:05.685, 1, 166060, 100, 14, 334.98
2026/09/15 01:08:05.688, 2, 166060, 100, 14, 322.58
2026/09/15 01:08:05.691, 3, 165740, 100, 14, 337.53
2026/09/15 01:08:06.694, 0, 166759, 100, 14, 335.13
2026/09/15 01:08:06.697, 1, 166060, 100, 14, 334.36
2026/09/15 01:08:06.700, 2, 166060, 100, 14, 322.84
2026/09/15 01:08:06.703, 3, 165740, 100, 14, 336.74
2026/09/15 01:08:07.706, 0, 166759, 99, 14, 336.04
2026/09/15 01:08:07.709, 1, 166060, 100, 14, 334.53
2026/09/15 01:08:07.712, 2, 166060, 100, 14, 323.81
2026/09/15 01:08:07.715, 3, 165740, 100, 14, 334.33
2026/09/15 01:08:08.718, 0, 166759, 100, 14, 336.08
2026/09/15 01:08:08.721, 1, 166060, 100, 14, 335.63
2026/09/15 01:08:08.724, 2, 166060, 100, 14, 320.31
2026/09/15 01:08:08.727, 3, 165740, 100, 14, 334.97
2026/09/15 01:08:09.730, 0, 166759, 100, 14, 333.44
2026/09/15 01:08:09.733, 1, 166060, 100, 14, 318.81
2026/09/15 01:08:09.736, 2, 166060, 100, 14, 325.98
2026/09/15 01:08:09.739, 3, 165740, 100, 14, 335.87
2026/09/15 01:08:10.742, 0, 166759, 99, 14, 337.23
2026/09/15 01:08:10.745, 1, 166060, 100, 14, 334.60
2026/09/15 01:08:10.748, 2, 166060, 100, 14, 323.07
2026/09/15 01:08:10.751, 3, 165740, 100, 14, 338.11
2026/09/15 01:08:11.754, 0, 166759, 100, 14, 335.70
2026/09/15 01:08:11.757, 1, 166060, 100, 14, 334.89
2026/09/15 01:08:11.760, 2, 166060, 100, 14, 322.20
2026/09/15 01:08:11.762, 3, 165740, 100, 14, 334.79
2026/09/15 01:08:12.765, 0, 166759, 100, 14, 335.28
2026/09/15 01:08:12.768, 1, 166060, 100, 14, 334.09
2026/09/15 01:08:12.771, 2, 166060, 100, 14, 320.88
2026/09/15 01:08:12.774, 3, 165740, 100, 14, 336.05
2026/09/15 01:08:13.777, 0, 166759, 100, 14, 335.91
2026/09/15 01:08:13.780, 1, 166060, 100, 14, 335.14
2026/09/15 01:08:13.783, 2, 166060, 100, 14, 321.33
2026/09/15 01:08:13.786, 3, 165740, 100, 14, 336.64
2026/09/15 01:08:14.789, 0, 166759, 100, 14, 329.50
2026/09/15 01:08:14.792, 1, 166060, 100, 14, 318.35
2026/09/15 01:08:14.795, 2, 166060, 100, 14, 326.63
2026/09/15 01:08:14.798, 3, 165740, 100, 14, 337.20
2026/09/15 01:08:15.801, 0, 166759, 100, 14, 335.48
2026/09/15 01:08:15.804, 1, 166060, 100, 14, 334.53
2026/09/15 01:08:15.807, 2, 166060, 100, 14, 323.90
2026/09/15 01:08:15.810, 3, 165740, 100, 14, 333.77
2026/09/15 01:08:16.813, 0, 166759, 100, 14, 335.85
2026/09/15 01:08:16.816, 1, 166060, 100, 14, 334.44
2026/09/15 01:08:16.819, 2, 166060, 100, 14, 323.96
2026/09/15 01:08:16.822, 3, 165740, 100, 14, 336.12
2026/09/15 01:08:17.825, 0, 166759, 99, 14, 336.74
2026/09/15 01:08:17.828, 1, 166060, 100, 14, 334.45
2026/09/15 01:08:17.831, 2, 166060, 100, 14, 321.18
2026/09/15 01:08:17.834, 3, 165740, 100, 14, 336.73
2026/09/15 01:08:18.837, 0, 166759, 100, 14, 333.81
2026/09/15 01:08:18.840, 1, 166060, 10, 0, 320.25
2026/09/15 01:08:18.843, 2, 166060, 86, 8, 322.03
2026/09/15 01:08:18.846, 3, 165740, 86, 8, 336.18
2026/09/15 01:08:19.849, 0, 166759, 100, 14, 332.73
2026/09/15 01:08:19.852, 1, 166060, 100, 14, 333.39
2026/09/15 01:08:19.855, 2, 166060, 100, 14, 322.65
2026/09/15 01:08:19.858, 3, 165740, 100, 14, 337.53
2026/09/15 01:08:20.861, 0, 166759, 99, 13, 336.07
2026/09/15 01:08:20.864, 1, 166060, 100, 13, 334.62
2026/09/15 01:08:20.867, 2, 166060, 100, 14, 323.91
2026/09/15 01:08:20.870, 3, 165740, 100, 14, 334.58
2026/09/15 01:08:21.873, 0, 166759, 99, 14, 336.71
2026/09/15 01:08:21.876, 1, 166060, 100, 14, 334.30
2026/09/15 01:08:21.879, 2, 166060, 100, 14, 320.64
2026/09/15 01:08:21.882, 3, 165740, 100, 14, 334.82
2026/09/15 01:08:22.885, 0, 166759, 99, 14, 336.63
2026/09/15 01:08:22.888, 1, 166060, 100, 14, 334.76
2026/09/15 01:08:22.891, 2, 166060, 100, 14, 323.02
2026/09/15 01:08:22.894, 3, 165740, 100, 14, 335.24
2026/09/15 01:08:23.897, 0, 166759, 99, 14, 321.22
2026/09/15 01:08:23.900, 1, 166060, 100, 14, 328.69
2026/09/15 01:08:23.903, 2, 166060, 100, 14, 323.63
2026/09/15 01:08:23.906, 3, 165740, 78, 0, 337.28
2026/09/15 01:08:24.909, 0, 166759, 100, 14, 337.35
2026/09/15 01:08:24.912, 1, 166060, 100, 14, 333.46
2026/09/15 01:08:24.915, 2, 166060, 100, 14, 323.08
2026/09/15 01:08:24.918, 3, 165740, 100, 14, 337.91
2026/09/15 01:08:25.921, 0, 166759, 100, 14, 335.10
2026/09/15 01:08:25.924, 1, 166060, 100, 14, 334.22
2026/09/15 01:08:25.927, 2, 166060, 100, 14, 323.38
2026/09/15 01:08:25.929, 3, 165740, 100, 14, 336.08
2026/09/15 01:08:26.932, 0, 166759, 99, 14, 336.19
2026/09/15 01:08:26.935, 1, 166060, 100, 14, 334.38
2026/09/15 01:08:26.938, 2, 166060, 100, 14, 325.48
2026/09/15 01:08:26.941, 3, 165740, 100, 14, 336.64
2026/09/15 01:08:27.944, 0, 166759, 100, 14, 335.91
2026/09/15 01:08:27.947, 1, 166060, 100, 14, 335.69
2026/09/15 01:08:27.950, 2, 166060, 100, 14, 321.33
2026/09/15 01:08:27.953, 3, 165740, 100, 14, 334.98
2026/09/15 01:08:28.956, 0, 166759, 100, 14, 320.39
2026/09/15 01:08:28.960, 1, 166060, 100, 14, 329.32
2026/09/15 01:08:28.963, 2, 166060, 100, 14, 324.80
2026/09/15 01:08:28.965, 3, 165740, 100, 14, 337.51
2026/09/15 01:08:29.968, 0, 166759, 100, 14, 335.64
2026/09/15 01:08:29.972, 1, 166060, 100, 14, 334.75
2026/09/15 01:08:29.974, 2, 166060, 100, 14, 321.92
2026/09/15 01:08:29.977, 3, 165740, 100, 14, 337.80
2026/09/15 01:08:30.980, 0, 166759, 100, 14, 334.71
2026/09/15 01:08:30.984, 1, 166060, 100, 14, 334.21
2026/09/15 01:08:30.986, 2, 166060, 100, 14, 325.82
2026/09/15 01:08:30.989, 3, 165740, 100, 14, 332.59
2026/09/15 01:08:31.992, 0, 166759, 100, 14, 336.00
2026/09/15 01:08:31.996, 1, 166060, 100, 14, 334.45
2026/09/15 01:08:31.998, 2, 166060, 100, 14, 323.77
2026/09/15 01:08:32.001, 3, 165740, 100, 14, 336.88
2026/09/15 01:08:33.004, 0, 166759, 100, 14, 336.11
2026/09/15 01:08:33.007, 1, 166060, 100, 14, 335.58
2026/09/15 01:08:33.010, 2, 166060, 100, 14, 324.62
2026/09/15 01:08:33.013, 3, 165740, 100, 14, 334.87
2026/09/15 01:08:34.016, 0, 166759, 99, 14, 330.50
2026/09/15 01:08:34.019, 1, 166060, 100, 14, 318.28
2026/09/15 01:08:34.022, 2, 166060, 100, 14, 325.69
2026/09/15 01:08:34.025, 3, 165740, 100, 14, 336.25
2026/09/15 01:08:35.028, 0, 166759, 100, 14, 336.51
2026/09/15 01:08:35.031, 1, 166060, 100, 14, 334.52
2026/09/15 01:08:35.034, 2, 166060, 100, 14, 321.35
2026/09/15 01:08:35.037, 3, 165740, 100, 14, 337.34
2026/09/15 01:08:36.040, 0, 166759, 100, 14, 335.99
2026/09/15 01:08:36.043, 1, 166060, 100, 14, 334.16
2026/09/15 01:08:36.046, 2, 166060, 100, 14, 320.19
2026/09/15 01:08:36.049, 3, 165740, 100, 14, 336.83
2026/09/15 01:08:37.052, 0, 166759, 100, 14, 335.74
2026/09/15 01:08:37.055, 1, 166060, 100, 14, 333.73
2026/09/15 01:08:37.058, 2, 166060, 100, 14, 319.85
2026/09/15 01:08:37.061, 3, 165740, 100, 14, 336.37
2026/09/15 01:08:38.064, 0, 166759, 99, 14, 335.39
2026/09/15 01:08:38.067, 1, 166060, 100, 14, 335.42
2026/09/15 01:08:38.070, 2, 166060, 100, 14, 322.22
2026/09/15 01:08:38.073, 3, 165740, 100, 14, 336.57
2026/09/15 01:08:39.076, 0, 166759, 99, 14, 330.68
2026/09/15 01:08:39.080, 1, 166060, 100, 14, 318.34
2026/09/15 01:08:39.083, 2, 166060, 100, 14, 323.65
2026/09/15 01:08:39.085, 3, 165740, 100, 14, 337.24
2026/09/15 01:08:40.088, 0, 166759, 100, 14, 336.68
2026/09/15 01:08:40.092, 1, 166060, 100, 14, 334.67
2026/09/15 01:08:40.094, 2, 166060, 100, 14, 322.36
2026/09/15 01:08:40.097, 3, 165740, 100, 14, 333.61
2026/09/15 01:08:41.100, 0, 166759, 100, 14, 335.73
2026/09/15 01:08:41.103, 1, 166060, 100, 14, 334.30
2026/09/15 01:08:41.106, 2, 166060, 100, 14, 325.17
2026/09/15 01:08:41.109, 3, 165740, 100, 14, 339.35
2026/09/15 01:08:42.112, 0, 166759, 100, 14, 336.97
2026/09/15 01:08:42.116, 1, 166060, 100, 14, 335.05
2026/09/15 01:08:42.118, 2, 166060, 100, 14, 325.67
2026/09/15 01:08:42.121, 3, 165740, 100, 14, 333.78
2026/09/15 01:08:43.124, 0, 166759, 99, 14, 335.69
2026/09/15 01:08:43.127, 1, 166060, 100, 14, 335.84
2026/09/15 01:08:43.130, 2, 166060, 87, 8, 323.60
2026/09/15 01:08:43.133, 3, 165740, 86, 8, 336.94
2026/09/15 01:08:44.136, 0, 166759, 100, 14, 332.04
2026/09/15 01:08:44.139, 1, 166060, 100, 14, 325.33
2026/09/15 01:08:44.142, 2, 166060, 100, 14, 324.16
2026/09/15 01:08:44.145, 3, 165740, 100, 14, 339.29
2026/09/15 01:08:45.148, 0, 166759, 99, 14, 334.33
2026/09/15 01:08:45.151, 1, 166060, 100, 14, 334.23
2026/09/15 01:08:45.154, 2, 166060, 100, 14, 323.54
2026/09/15 01:08:45.157, 3, 165740, 100, 14, 338.29
2026/09/15 01:08:46.160, 0, 166759, 100, 14, 335.98
2026/09/15 01:08:46.163, 1, 166060, 100, 14, 334.14
2026/09/15 01:08:46.166, 2, 166060, 100, 14, 323.16
2026/09/15 01:08:46.169, 3, 165740, 100, 14, 335.01
2026/09/15 01:08:47.171, 0, 166759, 99, 14, 336.32
2026/09/15 01:08:47.175, 1, 166060, 100, 14, 334.60
2026/09/15 01:08:47.177, 2, 166060, 100, 14, 324.74
2026/09/15 01:08:47.180, 3, 165740, 100, 14, 335.91
2026/09/15 01:08:48.183, 0, 166759, 69, 5, 332.30
2026/09/15 01:08:48.186, 1, 166060, 39, 5, 318.21
2026/09/15 01:08:48.189, 2, 166060, 83, 0, 324.93
2026/09/15 01:08:48.192, 3, 165740, 82, 0, 338.23
2026/09/15 01:08:49.195, 0, 166759, 100, 14, 336.27
2026/09/15 01:08:49.198, 1, 166060, 100, 14, 333.87
2026/09/15 01:08:49.201, 2, 166060, 100, 14, 324.87
2026/09/15 01:08:49.204, 3, 165740, 100, 14, 336.36
2026/09/15 01:08:50.207, 0, 166759, 99, 14, 335.66
2026/09/15 01:08:50.210, 1, 166060, 100, 14, 335.29
2026/09/15 01:08:50.213, 2, 166060, 100, 14, 320.84
2026/09/15 01:08:50.216, 3, 165740, 100, 14, 330.65
2026/09/15 01:08:51.219, 0, 166759, 100, 14, 334.99
2026/09/15 01:08:51.222, 1, 166060, 100, 14, 334.59
2026/09/15 01:08:51.225, 2, 166060, 100, 14, 322.08
2026/09/15 01:08:51.228, 3, 165740, 100, 14, 336.15
2026/09/15 01:08:52.231, 0, 166759, 100, 14, 335.39
2026/09/15 01:08:52.234, 1, 166060, 100, 14, 335.70
2026/09/15 01:08:52.237, 2, 166060, 100, 14, 320.99
2026/09/15 01:08:52.240, 3, 165740, 100, 14, 336.46
2026/09/15 01:08:53.243, 0, 166759, 64, 3, 328.43
2026/09/15 01:08:53.246, 1, 166060, 100, 14, 318.03
2026/09/15 01:08:53.249, 2, 166060, 100, 14, 325.23
2026/09/15 01:08:53.251, 3, 165740, 100, 14, 336.82
2026/09/15 01:08:54.254, 0, 166759, 100, 14, 336.36
2026/09/15 01:08:54.258, 1, 166060, 100, 14, 334.71
2026/09/15 01:08:54.261, 2, 166060, 100, 14, 323.53
2026/09/15 01:08:54.263, 3, 165740, 100, 14, 336.38
2026/09/15 01:08:55.266, 0, 166759, 100, 14, 335.34
2026/09/15 01:08:55.270, 1, 166060, 100, 14, 334.62
2026/09/15 01:08:55.273, 2, 166060, 100, 14, 323.00
2026/09/15 01:08:55.275, 3, 165740, 100, 14, 333.82
2026/09/15 01:08:56.278, 0, 166759, 100, 14, 335.51
2026/09/15 01:08:56.282, 1, 166060, 100, 14, 334.54
2026/09/15 01:08:56.285, 2, 166060, 100, 14, 324.16
2026/09/15 01:08:56.287, 3, 165740, 100, 14, 335.54
2026/09/15 01:08:57.290, 0, 166759, 100, 14, 336.42
2026/09/15 01:08:57.294, 1, 166060, 100, 14, 334.53
2026/09/15 01:08:57.297, 2, 166060, 100, 14, 323.42
2026/09/15 01:08:57.299, 3, 165740, 100, 14, 335.38
2026/09/15 01:08:58.302, 0, 166759, 100, 14, 320.45
2026/09/15 01:08:58.306, 1, 166060, 100, 14, 329.91
2026/09/15 01:08:58.309, 2, 166060, 100, 14, 324.80
2026/09/15 01:08:58.311, 3, 165740, 100, 14, 337.55
2026/09/15 01:08:59.314, 0, 166759, 100, 14, 335.85
2026/09/15 01:08:59.318, 1, 166060, 100, 14, 334.62
2026/09/15 01:08:59.320, 2, 166060, 100, 14, 322.31
2026/09/15 01:08:59.323, 3, 165740, 100, 14, 331.83
2026/09/15 01:09:00.326, 0, 166759, 99, 14, 336.34
2026/09/15 01:09:00.329, 1, 166060, 100, 14, 334.78
2026/09/15 01:09:00.332, 2, 166060, 100, 14, 324.43
2026/09/15 01:09:00.335, 3, 165740, 100, 14, 338.09
2026/09/15 01:09:01.338, 0, 166759, 100, 14, 335.84
2026/09/15 01:09:01.341, 1, 166060, 100, 14, 335.22
2026/09/15 01:09:01.344, 2, 166060, 100, 14, 321.97
2026/09/15 01:09:01.347, 3, 165740, 100, 14, 334.93
2026/09/15 01:09:02.350, 0, 166759, 100, 14, 335.52
2026/09/15 01:09:02.353, 1, 166060, 100, 14, 334.59
2026/09/15 01:09:02.356, 2, 166060, 100, 14, 322.18
2026/09/15 01:09:02.359, 3, 165740, 100, 14, 334.93
2026/09/15 01:09:03.362, 0, 166759, 99, 14, 321.61
2026/09/15 01:09:03.366, 1, 166060, 100, 14, 327.49
2026/09/15 01:09:03.368, 2, 166060, 100, 14, 325.14
2026/09/15 01:09:03.371, 3, 165740, 100, 14, 338.13
2026/09/15 01:09:04.374, 0, 166759, 99, 14, 336.05
2026/09/15 01:09:04.378, 1, 166060, 100, 14, 334.24
2026/09/15 01:09:04.380, 2, 166060, 100, 14, 322.54
2026/09/15 01:09:04.383, 3, 165740, 100, 14, 332.66
2026/09/15 01:09:05.386, 0, 166759, 99, 14, 336.13
2026/09/15 01:09:05.389, 1, 166060, 100, 14, 334.63
2026/09/15 01:09:05.392, 2, 166060, 100, 14, 321.80
2026/09/15 01:09:05.395, 3, 165740, 100, 14, 337.57
2026/09/15 01:09:06.398, 0, 166759, 99, 14, 335.28
2026/09/15 01:09:06.401, 1, 166060, 100, 14, 334.54
2026/09/15 01:09:06.404, 2, 166060, 100, 14, 324.19
2026/09/15 01:09:06.407, 3, 165740, 100, 14, 335.64
2026/09/15 01:09:07.410, 0, 166759, 99, 14, 336.15
2026/09/15 01:09:07.413, 1, 166060, 100, 14, 335.15
2026/09/15 01:09:07.416, 2, 166060, 100, 14, 323.23
2026/09/15 01:09:07.419, 3, 165740, 100, 14, 335.88
2026/09/15 01:09:08.422, 0, 166759, 100, 14, 319.47
2026/09/15 01:09:08.425, 1, 166060, 100, 14, 327.97
2026/09/15 01:09:08.428, 2, 166060, 100, 14, 324.47
2026/09/15 01:09:08.431, 3, 165740, 100, 14, 336.39
2026/09/15 01:09:09.434, 0, 166759, 100, 14, 335.48
2026/09/15 01:09:09.437, 1, 166060, 100, 14, 334.13
2026/09/15 01:09:09.440, 2, 166060, 100, 14, 323.88
2026/09/15 01:09:09.443, 3, 165740, 100, 14, 333.99
2026/09/15 01:09:10.446, 0, 166759, 100, 14, 336.51
2026/09/15 01:09:10.449, 1, 166060, 100, 14, 335.05
2026/09/15 01:09:10.452, 2, 166060, 100, 14, 322.87
2026/09/15 01:09:10.455, 3, 165740, 100, 14, 336.45
2026/09/15 01:09:11.457, 0, 166759, 100, 14, 336.10
2026/09/15 01:09:11.460, 1, 166060, 100, 14, 333.33
2026/09/15 01:09:11.463, 2, 166060, 100, 14, 324.71
2026/09/15 01:09:11.466, 3, 165740, 100, 14, 336.43
2026/09/15 01:09:12.469, 0, 166759, 100, 14, 334.06
2026/09/15 01:09:12.472, 1, 166060, 63, 5, 331.46
2026/09/15 01:09:12.475, 2, 166060, 100, 14, 322.36
2026/09/15 01:09:12.478, 3, 165740, 100, 14, 336.48
2026/09/15 01:09:13.481, 0, 166759, 100, 14, 330.73
2026/09/15 01:09:13.484, 1, 166060, 100, 14, 333.45
2026/09/15 01:09:13.487, 2, 166060, 100, 14, 324.45
2026/09/15 01:09:13.490, 3, 165740, 100, 14, 335.13
2026/09/15 01:09:14.493, 0, 166759, 100, 14, 335.41
2026/09/15 01:09:14.496, 1, 166060, 100, 14, 334.77
2026/09/15 01:09:14.499, 2, 166060, 100, 14, 322.58
2026/09/15 01:09:14.502, 3, 165740, 100, 14, 331.60
2026/09/15 01:09:15.505, 0, 166759, 100, 14, 336.08
2026/09/15 01:09:15.508, 1, 166060, 100, 14, 334.91
2026/09/15 01:09:15.511, 2, 166060, 100, 14, 322.17
2026/09/15 01:09:15.514, 3, 165740, 100, 14, 335.39
2026/09/15 01:09:16.517, 0, 166759, 99, 14, 335.63
2026/09/15 01:09:16.520, 1, 166060, 100, 14, 335.17
2026/09/15 01:09:16.523, 2, 166060, 100, 14, 320.24
2026/09/15 01:09:16.526, 3, 165740, 100, 13, 335.22
2026/09/15 01:09:17.529, 0, 166759, 22, 2, 320.77
2026/09/15 01:09:17.532, 1, 166060, 66, 2, 331.63
2026/09/15 01:09:17.535, 2, 166060, 100, 14, 324.48
2026/09/15 01:09:17.538, 3, 165740, 79, 4, 339.03
2026/09/15 01:09:18.541, 0, 166759, 100, 14, 336.35
2026/09/15 01:09:18.544, 1, 166060, 100, 14, 334.32
2026/09/15 01:09:18.547, 2, 166060, 100, 14, 320.43
2026/09/15 01:09:18.550, 3, 165740, 100, 14, 333.57
2026/09/15 01:09:19.553, 0, 166759, 100, 14, 335.82
2026/09/15 01:09:19.556, 1, 166060, 100, 14, 334.52
2026/09/15 01:09:19.559, 2, 166060, 100, 14, 320.58
2026/09/15 01:09:19.562, 3, 165740, 100, 14, 336.93
2026/09/15 01:09:20.564, 0, 166759, 100, 14, 335.70
2026/09/15 01:09:20.568, 1, 166060, 100, 14, 333.99
2026/09/15 01:09:20.571, 2, 166060, 100, 14, 322.17
2026/09/15 01:09:20.574, 3, 165740, 100, 14, 337.57
2026/09/15 01:09:21.577, 0, 166759, 99, 14, 336.12
2026/09/15 01:09:21.580, 1, 166060, 100, 14, 334.75
2026/09/15 01:09:21.583, 2, 166060, 100, 14, 322.20
2026/09/15 01:09:21.586, 3, 165740, 100, 14, 335.11
2026/09/15 01:09:22.589, 0, 166759, 100, 14, 320.61
2026/09/15 01:09:22.592, 1, 166060, 100, 14, 330.47
2026/09/15 01:09:22.595, 2, 166060, 100, 14, 326.14
2026/09/15 01:09:22.598, 3, 165740, 100, 14, 338.04
2026/09/15 01:09:23.601, 0, 166759, 99, 14, 336.58
2026/09/15 01:09:23.604, 1, 166060, 100, 14, 335.48
2026/09/15 01:09:23.607, 2, 166060, 100, 14, 322.52
2026/09/15 01:09:23.610, 3, 165740, 100, 14, 334.85
2026/09/15 01:09:24.613, 0, 166759, 99, 14, 335.69
2026/09/15 01:09:24.616, 1, 166060, 100, 14, 334.24
2026/09/15 01:09:24.619, 2, 166060, 100, 14, 324.54
2026/09/15 01:09:24.622, 3, 165740, 100, 14, 336.72
2026/09/15 01:09:25.625, 0, 166759, 100, 14, 336.48
2026/09/15 01:09:25.628, 1, 166060, 100, 14, 333.77
2026/09/15 01:09:25.631, 2, 166060, 100, 14, 323.47
2026/09/15 01:09:25.634, 3, 165740, 100, 14, 335.51
2026/09/15 01:09:26.637, 0, 166759, 99, 14, 336.64
2026/09/15 01:09:26.640, 1, 166060, 100, 14, 335.22
2026/09/15 01:09:26.643, 2, 166060, 100, 14, 324.65
2026/09/15 01:09:26.646, 3, 165740, 100, 14, 335.99
2026/09/15 01:09:27.649, 0, 166759, 99, 14, 319.98
2026/09/15 01:09:27.652, 1, 166060, 100, 14, 328.12
2026/09/15 01:09:27.655, 2, 166060, 100, 14, 324.92
2026/09/15 01:09:27.658, 3, 165740, 100, 14, 338.04
2026/09/15 01:09:28.661, 0, 166759, 100, 14, 333.70
2026/09/15 01:09:28.664, 1, 166060, 100, 14, 334.92
2026/09/15 01:09:28.667, 2, 166060, 100, 14, 323.50
2026/09/15 01:09:28.670, 3, 165740, 100, 14, 337.34
2026/09/15 01:09:29.672, 0, 166759, 99, 14, 335.77
2026/09/15 01:09:29.676, 1, 166060, 100, 14, 335.10
2026/09/15 01:09:29.679, 2, 166060, 100, 14, 323.53
2026/09/15 01:09:29.681, 3, 165740, 100, 14, 335.35
2026/09/15 01:09:30.684, 0, 166759, 100, 14, 335.78
2026/09/15 01:09:30.688, 1, 166060, 100, 14, 334.53
2026/09/15 01:09:30.691, 2, 166060, 100, 14, 319.88
2026/09/15 01:09:30.693, 3, 165740, 100, 14, 335.33
2026/09/15 01:09:31.696, 0, 166759, 100, 14, 335.20
2026/09/15 01:09:31.700, 1, 166060, 100, 14, 334.69
2026/09/15 01:09:31.703, 2, 166060, 100, 14, 321.31
2026/09/15 01:09:31.705, 3, 165740, 100, 14, 335.68
2026/09/15 01:09:32.708, 0, 166759, 100, 14, 320.54
2026/09/15 01:09:32.712, 1, 166060, 100, 14, 330.29
2026/09/15 01:09:32.714, 2, 166060, 100, 14, 325.19
2026/09/15 01:09:32.717, 3, 165740, 100, 14, 339.90
2026/09/15 01:09:33.720, 0, 166759, 100, 14, 337.73
2026/09/15 01:09:33.724, 1, 166060, 100, 14, 334.69
2026/09/15 01:09:33.726, 2, 166060, 100, 14, 323.04
2026/09/15 01:09:33.729, 3, 165740, 100, 14, 338.10
2026/09/15 01:09:34.732, 0, 166759, 99, 14, 335.20
2026/09/15 01:09:34.736, 1, 166060, 100, 14, 334.83
2026/09/15 01:09:34.739, 2, 166060, 100, 14, 323.20
2026/09/15 01:09:34.741, 3, 165740, 100, 14, 337.39
2026/09/15 01:09:35.744, 0, 166759, 100, 14, 336.62
2026/09/15 01:09:35.747, 1, 166060, 100, 14, 335.23
2026/09/15 01:09:35.750, 2, 166060, 100, 14, 320.52
2026/09/15 01:09:35.753, 3, 165740, 100, 14, 335.68
2026/09/15 01:09:36.756, 0, 166759, 100, 14, 336.04
2026/09/15 01:09:36.759, 1, 166060, 100, 14, 332.45
2026/09/15 01:09:36.762, 2, 166060, 100, 14, 326.20
2026/09/15 01:09:36.765, 3, 165740, 100, 14, 336.33
2026/09/15 01:09:37.768, 0, 166759, 100, 14, 320.32
2026/09/15 01:09:37.771, 1, 166060, 100, 14, 330.54
2026/09/15 01:09:37.774, 2, 166060, 100, 14, 325.49
2026/09/15 01:09:37.777, 3, 165740, 100, 14, 340.15
2026/09/15 01:09:38.780, 0, 166759, 100, 14, 335.06
2026/09/15 01:09:38.783, 1, 166060, 100, 14, 334.07
2026/09/15 01:09:38.786, 2, 166060, 100, 14, 322.25
2026/09/15 01:09:38.789, 3, 165740, 100, 14, 336.70
2026/09/15 01:09:39.792, 0, 166759, 100, 14, 335.43
2026/09/15 01:09:39.795, 1, 166060, 100, 14, 335.22
2026/09/15 01:09:39.798, 2, 166060, 100, 14, 321.02
2026/09/15 01:09:39.800, 3, 165740, 100, 14, 337.80
2026/09/15 01:09:40.803, 0, 166759, 100, 14, 335.20
2026/09/15 01:09:40.807, 1, 166060, 100, 14, 335.41
2026/09/15 01:09:40.810, 2, 166060, 100, 14, 322.03
2026/09/15 01:09:40.813, 3, 165740, 100, 14, 334.06
2026/09/15 01:09:41.816, 0, 166759, 100, 14, 322.91
2026/09/15 01:09:41.819, 1, 166060, 100, 14, 329.72
2026/09/15 01:09:41.822, 2, 166060, 79, 4, 323.77
2026/09/15 01:09:41.825, 3, 165740, 78, 4, 337.83
2026/09/15 01:09:42.827, 0, 166759, 100, 14, 330.89
2026/09/15 01:09:42.831, 1, 166060, 100, 14, 333.97
2026/09/15 01:09:42.833, 2, 166060, 100, 14, 324.63
2026/09/15 01:09:42.836, 3, 165740, 100, 14, 334.39
2026/09/15 01:09:43.839, 0, 166759, 100, 14, 336.32
2026/09/15 01:09:43.842, 1, 166060, 100, 14, 334.77
2026/09/15 01:09:43.845, 2, 166060, 100, 14, 322.87
2026/09/15 01:09:43.848, 3, 165740, 100, 14, 333.45
2026/09/15 01:09:44.851, 0, 166759, 99, 14, 336.23
2026/09/15 01:09:44.854, 1, 166060, 100, 14, 335.35
2026/09/15 01:09:44.857, 2, 166060, 100, 14, 325.01
2026/09/15 01:09:44.860, 3, 165740, 100, 14, 337.84
2026/09/15 01:09:45.863, 0, 166759, 100, 14, 336.06
2026/09/15 01:09:45.866, 1, 166060, 100, 14, 334.55
2026/09/15 01:09:45.869, 2, 166060, 100, 14, 321.17
2026/09/15 01:09:45.872, 3, 165740, 100, 14, 336.95
2026/09/15 01:09:46.875, 0, 166759, 15, 0, 321.67
2026/09/15 01:09:46.878, 1, 166060, 100, 14, 318.40
2026/09/15 01:09:46.881, 2, 166060, 74, 4, 321.89
2026/09/15 01:09:46.884, 3, 165740, 81, 4, 337.28
2026/09/15 01:09:47.887, 0, 166759, 100, 14, 336.13
2026/09/15 01:09:47.890, 1, 166060, 100, 14, 333.26
2026/09/15 01:09:47.893, 2, 166060, 100, 14, 322.26
2026/09/15 01:09:47.895, 3, 165740, 100, 14, 334.30
2026/09/15 01:09:48.898, 0, 166759, 100, 14, 336.86
2026/09/15 01:09:48.902, 1, 166060, 100, 14, 334.37
2026/09/15 01:09:48.905, 2, 166060, 100, 14, 325.69
2026/09/15 01:09:48.907, 3, 165740, 100, 14, 335.76
2026/09/15 01:09:49.910, 0, 166759, 100, 14, 336.69
2026/09/15 01:09:49.913, 1, 166060, 100, 14, 334.75
2026/09/15 01:09:49.916, 2, 166060, 100, 14, 323.82
2026/09/15 01:09:49.919, 3, 165740, 100, 14, 336.92
2026/09/15 01:09:50.922, 0, 166759, 100, 14, 336.95
2026/09/15 01:09:50.925, 1, 166060, 100, 14, 334.36
2026/09/15 01:09:50.928, 2, 166060, 100, 14, 324.07
2026/09/15 01:09:50.931, 3, 165740, 100, 14, 336.11
2026/09/15 01:09:51.934, 0, 166759, 99, 14, 320.02
2026/09/15 01:09:51.937, 1, 166060, 100, 14, 328.52
2026/09/15 01:09:51.940, 2, 166060, 100, 14, 321.27
2026/09/15 01:09:51.943, 3, 165740, 100, 14, 337.22
2026/09/15 01:09:52.946, 0, 166759, 100, 14, 336.94
2026/09/15 01:09:52.949, 1, 166060, 100, 14, 333.62
2026/09/15 01:09:52.952, 2, 166060, 100, 14, 322.22
2026/09/15 01:09:52.955, 3, 165740, 100, 14, 336.72
2026/09/15 01:09:53.958, 0, 166759, 100, 14, 336.80
2026/09/15 01:09:53.961, 1, 166060, 100, 14, 334.67
2026/09/15 01:09:53.964, 2, 166060, 100, 14, 324.58
2026/09/15 01:09:53.967, 3, 165740, 100, 14, 335.60
2026/09/15 01:09:54.970, 0, 166759, 100, 14, 335.85
2026/09/15 01:09:54.973, 1, 166060, 100, 14, 334.75
2026/09/15 01:09:54.976, 2, 166060, 100, 14, 323.32
2026/09/15 01:09:54.979, 3, 165740, 100, 14, 336.98
2026/09/15 01:09:55.982, 0, 166759, 99, 14, 335.96
2026/09/15 01:09:55.985, 1, 166060, 100, 14, 334.44
2026/09/15 01:09:55.988, 2, 166060, 100, 14, 320.43
2026/09/15 01:09:55.991, 3, 165740, 100, 14, 335.97
2026/09/15 01:09:56.994, 0, 166759, 100, 14, 320.29
2026/09/15 01:09:56.997, 1, 166060, 100, 14, 330.51
2026/09/15 01:09:57.000, 2, 166060, 100, 14, 323.76
2026/09/15 01:09:57.003, 3, 165740, 100, 14, 337.75
2026/09/15 01:09:58.006, 0, 166759, 100, 14, 335.79
2026/09/15 01:09:58.009, 1, 166060, 100, 14, 334.13
2026/09/15 01:09:58.012, 2, 166060, 100, 14, 322.36
2026/09/15 01:09:58.015, 3, 165740, 100, 14, 334.33
2026/09/15 01:09:59.018, 0, 166759, 100, 14, 336.27
2026/09/15 01:09:59.021, 1, 166060, 100, 14, 335.08
2026/09/15 01:09:59.024, 2, 166060, 100, 14, 322.90
2026/09/15 01:09:59.027, 3, 165740, 100, 14, 332.34
2026/09/15 01:10:00.030, 0, 166759, 100, 14, 336.06
2026/09/15 01:10:00.033, 1, 166060, 100, 14, 335.00
2026/09/15 01:10:00.036, 2, 166060, 100, 14, 321.24
2026/09/15 01:10:00.039, 3, 165740, 100, 14, 335.51
2026/09/15 01:10:01.042, 0, 166759, 100, 14, 336.86
2026/09/15 01:10:01.045, 1, 166060, 100, 14, 333.61
2026/09/15 01:10:01.048, 2, 166060, 100, 14, 321.57
2026/09/15 01:10:01.051, 3, 165740, 100, 14, 338.05
2026/09/15 01:10:02.054, 0, 166759, 99, 14, 321.47
2026/09/15 01:10:02.057, 1, 166060, 100, 14, 329.17
2026/09/15 01:10:02.060, 2, 166060, 100, 14, 326.49
2026/09/15 01:10:02.062, 3, 165740, 100, 14, 335.89
2026/09/15 01:10:03.065, 0, 166759, 99, 14, 337.17
2026/09/15 01:10:03.069, 1, 166060, 100, 14, 334.85
2026/09/15 01:10:03.072, 2, 166060, 100, 14, 323.47
2026/09/15 01:10:03.074, 3, 165740, 100, 14, 336.28
2026/09/15 01:10:04.077, 0, 166759, 100, 14, 334.98
2026/09/15 01:10:04.081, 1, 166060, 100, 14, 334.30
2026/09/15 01:10:04.084, 2, 166060, 100, 14, 324.13
2026/09/15 01:10:04.086, 3, 165740, 100, 14, 335.65
2026/09/15 01:10:05.089, 0, 166759, 99, 14, 335.49
2026/09/15 01:10:05.093, 1, 166060, 100, 14, 335.53
2026/09/15 01:10:05.095, 2, 166060, 100, 14, 323.14
2026/09/15 01:10:05.098, 3, 165740, 100, 14, 337.88
2026/09/15 01:10:06.101, 0, 166759, 99, 14, 330.02
2026/09/15 01:10:06.105, 1, 166060, 100, 14, 332.65
2026/09/15 01:10:06.107, 2, 166060, 100, 14, 322.43
2026/09/15 01:10:06.110, 3, 165740, 100, 14, 337.19
2026/09/15 01:10:07.113, 0, 166759, 99, 14, 324.35
2026/09/15 01:10:07.116, 1, 166060, 100, 14, 331.01
2026/09/15 01:10:07.119, 2, 166060, 100, 14, 325.30
2026/09/15 01:10:07.122, 3, 165740, 100, 14, 338.09
2026/09/15 01:10:08.125, 0, 166759, 99, 14, 335.02
2026/09/15 01:10:08.128, 1, 166060, 100, 14, 334.23
2026/09/15 01:10:08.131, 2, 166060, 100, 14, 321.05
2026/09/15 01:10:08.134, 3, 165740, 100, 14, 338.35
2026/09/15 01:10:09.137, 0, 166759, 100, 14, 335.83
2026/09/15 01:10:09.140, 1, 166060, 100, 14, 334.60
2026/09/15 01:10:09.143, 2, 166060, 100, 14, 322.39
2026/09/15 01:10:09.146, 3, 165740, 100, 14, 336.59
2026/09/15 01:10:10.149, 0, 166759, 99, 14, 336.20
2026/09/15 01:10:10.152, 1, 166060, 100, 14, 335.08
2026/09/15 01:10:10.155, 2, 166060, 100, 14, 321.68
2026/09/15 01:10:10.158, 3, 165740, 100, 14, 336.63
2026/09/15 01:10:11.161, 0, 166759, 11, 1, 321.26
2026/09/15 01:10:11.164, 1, 166060, 56, 1, 332.62
2026/09/15 01:10:11.167, 2, 166060, 82, 4, 323.92
2026/09/15 01:10:11.170, 3, 165740, 82, 4, 337.79
2026/09/15 01:10:12.173, 0, 166759, 100, 14, 335.59
2026/09/15 01:10:12.176, 1, 166060, 100, 14, 334.64
2026/09/15 01:10:12.179, 2, 166060, 100, 14, 323.23
2026/09/15 01:10:12.182, 3, 165740, 100, 14, 334.80
2026/09/15 01:10:13.184, 0, 166759, 100, 14, 336.61
2026/09/15 01:10:13.187, 1, 166060, 100, 14, 334.46
2026/09/15 01:10:13.190, 2, 166060, 100, 14, 320.32
2026/09/15 01:10:13.193, 3, 165740, 100, 14, 333.91
2026/09/15 01:10:14.196, 0, 166759, 100, 14, 335.71
2026/09/15 01:10:14.199, 1, 166060, 100, 14, 335.08
2026/09/15 01:10:14.202, 2, 166060, 100, 14, 323.03
2026/09/15 01:10:14.205, 3, 165740, 100, 14, 334.86
2026/09/15 01:10:15.208, 0, 166759, 100, 14, 335.98
2026/09/15 01:10:15.211, 1, 166060, 99, 14, 334.29
2026/09/15 01:10:15.214, 2, 166060, 100, 14, 322.06
2026/09/15 01:10:15.217, 3, 165740, 100, 14, 336.32
2026/09/15 01:10:16.220, 0, 166759, 57, 7, 321.09
2026/09/15 01:10:16.223, 1, 166060, 78, 7, 328.30
2026/09/15 01:10:16.226, 2, 166060, 100, 14, 323.62
2026/09/15 01:10:16.229, 3, 165740, 100, 14, 337.04
2026/09/15 01:10:17.232, 0, 166759, 100, 14, 336.34
2026/09/15 01:10:17.235, 1, 166060, 100, 14, 334.08
2026/09/15 01:10:17.237, 2, 166060, 100, 14, 322.51
2026/09/15 01:10:17.240, 3, 165740, 100, 14, 338.01
2026/09/15 01:10:18.243, 0, 166759, 99, 14, 335.25
2026/09/15 01:10:18.247, 1, 166060, 100, 14, 334.62
2026/09/15 01:10:18.249, 2, 166060, 100, 14, 320.98
2026/09/15 01:10:18.252, 3, 165740, 100, 14, 338.31
2026/09/15 01:10:19.255, 0, 166759, 100, 14, 336.81
2026/09/15 01:10:19.258, 1, 166060, 100, 14, 335.20
2026/09/15 01:10:19.261, 2, 166060, 100, 14, 324.96
2026/09/15 01:10:19.264, 3, 165740, 100, 14, 334.46
2026/09/15 01:10:20.267, 0, 166759, 100, 14, 335.70
2026/09/15 01:10:20.270, 1, 166060, 100, 14, 335.39
2026/09/15 01:10:20.273, 2, 166060, 100, 14, 321.92
2026/09/15 01:10:20.276, 3, 165740, 100, 14, 335.63
2026/09/15 01:10:21.279, 0, 166759, 100, 14, 320.62
2026/09/15 01:10:21.282, 1, 166060, 100, 14, 330.99
2026/09/15 01:10:21.285, 2, 166060, 100, 14, 323.93
2026/09/15 01:10:21.288, 3, 165740, 100, 14, 338.74
2026/09/15 01:10:22.291, 0, 166759, 100, 14, 335.02
2026/09/15 01:10:22.294, 1, 166060, 100, 14, 334.08
2026/09/15 01:10:22.297, 2, 166060, 100, 14, 322.59
2026/09/15 01:10:22.300, 3, 165740, 100, 14, 334.70
2026/09/15 01:10:23.303, 0, 166759, 100, 14, 336.04
2026/09/15 01:10:23.306, 1, 166060, 100, 14, 335.05
2026/09/15 01:10:23.309, 2, 166060, 100, 14, 320.50
2026/09/15 01:10:23.311, 3, 165740, 100, 14, 336.76
2026/09/15 01:10:24.314, 0, 166759, 100, 14, 336.26
2026/09/15 01:10:24.318, 1, 166060, 100, 14, 334.39
2026/09/15 01:10:24.321, 2, 166060, 100, 14, 321.75
2026/09/15 01:10:24.324, 3, 165740, 100, 14, 335.98
2026/09/15 01:10:25.327, 0, 166759, 100, 14, 335.25
2026/09/15 01:10:25.330, 1, 166060, 100, 14, 333.84
2026/09/15 01:10:25.333, 2, 166060, 100, 14, 323.44
2026/09/15 01:10:25.336, 3, 165740, 100, 14, 336.12
2026/09/15 01:10:26.338, 0, 166759, 100, 14, 320.24
2026/09/15 01:10:26.341, 1, 166060, 100, 14, 332.39
2026/09/15 01:10:26.344, 2, 166060, 99, 14, 325.80
2026/09/15 01:10:26.347, 3, 165740, 100, 14, 335.92
2026/09/15 01:10:27.350, 0, 166759, 100, 14, 334.53
2026/09/15 01:10:27.353, 1, 166060, 99, 14, 334.32
2026/09/15 01:10:27.356, 2, 166060, 99, 14, 322.97
2026/09/15 01:10:27.359, 3, 165740, 100, 14, 336.09
2026/09/15 01:10:28.362, 0, 166759, 100, 14, 336.55
2026/09/15 01:10:28.365, 1, 166060, 99, 14, 334.46
2026/09/15 01:10:28.368, 2, 166060, 99, 14, 321.76
2026/09/15 01:10:28.371, 3, 165740, 100, 14, 336.66
2026/09/15 01:10:29.374, 0, 166759, 100, 14, 336.21
2026/09/15 01:10:29.377, 1, 166060, 100, 14, 334.22
2026/09/15 01:10:29.380, 2, 166060, 99, 14, 324.36
2026/09/15 01:10:29.383, 3, 165740, 100, 14, 334.81
2026/09/15 01:10:30.386, 0, 166759, 100, 14, 336.20
2026/09/15 01:10:30.389, 1, 166060, 100, 14, 335.14
2026/09/15 01:10:30.392, 2, 166060, 100, 14, 324.29
2026/09/15 01:10:30.395, 3, 165740, 100, 14, 336.07
2026/09/15 01:10:31.398, 0, 166759, 100, 14, 320.63
2026/09/15 01:10:31.401, 1, 166060, 100, 14, 329.96
2026/09/15 01:10:31.404, 2, 166060, 100, 14, 324.35
2026/09/15 01:10:31.407, 3, 165740, 100, 14, 337.21
2026/09/15 01:10:32.410, 0, 166759, 99, 14, 336.41
2026/09/15 01:10:32.413, 1, 166060, 100, 14, 334.47
2026/09/15 01:10:32.416, 2, 166060, 100, 14, 324.75
2026/09/15 01:10:32.419, 3, 165740, 100, 14, 334.89
2026/09/15 01:10:33.421, 0, 166759, 100, 14, 335.77
2026/09/15 01:10:33.425, 1, 166060, 100, 14, 334.84
2026/09/15 01:10:33.428, 2, 166060, 100, 14, 323.76
2026/09/15 01:10:33.431, 3, 165740, 100, 14, 336.20
2026/09/15 01:10:34.434, 0, 166759, 100, 14, 336.68
2026/09/15 01:10:34.437, 1, 166060, 100, 14, 333.21
2026/09/15 01:10:34.440, 2, 166060, 100, 14, 321.99
2026/09/15 01:10:34.443, 3, 165740, 100, 14, 337.11
2026/09/15 01:10:35.446, 0, 166759, 100, 14, 328.78
2026/09/15 01:10:35.449, 1, 166060, 100, 14, 332.94
2026/09/15 01:10:35.452, 2, 166060, 100, 14, 321.43
2026/09/15 01:10:35.455, 3, 165740, 100, 14, 334.95
2026/09/15 01:10:36.458, 0, 166759, 100, 14, 328.29
2026/09/15 01:10:36.461, 1, 166060, 100, 14, 332.27
2026/09/15 01:10:36.464, 2, 166060, 100, 14, 323.06
2026/09/15 01:10:36.467, 3, 165740, 100, 14, 337.25
2026/09/15 01:10:37.470, 0, 166759, 100, 14, 334.60
2026/09/15 01:10:37.473, 1, 166060, 100, 14, 335.07
2026/09/15 01:10:37.476, 2, 166060, 100, 14, 321.46
2026/09/15 01:10:37.479, 3, 165740, 100, 14, 335.59
2026/09/15 01:10:38.482, 0, 166759, 100, 14, 334.99
2026/09/15 01:10:38.485, 1, 166060, 100, 14, 334.51
2026/09/15 01:10:38.488, 2, 166060, 100, 14, 323.37
2026/09/15 01:10:38.491, 3, 165740, 100, 14, 336.51
2026/09/15 01:10:39.494, 0, 166759, 100, 14, 336.20
2026/09/15 01:10:39.497, 1, 166060, 100, 14, 334.99
2026/09/15 01:10:39.500, 2, 166060, 100, 14, 322.32
2026/09/15 01:10:39.503, 3, 165740, 100, 14, 337.48
2026/09/15 01:10:40.506, 0, 166759, 11, 0, 321.85
2026/09/15 01:10:40.509, 1, 166060, 77, 6, 327.52
2026/09/15 01:10:40.512, 2, 166060, 77, 0, 327.11
2026/09/15 01:10:40.515, 3, 165740, 76, 0, 338.33
2026/09/15 01:10:41.518, 0, 166759, 99, 14, 335.91
2026/09/15 01:10:41.521, 1, 166060, 99, 14, 334.85
2026/09/15 01:10:41.524, 2, 166060, 100, 14, 323.81
2026/09/15 01:10:41.527, 3, 165740, 100, 14, 335.68
2026/09/15 01:10:42.530, 0, 166759, 100, 14, 335.54
2026/09/15 01:10:42.533, 1, 166060, 100, 14, 334.13
2026/09/15 01:10:42.536, 2, 166060, 100, 14, 321.41
2026/09/15 01:10:42.539, 3, 165740, 100, 14, 337.93
2026/09/15 01:10:43.542, 0, 166759, 100, 14, 336.74
2026/09/15 01:10:43.545, 1, 166060, 100, 14, 334.81
2026/09/15 01:10:43.548, 2, 166060, 100, 14, 322.38
2026/09/15 01:10:43.551, 3, 165740, 100, 14, 336.11
2026/09/15 01:10:44.554, 0, 166759, 100, 14, 336.68
2026/09/15 01:10:44.558, 1, 166060, 99, 14, 334.32
2026/09/15 01:10:44.561, 2, 166060, 99, 14, 320.74
2026/09/15 01:10:44.564, 3, 165740, 100, 14, 336.69
2026/09/15 01:10:45.567, 0, 166759, 100, 14, 320.89
2026/09/15 01:10:45.570, 1, 166060, 100, 14, 331.92
2026/09/15 01:10:45.573, 2, 166060, 100, 14, 323.97
2026/09/15 01:10:45.576, 3, 165740, 100, 14, 337.55
2026/09/15 01:10:46.579, 0, 166759, 100, 14, 335.99
2026/09/15 01:10:46.582, 1, 166060, 100, 14, 334.58
2026/09/15 01:10:46.585, 2, 166060, 100, 14, 322.16
2026/09/15 01:10:46.588, 3, 165740, 100, 14, 338.69
2026/09/15 01:10:47.591, 0, 166759, 100, 14, 336.01
2026/09/15 01:10:47.594, 1, 166060, 100, 14, 333.91
2026/09/15 01:10:47.597, 2, 166060, 100, 14, 322.45
2026/09/15 01:10:47.600, 3, 165740, 100, 14, 338.91
2026/09/15 01:10:48.603, 0, 166759, 100, 14, 335.85
2026/09/15 01:10:48.606, 1, 166060, 100, 14, 335.04
2026/09/15 01:10:48.609, 2, 166060, 100, 14, 324.45
2026/09/15 01:10:48.612, 3, 165740, 100, 14, 337.25
2026/09/15 01:10:49.615, 0, 166759, 100, 14, 335.28
2026/09/15 01:10:49.619, 1, 166060, 100, 14, 334.14
2026/09/15 01:10:49.622, 2, 166060, 100, 14, 319.68
2026/09/15 01:10:49.624, 3, 165740, 100, 14, 336.42
2026/09/15 01:10:50.627, 0, 166759, 0, 0, 268.24
2026/09/15 01:10:50.630, 1, 166060, 0, 0, 270.03
2026/09/15 01:10:50.633, 2, 166060, 0, 0, 261.93
2026/09/15 01:10:50.636, 3, 165740, 0, 0, 274.37
2026/09/15 01:10:51.638, 0, 166759, 0, 0, 228.41
2026/09/15 01:10:51.641, 1, 166060, 0, 0, 227.27
2026/09/15 01:10:51.644, 2, 166060, 0, 0, 216.84
2026/09/15 01:10:51.646, 3, 165740, 0, 0, 232.64
2026/09/15 01:10:52.649, 0, 166759, 0, 0, 228.41
2026/09/15 01:10:52.652, 1, 166060, 0, 0, 227.27
2026/09/15 01:10:52.654, 2, 166060, 0, 0, 215.77
2026/09/15 01:10:52.657, 3, 165740, 0, 0, 232.65
2026/09/15 01:10:53.659, 0, 166759, 0, 0, 228.40
2026/09/15 01:10:53.662, 1, 166060, 0, 0, 227.04
2026/09/15 01:10:53.665, 2, 166060, 0, 0, 215.70
2026/09/15 01:10:53.667, 3, 165740, 0, 0, 232.65
2026/09/15 01:10:54.670, 0, 166759, 0, 0, 228.41
2026/09/15 01:10:54.674, 1, 166060, 0, 0, 227.27
2026/09/15 01:10:54.676, 2, 166060, 0, 0, 215.62
2026/09/15 01:10:54.679, 3, 165740, 0, 0, 232.65
2026/09/15 01:10:55.682, 0, 166759, 0, 0, 228.41
2026/09/15 01:10:55.685, 1, 166060, 0, 0, 227.27
2026/09/15 01:10:55.688, 2, 166060, 0, 0, 215.54
2026/09/15 01:10:55.690, 3, 165740, 0, 0, 232.64
2026/09/15 01:10:56.693, 0, 166759, 0, 0, 228.41
2026/09/15 01:10:56.696, 1, 166060, 0, 0, 227.27
2026/09/15 01:10:56.699, 2, 166060, 0, 0, 215.69
2026/09/15 01:10:56.702, 3, 165740, 0, 0, 232.65
2026/09/15 01:10:57.705, 0, 166759, 0, 0, 228.41
2026/09/15 01:10:57.708, 1, 166060, 0, 0, 227.27
2026/09/15 01:10:57.711, 2, 166060, 0, 0, 215.53
2026/09/15 01:10:57.714, 3, 165740, 0, 0, 232.63
2026/09/15 01:10:58.717, 0, 166759, 0, 0, 228.41
2026/09/15 01:10:58.720, 1, 166060, 0, 0, 227.27
2026/09/15 01:10:58.723, 2, 166060, 0, 0, 215.62
2026/09/15 01:10:58.726, 3, 165740, 0, 0, 232.64
2026/09/15 01:10:59.729, 0, 166759, 0, 0, 228.41
2026/09/15 01:10:59.732, 1, 166060, 0, 0, 227.27
2026/09/15 01:10:59.735, 2, 166060, 0, 0, 215.54
2026/09/15 01:10:59.737, 3, 165740, 0, 0, 232.63
2026/09/15 01:11:00.740, 0, 166759, 0, 0, 228.41
2026/09/15 01:11:00.744, 1, 166060, 0, 0, 227.27
2026/09/15 01:11:00.747, 2, 166060, 0, 0, 215.54
2026/09/15 01:11:00.749, 3, 165740, 0, 0, 232.63
2026/09/15 01:11:01.752, 0, 166759, 0, 0, 228.41
2026/09/15 01:11:01.756, 1, 166060, 0, 0, 227.27
2026/09/15 01:11:01.758, 2, 166060, 0, 0, 215.54
2026/09/15 01:11:01.761, 3, 165740, 0, 0, 232.63
2026/09/15 01:11:02.764, 0, 166759, 0, 0, 228.41
2026/09/15 01:11:02.767, 1, 166060, 0, 0, 227.27
2026/09/15 01:11:02.770, 2, 166060, 0, 0, 215.54
2026/09/15 01:11:02.773, 3, 165740, 0, 0, 232.64
2026/09/15 01:11:03.776, 0, 166759, 0, 0, 228.41
2026/09/15 01:11:03.780, 1, 166060, 0, 0, 227.27
2026/09/15 01:11:03.783, 2, 166060, 0, 0, 215.61
2026/09/15 01:11:03.786, 3, 165740, 0, 0, 232.63
2026/09/15 01:11:04.789, 0, 166759, 16, 1, 235.51
2026/09/15 01:11:04.793, 1, 166060, 10, 0, 245.85
2026/09/15 01:11:04.795, 2, 166060, 65, 1, 254.01
2026/09/15 01:11:04.798, 3, 165740, 65, 1, 277.26
2026/09/15 01:11:05.801, 0, 166759, 0, 0, 249.27
2026/09/15 01:11:05.804, 1, 166060, 0, 0, 253.96
2026/09/15 01:11:05.807, 2, 166060, 0, 0, 259.10
2026/09/15 01:11:05.810, 3, 165740, 0, 0, 270.43
2026/09/15 01:11:06.812, 0, 166759, 99, 14, 316.75
2026/09/15 01:11:06.816, 1, 166060, 100, 14, 283.19
2026/09/15 01:11:06.818, 2, 166060, 100, 14, 314.18
2026/09/15 01:11:06.821, 3, 165740, 100, 14, 340.12
2026/09/15 01:11:07.824, 0, 166759, 100, 14, 341.86
2026/09/15 01:11:07.827, 1, 166060, 99, 14, 340.02
2026/09/15 01:11:07.830, 2, 166060, 100, 14, 328.78
2026/09/15 01:11:07.833, 3, 165740, 100, 14, 341.38
2026/09/15 01:11:08.836, 0, 166759, 100, 14, 342.82
2026/09/15 01:11:08.839, 1, 166060, 100, 14, 341.01
2026/09/15 01:11:08.842, 2, 166060, 100, 14, 329.58
2026/09/15 01:11:08.845, 3, 165740, 100, 14, 343.18
2026/09/15 01:11:09.847, 0, 166759, 100, 14, 343.13
2026/09/15 01:11:09.851, 1, 166060, 100, 14, 341.62
2026/09/15 01:11:09.853, 2, 166060, 100, 14, 329.61
2026/09/15 01:11:09.856, 3, 165740, 100, 14, 342.96
2026/09/15 01:11:10.859, 0, 166759, 99, 14, 342.98
2026/09/15 01:11:10.862, 1, 166060, 100, 14, 342.51
2026/09/15 01:11:10.865, 2, 166060, 100, 14, 330.22
2026/09/15 01:11:10.868, 3, 165740, 100, 14, 343.13
2026/09/15 01:11:11.871, 0, 166761, 100, 14, 313.21
2026/09/15 01:11:11.874, 1, 166062, 90, 10, 340.77
2026/09/15 01:11:11.876, 2, 166062, 100, 14, 348.05
2026/09/15 01:11:11.879, 3, 165742, 100, 14, 370.59
2026/09/15 01:11:12.882, 0, 166761, 100, 14, 341.81
2026/09/15 01:11:12.885, 1, 166062, 100, 14, 340.96
2026/09/15 01:11:12.888, 2, 166062, 100, 14, 329.61
2026/09/15 01:11:12.891, 3, 165742, 100, 14, 342.62
2026/09/15 01:11:13.894, 0, 166761, 100, 14, 342.20
2026/09/15 01:11:13.897, 1, 166062, 100, 14, 341.95
2026/09/15 01:11:13.900, 2, 166062, 100, 14, 329.68
2026/09/15 01:11:13.903, 3, 165742, 100, 14, 342.51
2026/09/15 01:11:14.905, 0, 166761, 100, 14, 342.38
2026/09/15 01:11:14.909, 1, 166062, 100, 14, 341.40
2026/09/15 01:11:14.911, 2, 166062, 100, 14, 329.83
2026/09/15 01:11:14.914, 3, 165742, 100, 14, 343.56
2026/09/15 01:11:15.917, 0, 166761, 100, 14, 342.17
2026/09/15 01:11:15.920, 1, 166062, 100, 14, 341.15
2026/09/15 01:11:15.923, 2, 166062, 100, 14, 330.44
2026/09/15 01:11:15.926, 3, 165742, 100, 14, 343.18
2026/09/15 01:11:16.929, 0, 166761, 100, 14, 315.31
2026/09/15 01:11:16.932, 1, 166062, 53, 7, 334.77
2026/09/15 01:11:16.934, 2, 166062, 61, 1, 349.44
2026/09/15 01:11:16.937, 3, 165742, 76, 1, 372.53
2026/09/15 01:11:17.940, 0, 166761, 99, 14, 341.35
2026/09/15 01:11:17.943, 1, 166062, 99, 14, 341.57
2026/09/15 01:11:17.946, 2, 166062, 99, 14, 329.08
2026/09/15 01:11:17.949, 3, 165742, 99, 14, 343.00
2026/09/15 01:11:18.952, 0, 166761, 100, 14, 342.25
2026/09/15 01:11:18.954, 1, 166062, 99, 14, 341.63
2026/09/15 01:11:18.957, 2, 166062, 100, 14, 329.58
2026/09/15 01:11:18.960, 3, 165742, 100, 14, 342.68
2026/09/15 01:11:19.963, 0, 166761, 99, 14, 342.73
2026/09/15 01:11:19.966, 1, 166062, 100, 14, 342.17
2026/09/15 01:11:19.969, 2, 166062, 99, 14, 330.29
2026/09/15 01:11:19.972, 3, 165742, 100, 14, 343.21
2026/09/15 01:11:20.975, 0, 166761, 100, 14, 343.47
2026/09/15 01:11:20.978, 1, 166062, 99, 14, 342.40
2026/09/15 01:11:20.981, 2, 166062, 99, 14, 330.89
2026/09/15 01:11:20.983, 3, 165742, 100, 14, 344.78
2026/09/15 01:11:21.986, 0, 166761, 16, 1, 318.13
2026/09/15 01:11:21.989, 1, 166062, 59, 0, 330.88
2026/09/15 01:11:21.992, 2, 166062, 64, 1, 347.97
2026/09/15 01:11:21.995, 3, 165742, 74, 1, 369.25
2026/09/15 01:11:22.998, 0, 166761, 100, 14, 335.89
2026/09/15 01:11:23.001, 1, 166062, 100, 14, 340.86
2026/09/15 01:11:23.004, 2, 166062, 100, 14, 331.80
2026/09/15 01:11:23.007, 3, 165742, 100, 14, 346.90
2026/09/15 01:11:24.010, 0, 166761, 100, 14, 342.64
2026/09/15 01:11:24.013, 1, 166062, 100, 14, 341.41
2026/09/15 01:11:24.016, 2, 166062, 100, 14, 329.63
2026/09/15 01:11:24.019, 3, 165742, 100, 14, 343.09
2026/09/15 01:11:25.022, 0, 166761, 100, 14, 342.76
2026/09/15 01:11:25.025, 1, 166062, 100, 14, 341.86
2026/09/15 01:11:25.028, 2, 166062, 100, 14, 329.54
2026/09/15 01:11:25.031, 3, 165742, 100, 14, 343.15
2026/09/15 01:11:26.034, 0, 166761, 100, 14, 343.55
2026/09/15 01:11:26.037, 1, 166062, 100, 14, 341.88
2026/09/15 01:11:26.040, 2, 166062, 100, 14, 329.74
2026/09/15 01:11:26.042, 3, 165742, 100, 14, 343.63
2026/09/15 01:11:27.045, 0, 166761, 50, 6, 328.50
2026/09/15 01:11:27.048, 1, 166062, 100, 14, 345.66
2026/09/15 01:11:27.051, 2, 166062, 81, 8, 338.55
2026/09/15 01:11:27.054, 3, 165742, 86, 7, 357.41
2026/09/15 01:11:28.057, 0, 166761, 99, 14, 324.92
2026/09/15 01:11:28.060, 1, 166062, 100, 14, 340.14
2026/09/15 01:11:28.063, 2, 166062, 100, 14, 343.11
2026/09/15 01:11:28.066, 3, 165742, 100, 14, 362.23
2026/09/15 01:11:29.069, 0, 166761, 99, 14, 342.18
2026/09/15 01:11:29.072, 1, 166062, 100, 14, 342.02
2026/09/15 01:11:29.075, 2, 166062, 100, 14, 329.85
2026/09/15 01:11:29.078, 3, 165742, 100, 14, 342.84
2026/09/15 01:11:30.081, 0, 166761, 100, 14, 342.83
2026/09/15 01:11:30.084, 1, 166062, 100, 14, 341.73
2026/09/15 01:11:30.087, 2, 166062, 100, 14, 329.93
2026/09/15 01:11:30.090, 3, 165742, 100, 14, 343.02
2026/09/15 01:11:31.093, 0, 166761, 99, 14, 343.69
2026/09/15 01:11:31.096, 1, 166062, 100, 14, 341.42
2026/09/15 01:11:31.099, 2, 166062, 100, 14, 330.79
2026/09/15 01:11:31.102, 3, 165742, 100, 14, 343.37
2026/09/15 01:11:32.105, 0, 166761, 99, 14, 343.10
2026/09/15 01:11:32.108, 1, 166062, 100, 14, 340.98
2026/09/15 01:11:32.110, 2, 166062, 100, 14, 330.44
2026/09/15 01:11:32.113, 3, 165742, 100, 14, 344.20
2026/09/15 01:11:33.116, 0, 166761, 100, 14, 311.79
2026/09/15 01:11:33.119, 1, 166062, 100, 14, 356.73
2026/09/15 01:11:33.122, 2, 166062, 100, 14, 352.12
2026/09/15 01:11:33.125, 3, 165742, 100, 14, 374.25
2026/09/15 01:11:34.128, 0, 166761, 100, 14, 342.97
2026/09/15 01:11:34.131, 1, 166062, 100, 14, 341.07
2026/09/15 01:11:34.134, 2, 166062, 100, 14, 329.81
2026/09/15 01:11:34.137, 3, 165742, 100, 14, 342.55
2026/09/15 01:11:35.140, 0, 166761, 100, 14, 342.61
2026/09/15 01:11:35.143, 1, 166062, 100, 14, 342.03
2026/09/15 01:11:35.146, 2, 166062, 100, 14, 329.44
2026/09/15 01:11:35.149, 3, 165742, 100, 14, 343.27
2026/09/15 01:11:36.152, 0, 166761, 100, 14, 343.41
2026/09/15 01:11:36.155, 1, 166062, 100, 14, 342.16
2026/09/15 01:11:36.158, 2, 166062, 100, 14, 330.06
2026/09/15 01:11:36.161, 3, 165742, 100, 14, 342.85
2026/09/15 01:11:37.164, 0, 166761, 100, 14, 342.95
2026/09/15 01:11:37.167, 1, 166062, 100, 14, 342.18
2026/09/15 01:11:37.170, 2, 166062, 100, 14, 330.51
2026/09/15 01:11:37.173, 3, 165742, 100, 14, 343.17
2026/09/15 01:11:38.176, 0, 166761, 100, 14, 313.48
2026/09/15 01:11:38.179, 1, 166062, 100, 14, 349.47
2026/09/15 01:11:38.182, 2, 166062, 100, 14, 345.83
2026/09/15 01:11:38.185, 3, 165742, 100, 14, 370.51
2026/09/15 01:11:39.188, 0, 166761, 100, 14, 342.98
2026/09/15 01:11:39.191, 1, 166062, 100, 14, 341.33
2026/09/15 01:11:39.194, 2, 166062, 100, 14, 329.34
2026/09/15 01:11:39.197, 3, 165742, 100, 14, 342.87
2026/09/15 01:11:40.200, 0, 166761, 100, 14, 343.53
2026/09/15 01:11:40.203, 1, 166062, 100, 14, 342.05
2026/09/15 01:11:40.206, 2, 166062, 100, 14, 329.76
2026/09/15 01:11:40.209, 3, 165742, 100, 14, 343.08
2026/09/15 01:11:41.212, 0, 166761, 100, 14, 343.48
2026/09/15 01:11:41.215, 1, 166062, 100, 14, 341.85
2026/09/15 01:11:41.218, 2, 166062, 100, 14, 329.75
2026/09/15 01:11:41.221, 3, 165742, 100, 14, 343.69
2026/09/15 01:11:42.224, 0, 166761, 100, 14, 344.03
2026/09/15 01:11:42.227, 1, 166062, 100, 14, 342.43
2026/09/15 01:11:42.230, 2, 166062, 100, 14, 330.64
2026/09/15 01:11:42.233, 3, 165742, 99, 14, 343.38
2026/09/15 01:11:43.236, 0, 166761, 100, 14, 314.40
2026/09/15 01:11:43.239, 1, 166062, 99, 14, 348.25
2026/09/15 01:11:43.242, 2, 166062, 100, 14, 343.93
2026/09/15 01:11:43.245, 3, 165742, 100, 14, 368.00
2026/09/15 01:11:44.248, 0, 166761, 100, 14, 342.64
2026/09/15 01:11:44.251, 1, 166062, 100, 14, 341.50
2026/09/15 01:11:44.254, 2, 166062, 100, 14, 330.55
2026/09/15 01:11:44.257, 3, 165742, 100, 14, 342.93
2026/09/15 01:11:45.260, 0, 166761, 100, 14, 343.61
2026/09/15 01:11:45.263, 1, 166062, 100, 14, 342.13
2026/09/15 01:11:45.266, 2, 166062, 100, 14, 328.70
2026/09/15 01:11:45.269, 3, 165742, 100, 14, 343.25
2026/09/15 01:11:46.272, 0, 166761, 99, 14, 343.00
2026/09/15 01:11:46.275, 1, 166062, 100, 14, 342.10
2026/09/15 01:11:46.278, 2, 166062, 100, 14, 329.53
2026/09/15 01:11:46.281, 3, 165742, 100, 14, 343.46
2026/09/15 01:11:47.284, 0, 166761, 100, 14, 342.41
2026/09/15 01:11:47.287, 1, 166062, 100, 14, 341.84
2026/09/15 01:11:47.290, 2, 166062, 100, 14, 330.41
2026/09/15 01:11:47.293, 3, 165742, 100, 13, 342.90
2026/09/15 01:11:48.296, 0, 166761, 60, 8, 314.26
2026/09/15 01:11:48.299, 1, 166062, 74, 8, 336.02
2026/09/15 01:11:48.302, 2, 166062, 84, 7, 350.49
2026/09/15 01:11:48.305, 3, 165742, 87, 7, 374.02
2026/09/15 01:11:49.308, 0, 166761, 100, 14, 342.69
2026/09/15 01:11:49.311, 1, 166062, 100, 14, 341.30
2026/09/15 01:11:49.314, 2, 166062, 100, 14, 329.41
2026/09/15 01:11:49.317, 3, 165742, 100, 14, 342.74
2026/09/15 01:11:50.320, 0, 166761, 100, 14, 343.11
2026/09/15 01:11:50.323, 1, 166062, 100, 14, 341.84
2026/09/15 01:11:50.326, 2, 166062, 100, 14, 329.86
2026/09/15 01:11:50.329, 3, 165742, 100, 14, 342.41
2026/09/15 01:11:51.332, 0, 166761, 100, 14, 342.85
2026/09/15 01:11:51.335, 1, 166062, 100, 14, 341.74
2026/09/15 01:11:51.338, 2, 166062, 100, 14, 329.98
2026/09/15 01:11:51.341, 3, 165742, 100, 14, 342.73
2026/09/15 01:11:52.344, 0, 166761, 100, 14, 343.19
2026/09/15 01:11:52.347, 1, 166062, 100, 14, 341.05
2026/09/15 01:11:52.350, 2, 166062, 100, 14, 330.58
2026/09/15 01:11:52.353, 3, 165742, 100, 13, 343.10
2026/09/15 01:11:53.356, 0, 166761, 75, 6, 341.14
2026/09/15 01:11:53.359, 1, 166062, 46, 6, 311.79
2026/09/15 01:11:53.362, 2, 166062, 69, 1, 348.08
2026/09/15 01:11:53.365, 3, 165742, 73, 1, 370.86
2026/09/15 01:11:54.368, 0, 166761, 100, 14, 342.98
2026/09/15 01:11:54.371, 1, 166062, 99, 14, 342.46
2026/09/15 01:11:54.374, 2, 166062, 100, 14, 330.39
2026/09/15 01:11:54.377, 3, 165742, 100, 14, 342.95
2026/09/15 01:11:55.380, 0, 166761, 99, 14, 343.05
2026/09/15 01:11:55.383, 1, 166062, 99, 14, 341.29
2026/09/15 01:11:55.386, 2, 166062, 100, 14, 329.45
2026/09/15 01:11:55.389, 3, 165742, 100, 14, 343.02
2026/09/15 01:11:56.392, 0, 166761, 100, 14, 343.47
2026/09/15 01:11:56.395, 1, 166062, 100, 14, 341.99
2026/09/15 01:11:56.398, 2, 166062, 100, 14, 330.07
2026/09/15 01:11:56.401, 3, 165742, 100, 14, 342.90
2026/09/15 01:11:57.404, 0, 166761, 100, 14, 343.39
2026/09/15 01:11:57.407, 1, 166062, 100, 14, 342.26
2026/09/15 01:11:57.410, 2, 166062, 100, 14, 330.61
2026/09/15 01:11:57.413, 3, 165742, 100, 14, 343.06
2026/09/15 01:11:58.416, 0, 166761, 10, 0, 325.40
2026/09/15 01:11:58.419, 1, 166062, 64, 0, 340.67
2026/09/15 01:11:58.422, 2, 166062, 71, 0, 335.02
2026/09/15 01:11:58.424, 3, 165742, 73, 1, 355.45
2026/09/15 01:11:59.427, 0, 166761, 100, 14, 330.84
2026/09/15 01:11:59.430, 1, 166062, 99, 14, 354.43
2026/09/15 01:11:59.433, 2, 166062, 100, 14, 349.07
2026/09/15 01:11:59.436, 3, 165742, 100, 14, 362.53
2026/09/15 01:12:00.439, 0, 166761, 100, 14, 342.70
2026/09/15 01:12:00.442, 1, 166062, 100, 14, 341.52
2026/09/15 01:12:00.445, 2, 166062, 100, 14, 330.12
2026/09/15 01:12:00.448, 3, 165742, 100, 14, 342.47
2026/09/15 01:12:01.451, 0, 166761, 100, 14, 343.13
2026/09/15 01:12:01.454, 1, 166062, 100, 14, 341.85
2026/09/15 01:12:01.457, 2, 166062, 100, 14, 330.97
2026/09/15 01:12:01.460, 3, 165742, 100, 14, 343.54
2026/09/15 01:12:02.463, 0, 166761, 100, 14, 342.90
2026/09/15 01:12:02.466, 1, 166062, 100, 14, 341.77
2026/09/15 01:12:02.469, 2, 166062, 100, 14, 330.38
2026/09/15 01:12:02.472, 3, 165742, 100, 14, 343.23
2026/09/15 01:12:03.475, 0, 166761, 100, 14, 337.95
2026/09/15 01:12:03.478, 1, 166062, 99, 14, 341.46
2026/09/15 01:12:03.480, 2, 166062, 100, 14, 329.29
2026/09/15 01:12:03.483, 3, 165742, 89, 9, 342.66
2026/09/15 01:12:04.486, 0, 166761, 100, 14, 318.80
2026/09/15 01:12:04.489, 1, 166062, 100, 14, 348.34
2026/09/15 01:12:04.492, 2, 166062, 100, 14, 348.36
2026/09/15 01:12:04.495, 3, 165742, 100, 14, 370.14
2026/09/15 01:12:05.498, 0, 166761, 100, 14, 343.47
2026/09/15 01:12:05.501, 1, 166062, 100, 14, 341.38
2026/09/15 01:12:05.504, 2, 166062, 100, 14, 329.68
2026/09/15 01:12:05.507, 3, 165742, 100, 14, 343.55
2026/09/15 01:12:06.510, 0, 166761, 100, 14, 342.61
2026/09/15 01:12:06.513, 1, 166062, 100, 14, 341.60
2026/09/15 01:12:06.516, 2, 166062, 100, 14, 329.32
2026/09/15 01:12:06.519, 3, 165742, 100, 14, 343.84
2026/09/15 01:12:07.522, 0, 166761, 100, 14, 343.92
2026/09/15 01:12:07.525, 1, 166062, 100, 14, 342.07
2026/09/15 01:12:07.528, 2, 166062, 100, 14, 330.50
2026/09/15 01:12:07.531, 3, 165742, 100, 14, 344.84
2026/09/15 01:12:08.534, 0, 166761, 100, 14, 343.90
2026/09/15 01:12:08.537, 1, 166062, 100, 14, 342.70
2026/09/15 01:12:08.540, 2, 166062, 100, 14, 331.29
2026/09/15 01:12:08.543, 3, 165742, 100, 14, 344.05
2026/09/15 01:12:09.546, 0, 166761, 100, 14, 314.25
2026/09/15 01:12:09.549, 1, 166062, 100, 14, 355.23
2026/09/15 01:12:09.552, 2, 166062, 100, 14, 351.81
2026/09/15 01:12:09.555, 3, 165742, 100, 14, 373.19
2026/09/15 01:12:10.558, 0, 166761, 100, 14, 342.40
2026/09/15 01:12:10.561, 1, 166062, 100, 14, 341.86
2026/09/15 01:12:10.564, 2, 166062, 100, 14, 330.91
2026/09/15 01:12:10.566, 3, 165742, 100, 14, 342.03
2026/09/15 01:12:11.569, 0, 166761, 100, 14, 343.10
2026/09/15 01:12:11.573, 1, 166062, 99, 14, 341.26
2026/09/15 01:12:11.576, 2, 166062, 100, 14, 330.69
2026/09/15 01:12:11.579, 3, 165742, 100, 14, 342.86
2026/09/15 01:12:12.581, 0, 166761, 100, 14, 343.26
2026/09/15 01:12:12.585, 1, 166062, 100, 14, 343.11
2026/09/15 01:12:12.588, 2, 166062, 100, 14, 331.12
2026/09/15 01:12:12.591, 3, 165742, 100, 14, 343.02
2026/09/15 01:12:13.594, 0, 166761, 100, 14, 343.26
2026/09/15 01:12:13.597, 1, 166062, 100, 14, 342.10
2026/09/15 01:12:13.600, 2, 166062, 100, 14, 330.35
2026/09/15 01:12:13.603, 3, 165742, 100, 14, 344.21
2026/09/15 01:12:14.606, 0, 166761, 100, 14, 316.03
2026/09/15 01:12:14.609, 1, 166062, 100, 14, 321.31
2026/09/15 01:12:14.612, 2, 166062, 100, 14, 345.26
2026/09/15 01:12:14.615, 3, 165742, 100, 14, 367.45
2026/09/15 01:12:15.618, 0, 166761, 100, 14, 342.05
2026/09/15 01:12:15.621, 1, 166062, 100, 14, 341.27
2026/09/15 01:12:15.624, 2, 166062, 100, 14, 329.67
2026/09/15 01:12:15.626, 3, 165742, 100, 14, 342.35
2026/09/15 01:12:16.629, 0, 166761, 100, 14, 342.68
2026/09/15 01:12:16.633, 1, 166062, 100, 14, 341.06
2026/09/15 01:12:16.636, 2, 166062, 100, 14, 330.61
2026/09/15 01:12:16.639, 3, 165742, 100, 14, 342.99
2026/09/15 01:12:17.641, 0, 166761, 100, 14, 343.18
2026/09/15 01:12:17.645, 1, 166062, 100, 14, 342.41
2026/09/15 01:12:17.648, 2, 166062, 100, 14, 330.76
2026/09/15 01:12:17.650, 3, 165742, 100, 14, 343.80
2026/09/15 01:12:18.653, 0, 166761, 99, 14, 343.52
2026/09/15 01:12:18.657, 1, 166062, 100, 14, 342.07
2026/09/15 01:12:18.660, 2, 166062, 100, 14, 330.34
2026/09/15 01:12:18.662, 3, 165742, 100, 14, 343.53
2026/09/15 01:12:19.665, 0, 166761, 99, 14, 314.91
2026/09/15 01:12:19.668, 1, 166062, 100, 14, 309.91
2026/09/15 01:12:19.671, 2, 166062, 100, 14, 353.56
2026/09/15 01:12:19.674, 3, 165742, 100, 14, 372.89
2026/09/15 01:12:20.677, 0, 166761, 99, 14, 342.49
2026/09/15 01:12:20.680, 1, 166062, 100, 14, 340.91
2026/09/15 01:12:20.683, 2, 166062, 100, 14, 329.33
2026/09/15 01:12:20.686, 3, 165742, 100, 14, 342.42
2026/09/15 01:12:21.689, 0, 166761, 99, 14, 342.39
2026/09/15 01:12:21.692, 1, 166062, 100, 14, 341.76
2026/09/15 01:12:21.695, 2, 166062, 100, 14, 330.07
2026/09/15 01:12:21.698, 3, 165742, 100, 14, 342.94
2026/09/15 01:12:22.701, 0, 166761, 100, 14, 342.70
2026/09/15 01:12:22.704, 1, 166062, 100, 14, 341.60
2026/09/15 01:12:22.707, 2, 166062, 100, 14, 329.60
2026/09/15 01:12:22.710, 3, 165742, 100, 14, 342.79
2026/09/15 01:12:23.713, 0, 166761, 99, 14, 343.33
2026/09/15 01:12:23.716, 1, 166062, 100, 14, 342.11
2026/09/15 01:12:23.719, 2, 166062, 100, 14, 330.11
2026/09/15 01:12:23.722, 3, 165742, 100, 14, 343.13
2026/09/15 01:12:24.725, 0, 166761, 11, 1, 312.44
2026/09/15 01:12:24.728, 1, 166062, 100, 14, 353.45
2026/09/15 01:12:24.731, 2, 166062, 62, 1, 348.10
2026/09/15 01:12:24.734, 3, 165742, 83, 5, 372.73
2026/09/15 01:12:25.737, 0, 166761, 100, 14, 342.67
2026/09/15 01:12:25.740, 1, 166062, 100, 14, 342.38
2026/09/15 01:12:25.743, 2, 166062, 100, 14, 329.78
2026/09/15 01:12:25.746, 3, 165742, 100, 14, 342.87
2026/09/15 01:12:26.749, 0, 166761, 99, 14, 342.41
2026/09/15 01:12:26.752, 1, 166062, 100, 14, 341.44
2026/09/15 01:12:26.755, 2, 166062, 100, 14, 329.98
2026/09/15 01:12:26.758, 3, 165742, 100, 14, 342.49
2026/09/15 01:12:27.761, 0, 166761, 100, 14, 342.53
2026/09/15 01:12:27.764, 1, 166062, 100, 14, 341.90
2026/09/15 01:12:27.767, 2, 166062, 100, 14, 330.98
2026/09/15 01:12:27.770, 3, 165742, 100, 14, 343.16
2026/09/15 01:12:28.773, 0, 166761, 99, 14, 342.97
2026/09/15 01:12:28.776, 1, 166062, 100, 14, 342.11
2026/09/15 01:12:28.779, 2, 166062, 100, 14, 330.50
2026/09/15 01:12:28.781, 3, 165742, 100, 14, 342.78
2026/09/15 01:12:29.784, 0, 166761, 0, 0, 311.99
2026/09/15 01:12:29.787, 1, 166062, 0, 0, 312.46
2026/09/15 01:12:29.790, 2, 166062, 52, 7, 304.71
2026/09/15 01:12:29.793, 3, 165742, 0, 0, 316.23
2026/09/15 01:12:30.796, 0, 166761, 0, 0, 228.62
2026/09/15 01:12:30.799, 1, 166062, 0, 0, 227.27
2026/09/15 01:12:30.801, 2, 166062, 0, 0, 217.99
2026/09/15 01:12:30.804, 3, 165742, 0, 0, 232.63
2026/09/15 01:12:31.806, 0, 166761, 0, 0, 228.41
2026/09/15 01:12:31.809, 1, 166062, 0, 0, 227.27
2026/09/15 01:12:31.812, 2, 166062, 0, 0, 216.07
2026/09/15 01:12:31.814, 3, 165742, 0, 0, 232.63
2026/09/15 01:12:32.817, 0, 166761, 0, 0, 228.41
2026/09/15 01:12:32.820, 1, 166062, 0, 0, 227.27
2026/09/15 01:12:32.823, 2, 166062, 0, 0, 215.84
2026/09/15 01:12:32.825, 3, 165742, 0, 0, 232.65
2026/09/15 01:12:33.828, 0, 166761, 0, 0, 228.40
2026/09/15 01:12:33.831, 1, 166062, 0, 0, 227.19
2026/09/15 01:12:33.834, 2, 166062, 0, 0, 215.61
2026/09/15 01:12:33.837, 3, 165742, 0, 0, 232.66
2026/09/15 01:12:34.839, 0, 166761, 0, 0, 228.41
2026/09/15 01:12:34.843, 1, 166062, 0, 0, 227.27
2026/09/15 01:12:34.846, 2, 166062, 0, 0, 215.54
2026/09/15 01:12:34.849, 3, 165742, 0, 0, 232.63
2026/09/15 01:12:35.851, 0, 166761, 0, 0, 228.41
2026/09/15 01:12:35.855, 1, 166062, 0, 0, 227.27
2026/09/15 01:12:35.858, 2, 166062, 0, 0, 215.77
2026/09/15 01:12:35.860, 3, 165742, 0, 0, 232.64
2026/09/15 01:12:36.863, 0, 166761, 0, 0, 228.41
2026/09/15 01:12:36.867, 1, 166062, 0, 0, 227.27
2026/09/15 01:12:36.870, 2, 166062, 0, 0, 215.62
2026/09/15 01:12:36.872, 3, 165742, 0, 0, 232.64
2026/09/15 01:12:37.875, 0, 166761, 0, 0, 228.41
2026/09/15 01:12:37.879, 1, 166062, 0, 0, 227.27
2026/09/15 01:12:37.881, 2, 166062, 0, 0, 215.45
2026/09/15 01:12:37.884, 3, 165742, 0, 0, 232.63
2026/09/15 01:12:38.887, 0, 166761, 0, 0, 228.41
2026/09/15 01:12:38.890, 1, 166062, 0, 0, 227.27
2026/09/15 01:12:38.893, 2, 166062, 0, 0, 215.54
2026/09/15 01:12:38.896, 3, 165742, 0, 0, 232.64
2026/09/15 01:12:39.898, 0, 166761, 0, 0, 228.41
2026/09/15 01:12:39.902, 1, 166062, 0, 0, 227.27
2026/09/15 01:12:39.905, 2, 166062, 0, 0, 215.54
2026/09/15 01:12:39.908, 3, 165742, 0, 0, 232.64
2026/09/15 01:12:40.910, 0, 166761, 0, 0, 228.41
2026/09/15 01:12:40.914, 1, 166062, 0, 0, 227.27
2026/09/15 01:12:40.917, 2, 166062, 0, 0, 215.54
2026/09/15 01:12:40.920, 3, 165742, 0, 0, 232.64
2026/09/15 01:12:41.922, 0, 166761, 0, 0, 228.41
2026/09/15 01:12:41.926, 1, 166062, 0, 0, 227.27
2026/09/15 01:12:41.929, 2, 166062, 0, 0, 215.54
2026/09/15 01:12:41.932, 3, 165742, 0, 0, 232.65
2026/09/15 01:12:42.935, 0, 166761, 0, 0, 228.41
2026/09/15 01:12:42.939, 1, 166062, 0, 0, 227.27
2026/09/15 01:12:42.942, 2, 166062, 0, 0, 215.54
2026/09/15 01:12:42.945, 3, 165742, 0, 0, 232.65
2026/09/15 01:12:43.948, 0, 166761, 0, 0, 228.41
2026/09/15 01:12:43.952, 1, 166062, 0, 0, 227.57
2026/09/15 01:12:43.955, 2, 166062, 0, 0, 215.54
2026/09/15 01:12:43.957, 3, 165742, 0, 0, 232.64
2026/09/15 01:12:44.960, 0, 166761, 0, 0, 252.85
2026/09/15 01:12:44.964, 1, 166062, 0, 0, 289.94
2026/09/15 01:12:44.967, 2, 166062, 0, 0, 291.14
2026/09/15 01:12:44.969, 3, 165742, 0, 0, 313.79
2026/09/15 01:12:45.972, 0, 166761, 100, 14, 262.67
2026/09/15 01:12:45.976, 1, 166062, 100, 14, 262.65
2026/09/15 01:12:45.979, 2, 166062, 91, 9, 299.13
2026/09/15 01:12:45.981, 3, 165742, 91, 9, 316.98
2026/09/15 01:12:46.984, 0, 166761, 100, 14, 341.66
2026/09/15 01:12:46.987, 1, 166062, 100, 14, 341.45
2026/09/15 01:12:46.990, 2, 166062, 100, 14, 329.15
2026/09/15 01:12:46.993, 3, 165742, 100, 14, 342.16
2026/09/15 01:12:47.996, 0, 166761, 100, 14, 342.60
2026/09/15 01:12:47.999, 1, 166062, 100, 14, 341.75
2026/09/15 01:12:48.002, 2, 166062, 100, 14, 329.94
2026/09/15 01:12:48.005, 3, 165742, 100, 14, 343.01
2026/09/15 01:12:49.008, 0, 166761, 100, 14, 342.17
2026/09/15 01:12:49.011, 1, 166062, 100, 14, 341.81
2026/09/15 01:12:49.014, 2, 166062, 100, 14, 330.06
2026/09/15 01:12:49.017, 3, 165742, 100, 14, 342.71
2026/09/15 01:12:50.020, 0, 166761, 100, 14, 343.28
2026/09/15 01:12:50.023, 1, 166062, 100, 14, 342.09
2026/09/15 01:12:50.026, 2, 166062, 100, 14, 330.27
2026/09/15 01:12:50.029, 3, 165742, 100, 14, 343.61
2026/09/15 01:12:51.032, 0, 166761, 21, 1, 317.26
2026/09/15 01:12:51.035, 1, 166062, 13, 1, 321.59
2026/09/15 01:12:51.038, 2, 166062, 87, 8, 355.34
2026/09/15 01:12:51.041, 3, 165742, 83, 8, 368.09
2026/09/15 01:12:52.043, 0, 166761, 100, 14, 341.34
2026/09/15 01:12:52.046, 1, 166062, 100, 14, 340.75
2026/09/15 01:12:52.049, 2, 166062, 100, 14, 328.76
2026/09/15 01:12:52.052, 3, 165742, 100, 14, 342.52
2026/09/15 01:12:53.055, 0, 166761, 100, 14, 343.27
2026/09/15 01:12:53.058, 1, 166062, 100, 14, 341.57
2026/09/15 01:12:53.061, 2, 166062, 100, 14, 329.38
2026/09/15 01:12:53.064, 3, 165742, 100, 14, 342.31
2026/09/15 01:12:54.067, 0, 166761, 100, 14, 343.04
2026/09/15 01:12:54.070, 1, 166062, 100, 14, 342.75
2026/09/15 01:12:54.073, 2, 166062, 100, 14, 329.82
2026/09/15 01:12:54.075, 3, 165742, 100, 14, 343.24
2026/09/15 01:12:55.078, 0, 166761, 100, 14, 342.91
2026/09/15 01:12:55.081, 1, 166062, 100, 14, 341.96
2026/09/15 01:12:55.084, 2, 166062, 100, 14, 329.75
2026/09/15 01:12:55.087, 3, 165742, 100, 14, 343.88
2026/09/15 01:12:56.090, 0, 166761, 35, 4, 323.70
2026/09/15 01:12:56.093, 1, 166062, 36, 4, 337.58
2026/09/15 01:12:56.096, 2, 166062, 75, 1, 342.87
2026/09/15 01:12:56.099, 3, 165742, 75, 1, 358.10
2026/09/15 01:12:57.101, 0, 166761, 100, 14, 330.19
2026/09/15 01:12:57.104, 1, 166062, 100, 14, 346.89
2026/09/15 01:12:57.107, 2, 166062, 100, 14, 332.96
2026/09/15 01:12:57.110, 3, 165742, 100, 14, 355.83
2026/09/15 01:12:58.113, 0, 166761, 100, 14, 342.33
2026/09/15 01:12:58.116, 1, 166062, 100, 14, 341.91
2026/09/15 01:12:58.119, 2, 166062, 100, 14, 330.45
2026/09/15 01:12:58.122, 3, 165742, 100, 14, 343.09
2026/09/15 01:12:59.125, 0, 166761, 100, 14, 343.53
2026/09/15 01:12:59.128, 1, 166062, 100, 14, 342.27
2026/09/15 01:12:59.131, 2, 166062, 100, 14, 329.75
2026/09/15 01:12:59.133, 3, 165742, 100, 14, 343.15
2026/09/15 01:13:00.136, 0, 166761, 99, 14, 343.61
2026/09/15 01:13:00.140, 1, 166062, 100, 14, 341.66
2026/09/15 01:13:00.142, 2, 166062, 100, 14, 330.29
2026/09/15 01:13:00.145, 3, 165742, 100, 14, 343.20
2026/09/15 01:13:01.148, 0, 166761, 100, 14, 342.29
2026/09/15 01:13:01.151, 1, 166062, 65, 6, 343.15
2026/09/15 01:13:01.154, 2, 166062, 100, 14, 332.48
2026/09/15 01:13:01.157, 3, 165742, 100, 14, 347.33
2026/09/15 01:13:02.160, 0, 166761, 100, 14, 320.61
2026/09/15 01:13:02.163, 1, 166062, 100, 14, 352.85
2026/09/15 01:13:02.166, 2, 166062, 100, 14, 353.65
2026/09/15 01:13:02.168, 3, 165742, 100, 14, 368.67
2026/09/15 01:13:03.171, 0, 166761, 100, 14, 343.11
2026/09/15 01:13:03.174, 1, 166062, 100, 14, 342.28
2026/09/15 01:13:03.177, 2, 166062, 100, 14, 330.04
2026/09/15 01:13:03.180, 3, 165742, 100, 14, 342.77
2026/09/15 01:13:04.183, 0, 166761, 99, 14, 343.32
2026/09/15 01:13:04.186, 1, 166062, 100, 14, 341.12
2026/09/15 01:13:04.189, 2, 166062, 100, 14, 329.84
2026/09/15 01:13:04.192, 3, 165742, 100, 14, 342.87
2026/09/15 01:13:05.195, 0, 166761, 100, 14, 342.68
2026/09/15 01:13:05.198, 1, 166062, 100, 14, 342.34
2026/09/15 01:13:05.201, 2, 166062, 100, 14, 330.51
2026/09/15 01:13:05.204, 3, 165742, 100, 14, 344.57
2026/09/15 01:13:06.206, 0, 166761, 99, 14, 343.60
2026/09/15 01:13:06.209, 1, 166062, 100, 14, 342.69
2026/09/15 01:13:06.212, 2, 166062, 100, 14, 330.20
2026/09/15 01:13:06.215, 3, 165742, 100, 14, 343.37
2026/09/15 01:13:07.218, 0, 166761, 100, 14, 313.55
2026/09/15 01:13:07.221, 1, 166062, 100, 14, 353.47
2026/09/15 01:13:07.224, 2, 166062, 100, 14, 359.39
2026/09/15 01:13:07.227, 3, 165742, 100, 14, 372.48
2026/09/15 01:13:08.230, 0, 166761, 100, 14, 342.39
2026/09/15 01:13:08.233, 1, 166062, 100, 14, 341.51
2026/09/15 01:13:08.236, 2, 166062, 100, 14, 329.02
2026/09/15 01:13:08.239, 3, 165742, 100, 14, 342.43
2026/09/15 01:13:09.241, 0, 166761, 100, 14, 342.48
2026/09/15 01:13:09.245, 1, 166062, 100, 14, 341.51
2026/09/15 01:13:09.247, 2, 166062, 100, 14, 329.31
2026/09/15 01:13:09.250, 3, 165742, 100, 14, 342.58
2026/09/15 01:13:10.253, 0, 166761, 100, 14, 343.32
2026/09/15 01:13:10.256, 1, 166062, 100, 14, 342.16
2026/09/15 01:13:10.259, 2, 166062, 100, 14, 331.10
2026/09/15 01:13:10.262, 3, 165742, 100, 14, 342.75
2026/09/15 01:13:11.265, 0, 166761, 100, 14, 342.98
2026/09/15 01:13:11.268, 1, 166062, 100, 14, 341.73
2026/09/15 01:13:11.271, 2, 166062, 100, 14, 330.23
2026/09/15 01:13:11.274, 3, 165742, 100, 14, 343.85
2026/09/15 01:13:12.277, 0, 166761, 100, 14, 314.05
2026/09/15 01:13:12.280, 1, 166062, 100, 14, 333.73
2026/09/15 01:13:12.283, 2, 166062, 100, 14, 357.36
2026/09/15 01:13:12.285, 3, 165742, 100, 14, 371.84
2026/09/15 01:13:13.288, 0, 166761, 100, 14, 342.77
2026/09/15 01:13:13.291, 1, 166062, 100, 14, 340.73
2026/09/15 01:13:13.294, 2, 166062, 100, 14, 329.19
2026/09/15 01:13:13.297, 3, 165742, 100, 14, 342.74
2026/09/15 01:13:14.300, 0, 166761, 100, 14, 342.68
2026/09/15 01:13:14.303, 1, 166062, 100, 14, 341.87
2026/09/15 01:13:14.306, 2, 166062, 100, 14, 330.21
2026/09/15 01:13:14.309, 3, 165742, 100, 14, 343.11
2026/09/15 01:13:15.312, 0, 166761, 100, 14, 342.71
2026/09/15 01:13:15.315, 1, 166062, 100, 14, 341.87
2026/09/15 01:13:15.318, 2, 166062, 100, 14, 330.27
2026/09/15 01:13:15.320, 3, 165742, 100, 14, 343.31
2026/09/15 01:13:16.323, 0, 166761, 100, 14, 343.90
2026/09/15 01:13:16.326, 1, 166062, 100, 14, 342.19
2026/09/15 01:13:16.329, 2, 166062, 100, 14, 330.52
2026/09/15 01:13:16.332, 3, 165742, 100, 14, 343.29
2026/09/15 01:13:17.335, 0, 166761, 95, 13, 352.33
2026/09/15 01:13:17.338, 1, 166062, 90, 12, 310.70
2026/09/15 01:13:17.341, 2, 166062, 100, 14, 347.67
2026/09/15 01:13:17.344, 3, 165742, 100, 14, 369.01
2026/09/15 01:13:18.347, 0, 166761, 100, 14, 343.84
2026/09/15 01:13:18.350, 1, 166062, 100, 14, 342.06
2026/09/15 01:13:18.353, 2, 166062, 100, 14, 328.96
2026/09/15 01:13:18.356, 3, 165742, 100, 14, 342.34
2026/09/15 01:13:19.358, 0, 166761, 100, 14, 342.72
2026/09/15 01:13:19.362, 1, 166062, 100, 14, 340.99
2026/09/15 01:13:19.364, 2, 166062, 100, 14, 329.75
2026/09/15 01:13:19.367, 3, 165742, 100, 14, 342.63
2026/09/15 01:13:20.370, 0, 166761, 100, 14, 343.11
2026/09/15 01:13:20.373, 1, 166062, 100, 14, 341.88
2026/09/15 01:13:20.376, 2, 166062, 100, 14, 329.98
2026/09/15 01:13:20.379, 3, 165742, 100, 14, 343.75
2026/09/15 01:13:21.382, 0, 166761, 100, 14, 343.56
2026/09/15 01:13:21.385, 1, 166062, 100, 14, 342.60
2026/09/15 01:13:21.388, 2, 166062, 100, 14, 330.37
2026/09/15 01:13:21.391, 3, 165742, 100, 14, 343.39
2026/09/15 01:13:22.394, 0, 166761, 92, 11, 339.68
2026/09/15 01:13:22.397, 1, 166062, 82, 11, 312.52
2026/09/15 01:13:22.400, 2, 166062, 67, 1, 347.97
2026/09/15 01:13:22.403, 3, 165742, 77, 1, 371.20
2026/09/15 01:13:23.406, 0, 166761, 100, 14, 342.09
2026/09/15 01:13:23.409, 1, 166062, 100, 14, 340.96
2026/09/15 01:13:23.412, 2, 166062, 100, 14, 329.70
2026/09/15 01:13:23.415, 3, 165742, 100, 14, 342.85
2026/09/15 01:13:24.418, 0, 166761, 100, 14, 342.27
2026/09/15 01:13:24.421, 1, 166062, 100, 14, 341.36
2026/09/15 01:13:24.424, 2, 166062, 100, 14, 328.79
2026/09/15 01:13:24.427, 3, 165742, 100, 14, 342.34
2026/09/15 01:13:25.430, 0, 166761, 100, 14, 343.48
2026/09/15 01:13:25.433, 1, 166062, 100, 14, 342.36
2026/09/15 01:13:25.435, 2, 166062, 100, 14, 330.07
2026/09/15 01:13:25.438, 3, 165742, 100, 14, 343.46
2026/09/15 01:13:26.441, 0, 166761, 100, 14, 343.54
2026/09/15 01:13:26.444, 1, 166062, 100, 14, 342.29
2026/09/15 01:13:26.447, 2, 166062, 100, 14, 330.23
2026/09/15 01:13:26.450, 3, 165742, 100, 14, 343.69
2026/09/15 01:13:27.453, 0, 166761, 51, 1, 346.52
2026/09/15 01:13:27.456, 1, 166062, 12, 1, 311.31
2026/09/15 01:13:27.459, 2, 166062, 71, 1, 351.00
2026/09/15 01:13:27.462, 3, 165742, 78, 1, 371.99
2026/09/15 01:13:28.465, 0, 166761, 99, 14, 344.59
2026/09/15 01:13:28.468, 1, 166062, 100, 14, 339.84
2026/09/15 01:13:28.471, 2, 166062, 100, 14, 330.23
2026/09/15 01:13:28.474, 3, 165742, 100, 14, 342.70
2026/09/15 01:13:29.477, 0, 166761, 100, 14, 342.91
2026/09/15 01:13:29.480, 1, 166062, 100, 14, 341.36
2026/09/15 01:13:29.483, 2, 166062, 100, 14, 329.56
2026/09/15 01:13:29.486, 3, 165742, 100, 14, 342.81
2026/09/15 01:13:30.488, 0, 166761, 100, 14, 342.82
2026/09/15 01:13:30.492, 1, 166062, 100, 14, 341.42
2026/09/15 01:13:30.494, 2, 166062, 100, 14, 330.08
2026/09/15 01:13:30.497, 3, 165742, 100, 14, 343.66
2026/09/15 01:13:31.500, 0, 166761, 100, 14, 343.20
2026/09/15 01:13:31.503, 1, 166062, 100, 14, 342.63
2026/09/15 01:13:31.506, 2, 166062, 100, 14, 330.60
2026/09/15 01:13:31.509, 3, 165742, 100, 14, 343.18
2026/09/15 01:13:32.512, 0, 166761, 99, 14, 343.37
2026/09/15 01:13:32.515, 1, 166062, 100, 14, 330.15
2026/09/15 01:13:32.518, 2, 166062, 69, 3, 335.43
2026/09/15 01:13:32.521, 3, 165742, 78, 3, 351.89
2026/09/15 01:13:33.524, 0, 166761, 100, 14, 345.54
2026/09/15 01:13:33.527, 1, 166062, 100, 14, 321.97
2026/09/15 01:13:33.530, 2, 166062, 100, 14, 339.79
2026/09/15 01:13:33.533, 3, 165742, 100, 14, 362.11
2026/09/15 01:13:34.536, 0, 166761, 100, 14, 342.79
2026/09/15 01:13:34.539, 1, 166062, 100, 14, 341.22
2026/09/15 01:13:34.542, 2, 166062, 100, 14, 330.00
2026/09/15 01:13:34.544, 3, 165742, 100, 14, 343.32
2026/09/15 01:13:35.547, 0, 166761, 100, 14, 342.33
2026/09/15 01:13:35.550, 1, 166062, 100, 14, 342.33
2026/09/15 01:13:35.553, 2, 166062, 100, 14, 329.70
2026/09/15 01:13:35.556, 3, 165742, 100, 14, 342.75
2026/09/15 01:13:36.559, 0, 166761, 100, 14, 343.40
2026/09/15 01:13:36.562, 1, 166062, 100, 14, 342.07
2026/09/15 01:13:36.565, 2, 166062, 100, 14, 330.15
2026/09/15 01:13:36.568, 3, 165742, 100, 14, 343.02
2026/09/15 01:13:37.571, 0, 166761, 100, 14, 343.32
2026/09/15 01:13:37.574, 1, 166062, 100, 14, 340.40
2026/09/15 01:13:37.577, 2, 166062, 100, 14, 330.44
2026/09/15 01:13:37.580, 3, 165742, 100, 14, 343.92
2026/09/15 01:13:38.582, 0, 166761, 100, 14, 350.21
2026/09/15 01:13:38.586, 1, 166062, 100, 14, 311.93
2026/09/15 01:13:38.588, 2, 166062, 100, 14, 347.96
2026/09/15 01:13:38.591, 3, 165742, 100, 14, 372.06
2026/09/15 01:13:39.594, 0, 166761, 99, 14, 341.68
2026/09/15 01:13:39.597, 1, 166062, 100, 14, 341.70
2026/09/15 01:13:39.600, 2, 166062, 100, 14, 329.18
2026/09/15 01:13:39.603, 3, 165742, 100, 14, 343.11
2026/09/15 01:13:40.606, 0, 166761, 100, 14, 342.93
2026/09/15 01:13:40.609, 1, 166062, 100, 14, 341.18
2026/09/15 01:13:40.612, 2, 166062, 100, 14, 329.67
2026/09/15 01:13:40.615, 3, 165742, 100, 14, 343.38
2026/09/15 01:13:41.618, 0, 166761, 99, 14, 343.81
2026/09/15 01:13:41.621, 1, 166062, 100, 14, 342.28
2026/09/15 01:13:41.624, 2, 166062, 100, 14, 329.91
2026/09/15 01:13:41.627, 3, 165742, 100, 14, 343.62
2026/09/15 01:13:42.630, 0, 166761, 99, 14, 343.46
2026/09/15 01:13:42.633, 1, 166062, 100, 14, 342.25
2026/09/15 01:13:42.636, 2, 166062, 100, 14, 330.60
2026/09/15 01:13:42.639, 3, 165742, 100, 14, 344.12
2026/09/15 01:13:43.642, 0, 166761, 100, 14, 313.52
2026/09/15 01:13:43.645, 1, 166062, 100, 14, 344.60
2026/09/15 01:13:43.648, 2, 166062, 99, 14, 350.15
2026/09/15 01:13:43.651, 3, 165742, 100, 14, 373.14
2026/09/15 01:13:44.654, 0, 166761, 100, 14, 342.84
2026/09/15 01:13:44.657, 1, 166062, 100, 14, 340.96
2026/09/15 01:13:44.660, 2, 166062, 99, 14, 329.69
2026/09/15 01:13:44.662, 3, 165742, 100, 14, 342.82
2026/09/15 01:13:45.665, 0, 166761, 100, 14, 342.77
2026/09/15 01:13:45.668, 1, 166062, 100, 14, 341.87
2026/09/15 01:13:45.671, 2, 166062, 99, 14, 329.33
2026/09/15 01:13:45.674, 3, 165742, 100, 14, 343.54
2026/09/15 01:13:46.677, 0, 166761, 100, 14, 343.35
2026/09/15 01:13:46.680, 1, 166062, 100, 14, 341.88
2026/09/15 01:13:46.683, 2, 166062, 100, 14, 330.60
2026/09/15 01:13:46.686, 3, 165742, 100, 14, 343.03
2026/09/15 01:13:47.689, 0, 166761, 100, 14, 342.56
2026/09/15 01:13:47.692, 1, 166062, 100, 14, 342.56
2026/09/15 01:13:47.695, 2, 166062, 100, 14, 329.90
2026/09/15 01:13:47.698, 3, 165742, 100, 14, 344.20
2026/09/15 01:13:48.701, 0, 166761, 100, 14, 312.04
2026/09/15 01:13:48.704, 1, 166062, 100, 14, 347.22
2026/09/15 01:13:48.707, 2, 166062, 100, 14, 349.80
2026/09/15 01:13:48.710, 3, 165742, 100, 14, 372.18
2026/09/15 01:13:49.713, 0, 166761, 100, 14, 342.12
2026/09/15 01:13:49.716, 1, 166062, 99, 14, 341.44
2026/09/15 01:13:49.719, 2, 166062, 100, 14, 329.78
2026/09/15 01:13:49.722, 3, 165742, 100, 14, 342.46
2026/09/15 01:13:50.725, 0, 166761, 100, 14, 342.48
2026/09/15 01:13:50.728, 1, 166062, 100, 14, 342.29
2026/09/15 01:13:50.731, 2, 166062, 100, 14, 328.83
2026/09/15 01:13:50.734, 3, 165742, 100, 14, 343.16
2026/09/15 01:13:51.737, 0, 166761, 100, 14, 343.17
2026/09/15 01:13:51.740, 1, 166062, 100, 14, 341.87
2026/09/15 01:13:51.743, 2, 166062, 100, 14, 330.21
2026/09/15 01:13:51.746, 3, 165742, 100, 14, 343.03
2026/09/15 01:13:52.749, 0, 166761, 100, 14, 343.55
2026/09/15 01:13:52.752, 1, 166062, 100, 14, 342.01
2026/09/15 01:13:52.755, 2, 166062, 100, 14, 329.85
2026/09/15 01:13:52.758, 3, 165742, 100, 14, 343.53
2026/09/15 01:13:53.761, 0, 166761, 14, 1, 314.36
2026/09/15 01:13:53.764, 1, 166062, 56, 1, 346.70
2026/09/15 01:13:53.767, 2, 166062, 97, 13, 349.35
2026/09/15 01:13:53.770, 3, 165742, 97, 13, 373.32
2026/09/15 01:13:54.773, 0, 166761, 100, 14, 342.12
2026/09/15 01:13:54.776, 1, 166062, 100, 14, 341.47
2026/09/15 01:13:54.779, 2, 166062, 100, 14, 329.39
2026/09/15 01:13:54.782, 3, 165742, 100, 14, 342.92
2026/09/15 01:13:55.785, 0, 166761, 100, 14, 342.77
2026/09/15 01:13:55.788, 1, 166062, 100, 14, 341.75
2026/09/15 01:13:55.791, 2, 166062, 100, 14, 329.23
2026/09/15 01:13:55.794, 3, 165742, 100, 14, 343.47
2026/09/15 01:13:56.797, 0, 166761, 100, 14, 344.05
2026/09/15 01:13:56.800, 1, 166062, 100, 14, 342.03
2026/09/15 01:13:56.803, 2, 166062, 100, 14, 331.04
2026/09/15 01:13:56.806, 3, 165742, 100, 14, 343.18
2026/09/15 01:13:57.809, 0, 166761, 99, 14, 342.49
2026/09/15 01:13:57.812, 1, 166062, 100, 14, 341.81
2026/09/15 01:13:57.815, 2, 166062, 100, 14, 330.06
2026/09/15 01:13:57.818, 3, 165742, 100, 14, 343.09
2026/09/15 01:13:58.821, 0, 166761, 17, 1, 315.10
2026/09/15 01:13:58.824, 1, 166062, 12, 1, 329.97
2026/09/15 01:13:58.827, 2, 166062, 62, 1, 352.52
2026/09/15 01:13:58.830, 3, 165742, 71, 1, 373.45
2026/09/15 01:13:59.833, 0, 166761, 100, 14, 342.27
2026/09/15 01:13:59.836, 1, 166062, 100, 14, 341.23
2026/09/15 01:13:59.839, 2, 166062, 100, 14, 330.56
2026/09/15 01:13:59.842, 3, 165742, 100, 14, 344.12
2026/09/15 01:14:00.845, 0, 166761, 99, 14, 343.17
2026/09/15 01:14:00.848, 1, 166062, 100, 14, 341.13
2026/09/15 01:14:00.851, 2, 166062, 100, 14, 330.31
2026/09/15 01:14:00.854, 3, 165742, 100, 14, 343.02
2026/09/15 01:14:01.857, 0, 166761, 100, 14, 343.12
2026/09/15 01:14:01.860, 1, 166062, 100, 14, 342.89
2026/09/15 01:14:01.863, 2, 166062, 100, 14, 329.46
2026/09/15 01:14:01.866, 3, 165742, 100, 14, 342.86
2026/09/15 01:14:02.869, 0, 166761, 100, 14, 344.12
2026/09/15 01:14:02.872, 1, 166062, 100, 14, 341.91
2026/09/15 01:14:02.875, 2, 166062, 100, 14, 330.21
2026/09/15 01:14:02.878, 3, 165742, 100, 14, 343.97
2026/09/15 01:14:03.881, 0, 166761, 11, 1, 327.44
2026/09/15 01:14:03.884, 1, 166062, 55, 1, 344.02
2026/09/15 01:14:03.887, 2, 166062, 61, 1, 342.88
2026/09/15 01:14:03.890, 3, 165742, 74, 1, 362.16
2026/09/15 01:14:04.893, 0, 166761, 100, 14, 335.14
2026/09/15 01:14:04.897, 1, 166062, 100, 14, 343.78
2026/09/15 01:14:04.899, 2, 166062, 100, 14, 337.01
2026/09/15 01:14:04.902, 3, 165742, 100, 14, 351.68
2026/09/15 01:14:05.905, 0, 166761, 100, 14, 342.36
2026/09/15 01:14:05.909, 1, 166062, 100, 14, 341.48
2026/09/15 01:14:05.912, 2, 166062, 100, 14, 330.14
2026/09/15 01:14:05.915, 3, 165742, 100, 14, 342.63
2026/09/15 01:14:06.918, 0, 166761, 100, 14, 342.70
2026/09/15 01:14:06.921, 1, 166062, 100, 14, 342.06
2026/09/15 01:14:06.924, 2, 166062, 100, 14, 330.06
2026/09/15 01:14:06.927, 3, 165742, 100, 14, 342.95
2026/09/15 01:14:07.930, 0, 166761, 100, 14, 343.33
2026/09/15 01:14:07.933, 1, 166062, 100, 14, 342.25
2026/09/15 01:14:07.936, 2, 166062, 100, 14, 330.13
2026/09/15 01:14:07.939, 3, 165742, 100, 14, 343.55
2026/09/15 01:14:08.942, 0, 166761, 100, 14, 336.46
2026/09/15 01:14:08.946, 1, 166062, 100, 14, 338.41
2026/09/15 01:14:08.949, 2, 166062, 100, 14, 318.56
2026/09/15 01:14:08.952, 3, 165742, 100, 14, 329.59
2026/09/15 01:14:09.955, 0, 166761, 0, 0, 228.99
2026/09/15 01:14:09.958, 1, 166062, 0, 0, 227.35
2026/09/15 01:14:09.961, 2, 166062, 0, 0, 217.12
2026/09/15 01:14:09.965, 3, 165742, 0, 0, 232.63
2026/09/15 01:14:10.968, 0, 166761, 0, 0, 228.40
2026/09/15 01:14:10.971, 1, 166062, 0, 0, 227.04
2026/09/15 01:14:10.974, 2, 166062, 0, 0, 215.92
2026/09/15 01:14:10.977, 3, 165742, 0, 0, 232.66
2026/09/15 01:14:11.980, 0, 166761, 0, 0, 228.41
2026/09/15 01:14:11.983, 1, 166062, 0, 0, 227.27
2026/09/15 01:14:11.986, 2, 166062, 0, 0, 215.78
2026/09/15 01:14:11.989, 3, 165742, 0, 0, 232.66
2026/09/15 01:14:12.992, 0, 166761, 0, 0, 228.41
2026/09/15 01:14:12.996, 1, 166062, 0, 0, 227.27
2026/09/15 01:14:12.999, 2, 166062, 0, 0, 215.62
2026/09/15 01:14:13.002, 3, 165742, 0, 0, 232.65
2026/09/15 01:14:14.006, 0, 166761, 0, 0, 228.41
2026/09/15 01:14:14.009, 1, 166062, 0, 0, 227.27
2026/09/15 01:14:14.012, 2, 166062, 0, 0, 215.71
2026/09/15 01:14:14.015, 3, 165742, 0, 0, 232.66
2026/09/15 01:14:15.018, 0, 166761, 0, 0, 228.41
2026/09/15 01:14:15.021, 1, 166062, 0, 0, 227.27
2026/09/15 01:14:15.024, 2, 166062, 0, 0, 215.54
2026/09/15 01:14:15.027, 3, 165742, 0, 0, 232.66
2026/09/15 01:14:16.030, 0, 166761, 0, 0, 228.41
2026/09/15 01:14:16.033, 1, 166062, 0, 0, 227.27
2026/09/15 01:14:16.036, 2, 166062, 0, 0, 215.54
2026/09/15 01:14:16.039, 3, 165742, 0, 0, 232.66
2026/09/15 01:14:17.042, 0, 166761, 0, 0, 228.41
2026/09/15 01:14:17.045, 1, 166062, 0, 0, 227.27
2026/09/15 01:14:17.048, 2, 166062, 0, 0, 215.54
2026/09/15 01:14:17.051, 3, 165742, 0, 0, 232.65
2026/09/15 01:14:18.054, 0, 166761, 0, 0, 228.41
2026/09/15 01:14:18.058, 1, 166062, 0, 0, 227.27
2026/09/15 01:14:18.060, 2, 166062, 0, 0, 215.54
2026/09/15 01:14:18.063, 3, 165742, 0, 0, 232.64
2026/09/15 01:14:19.066, 0, 166761, 0, 0, 228.41
2026/09/15 01:14:19.070, 1, 166062, 0, 0, 227.27
2026/09/15 01:14:19.073, 2, 166062, 0, 0, 215.54
2026/09/15 01:14:19.076, 3, 165742, 0, 0, 232.66
2026/09/15 01:14:20.079, 0, 166761, 0, 0, 228.41
2026/09/15 01:14:20.083, 1, 166062, 0, 0, 227.27
2026/09/15 01:14:20.086, 2, 166062, 0, 0, 215.54
2026/09/15 01:14:20.089, 3, 165742, 0, 0, 232.64
2026/09/15 01:14:21.092, 0, 166761, 0, 0, 228.41
2026/09/15 01:14:21.096, 1, 166062, 0, 0, 227.19
2026/09/15 01:14:21.099, 2, 166062, 0, 0, 215.54
2026/09/15 01:14:21.102, 3, 165742, 0, 0, 232.64
2026/09/15 01:14:22.105, 0, 166761, 10, 0, 235.28
2026/09/15 01:14:22.108, 1, 166062, 65, 0, 274.83
2026/09/15 01:14:22.111, 2, 166062, 71, 1, 260.87
2026/09/15 01:14:22.114, 3, 165742, 77, 1, 284.84
2026/09/15 01:14:23.117, 0, 166759, 0, 0, 246.46
2026/09/15 01:14:23.120, 1, 166060, 0, 0, 254.12
2026/09/15 01:14:23.123, 2, 166060, 0, 0, 258.38
2026/09/15 01:14:23.126, 3, 165740, 0, 0, 269.65
2026/09/15 01:14:24.129, 0, 166759, 100, 14, 290.99
2026/09/15 01:14:24.132, 1, 166060, 99, 14, 306.72
2026/09/15 01:14:24.135, 2, 166060, 100, 14, 306.10
2026/09/15 01:14:24.138, 3, 165740, 100, 14, 341.13
2026/09/15 01:14:25.140, 0, 166759, 100, 14, 341.58
2026/09/15 01:14:25.144, 1, 166060, 99, 14, 340.85
2026/09/15 01:14:25.147, 2, 166060, 100, 14, 329.36
2026/09/15 01:14:25.149, 3, 165740, 100, 14, 342.42
2026/09/15 01:14:26.152, 0, 166759, 100, 14, 342.38
2026/09/15 01:14:26.155, 1, 166060, 100, 14, 341.01
2026/09/15 01:14:26.158, 2, 166060, 100, 14, 329.57
2026/09/15 01:14:26.161, 3, 165740, 100, 14, 342.40
2026/09/15 01:14:27.164, 0, 166759, 100, 14, 342.60
2026/09/15 01:14:27.167, 1, 166060, 99, 14, 341.50
2026/09/15 01:14:27.170, 2, 166060, 100, 14, 330.21
2026/09/15 01:14:27.173, 3, 165740, 100, 14, 343.27
2026/09/15 01:14:28.176, 0, 166759, 100, 14, 342.95
2026/09/15 01:14:28.179, 1, 166060, 100, 14, 342.11
2026/09/15 01:14:28.182, 2, 166060, 100, 14, 330.50
2026/09/15 01:14:28.185, 3, 165740, 100, 14, 343.71
2026/09/15 01:14:29.187, 0, 166761, 99, 14, 351.98
2026/09/15 01:14:29.191, 1, 166062, 100, 14, 309.58
2026/09/15 01:14:29.193, 2, 166062, 100, 14, 346.90
2026/09/15 01:14:29.196, 3, 165742, 100, 14, 372.73
2026/09/15 01:14:30.199, 0, 166761, 100, 14, 342.48
2026/09/15 01:14:30.202, 1, 166062, 100, 14, 340.79
2026/09/15 01:14:30.205, 2, 166062, 100, 14, 329.49
2026/09/15 01:14:30.208, 3, 165742, 100, 14, 342.71
2026/09/15 01:14:31.211, 0, 166761, 99, 14, 342.84
2026/09/15 01:14:31.214, 1, 166062, 100, 14, 341.71
2026/09/15 01:14:31.217, 2, 166062, 100, 14, 330.28
2026/09/15 01:14:31.219, 3, 165742, 100, 14, 343.07
2026/09/15 01:14:32.222, 0, 166761, 100, 14, 343.54
2026/09/15 01:14:32.225, 1, 166062, 100, 14, 342.43
2026/09/15 01:14:32.228, 2, 166062, 100, 14, 330.67
2026/09/15 01:14:32.231, 3, 165742, 100, 14, 342.80
2026/09/15 01:14:33.234, 0, 166761, 100, 14, 343.90
2026/09/15 01:14:33.237, 1, 166062, 100, 14, 341.85
2026/09/15 01:14:33.240, 2, 166062, 100, 14, 330.81
2026/09/15 01:14:33.242, 3, 165742, 100, 14, 343.26
2026/09/15 01:14:34.245, 0, 166761, 99, 14, 342.13
2026/09/15 01:14:34.248, 1, 166062, 97, 13, 309.98
2026/09/15 01:14:34.251, 2, 166062, 100, 14, 356.75
2026/09/15 01:14:34.254, 3, 165742, 70, 1, 364.77
2026/09/15 01:14:35.257, 0, 166761, 100, 14, 342.98
2026/09/15 01:14:35.260, 1, 166062, 99, 14, 340.93
2026/09/15 01:14:35.263, 2, 166062, 100, 14, 330.53
2026/09/15 01:14:35.266, 3, 165742, 100, 14, 341.94
2026/09/15 01:14:36.268, 0, 166761, 100, 14, 342.62
2026/09/15 01:14:36.272, 1, 166062, 100, 14, 341.59
2026/09/15 01:14:36.274, 2, 166062, 100, 14, 329.86
2026/09/15 01:14:36.277, 3, 165742, 100, 14, 342.78
2026/09/15 01:14:37.280, 0, 166761, 100, 14, 343.06
2026/09/15 01:14:37.283, 1, 166062, 99, 14, 342.42
2026/09/15 01:14:37.286, 2, 166062, 100, 14, 330.15
2026/09/15 01:14:37.289, 3, 165742, 100, 14, 343.08
2026/09/15 01:14:38.292, 0, 166761, 99, 14, 342.83
2026/09/15 01:14:38.295, 1, 166062, 100, 14, 342.39
2026/09/15 01:14:38.298, 2, 166062, 100, 14, 330.22
2026/09/15 01:14:38.300, 3, 165742, 100, 14, 342.59
2026/09/15 01:14:39.303, 0, 166761, 38, 1, 341.05
2026/09/15 01:14:39.306, 1, 166062, 12, 1, 311.36
2026/09/15 01:14:39.309, 2, 166062, 78, 1, 358.67
2026/09/15 01:14:39.312, 3, 165742, 68, 1, 363.48
2026/09/15 01:14:40.315, 0, 166761, 99, 14, 341.63
2026/09/15 01:14:40.318, 1, 166062, 99, 14, 339.98
2026/09/15 01:14:40.321, 2, 166062, 100, 14, 329.57
2026/09/15 01:14:40.324, 3, 165742, 100, 14, 342.46
2026/09/15 01:14:41.326, 0, 166761, 100, 14, 342.48
2026/09/15 01:14:41.329, 1, 166062, 100, 14, 341.54
2026/09/15 01:14:41.332, 2, 166062, 100, 14, 330.38
2026/09/15 01:14:41.335, 3, 165742, 100, 14, 342.88
2026/09/15 01:14:42.338, 0, 166761, 100, 14, 343.46
2026/09/15 01:14:42.341, 1, 166062, 100, 14, 341.71
2026/09/15 01:14:42.344, 2, 166062, 100, 14, 329.92
2026/09/15 01:14:42.347, 3, 165742, 100, 14, 343.25
2026/09/15 01:14:43.350, 0, 166761, 99, 14, 342.90
2026/09/15 01:14:43.353, 1, 166062, 100, 14, 342.08
2026/09/15 01:14:43.356, 2, 166062, 100, 14, 330.45
2026/09/15 01:14:43.359, 3, 165742, 100, 14, 343.61
2026/09/15 01:14:44.362, 0, 166761, 90, 12, 334.14
2026/09/15 01:14:44.365, 1, 166062, 91, 13, 326.42
2026/09/15 01:14:44.367, 2, 166062, 75, 1, 348.08
2026/09/15 01:14:44.370, 3, 165742, 66, 1, 358.41
2026/09/15 01:14:45.373, 0, 166761, 100, 14, 341.54
2026/09/15 01:14:45.376, 1, 166062, 100, 14, 324.10
2026/09/15 01:14:45.379, 2, 166062, 99, 14, 337.43
2026/09/15 01:14:45.382, 3, 165742, 100, 14, 350.98
2026/09/15 01:14:46.385, 0, 166761, 100, 14, 342.41
2026/09/15 01:14:46.388, 1, 166062, 100, 14, 341.02
2026/09/15 01:14:46.391, 2, 166062, 100, 13, 329.10
2026/09/15 01:14:46.393, 3, 165742, 100, 13, 342.43
2026/09/15 01:14:47.396, 0, 166761, 100, 14, 343.12
2026/09/15 01:14:47.399, 1, 166062, 100, 14, 341.68
2026/09/15 01:14:47.402, 2, 166062, 100, 14, 330.07
2026/09/15 01:14:47.405, 3, 165742, 100, 14, 343.28
2026/09/15 01:14:48.408, 0, 166761, 100, 14, 343.55
2026/09/15 01:14:48.411, 1, 166062, 99, 14, 341.81
2026/09/15 01:14:48.414, 2, 166062, 99, 14, 330.90
2026/09/15 01:14:48.417, 3, 165742, 100, 14, 343.17
2026/09/15 01:14:49.420, 0, 166761, 100, 14, 340.69
2026/09/15 01:14:49.423, 1, 166062, 100, 14, 336.52
2026/09/15 01:14:49.426, 2, 166062, 100, 14, 333.41
2026/09/15 01:14:49.428, 3, 165742, 100, 14, 344.39
2026/09/15 01:14:50.431, 0, 166761, 99, 14, 348.63
2026/09/15 01:14:50.434, 1, 166062, 100, 14, 314.92
2026/09/15 01:14:50.437, 2, 166062, 100, 14, 357.62
2026/09/15 01:14:50.440, 3, 165742, 100, 14, 362.37
2026/09/15 01:14:51.443, 0, 166761, 99, 14, 343.26
2026/09/15 01:14:51.446, 1, 166062, 100, 14, 341.40
2026/09/15 01:14:51.449, 2, 166062, 100, 14, 329.47
2026/09/15 01:14:51.452, 3, 165742, 100, 14, 342.85
2026/09/15 01:14:52.455, 0, 166761, 100, 14, 342.32
2026/09/15 01:14:52.458, 1, 166062, 100, 14, 342.31
2026/09/15 01:14:52.461, 2, 166062, 100, 14, 329.84
2026/09/15 01:14:52.464, 3, 165742, 100, 14, 343.14
2026/09/15 01:14:53.467, 0, 166761, 99, 14, 343.29
2026/09/15 01:14:53.470, 1, 166062, 100, 14, 342.42
2026/09/15 01:14:53.472, 2, 166062, 100, 14, 329.84
2026/09/15 01:14:53.475, 3, 165742, 100, 14, 343.02
2026/09/15 01:14:54.478, 0, 166761, 99, 14, 343.59
2026/09/15 01:14:54.481, 1, 166062, 100, 14, 342.83
2026/09/15 01:14:54.484, 2, 166062, 100, 14, 330.61
2026/09/15 01:14:54.487, 3, 165742, 100, 14, 343.97
2026/09/15 01:14:55.490, 0, 166761, 100, 14, 343.92
2026/09/15 01:14:55.493, 1, 166062, 100, 14, 309.54
2026/09/15 01:14:55.496, 2, 166062, 100, 14, 357.28
2026/09/15 01:14:55.499, 3, 165742, 100, 14, 366.14
2026/09/15 01:14:56.502, 0, 166761, 100, 14, 341.92
2026/09/15 01:14:56.505, 1, 166062, 100, 14, 341.82
2026/09/15 01:14:56.508, 2, 166062, 100, 14, 329.63
2026/09/15 01:14:56.511, 3, 165742, 100, 14, 342.46
2026/09/15 01:14:57.514, 0, 166761, 100, 14, 343.04
2026/09/15 01:14:57.517, 1, 166062, 100, 14, 341.35
2026/09/15 01:14:57.520, 2, 166062, 100, 14, 330.07
2026/09/15 01:14:57.523, 3, 165742, 100, 14, 343.78
2026/09/15 01:14:58.526, 0, 166761, 100, 14, 343.67
2026/09/15 01:14:58.529, 1, 166062, 100, 14, 342.52
2026/09/15 01:14:58.532, 2, 166062, 100, 14, 330.58
2026/09/15 01:14:58.534, 3, 165742, 100, 14, 344.04
2026/09/15 01:14:59.537, 0, 166761, 100, 14, 343.76
2026/09/15 01:14:59.541, 1, 166062, 100, 14, 342.63
2026/09/15 01:14:59.544, 2, 166062, 100, 14, 330.76
2026/09/15 01:14:59.546, 3, 165742, 100, 14, 343.02
2026/09/15 01:15:00.549, 0, 166761, 99, 14, 350.20
2026/09/15 01:15:00.552, 1, 166062, 99, 14, 311.03
2026/09/15 01:15:00.555, 2, 166062, 100, 14, 355.80
2026/09/15 01:15:00.558, 3, 165742, 100, 14, 364.37
2026/09/15 01:15:01.561, 0, 166761, 100, 14, 342.96
2026/09/15 01:15:01.564, 1, 166062, 99, 14, 341.42
2026/09/15 01:15:01.567, 2, 166062, 100, 14, 329.85
2026/09/15 01:15:01.570, 3, 165742, 100, 14, 342.83
2026/09/15 01:15:02.573, 0, 166761, 100, 14, 342.98
2026/09/15 01:15:02.576, 1, 166062, 100, 14, 341.61
2026/09/15 01:15:02.579, 2, 166062, 100, 14, 330.28
2026/09/15 01:15:02.582, 3, 165742, 100, 14, 343.53
2026/09/15 01:15:03.585, 0, 166761, 100, 14, 343.64
2026/09/15 01:15:03.588, 1, 166062, 99, 14, 341.96
2026/09/15 01:15:03.591, 2, 166062, 100, 14, 330.07
2026/09/15 01:15:03.594, 3, 165742, 100, 14, 342.78
2026/09/15 01:15:04.597, 0, 166761, 100, 14, 342.76
2026/09/15 01:15:04.600, 1, 166062, 100, 14, 342.06
2026/09/15 01:15:04.602, 2, 166062, 100, 14, 330.28
2026/09/15 01:15:04.605, 3, 165742, 100, 14, 343.57
2026/09/15 01:15:05.608, 0, 166761, 100, 14, 349.64
2026/09/15 01:15:05.611, 1, 166062, 99, 14, 311.33
2026/09/15 01:15:05.614, 2, 166062, 100, 14, 354.89
2026/09/15 01:15:05.617, 3, 165742, 100, 14, 363.96
2026/09/15 01:15:06.620, 0, 166761, 100, 14, 342.83
2026/09/15 01:15:06.623, 1, 166062, 100, 14, 340.48
2026/09/15 01:15:06.626, 2, 166062, 100, 14, 330.18
2026/09/15 01:15:06.629, 3, 165742, 100, 14, 342.51
2026/09/15 01:15:07.632, 0, 166761, 100, 14, 343.47
2026/09/15 01:15:07.635, 1, 166062, 100, 14, 341.60
2026/09/15 01:15:07.638, 2, 166062, 100, 14, 330.31
2026/09/15 01:15:07.641, 3, 165742, 100, 14, 342.86
2026/09/15 01:15:08.644, 0, 166761, 100, 14, 342.84
2026/09/15 01:15:08.647, 1, 166062, 100, 14, 341.69
2026/09/15 01:15:08.650, 2, 166062, 100, 14, 329.99
2026/09/15 01:15:08.653, 3, 165742, 100, 14, 344.21
2026/09/15 01:15:09.656, 0, 166761, 100, 14, 343.38
2026/09/15 01:15:09.659, 1, 166062, 100, 14, 342.42
2026/09/15 01:15:09.662, 2, 166062, 100, 14, 330.58
2026/09/15 01:15:09.665, 3, 165742, 100, 14, 344.07
2026/09/15 01:15:10.667, 0, 166761, 100, 14, 350.12
2026/09/15 01:15:10.671, 1, 166062, 30, 3, 310.51
2026/09/15 01:15:10.673, 2, 166062, 100, 14, 355.52
2026/09/15 01:15:10.676, 3, 165742, 100, 14, 365.17
2026/09/15 01:15:11.679, 0, 166761, 100, 14, 342.68
2026/09/15 01:15:11.682, 1, 166062, 100, 14, 341.42
2026/09/15 01:15:11.685, 2, 166062, 100, 14, 329.36
2026/09/15 01:15:11.688, 3, 165742, 100, 14, 343.14
2026/09/15 01:15:12.691, 0, 166761, 100, 14, 343.33
2026/09/15 01:15:12.694, 1, 166062, 100, 14, 342.62
2026/09/15 01:15:12.697, 2, 166062, 100, 14, 329.62
2026/09/15 01:15:12.700, 3, 165742, 100, 14, 342.56
2026/09/15 01:15:13.703, 0, 166761, 100, 14, 343.04
2026/09/15 01:15:13.706, 1, 166062, 100, 14, 342.04
2026/09/15 01:15:13.709, 2, 166062, 100, 14, 329.92
2026/09/15 01:15:13.712, 3, 165742, 100, 14, 343.56
2026/09/15 01:15:14.715, 0, 166761, 100, 14, 343.76
2026/09/15 01:15:14.718, 1, 166062, 100, 14, 342.27
2026/09/15 01:15:14.721, 2, 166062, 100, 14, 330.05
2026/09/15 01:15:14.724, 3, 165742, 100, 14, 343.59
2026/09/15 01:15:15.726, 0, 166761, 45, 1, 349.73
2026/09/15 01:15:15.730, 1, 166062, 12, 1, 310.71
2026/09/15 01:15:15.733, 2, 166062, 68, 1, 352.61
2026/09/15 01:15:15.736, 3, 165742, 60, 1, 361.85
2026/09/15 01:15:16.738, 0, 166761, 100, 14, 342.78
2026/09/15 01:15:16.742, 1, 166062, 99, 14, 338.33
2026/09/15 01:15:16.744, 2, 166062, 100, 14, 335.94
2026/09/15 01:15:16.747, 3, 165742, 100, 14, 346.57
2026/09/15 01:15:17.750, 0, 166761, 100, 14, 342.97
2026/09/15 01:15:17.753, 1, 166062, 99, 14, 341.11
2026/09/15 01:15:17.756, 2, 166062, 100, 14, 329.55
2026/09/15 01:15:17.759, 3, 165742, 100, 14, 342.92
2026/09/15 01:15:18.762, 0, 166761, 100, 14, 343.60
2026/09/15 01:15:18.765, 1, 166062, 100, 14, 341.83
2026/09/15 01:15:18.768, 2, 166062, 100, 14, 330.21
2026/09/15 01:15:18.771, 3, 165742, 100, 14, 342.87
2026/09/15 01:15:19.774, 0, 166761, 100, 14, 343.39
2026/09/15 01:15:19.777, 1, 166062, 99, 14, 342.39
2026/09/15 01:15:19.780, 2, 166062, 100, 14, 330.60
2026/09/15 01:15:19.783, 3, 165742, 100, 14, 343.67
2026/09/15 01:15:20.786, 0, 166761, 73, 9, 338.82
2026/09/15 01:15:20.789, 1, 166062, 100, 14, 331.44
2026/09/15 01:15:20.792, 2, 166062, 87, 10, 342.04
2026/09/15 01:15:20.795, 3, 165742, 85, 10, 352.85
2026/09/15 01:15:21.797, 0, 166761, 100, 14, 344.09
2026/09/15 01:15:21.801, 1, 166062, 100, 14, 331.41
2026/09/15 01:15:21.804, 2, 166062, 100, 14, 343.25
2026/09/15 01:15:21.806, 3, 165742, 100, 14, 351.83
2026/09/15 01:15:22.809, 0, 166761, 100, 14, 342.90
2026/09/15 01:15:22.812, 1, 166062, 100, 14, 341.88
2026/09/15 01:15:22.815, 2, 166062, 100, 14, 330.07
2026/09/15 01:15:22.818, 3, 165742, 100, 14, 343.05
2026/09/15 01:15:23.821, 0, 166761, 100, 14, 342.77
2026/09/15 01:15:23.824, 1, 166062, 100, 14, 342.32
2026/09/15 01:15:23.827, 2, 166062, 100, 14, 330.15
2026/09/15 01:15:23.830, 3, 165742, 100, 14, 343.02
2026/09/15 01:15:24.833, 0, 166761, 100, 14, 343.25
2026/09/15 01:15:24.836, 1, 166062, 100, 14, 342.05
2026/09/15 01:15:24.839, 2, 166062, 100, 14, 330.91
2026/09/15 01:15:24.842, 3, 165742, 100, 14, 343.47
2026/09/15 01:15:25.845, 0, 166761, 82, 11, 341.08
2026/09/15 01:15:25.848, 1, 166062, 100, 14, 340.99
2026/09/15 01:15:25.851, 2, 166062, 100, 14, 330.30
2026/09/15 01:15:25.854, 3, 165742, 100, 14, 343.48
2026/09/15 01:15:26.857, 0, 166761, 99, 14, 345.60
2026/09/15 01:15:26.860, 1, 166062, 100, 14, 310.53
2026/09/15 01:15:26.863, 2, 166062, 100, 14, 353.17
2026/09/15 01:15:26.865, 3, 165742, 100, 14, 356.72
2026/09/15 01:15:27.868, 0, 166761, 100, 14, 342.68
2026/09/15 01:15:27.871, 1, 166062, 100, 14, 340.63
2026/09/15 01:15:27.874, 2, 166062, 100, 14, 330.20
2026/09/15 01:15:27.877, 3, 165742, 100, 14, 343.45
2026/09/15 01:15:28.880, 0, 166761, 99, 14, 343.06
2026/09/15 01:15:28.883, 1, 166062, 100, 14, 341.93
2026/09/15 01:15:28.886, 2, 166062, 100, 14, 329.92
2026/09/15 01:15:28.889, 3, 165742, 100, 14, 342.80
2026/09/15 01:15:29.892, 0, 166761, 100, 13, 342.99
2026/09/15 01:15:29.895, 1, 166062, 100, 14, 341.13
2026/09/15 01:15:29.898, 2, 166062, 100, 13, 330.21
2026/09/15 01:15:29.901, 3, 165742, 100, 13, 343.51
2026/09/15 01:15:30.904, 0, 166761, 100, 14, 342.88
2026/09/15 01:15:30.907, 1, 166062, 100, 14, 342.89
2026/09/15 01:15:30.910, 2, 166062, 100, 14, 330.77
2026/09/15 01:15:30.913, 3, 165742, 100, 14, 344.25
2026/09/15 01:15:31.916, 0, 166761, 99, 14, 350.04
2026/09/15 01:15:31.919, 1, 166062, 100, 14, 310.02
2026/09/15 01:15:31.922, 2, 166062, 100, 14, 355.65
2026/09/15 01:15:31.924, 3, 165742, 100, 14, 364.61
2026/09/15 01:15:32.927, 0, 166761, 99, 14, 342.50
2026/09/15 01:15:32.931, 1, 166062, 100, 14, 341.60
2026/09/15 01:15:32.933, 2, 166062, 100, 14, 330.83
2026/09/15 01:15:32.936, 3, 165742, 100, 14, 343.40
2026/09/15 01:15:33.939, 0, 166761, 100, 14, 342.77
2026/09/15 01:15:33.942, 1, 166062, 100, 14, 342.26
2026/09/15 01:15:33.945, 2, 166062, 100, 14, 330.42
2026/09/15 01:15:33.948, 3, 165742, 100, 14, 343.60
2026/09/15 01:15:34.951, 0, 166761, 100, 14, 342.98
2026/09/15 01:15:34.954, 1, 166062, 100, 14, 341.57
2026/09/15 01:15:34.957, 2, 166062, 100, 14, 330.07
2026/09/15 01:15:34.960, 3, 165742, 100, 14, 342.68
2026/09/15 01:15:35.963, 0, 166761, 99, 14, 343.55
2026/09/15 01:15:35.966, 1, 166062, 100, 14, 342.12
2026/09/15 01:15:35.969, 2, 166062, 100, 14, 330.54
2026/09/15 01:15:35.972, 3, 165742, 100, 14, 344.22
2026/09/15 01:15:36.975, 0, 166761, 100, 14, 350.31
2026/09/15 01:15:36.978, 1, 166062, 100, 14, 311.11
2026/09/15 01:15:36.981, 2, 166062, 100, 14, 356.92
2026/09/15 01:15:36.984, 3, 165742, 100, 14, 365.30
2026/09/15 01:15:37.986, 0, 166761, 100, 14, 343.35
2026/09/15 01:15:37.990, 1, 166062, 100, 14, 341.77
2026/09/15 01:15:37.992, 2, 166062, 100, 14, 329.23
2026/09/15 01:15:37.995, 3, 165742, 100, 14, 342.99
2026/09/15 01:15:38.998, 0, 166761, 100, 14, 342.41
2026/09/15 01:15:39.001, 1, 166062, 100, 14, 341.53
2026/09/15 01:15:39.004, 2, 166062, 100, 14, 329.93
2026/09/15 01:15:39.007, 3, 165742, 100, 14, 343.54
2026/09/15 01:15:40.010, 0, 166761, 100, 14, 343.48
2026/09/15 01:15:40.013, 1, 166062, 100, 14, 342.04
2026/09/15 01:15:40.016, 2, 166062, 100, 14, 330.44
2026/09/15 01:15:40.019, 3, 165742, 100, 14, 343.83
2026/09/15 01:15:41.022, 0, 166761, 100, 14, 343.37
2026/09/15 01:15:41.025, 1, 166062, 100, 14, 341.80
2026/09/15 01:15:41.028, 2, 166062, 100, 14, 330.43
2026/09/15 01:15:41.031, 3, 165742, 100, 14, 344.08
2026/09/15 01:15:42.034, 0, 166761, 100, 14, 351.20
2026/09/15 01:15:42.037, 1, 166062, 100, 14, 310.31
2026/09/15 01:15:42.039, 2, 166062, 85, 6, 355.88
2026/09/15 01:15:42.042, 3, 165742, 83, 6, 365.47
2026/09/15 01:15:43.045, 0, 166761, 100, 14, 343.05
2026/09/15 01:15:43.048, 1, 166062, 100, 14, 340.47
2026/09/15 01:15:43.051, 2, 166062, 100, 14, 329.41
2026/09/15 01:15:43.054, 3, 165742, 100, 14, 342.53
2026/09/15 01:15:44.057, 0, 166761, 100, 14, 342.55
2026/09/15 01:15:44.060, 1, 166062, 100, 14, 341.78
2026/09/15 01:15:44.063, 2, 166062, 100, 14, 329.62
2026/09/15 01:15:44.066, 3, 165742, 100, 14, 342.80
2026/09/15 01:15:45.069, 0, 166761, 100, 14, 343.68
2026/09/15 01:15:45.072, 1, 166062, 100, 14, 342.03
2026/09/15 01:15:45.075, 2, 166062, 100, 14, 330.51
2026/09/15 01:15:45.078, 3, 165742, 100, 14, 343.24
2026/09/15 01:15:46.081, 0, 166761, 100, 14, 343.77
2026/09/15 01:15:46.084, 1, 166062, 100, 14, 342.24
2026/09/15 01:15:46.086, 2, 166062, 100, 14, 330.14
2026/09/15 01:15:46.089, 3, 165742, 100, 14, 343.72
2026/09/15 01:15:47.092, 0, 166761, 0, 0, 302.50
2026/09/15 01:15:47.096, 1, 166062, 0, 0, 302.05
2026/09/15 01:15:47.099, 2, 166062, 0, 0, 282.93
2026/09/15 01:15:47.102, 3, 165742, 0, 0, 297.05
2026/09/15 01:15:48.105, 0, 166761, 0, 0, 228.64
2026/09/15 01:15:48.109, 1, 166062, 0, 0, 227.27
2026/09/15 01:15:48.112, 2, 166062, 0, 0, 216.38
2026/09/15 01:15:48.115, 3, 165742, 0, 0, 232.63
2026/09/15 01:15:49.118, 0, 166761, 0, 0, 228.40
2026/09/15 01:15:49.122, 1, 166062, 0, 0, 227.03
2026/09/15 01:15:49.125, 2, 166062, 0, 0, 215.87
2026/09/15 01:15:49.127, 3, 165742, 0, 0, 232.67
2026/09/15 01:15:50.130, 0, 166761, 0, 0, 228.41
2026/09/15 01:15:50.134, 1, 166062, 0, 0, 227.27
2026/09/15 01:15:50.136, 2, 166062, 0, 0, 215.69
2026/09/15 01:15:50.139, 3, 165742, 0, 0, 232.65
2026/09/15 01:15:51.142, 0, 166761, 0, 0, 228.41
2026/09/15 01:15:51.145, 1, 166062, 0, 0, 227.27
2026/09/15 01:15:51.148, 2, 166062, 0, 0, 215.77
2026/09/15 01:15:51.150, 3, 165742, 0, 0, 232.66
2026/09/15 01:15:52.153, 0, 166761, 0, 0, 228.41
2026/09/15 01:15:52.157, 1, 166062, 0, 0, 227.27
2026/09/15 01:15:52.159, 2, 166062, 0, 0, 215.55
2026/09/15 01:15:52.162, 3, 165742, 0, 0, 232.67
2026/09/15 01:15:53.165, 0, 166761, 0, 0, 228.41
2026/09/15 01:15:53.169, 1, 166062, 0, 0, 227.27
2026/09/15 01:15:53.171, 2, 166062, 0, 0, 215.54
2026/09/15 01:15:53.174, 3, 165742, 0, 0, 232.68
2026/09/15 01:15:54.177, 0, 166761, 0, 0, 228.41
2026/09/15 01:15:54.181, 1, 166062, 0, 0, 227.27
2026/09/15 01:15:54.183, 2, 166062, 0, 0, 215.54
2026/09/15 01:15:54.186, 3, 165742, 0, 0, 232.65
2026/09/15 01:15:55.189, 0, 166761, 0, 0, 228.41
2026/09/15 01:15:55.192, 1, 166062, 0, 0, 227.27
2026/09/15 01:15:55.195, 2, 166062, 0, 0, 215.54
2026/09/15 01:15:55.198, 3, 165742, 0, 0, 232.65
2026/09/15 01:15:56.201, 0, 166761, 0, 0, 228.41
2026/09/15 01:15:56.204, 1, 166062, 0, 0, 227.27
2026/09/15 01:15:56.207, 2, 166062, 0, 0, 215.54
2026/09/15 01:15:56.210, 3, 165742, 0, 0, 232.65
2026/09/15 01:15:57.213, 0, 166761, 0, 0, 228.41
2026/09/15 01:15:57.216, 1, 166062, 0, 0, 227.27
2026/09/15 01:15:57.219, 2, 166062, 0, 0, 215.54
2026/09/15 01:15:57.222, 3, 165742, 0, 0, 232.63
2026/09/15 01:15:58.225, 0, 166761, 0, 0, 228.41
2026/09/15 01:15:58.228, 1, 166062, 0, 0, 227.27
2026/09/15 01:15:58.231, 2, 166062, 0, 0, 215.54
2026/09/15 01:15:58.234, 3, 165742, 0, 0, 232.64
2026/09/15 01:15:59.236, 0, 166761, 0, 0, 228.41
2026/09/15 01:15:59.240, 1, 166062, 0, 0, 227.27
2026/09/15 01:15:59.243, 2, 166062, 0, 0, 215.61
2026/09/15 01:15:59.246, 3, 165742, 0, 0, 232.64
2026/09/15 01:16:00.249, 0, 166761, 0, 0, 269.19
2026/09/15 01:16:00.252, 1, 166062, 0, 0, 292.10
2026/09/15 01:16:00.255, 2, 166062, 100, 13, 312.58
2026/09/15 01:16:00.258, 3, 165742, 100, 13, 334.33
2026/09/15 01:16:01.261, 0, 166761, 44, 0, 235.83
2026/09/15 01:16:01.264, 1, 166062, 11, 0, 228.53
2026/09/15 01:16:01.267, 2, 166062, 0, 0, 225.65
2026/09/15 01:16:01.269, 3, 165742, 0, 0, 241.63
2026/09/15 01:16:02.272, 0, 166761, 100, 13, 386.35
2026/09/15 01:16:02.275, 1, 166062, 100, 13, 348.48
2026/09/15 01:16:02.278, 2, 166062, 100, 13, 374.27
2026/09/15 01:16:02.281, 3, 165742, 100, 13, 394.97
2026/09/15 01:16:03.284, 0, 166761, 100, 13, 366.18
2026/09/15 01:16:03.287, 1, 166062, 100, 13, 364.39
2026/09/15 01:16:03.290, 2, 166062, 100, 13, 352.09
2026/09/15 01:16:03.292, 3, 165742, 100, 13, 364.29
2026/09/15 01:16:04.295, 0, 166761, 100, 13, 366.42
2026/09/15 01:16:04.298, 1, 166062, 100, 13, 365.01
2026/09/15 01:16:04.301, 2, 166062, 100, 13, 352.57
2026/09/15 01:16:04.304, 3, 165742, 100, 13, 365.52
2026/09/15 01:16:05.307, 0, 166761, 100, 13, 366.58
2026/09/15 01:16:05.310, 1, 166062, 100, 13, 367.17
2026/09/15 01:16:05.313, 2, 166062, 100, 13, 354.80
2026/09/15 01:16:05.315, 3, 165742, 100, 13, 366.33
2026/09/15 01:16:06.318, 0, 166761, 100, 13, 368.49
2026/09/15 01:16:06.321, 1, 166062, 100, 13, 368.83
2026/09/15 01:16:06.324, 2, 166062, 100, 13, 354.51
2026/09/15 01:16:06.327, 3, 165742, 100, 13, 366.60
2026/09/15 01:16:07.330, 0, 166761, 100, 14, 369.80
2026/09/15 01:16:07.333, 1, 166062, 100, 14, 369.43
2026/09/15 01:16:07.335, 2, 166062, 100, 14, 355.59
2026/09/15 01:16:07.338, 3, 165742, 100, 14, 368.04
2026/09/15 01:16:08.341, 0, 166761, 100, 13, 371.99
2026/09/15 01:16:08.344, 1, 166062, 100, 13, 333.78
2026/09/15 01:16:08.347, 2, 166062, 100, 13, 372.64
2026/09/15 01:16:08.350, 3, 165742, 100, 13, 397.03
2026/09/15 01:16:09.352, 0, 166761, 100, 13, 365.77
2026/09/15 01:16:09.355, 1, 166062, 100, 13, 365.77
2026/09/15 01:16:09.358, 2, 166062, 100, 13, 351.36
2026/09/15 01:16:09.361, 3, 165742, 100, 13, 364.79
2026/09/15 01:16:10.364, 0, 166761, 100, 13, 367.74
2026/09/15 01:16:10.367, 1, 166062, 100, 13, 365.16
2026/09/15 01:16:10.370, 2, 166062, 100, 13, 353.67
2026/09/15 01:16:10.372, 3, 165742, 100, 13, 365.40
2026/09/15 01:16:11.375, 0, 166761, 100, 13, 366.67
2026/09/15 01:16:11.378, 1, 166062, 100, 13, 367.15
2026/09/15 01:16:11.381, 2, 166062, 100, 13, 354.42
2026/09/15 01:16:11.384, 3, 165742, 100, 13, 366.54
2026/09/15 01:16:12.387, 0, 166761, 100, 13, 369.55
2026/09/15 01:16:12.390, 1, 166062, 100, 13, 368.14
2026/09/15 01:16:12.393, 2, 166062, 100, 13, 355.86
2026/09/15 01:16:12.395, 3, 165742, 100, 13, 366.59
2026/09/15 01:16:13.398, 0, 166761, 100, 14, 368.92
2026/09/15 01:16:13.401, 1, 166062, 100, 14, 368.87
2026/09/15 01:16:13.404, 2, 166062, 100, 14, 355.34
2026/09/15 01:16:13.407, 3, 165742, 100, 14, 367.07
2026/09/15 01:16:14.410, 0, 166761, 100, 13, 372.61
2026/09/15 01:16:14.413, 1, 166062, 100, 13, 335.58
2026/09/15 01:16:14.416, 2, 166062, 100, 13, 374.80
2026/09/15 01:16:14.419, 3, 165742, 100, 13, 392.04
2026/09/15 01:16:15.421, 0, 166761, 100, 13, 365.76
2026/09/15 01:16:15.424, 1, 166062, 100, 13, 365.30
2026/09/15 01:16:15.427, 2, 166062, 100, 13, 352.63
2026/09/15 01:16:15.430, 3, 165742, 100, 13, 364.80
2026/09/15 01:16:16.433, 0, 166761, 100, 13, 366.58
2026/09/15 01:16:16.436, 1, 166062, 100, 13, 366.29
2026/09/15 01:16:16.439, 2, 166062, 100, 13, 352.95
2026/09/15 01:16:16.441, 3, 165742, 100, 13, 365.51
2026/09/15 01:16:17.444, 0, 166761, 100, 13, 366.39
2026/09/15 01:16:17.447, 1, 166062, 100, 13, 366.18
2026/09/15 01:16:17.450, 2, 166062, 100, 13, 355.65
2026/09/15 01:16:17.453, 3, 165742, 100, 13, 366.27
2026/09/15 01:16:18.456, 0, 166761, 100, 13, 367.04
2026/09/15 01:16:18.459, 1, 166062, 100, 13, 367.53
2026/09/15 01:16:18.461, 2, 166062, 100, 13, 355.57
2026/09/15 01:16:18.464, 3, 165742, 100, 13, 367.42
2026/09/15 01:16:19.467, 0, 166761, 100, 14, 368.55
2026/09/15 01:16:19.470, 1, 166062, 100, 14, 367.61
2026/09/15 01:16:19.473, 2, 166062, 100, 14, 356.26
2026/09/15 01:16:19.476, 3, 165742, 100, 14, 366.63
2026/09/15 01:16:20.478, 0, 166761, 100, 13, 379.27
2026/09/15 01:16:20.481, 1, 166062, 100, 13, 333.23
2026/09/15 01:16:20.484, 2, 166062, 75, 4, 383.02
2026/09/15 01:16:20.487, 3, 165742, 80, 4, 396.60
2026/09/15 01:16:21.490, 0, 166761, 100, 13, 366.47
2026/09/15 01:16:21.493, 1, 166062, 100, 13, 364.46
2026/09/15 01:16:21.496, 2, 166062, 100, 13, 346.14
2026/09/15 01:16:21.498, 3, 165742, 100, 13, 365.33
2026/09/15 01:16:22.501, 0, 166761, 100, 13, 365.63
2026/09/15 01:16:22.504, 1, 166062, 100, 13, 366.45
2026/09/15 01:16:22.507, 2, 166062, 100, 13, 347.38
2026/09/15 01:16:22.510, 3, 165742, 100, 13, 365.80
2026/09/15 01:16:23.513, 0, 166761, 100, 13, 368.75
2026/09/15 01:16:23.516, 1, 166062, 100, 13, 366.87
2026/09/15 01:16:23.519, 2, 166062, 100, 13, 348.36
2026/09/15 01:16:23.522, 3, 165742, 100, 13, 366.42
2026/09/15 01:16:24.525, 0, 166761, 100, 13, 368.96
2026/09/15 01:16:24.528, 1, 166062, 100, 13, 367.17
2026/09/15 01:16:24.531, 2, 166062, 100, 13, 348.03
2026/09/15 01:16:24.533, 3, 165742, 100, 13, 367.31
2026/09/15 01:16:25.536, 0, 166761, 100, 13, 368.60
2026/09/15 01:16:25.539, 1, 166062, 100, 13, 368.22
2026/09/15 01:16:25.542, 2, 166062, 100, 13, 348.53
2026/09/15 01:16:25.545, 3, 165742, 100, 14, 367.71
2026/09/15 01:16:26.548, 0, 166761, 57, 4, 375.42
2026/09/15 01:16:26.551, 1, 166062, 22, 4, 335.89
2026/09/15 01:16:26.554, 2, 166062, 62, 4, 370.73
2026/09/15 01:16:26.557, 3, 165742, 75, 4, 398.41
2026/09/15 01:16:27.560, 0, 166761, 100, 13, 365.55
2026/09/15 01:16:27.563, 1, 166062, 100, 13, 365.56
2026/09/15 01:16:27.566, 2, 166062, 100, 13, 346.22
2026/09/15 01:16:27.569, 3, 165742, 100, 13, 361.36
2026/09/15 01:16:28.572, 0, 166761, 100, 13, 365.70
2026/09/15 01:16:28.575, 1, 166062, 100, 13, 365.31
2026/09/15 01:16:28.578, 2, 166062, 100, 13, 346.89
2026/09/15 01:16:28.580, 3, 165742, 100, 13, 365.00
2026/09/15 01:16:29.583, 0, 166761, 100, 13, 367.73
2026/09/15 01:16:29.586, 1, 166062, 100, 13, 366.71
2026/09/15 01:16:29.589, 2, 166062, 100, 13, 348.45
2026/09/15 01:16:29.592, 3, 165742, 100, 13, 365.47
2026/09/15 01:16:30.595, 0, 166761, 100, 13, 368.83
2026/09/15 01:16:30.598, 1, 166062, 100, 13, 366.64
2026/09/15 01:16:30.601, 2, 166062, 100, 13, 348.40
2026/09/15 01:16:30.604, 3, 165742, 100, 13, 365.98
2026/09/15 01:16:31.607, 0, 166761, 100, 13, 368.84
2026/09/15 01:16:31.610, 1, 166062, 100, 13, 368.37
2026/09/15 01:16:31.613, 2, 166062, 100, 13, 348.81
2026/09/15 01:16:31.616, 3, 165742, 100, 13, 366.85
2026/09/15 01:16:32.619, 0, 166761, 89, 12, 359.27
2026/09/15 01:16:32.622, 1, 166062, 90, 12, 352.46
2026/09/15 01:16:32.624, 2, 166062, 96, 13, 343.49
2026/09/15 01:16:32.627, 3, 165742, 69, 0, 365.86
2026/09/15 01:16:33.630, 0, 166761, 100, 13, 382.04
2026/09/15 01:16:33.633, 1, 166062, 100, 13, 355.49
2026/09/15 01:16:33.636, 2, 166062, 100, 13, 374.48
2026/09/15 01:16:33.639, 3, 165742, 100, 13, 395.55
2026/09/15 01:16:34.642, 0, 166761, 100, 13, 366.83
2026/09/15 01:16:34.645, 1, 166062, 100, 13, 365.14
2026/09/15 01:16:34.648, 2, 166062, 100, 13, 351.38
2026/09/15 01:16:34.651, 3, 165742, 100, 13, 364.36
2026/09/15 01:16:35.654, 0, 166761, 100, 13, 367.38
2026/09/15 01:16:35.657, 1, 166062, 100, 13, 366.25
2026/09/15 01:16:35.660, 2, 166062, 100, 13, 353.86
2026/09/15 01:16:35.663, 3, 165742, 100, 13, 365.79
2026/09/15 01:16:36.665, 0, 166761, 100, 13, 368.16
2026/09/15 01:16:36.669, 1, 166062, 100, 13, 366.35
2026/09/15 01:16:36.672, 2, 166062, 100, 13, 354.49
2026/09/15 01:16:36.675, 3, 165742, 100, 13, 366.65
2026/09/15 01:16:37.677, 0, 166761, 100, 13, 367.91
2026/09/15 01:16:37.681, 1, 166062, 100, 13, 367.34
2026/09/15 01:16:37.684, 2, 166062, 100, 13, 355.55
2026/09/15 01:16:37.686, 3, 165742, 100, 13, 367.04
2026/09/15 01:16:38.689, 0, 166761, 100, 14, 369.31
2026/09/15 01:16:38.693, 1, 166062, 100, 14, 368.33
2026/09/15 01:16:38.695, 2, 166062, 100, 14, 354.67
2026/09/15 01:16:38.698, 3, 165742, 100, 14, 367.83
2026/09/15 01:16:39.701, 0, 166761, 100, 13, 376.65
2026/09/15 01:16:39.704, 1, 166062, 100, 13, 332.34
2026/09/15 01:16:39.707, 2, 166062, 100, 13, 382.52
2026/09/15 01:16:39.710, 3, 165742, 100, 13, 389.73
2026/09/15 01:16:40.713, 0, 166761, 100, 13, 366.01
2026/09/15 01:16:40.717, 1, 166062, 100, 13, 365.34
2026/09/15 01:16:40.719, 2, 166062, 100, 13, 352.73
2026/09/15 01:16:40.722, 3, 165742, 100, 13, 364.85
2026/09/15 01:16:41.725, 0, 166761, 100, 13, 367.73
2026/09/15 01:16:41.729, 1, 166062, 100, 13, 366.27
2026/09/15 01:16:41.732, 2, 166062, 100, 13, 352.48
2026/09/15 01:16:41.734, 3, 165742, 100, 13, 365.41
2026/09/15 01:16:42.737, 0, 166761, 100, 13, 367.92
2026/09/15 01:16:42.741, 1, 166062, 100, 13, 367.47
2026/09/15 01:16:42.744, 2, 166062, 100, 13, 354.77
2026/09/15 01:16:42.747, 3, 165742, 100, 13, 368.03
2026/09/15 01:16:43.750, 0, 166761, 100, 13, 368.91
2026/09/15 01:16:43.753, 1, 166062, 100, 13, 367.76
2026/09/15 01:16:43.756, 2, 166062, 100, 13, 354.25
2026/09/15 01:16:43.759, 3, 165742, 100, 13, 368.11
2026/09/15 01:16:44.762, 0, 166761, 100, 14, 369.90
2026/09/15 01:16:44.765, 1, 166062, 100, 14, 367.78
2026/09/15 01:16:44.768, 2, 166062, 100, 14, 355.95
2026/09/15 01:16:44.771, 3, 165742, 100, 14, 368.59
2026/09/15 01:16:45.774, 0, 166761, 100, 13, 375.58
2026/09/15 01:16:45.778, 1, 166062, 100, 13, 333.29
2026/09/15 01:16:45.781, 2, 166062, 100, 13, 381.51
2026/09/15 01:16:45.784, 3, 165742, 100, 13, 389.56
2026/09/15 01:16:46.787, 0, 166761, 100, 13, 367.04
2026/09/15 01:16:46.790, 1, 166062, 100, 13, 365.40
2026/09/15 01:16:46.793, 2, 166062, 100, 13, 346.36
2026/09/15 01:16:46.796, 3, 165742, 100, 13, 363.82
2026/09/15 01:16:47.799, 0, 166761, 100, 13, 367.11
2026/09/15 01:16:47.802, 1, 166062, 100, 13, 365.83
2026/09/15 01:16:47.805, 2, 166062, 100, 13, 346.49
2026/09/15 01:16:47.808, 3, 165742, 100, 13, 365.63
2026/09/15 01:16:48.811, 0, 166761, 100, 13, 367.34
2026/09/15 01:16:48.814, 1, 166062, 100, 13, 366.50
2026/09/15 01:16:48.817, 2, 166062, 100, 13, 347.76
2026/09/15 01:16:48.820, 3, 165742, 100, 13, 364.54
2026/09/15 01:16:49.823, 0, 166761, 100, 13, 369.03
2026/09/15 01:16:49.826, 1, 166062, 100, 13, 367.67
2026/09/15 01:16:49.829, 2, 166062, 100, 13, 349.68
2026/09/15 01:16:49.832, 3, 165742, 100, 13, 365.82
2026/09/15 01:16:50.835, 0, 166761, 100, 13, 369.18
2026/09/15 01:16:50.839, 1, 166062, 100, 14, 367.70
2026/09/15 01:16:50.842, 2, 166062, 100, 14, 350.36
2026/09/15 01:16:50.845, 3, 165742, 100, 14, 367.52
2026/09/15 01:16:51.848, 0, 166761, 81, 9, 377.39
2026/09/15 01:16:51.851, 1, 166062, 100, 13, 335.68
2026/09/15 01:16:51.854, 2, 166062, 100, 13, 380.59
2026/09/15 01:16:51.857, 3, 165742, 100, 13, 392.09
2026/09/15 01:16:52.860, 0, 166761, 100, 13, 367.11
2026/09/15 01:16:52.864, 1, 166062, 100, 13, 364.76
2026/09/15 01:16:52.867, 2, 166062, 100, 12, 348.44
2026/09/15 01:16:52.869, 3, 165742, 100, 12, 361.55
2026/09/15 01:16:53.872, 0, 166761, 100, 13, 366.63
2026/09/15 01:16:53.876, 1, 166062, 100, 13, 365.54
2026/09/15 01:16:53.879, 2, 166062, 100, 13, 353.38
2026/09/15 01:16:53.882, 3, 165742, 100, 13, 365.71
2026/09/15 01:16:54.885, 0, 166761, 100, 13, 367.52
2026/09/15 01:16:54.888, 1, 166062, 100, 13, 366.13
2026/09/15 01:16:54.891, 2, 166062, 100, 13, 353.68
2026/09/15 01:16:54.894, 3, 165742, 100, 13, 365.84
2026/09/15 01:16:55.897, 0, 166761, 100, 13, 369.15
2026/09/15 01:16:55.900, 1, 166062, 100, 13, 367.02
2026/09/15 01:16:55.903, 2, 166062, 100, 13, 355.79
2026/09/15 01:16:55.906, 3, 165742, 100, 13, 367.33
2026/09/15 01:16:56.909, 0, 166761, 100, 14, 369.89
2026/09/15 01:16:56.912, 1, 166062, 100, 13, 368.66
2026/09/15 01:16:56.915, 2, 166062, 100, 14, 355.34
2026/09/15 01:16:56.918, 3, 165742, 100, 14, 367.62
2026/09/15 01:16:57.921, 0, 166761, 61, 4, 379.16
2026/09/15 01:16:57.925, 1, 166062, 21, 4, 335.45
2026/09/15 01:16:57.928, 2, 166062, 93, 10, 385.11
2026/09/15 01:16:57.931, 3, 165742, 91, 10, 389.57
2026/09/15 01:16:58.934, 0, 166761, 100, 13, 365.77
2026/09/15 01:16:58.937, 1, 166062, 100, 13, 364.96
2026/09/15 01:16:58.940, 2, 166062, 100, 13, 346.33
2026/09/15 01:16:58.943, 3, 165742, 100, 13, 363.95
2026/09/15 01:16:59.946, 0, 166761, 100, 13, 367.34
2026/09/15 01:16:59.949, 1, 166062, 100, 13, 365.47
2026/09/15 01:16:59.952, 2, 166062, 100, 13, 347.02
2026/09/15 01:16:59.955, 3, 165742, 100, 13, 364.96
2026/09/15 01:17:00.958, 0, 166761, 100, 13, 367.15
2026/09/15 01:17:00.961, 1, 166062, 100, 13, 366.41
2026/09/15 01:17:00.964, 2, 166062, 100, 13, 347.61
2026/09/15 01:17:00.967, 3, 165742, 100, 13, 365.43
2026/09/15 01:17:01.970, 0, 166761, 100, 13, 369.26
2026/09/15 01:17:01.974, 1, 166062, 100, 13, 367.01
2026/09/15 01:17:01.977, 2, 166062, 100, 13, 348.26
2026/09/15 01:17:01.980, 3, 165742, 100, 13, 367.70
2026/09/15 01:17:02.983, 0, 166761, 100, 13, 369.58
2026/09/15 01:17:02.986, 1, 166062, 100, 13, 367.52
2026/09/15 01:17:02.989, 2, 166062, 100, 13, 349.92
2026/09/15 01:17:02.992, 3, 165742, 100, 13, 365.12
2026/09/15 01:17:03.995, 0, 166761, 40, 6, 344.14
2026/09/15 01:17:03.999, 1, 166062, 43, 6, 342.67
2026/09/15 01:17:04.002, 2, 166062, 0, 0, 331.76
2026/09/15 01:17:04.005, 3, 165742, 0, 0, 348.59
2026/09/15 01:17:05.008, 0, 166761, 0, 0, 230.69
2026/09/15 01:17:05.012, 1, 166062, 0, 0, 227.27
2026/09/15 01:17:05.015, 2, 166062, 0, 0, 218.17
2026/09/15 01:17:05.018, 3, 165742, 0, 0, 233.46
2026/09/15 01:17:06.021, 0, 166761, 0, 0, 228.62
2026/09/15 01:17:06.025, 1, 166062, 0, 0, 227.03
2026/09/15 01:17:06.028, 2, 166062, 0, 0, 216.74
2026/09/15 01:17:06.030, 3, 165742, 0, 0, 232.72
2026/09/15 01:17:07.033, 0, 166761, 0, 0, 228.41
2026/09/15 01:17:07.037, 1, 166062, 0, 0, 227.27
2026/09/15 01:17:07.039, 2, 166062, 0, 0, 215.69
2026/09/15 01:17:07.042, 3, 165742, 0, 0, 232.64
2026/09/15 01:17:08.045, 0, 166761, 0, 0, 228.41
2026/09/15 01:17:08.056, 1, 166062, 0, 0, 227.27
2026/09/15 01:17:08.067, 2, 166062, 0, 0, 215.85
2026/09/15 01:17:08.078, 3, 165742, 0, 0, 232.63
2026/09/15 01:17:09.091, 0, 166761, 0, 0, 228.41
2026/09/15 01:17:09.094, 1, 166062, 0, 0, 227.27
2026/09/15 01:17:09.097, 2, 166062, 0, 0, 215.85
2026/09/15 01:17:09.100, 3, 165742, 0, 0, 232.64
2026/09/15 01:17:10.102, 0, 166761, 0, 0, 228.41
2026/09/15 01:17:10.106, 1, 166062, 0, 0, 227.27
2026/09/15 01:17:10.109, 2, 166062, 0, 0, 215.53
2026/09/15 01:17:10.112, 3, 165742, 0, 0, 232.63
2026/09/15 01:17:11.115, 0, 166761, 0, 0, 228.41
2026/09/15 01:17:11.118, 1, 166062, 0, 0, 227.27
2026/09/15 01:17:11.121, 2, 166062, 0, 0, 215.54
2026/09/15 01:17:11.124, 3, 165742, 0, 0, 232.64
2026/09/15 01:17:12.127, 0, 166761, 0, 0, 228.41
2026/09/15 01:17:12.130, 1, 166062, 0, 0, 227.27
2026/09/15 01:17:12.133, 2, 166062, 0, 0, 215.54
2026/09/15 01:17:12.136, 3, 165742, 0, 0, 232.64
2026/09/15 01:17:13.139, 0, 166761, 0, 0, 228.41
2026/09/15 01:17:13.142, 1, 166062, 0, 0, 227.27
2026/09/15 01:17:13.145, 2, 166062, 0, 0, 215.62
2026/09/15 01:17:13.148, 3, 165742, 0, 0, 232.65
2026/09/15 01:17:14.151, 0, 166761, 0, 0, 228.41
2026/09/15 01:17:14.154, 1, 166062, 0, 0, 227.27
2026/09/15 01:17:14.157, 2, 166062, 0, 0, 215.54
2026/09/15 01:17:14.160, 3, 165742, 0, 0, 232.66
2026/09/15 01:17:15.163, 0, 166761, 0, 0, 228.41
2026/09/15 01:17:15.167, 1, 166062, 0, 0, 227.27
2026/09/15 01:17:15.169, 2, 166062, 0, 0, 215.61
2026/09/15 01:17:15.172, 3, 165742, 0, 0, 232.64
2026/09/15 01:17:16.175, 0, 166761, 0, 0, 228.41
2026/09/15 01:17:16.179, 1, 166062, 0, 0, 227.27
2026/09/15 01:17:16.182, 2, 166062, 0, 0, 215.54
2026/09/15 01:17:16.185, 3, 165742, 0, 0, 232.64
2026/09/15 01:17:17.188, 0, 166761, 33, 4, 272.72
2026/09/15 01:17:17.192, 1, 166062, 24, 4, 257.18
2026/09/15 01:17:17.194, 2, 166062, 72, 6, 288.61
2026/09/15 01:17:17.197, 3, 165742, 83, 6, 314.68
2026/09/15 01:17:18.200, 0, 166761, 0, 0, 246.07
2026/09/15 01:17:18.203, 1, 166062, 0, 0, 247.04
2026/09/15 01:17:18.206, 2, 166062, 0, 0, 239.34
2026/09/15 01:17:18.209, 3, 165742, 0, 0, 254.01
2026/09/15 01:17:19.212, 0, 166761, 100, 13, 360.87
2026/09/15 01:17:19.215, 1, 166062, 100, 13, 312.04
2026/09/15 01:17:19.218, 2, 166062, 100, 13, 362.30
2026/09/15 01:17:19.221, 3, 165742, 100, 13, 383.61
2026/09/15 01:17:20.224, 0, 166761, 100, 13, 364.84
2026/09/15 01:17:20.227, 1, 166062, 100, 13, 364.16
2026/09/15 01:17:20.230, 2, 166062, 100, 13, 351.79
2026/09/15 01:17:20.233, 3, 165742, 100, 13, 363.73
2026/09/15 01:17:21.236, 0, 166761, 100, 13, 366.45
2026/09/15 01:17:21.239, 1, 166062, 100, 13, 366.05
2026/09/15 01:17:21.242, 2, 166062, 100, 13, 353.13
2026/09/15 01:17:21.244, 3, 165742, 100, 13, 364.93
2026/09/15 01:17:22.247, 0, 166761, 100, 13, 366.58
2026/09/15 01:17:22.251, 1, 166062, 100, 13, 366.55
2026/09/15 01:17:22.253, 2, 166062, 100, 13, 353.45
2026/09/15 01:17:22.256, 3, 165742, 100, 13, 366.45
2026/09/15 01:17:23.259, 0, 166761, 100, 13, 367.71
2026/09/15 01:17:23.262, 1, 166062, 100, 13, 367.48
2026/09/15 01:17:23.265, 2, 166062, 100, 13, 354.97
2026/09/15 01:17:23.268, 3, 165742, 100, 13, 367.46
2026/09/15 01:17:24.271, 0, 166761, 100, 14, 369.67
2026/09/15 01:17:24.275, 1, 166062, 100, 14, 367.59
2026/09/15 01:17:24.277, 2, 166062, 100, 14, 356.25
2026/09/15 01:17:24.280, 3, 165742, 100, 14, 367.83
2026/09/15 01:17:25.283, 0, 166761, 100, 13, 380.03
2026/09/15 01:17:25.286, 1, 166062, 100, 13, 334.21
2026/09/15 01:17:25.289, 2, 166062, 100, 13, 371.71
2026/09/15 01:17:25.292, 3, 165742, 100, 13, 393.12
2026/09/15 01:17:26.295, 0, 166761, 100, 13, 366.86
2026/09/15 01:17:26.298, 1, 166062, 100, 13, 364.97
2026/09/15 01:17:26.301, 2, 166062, 100, 13, 351.96
2026/09/15 01:17:26.304, 3, 165742, 100, 13, 360.49
2026/09/15 01:17:27.306, 0, 166761, 100, 13, 367.48
2026/09/15 01:17:27.309, 1, 166062, 100, 13, 365.40
2026/09/15 01:17:27.312, 2, 166062, 100, 13, 353.94
2026/09/15 01:17:27.315, 3, 165742, 100, 13, 364.91
2026/09/15 01:17:28.318, 0, 166761, 100, 13, 367.23
2026/09/15 01:17:28.321, 1, 166062, 100, 13, 366.60
2026/09/15 01:17:28.324, 2, 166062, 100, 13, 354.19
2026/09/15 01:17:28.327, 3, 165742, 100, 13, 365.54
2026/09/15 01:17:29.330, 0, 166761, 100, 13, 367.18
2026/09/15 01:17:29.333, 1, 166062, 100, 13, 368.33
2026/09/15 01:17:29.336, 2, 166062, 100, 13, 355.44
2026/09/15 01:17:29.338, 3, 165742, 100, 13, 367.12
2026/09/15 01:17:30.341, 0, 166761, 100, 14, 369.07
2026/09/15 01:17:30.344, 1, 166062, 100, 14, 368.06
2026/09/15 01:17:30.347, 2, 166062, 100, 14, 356.08
2026/09/15 01:17:30.350, 3, 165742, 100, 14, 367.92
2026/09/15 01:17:31.353, 0, 166761, 84, 9, 373.76
2026/09/15 01:17:31.356, 1, 166062, 65, 9, 335.65
2026/09/15 01:17:31.359, 2, 166062, 100, 13, 379.39
2026/09/15 01:17:31.362, 3, 165742, 100, 13, 395.60
2026/09/15 01:17:32.365, 0, 166761, 100, 13, 365.29
2026/09/15 01:17:32.368, 1, 166062, 100, 13, 365.01
2026/09/15 01:17:32.371, 2, 166062, 100, 13, 346.88
2026/09/15 01:17:32.374, 3, 165742, 100, 13, 363.90
2026/09/15 01:17:33.377, 0, 166761, 100, 13, 367.01
2026/09/15 01:17:33.380, 1, 166062, 100, 13, 366.02
2026/09/15 01:17:33.383, 2, 166062, 100, 13, 347.38
2026/09/15 01:17:33.386, 3, 165742, 100, 13, 365.25
2026/09/15 01:17:34.389, 0, 166761, 100, 13, 367.47
2026/09/15 01:17:34.392, 1, 166062, 100, 13, 366.89
2026/09/15 01:17:34.395, 2, 166062, 100, 13, 347.84
2026/09/15 01:17:34.398, 3, 165742, 100, 13, 366.36
2026/09/15 01:17:35.401, 0, 166761, 100, 13, 367.32
2026/09/15 01:17:35.404, 1, 166062, 100, 13, 366.88
2026/09/15 01:17:35.407, 2, 166062, 100, 13, 348.28
2026/09/15 01:17:35.409, 3, 165742, 100, 13, 367.40
2026/09/15 01:17:36.412, 0, 166761, 100, 13, 368.71
2026/09/15 01:17:36.415, 1, 166062, 100, 13, 367.78
2026/09/15 01:17:36.418, 2, 166062, 100, 14, 349.54
2026/09/15 01:17:36.421, 3, 165742, 100, 14, 366.37
2026/09/15 01:17:37.424, 0, 166761, 49, 0, 367.35
2026/09/15 01:17:37.427, 1, 166062, 10, 0, 341.47
2026/09/15 01:17:37.430, 2, 166062, 60, 2, 369.91
2026/09/15 01:17:37.433, 3, 165742, 72, 2, 395.95
2026/09/15 01:17:38.436, 0, 166761, 100, 13, 375.21
2026/09/15 01:17:38.439, 1, 166062, 100, 13, 360.10
2026/09/15 01:17:38.442, 2, 166062, 100, 13, 354.17
2026/09/15 01:17:38.445, 3, 165742, 100, 13, 369.72
2026/09/15 01:17:39.448, 0, 166761, 100, 13, 366.24
2026/09/15 01:17:39.451, 1, 166062, 100, 13, 365.81
2026/09/15 01:17:39.454, 2, 166062, 100, 13, 352.60
2026/09/15 01:17:39.457, 3, 165742, 100, 13, 365.17
2026/09/15 01:17:40.460, 0, 166761, 100, 13, 367.16
2026/09/15 01:17:40.463, 1, 166062, 100, 13, 367.71
2026/09/15 01:17:40.466, 2, 166062, 100, 13, 353.67
2026/09/15 01:17:40.468, 3, 165742, 100, 13, 365.78
2026/09/15 01:17:41.471, 0, 166761, 100, 13, 367.36
2026/09/15 01:17:41.474, 1, 166062, 100, 13, 367.02
2026/09/15 01:17:41.477, 2, 166062, 100, 13, 354.37
2026/09/15 01:17:41.480, 3, 165742, 100, 13, 366.97
2026/09/15 01:17:42.483, 0, 166761, 100, 13, 368.99
2026/09/15 01:17:42.486, 1, 166062, 100, 13, 367.89
2026/09/15 01:17:42.489, 2, 166062, 100, 13, 354.79
2026/09/15 01:17:42.492, 3, 165742, 100, 13, 367.71
2026/09/15 01:17:43.495, 0, 166761, 60, 6, 361.41
2026/09/15 01:17:43.498, 1, 166062, 47, 6, 357.45
2026/09/15 01:17:43.501, 2, 166062, 100, 14, 353.09
2026/09/15 01:17:43.504, 3, 165742, 100, 14, 366.16
2026/09/15 01:17:44.507, 0, 166761, 100, 13, 386.46
2026/09/15 01:17:44.510, 1, 166062, 100, 13, 340.18
2026/09/15 01:17:44.513, 2, 166062, 100, 13, 375.65
2026/09/15 01:17:44.516, 3, 165742, 100, 13, 394.39
2026/09/15 01:17:45.518, 0, 166761, 100, 13, 366.40
2026/09/15 01:17:45.521, 1, 166062, 100, 13, 365.73
2026/09/15 01:17:45.524, 2, 166062, 100, 13, 347.66
2026/09/15 01:17:45.527, 3, 165742, 100, 13, 364.58
2026/09/15 01:17:46.530, 0, 166761, 100, 13, 367.18
2026/09/15 01:17:46.533, 1, 166062, 100, 13, 366.74
2026/09/15 01:17:46.536, 2, 166062, 100, 13, 346.87
2026/09/15 01:17:46.539, 3, 165742, 100, 13, 366.36
2026/09/15 01:17:47.542, 0, 166761, 100, 13, 368.22
2026/09/15 01:17:47.545, 1, 166062, 100, 13, 367.02
2026/09/15 01:17:47.548, 2, 166062, 100, 13, 348.27
2026/09/15 01:17:47.551, 3, 165742, 100, 13, 366.32
2026/09/15 01:17:48.554, 0, 166761, 100, 13, 369.36
2026/09/15 01:17:48.557, 1, 166062, 100, 13, 368.23
2026/09/15 01:17:48.560, 2, 166062, 100, 13, 349.61
2026/09/15 01:17:48.562, 3, 165742, 100, 13, 366.45
2026/09/15 01:17:49.565, 0, 166761, 100, 14, 370.38
2026/09/15 01:17:49.569, 1, 166062, 100, 14, 368.77
2026/09/15 01:17:49.571, 2, 166062, 100, 14, 350.78
2026/09/15 01:17:49.574, 3, 165742, 100, 14, 367.81
2026/09/15 01:17:50.577, 0, 166761, 100, 13, 377.30
2026/09/15 01:17:50.580, 1, 166062, 100, 13, 332.55
2026/09/15 01:17:50.583, 2, 166062, 100, 13, 372.13
2026/09/15 01:17:50.586, 3, 165742, 100, 13, 393.07
2026/09/15 01:17:51.589, 0, 166761, 100, 13, 367.19
2026/09/15 01:17:51.592, 1, 166062, 100, 13, 365.21
2026/09/15 01:17:51.595, 2, 166062, 100, 13, 346.29
2026/09/15 01:17:51.598, 3, 165742, 100, 13, 365.75
2026/09/15 01:17:52.601, 0, 166761, 100, 13, 366.61
2026/09/15 01:17:52.604, 1, 166062, 100, 13, 365.94
2026/09/15 01:17:52.607, 2, 166062, 100, 13, 346.60
2026/09/15 01:17:52.610, 3, 165742, 100, 13, 365.31
2026/09/15 01:17:53.613, 0, 166761, 100, 13, 368.13
2026/09/15 01:17:53.616, 1, 166062, 100, 13, 367.41
2026/09/15 01:17:53.619, 2, 166062, 100, 13, 351.83
2026/09/15 01:17:53.622, 3, 165742, 100, 13, 366.86
2026/09/15 01:17:54.625, 0, 166761, 100, 13, 369.27
2026/09/15 01:17:54.628, 1, 166062, 100, 13, 367.43
2026/09/15 01:17:54.631, 2, 166062, 100, 13, 355.53
2026/09/15 01:17:54.634, 3, 165742, 100, 13, 367.13
2026/09/15 01:17:55.637, 0, 166761, 100, 14, 370.02
2026/09/15 01:17:55.640, 1, 166062, 100, 14, 368.63
2026/09/15 01:17:55.643, 2, 166062, 100, 14, 354.72
2026/09/15 01:17:55.645, 3, 165742, 100, 14, 368.68
2026/09/15 01:17:56.648, 0, 166761, 100, 13, 370.93
2026/09/15 01:17:56.652, 1, 166062, 100, 13, 332.57
2026/09/15 01:17:56.654, 2, 166062, 100, 13, 365.41
2026/09/15 01:17:56.657, 3, 165742, 100, 13, 391.37
2026/09/15 01:17:57.660, 0, 166761, 100, 13, 367.19
2026/09/15 01:17:57.663, 1, 166062, 100, 13, 365.51
2026/09/15 01:17:57.666, 2, 166062, 100, 13, 346.64
2026/09/15 01:17:57.669, 3, 165742, 100, 13, 359.52
2026/09/15 01:17:58.672, 0, 166761, 100, 13, 366.26
2026/09/15 01:17:58.675, 1, 166062, 100, 13, 366.58
2026/09/15 01:17:58.678, 2, 166062, 100, 13, 351.19
2026/09/15 01:17:58.681, 3, 165742, 100, 13, 361.10
2026/09/15 01:17:59.684, 0, 166761, 100, 13, 367.93
2026/09/15 01:17:59.687, 1, 166062, 100, 13, 366.95
2026/09/15 01:17:59.690, 2, 166062, 100, 13, 354.19
2026/09/15 01:17:59.693, 3, 165742, 100, 13, 361.38
2026/09/15 01:18:00.695, 0, 166761, 100, 13, 367.98
2026/09/15 01:18:00.699, 1, 166062, 100, 13, 367.57
2026/09/15 01:18:00.702, 2, 166062, 100, 13, 353.76
2026/09/15 01:18:00.704, 3, 165742, 100, 13, 363.10
2026/09/15 01:18:01.707, 0, 166761, 100, 13, 369.00
2026/09/15 01:18:01.710, 1, 166062, 100, 14, 369.24
2026/09/15 01:18:01.713, 2, 166062, 100, 14, 355.98
2026/09/15 01:18:01.716, 3, 165742, 100, 14, 363.26
2026/09/15 01:18:02.719, 0, 166761, 100, 13, 368.03
2026/09/15 01:18:02.722, 1, 166062, 100, 13, 337.73
2026/09/15 01:18:02.725, 2, 166062, 71, 5, 372.80
2026/09/15 01:18:02.728, 3, 165742, 80, 5, 394.79
2026/09/15 01:18:03.731, 0, 166761, 100, 13, 365.52
2026/09/15 01:18:03.734, 1, 166062, 100, 13, 364.50
2026/09/15 01:18:03.737, 2, 166062, 100, 13, 350.67
2026/09/15 01:18:03.740, 3, 165742, 100, 13, 361.97
2026/09/15 01:18:04.743, 0, 166761, 100, 13, 366.01
2026/09/15 01:18:04.746, 1, 166062, 100, 13, 366.83
2026/09/15 01:18:04.749, 2, 166062, 100, 13, 353.95
2026/09/15 01:18:04.752, 3, 165742, 100, 13, 365.40
2026/09/15 01:18:05.755, 0, 166761, 100, 13, 367.88
2026/09/15 01:18:05.758, 1, 166062, 100, 13, 366.42
2026/09/15 01:18:05.761, 2, 166062, 100, 13, 354.18
2026/09/15 01:18:05.764, 3, 165742, 100, 13, 365.40
2026/09/15 01:18:06.767, 0, 166761, 100, 13, 368.62
2026/09/15 01:18:06.770, 1, 166062, 100, 13, 367.12
2026/09/15 01:18:06.773, 2, 166062, 100, 13, 355.71
2026/09/15 01:18:06.776, 3, 165742, 100, 13, 366.57
2026/09/15 01:18:07.778, 0, 166761, 100, 13, 369.42
2026/09/15 01:18:07.782, 1, 166062, 100, 13, 367.30
2026/09/15 01:18:07.784, 2, 166062, 100, 13, 355.87
2026/09/15 01:18:07.787, 3, 165742, 100, 14, 367.63
2026/09/15 01:18:08.790, 0, 166761, 55, 1, 384.62
2026/09/15 01:18:08.793, 1, 166062, 12, 1, 336.39
2026/09/15 01:18:08.796, 2, 166062, 72, 4, 370.67
2026/09/15 01:18:08.799, 3, 165742, 77, 4, 389.14
2026/09/15 01:18:09.802, 0, 166761, 100, 13, 366.87
2026/09/15 01:18:09.805, 1, 166062, 100, 13, 363.45
2026/09/15 01:18:09.808, 2, 166062, 100, 13, 352.63
2026/09/15 01:18:09.811, 3, 165742, 100, 13, 370.47
2026/09/15 01:18:10.814, 0, 166761, 100, 13, 366.89
2026/09/15 01:18:10.817, 1, 166062, 100, 13, 365.33
2026/09/15 01:18:10.820, 2, 166062, 100, 13, 346.36
2026/09/15 01:18:10.823, 3, 165742, 100, 13, 365.12
2026/09/15 01:18:11.826, 0, 166761, 100, 13, 367.57
2026/09/15 01:18:11.829, 1, 166062, 100, 13, 367.17
2026/09/15 01:18:11.832, 2, 166062, 100, 13, 347.81
2026/09/15 01:18:11.835, 3, 165742, 100, 13, 365.88
2026/09/15 01:18:12.838, 0, 166761, 100, 13, 368.32
2026/09/15 01:18:12.841, 1, 166062, 100, 13, 367.78
2026/09/15 01:18:12.844, 2, 166062, 100, 13, 348.42
2026/09/15 01:18:12.847, 3, 165742, 100, 13, 367.52
2026/09/15 01:18:13.850, 0, 166761, 100, 13, 368.74
2026/09/15 01:18:13.853, 1, 166062, 100, 13, 367.67
2026/09/15 01:18:13.856, 2, 166062, 100, 13, 348.70
2026/09/15 01:18:13.859, 3, 165742, 100, 13, 366.90
2026/09/15 01:18:14.862, 0, 166761, 100, 14, 361.13
2026/09/15 01:18:14.865, 1, 166062, 100, 14, 346.90
2026/09/15 01:18:14.868, 2, 166062, 90, 12, 344.14
2026/09/15 01:18:14.870, 3, 165742, 90, 12, 363.04
2026/09/15 01:18:15.873, 0, 166761, 100, 13, 381.72
2026/09/15 01:18:15.876, 1, 166062, 100, 13, 352.30
2026/09/15 01:18:15.879, 2, 166062, 100, 13, 371.14
2026/09/15 01:18:15.882, 3, 165742, 100, 13, 393.95
2026/09/15 01:18:16.885, 0, 166761, 100, 13, 365.02
2026/09/15 01:18:16.888, 1, 166062, 100, 13, 364.82
2026/09/15 01:18:16.891, 2, 166062, 100, 13, 346.56
2026/09/15 01:18:16.894, 3, 165742, 100, 13, 360.16
2026/09/15 01:18:17.897, 0, 166761, 100, 13, 365.99
2026/09/15 01:18:17.900, 1, 166062, 100, 13, 367.78
2026/09/15 01:18:17.903, 2, 166062, 100, 13, 347.54
2026/09/15 01:18:17.906, 3, 165742, 100, 13, 360.71
2026/09/15 01:18:18.909, 0, 166761, 100, 13, 367.05
2026/09/15 01:18:18.912, 1, 166062, 100, 13, 367.34
2026/09/15 01:18:18.915, 2, 166062, 100, 13, 348.29
2026/09/15 01:18:18.918, 3, 165742, 100, 13, 361.92
2026/09/15 01:18:19.921, 0, 166761, 100, 13, 369.85
2026/09/15 01:18:19.924, 1, 166062, 100, 13, 368.30
2026/09/15 01:18:19.927, 2, 166062, 100, 13, 348.73
2026/09/15 01:18:19.930, 3, 165742, 100, 13, 362.01
2026/09/15 01:18:20.933, 0, 166761, 100, 14, 369.78
2026/09/15 01:18:20.936, 1, 166062, 100, 14, 368.21
2026/09/15 01:18:20.939, 2, 166062, 100, 14, 350.03
2026/09/15 01:18:20.941, 3, 165742, 100, 14, 364.13
2026/09/15 01:18:21.944, 0, 166761, 0, 0, 242.77
2026/09/15 01:18:21.948, 1, 166062, 0, 0, 245.24
2026/09/15 01:18:21.951, 2, 166062, 0, 0, 223.22
2026/09/15 01:18:21.954, 3, 165742, 0, 0, 238.26
2026/09/15 01:18:22.957, 0, 166761, 0, 0, 228.54
2026/09/15 01:18:22.961, 1, 166062, 0, 0, 227.27
2026/09/15 01:18:22.964, 2, 166062, 0, 0, 217.51
2026/09/15 01:18:22.967, 3, 165742, 0, 0, 232.65
2026/09/15 01:18:23.969, 0, 166761, 0, 0, 228.41
2026/09/15 01:18:23.973, 1, 166062, 0, 0, 227.27
2026/09/15 01:18:23.976, 2, 166062, 0, 0, 216.75
2026/09/15 01:18:23.978, 3, 165742, 0, 0, 232.66
2026/09/15 01:18:24.981, 0, 166761, 0, 0, 228.41
2026/09/15 01:18:24.985, 1, 166062, 0, 0, 227.27
2026/09/15 01:18:24.987, 2, 166062, 0, 0, 216.00
2026/09/15 01:18:24.990, 3, 165742, 0, 0, 232.65
2026/09/15 01:18:25.993, 0, 166761, 0, 0, 228.41
2026/09/15 01:18:25.996, 1, 166062, 0, 0, 227.27
2026/09/15 01:18:25.999, 2, 166062, 0, 0, 216.23
2026/09/15 01:18:26.002, 3, 165742, 0, 0, 232.67
2026/09/15 01:18:27.005, 0, 166761, 0, 0, 228.41
2026/09/15 01:18:27.009, 1, 166062, 0, 0, 227.27
2026/09/15 01:18:27.012, 2, 166062, 0, 0, 215.69
2026/09/15 01:18:27.014, 3, 165742, 0, 0, 232.64
2026/09/15 01:18:28.017, 0, 166761, 0, 0, 228.41
2026/09/15 01:18:28.021, 1, 166062, 0, 0, 227.27
2026/09/15 01:18:28.024, 2, 166062, 0, 0, 215.62
2026/09/15 01:18:28.027, 3, 165742, 0, 0, 232.65
2026/09/15 01:18:29.029, 0, 166761, 0, 0, 228.41
2026/09/15 01:18:29.033, 1, 166062, 0, 0, 227.27
2026/09/15 01:18:29.036, 2, 166062, 0, 0, 215.54
2026/09/15 01:18:29.038, 3, 165742, 0, 0, 232.66
2026/09/15 01:18:30.041, 0, 166761, 0, 0, 228.41
2026/09/15 01:18:30.045, 1, 166062, 0, 0, 227.27
2026/09/15 01:18:30.048, 2, 166062, 0, 0, 215.70
2026/09/15 01:18:30.051, 3, 165742, 0, 0, 232.66
2026/09/15 01:18:31.053, 0, 166761, 0, 0, 228.41
2026/09/15 01:18:31.057, 1, 166062, 0, 0, 227.27
2026/09/15 01:18:31.060, 2, 166062, 0, 0, 215.62
2026/09/15 01:18:31.062, 3, 165742, 0, 0, 232.66
2026/09/15 01:18:32.065, 0, 166761, 0, 0, 228.41
2026/09/15 01:18:32.069, 1, 166062, 0, 0, 227.27
2026/09/15 01:18:32.072, 2, 166062, 0, 0, 215.77
2026/09/15 01:18:32.075, 3, 165742, 0, 0, 232.66
2026/09/15 01:18:33.077, 0, 166761, 0, 0, 228.41
2026/09/15 01:18:33.081, 1, 166062, 0, 0, 227.27
2026/09/15 01:18:33.084, 2, 166062, 0, 0, 215.54
2026/09/15 01:18:33.087, 3, 165742, 0, 0, 232.65
2026/09/15 01:18:34.090, 0, 166761, 10, 0, 232.11
2026/09/15 01:18:34.094, 1, 166062, 55, 0, 239.57
2026/09/15 01:18:34.096, 2, 166062, 0, 0, 230.44
2026/09/15 01:18:34.099, 3, 165742, 0, 0, 245.43
2026/09/15 01:18:35.102, 0, 166761, 0, 0, 267.22
2026/09/15 01:18:35.105, 1, 166062, 0, 0, 293.27
2026/09/15 01:18:35.108, 2, 166062, 0, 0, 306.99
2026/09/15 01:18:35.111, 3, 165742, 0, 0, 319.29
2026/09/15 01:18:36.114, 0, 166761, 100, 13, 333.44
2026/09/15 01:18:36.117, 1, 166062, 100, 13, 280.16
2026/09/15 01:18:36.120, 2, 166062, 100, 13, 333.35
2026/09/15 01:18:36.123, 3, 165742, 100, 13, 338.88
2026/09/15 01:18:37.125, 0, 166761, 100, 13, 365.61
2026/09/15 01:18:37.129, 1, 166062, 100, 13, 364.03
2026/09/15 01:18:37.131, 2, 166062, 100, 13, 351.87
2026/09/15 01:18:37.134, 3, 165742, 100, 13, 363.85
2026/09/15 01:18:38.137, 0, 166761, 100, 13, 366.25
2026/09/15 01:18:38.140, 1, 166062, 100, 13, 365.19
2026/09/15 01:18:38.143, 2, 166062, 100, 13, 354.05
2026/09/15 01:18:38.146, 3, 165742, 100, 13, 365.07
2026/09/15 01:18:39.149, 0, 166761, 100, 13, 368.69
2026/09/15 01:18:39.152, 1, 166062, 100, 13, 366.44
2026/09/15 01:18:39.155, 2, 166062, 100, 13, 354.59
2026/09/15 01:18:39.157, 3, 165742, 100, 13, 366.22
2026/09/15 01:18:40.160, 0, 166761, 100, 13, 368.12
2026/09/15 01:18:40.163, 1, 166062, 100, 13, 367.13
2026/09/15 01:18:40.166, 2, 166062, 100, 13, 354.08
2026/09/15 01:18:40.169, 3, 165742, 100, 13, 367.74
2026/09/15 01:18:41.172, 0, 166761, 100, 13, 369.01
2026/09/15 01:18:41.175, 1, 166062, 100, 13, 367.90
2026/09/15 01:18:41.178, 2, 166062, 100, 14, 356.74
2026/09/15 01:18:41.181, 3, 165742, 100, 14, 368.46
2026/09/15 01:18:42.184, 0, 166761, 63, 4, 378.23
2026/09/15 01:18:42.187, 1, 166062, 21, 4, 335.48
2026/09/15 01:18:42.190, 2, 166062, 90, 10, 385.66
2026/09/15 01:18:42.192, 3, 165742, 88, 9, 391.28
2026/09/15 01:18:43.195, 0, 166761, 100, 13, 364.96
2026/09/15 01:18:43.198, 1, 166062, 100, 13, 365.17
2026/09/15 01:18:43.201, 2, 166062, 100, 13, 346.16
2026/09/15 01:18:43.204, 3, 165742, 100, 13, 362.85
2026/09/15 01:18:44.207, 0, 166761, 100, 13, 367.14
2026/09/15 01:18:44.210, 1, 166062, 100, 13, 365.34
2026/09/15 01:18:44.213, 2, 166062, 100, 13, 351.89
2026/09/15 01:18:44.216, 3, 165742, 100, 13, 364.94
2026/09/15 01:18:45.219, 0, 166761, 100, 13, 368.65
2026/09/15 01:18:45.222, 1, 166062, 100, 13, 366.01
2026/09/15 01:18:45.225, 2, 166062, 100, 13, 353.47
2026/09/15 01:18:45.228, 3, 165742, 100, 13, 365.77
2026/09/15 01:18:46.230, 0, 166761, 100, 13, 367.90
2026/09/15 01:18:46.234, 1, 166062, 100, 13, 367.32
2026/09/15 01:18:46.236, 2, 166062, 100, 13, 354.80
2026/09/15 01:18:46.239, 3, 165742, 100, 13, 367.08
2026/09/15 01:18:47.242, 0, 166761, 100, 13, 369.10
2026/09/15 01:18:47.245, 1, 166062, 100, 13, 368.45
2026/09/15 01:18:47.248, 2, 166062, 100, 13, 355.58
2026/09/15 01:18:47.251, 3, 165742, 100, 13, 367.44
2026/09/15 01:18:48.254, 0, 166761, 67, 8, 363.57
2026/09/15 01:18:48.257, 1, 166062, 63, 8, 344.00
2026/09/15 01:18:48.260, 2, 166062, 77, 0, 376.23
2026/09/15 01:18:48.263, 3, 165742, 68, 0, 383.30
2026/09/15 01:18:49.265, 0, 166761, 100, 13, 390.51
2026/09/15 01:18:49.269, 1, 166062, 100, 13, 357.67
2026/09/15 01:18:49.271, 2, 166062, 100, 13, 360.94
2026/09/15 01:18:49.274, 3, 165742, 100, 13, 378.93
2026/09/15 01:18:50.277, 0, 166761, 100, 13, 366.74
2026/09/15 01:18:50.280, 1, 166062, 100, 13, 366.27
2026/09/15 01:18:50.283, 2, 166062, 100, 13, 346.77
2026/09/15 01:18:50.286, 3, 165742, 100, 13, 364.74
2026/09/15 01:18:51.289, 0, 166761, 100, 13, 368.12
2026/09/15 01:18:51.292, 1, 166062, 100, 13, 366.19
2026/09/15 01:18:51.295, 2, 166062, 100, 13, 346.85
2026/09/15 01:18:51.298, 3, 165742, 100, 13, 365.76
2026/09/15 01:18:52.300, 0, 166761, 100, 13, 368.70
2026/09/15 01:18:52.304, 1, 166062, 100, 13, 366.95
2026/09/15 01:18:52.307, 2, 166062, 100, 13, 347.74
2026/09/15 01:18:52.309, 3, 165742, 100, 13, 366.35
2026/09/15 01:18:53.312, 0, 166761, 100, 13, 368.00
2026/09/15 01:18:53.315, 1, 166062, 100, 13, 368.14
2026/09/15 01:18:53.318, 2, 166062, 100, 13, 349.16
2026/09/15 01:18:53.321, 3, 165742, 100, 13, 368.11
2026/09/15 01:18:54.324, 0, 166761, 100, 14, 366.23
2026/09/15 01:18:54.327, 1, 166062, 100, 14, 364.44
2026/09/15 01:18:54.330, 2, 166062, 100, 14, 348.88
2026/09/15 01:18:54.333, 3, 165742, 100, 14, 367.18
2026/09/15 01:18:55.336, 0, 166761, 100, 13, 375.39
2026/09/15 01:18:55.339, 1, 166062, 100, 13, 337.27
2026/09/15 01:18:55.342, 2, 166062, 100, 13, 378.26
2026/09/15 01:18:55.344, 3, 165742, 100, 13, 383.19
2026/09/15 01:18:56.347, 0, 166761, 100, 13, 366.66
2026/09/15 01:18:56.351, 1, 166062, 100, 13, 366.16
2026/09/15 01:18:56.354, 2, 166062, 100, 13, 350.15
2026/09/15 01:18:56.357, 3, 165742, 100, 13, 359.01
2026/09/15 01:18:57.359, 0, 166761, 100, 13, 367.83
2026/09/15 01:18:57.363, 1, 166062, 100, 13, 365.66
2026/09/15 01:18:57.365, 2, 166062, 100, 13, 353.30
2026/09/15 01:18:57.368, 3, 165742, 100, 13, 360.66
2026/09/15 01:18:58.371, 0, 166761, 100, 13, 369.08
2026/09/15 01:18:58.374, 1, 166062, 100, 13, 366.96
2026/09/15 01:18:58.377, 2, 166062, 100, 13, 353.68
2026/09/15 01:18:58.380, 3, 165742, 100, 13, 366.97
2026/09/15 01:18:59.383, 0, 166761, 100, 13, 368.49
2026/09/15 01:18:59.386, 1, 166062, 100, 13, 367.76
2026/09/15 01:18:59.389, 2, 166062, 100, 13, 356.81
2026/09/15 01:18:59.392, 3, 165742, 100, 13, 368.11
2026/09/15 01:19:00.394, 0, 166761, 100, 14, 369.55
2026/09/15 01:19:00.398, 1, 166062, 100, 14, 368.11
2026/09/15 01:19:00.400, 2, 166062, 100, 14, 355.95
2026/09/15 01:19:00.403, 3, 165742, 100, 14, 367.74
2026/09/15 01:19:01.406, 0, 166761, 100, 13, 377.00
2026/09/15 01:19:01.409, 1, 166062, 100, 13, 331.91
2026/09/15 01:19:01.412, 2, 166062, 100, 13, 382.23
2026/09/15 01:19:01.415, 3, 165742, 100, 13, 388.43
2026/09/15 01:19:02.418, 0, 166761, 100, 13, 365.70
2026/09/15 01:19:02.421, 1, 166062, 100, 13, 365.07
2026/09/15 01:19:02.424, 2, 166062, 100, 13, 351.80
2026/09/15 01:19:02.427, 3, 165742, 100, 13, 364.44
2026/09/15 01:19:03.430, 0, 166761, 100, 13, 367.88
2026/09/15 01:19:03.433, 1, 166062, 100, 13, 365.73
2026/09/15 01:19:03.436, 2, 166062, 100, 13, 353.71
2026/09/15 01:19:03.439, 3, 165742, 100, 13, 365.42
2026/09/15 01:19:04.442, 0, 166761, 100, 13, 367.17
2026/09/15 01:19:04.445, 1, 166062, 100, 13, 366.85
2026/09/15 01:19:04.448, 2, 166062, 100, 13, 354.62
2026/09/15 01:19:04.451, 3, 165742, 100, 13, 367.03
2026/09/15 01:19:05.453, 0, 166761, 100, 13, 367.51
2026/09/15 01:19:05.457, 1, 166062, 100, 13, 367.99
2026/09/15 01:19:05.460, 2, 166062, 100, 13, 356.12
2026/09/15 01:19:05.462, 3, 165742, 100, 13, 367.81
2026/09/15 01:19:06.465, 0, 166761, 100, 14, 368.72
2026/09/15 01:19:06.468, 1, 166062, 100, 14, 367.28
2026/09/15 01:19:06.471, 2, 166062, 100, 14, 356.05
2026/09/15 01:19:06.474, 3, 165742, 100, 14, 368.21
2026/09/15 01:19:07.477, 0, 166761, 93, 12, 374.02
2026/09/15 01:19:07.480, 1, 166062, 89, 11, 335.15
2026/09/15 01:19:07.483, 2, 166062, 100, 13, 381.11
2026/09/15 01:19:07.486, 3, 165742, 100, 13, 387.14
2026/09/15 01:19:08.489, 0, 166761, 100, 13, 366.18
2026/09/15 01:19:08.492, 1, 166062, 100, 13, 364.35
2026/09/15 01:19:08.495, 2, 166062, 100, 13, 346.58
2026/09/15 01:19:08.498, 3, 165742, 100, 13, 359.30
2026/09/15 01:19:09.501, 0, 166761, 100, 13, 367.03
2026/09/15 01:19:09.504, 1, 166062, 100, 13, 366.42
2026/09/15 01:19:09.507, 2, 166062, 100, 13, 346.72
2026/09/15 01:19:09.510, 3, 165742, 100, 13, 360.32
2026/09/15 01:19:10.512, 0, 166761, 100, 13, 367.48
2026/09/15 01:19:10.516, 1, 166062, 100, 13, 367.39
2026/09/15 01:19:10.518, 2, 166062, 100, 13, 348.76
2026/09/15 01:19:10.521, 3, 165742, 100, 13, 361.27
2026/09/15 01:19:11.524, 0, 166761, 100, 13, 369.38
2026/09/15 01:19:11.527, 1, 166062, 100, 13, 367.33
2026/09/15 01:19:11.530, 2, 166062, 100, 13, 349.31
2026/09/15 01:19:11.533, 3, 165742, 100, 13, 362.07
2026/09/15 01:19:12.536, 0, 166761, 100, 14, 369.85
2026/09/15 01:19:12.539, 1, 166062, 100, 14, 369.00
2026/09/15 01:19:12.542, 2, 166062, 100, 13, 350.31
2026/09/15 01:19:12.545, 3, 165742, 100, 13, 363.48
2026/09/15 01:19:13.548, 0, 166761, 73, 6, 375.85
2026/09/15 01:19:13.551, 1, 166062, 34, 6, 335.12
2026/09/15 01:19:13.554, 2, 166062, 76, 4, 379.27
2026/09/15 01:19:13.557, 3, 165742, 66, 4, 391.09
2026/09/15 01:19:14.560, 0, 166761, 100, 13, 365.51
2026/09/15 01:19:14.563, 1, 166062, 100, 13, 364.68
2026/09/15 01:19:14.566, 2, 166062, 100, 13, 350.30
2026/09/15 01:19:14.568, 3, 165742, 100, 13, 363.10
2026/09/15 01:19:15.571, 0, 166761, 100, 13, 366.32
2026/09/15 01:19:15.575, 1, 166062, 100, 13, 365.52
2026/09/15 01:19:15.577, 2, 166062, 100, 13, 353.85
2026/09/15 01:19:15.580, 3, 165742, 100, 13, 365.43
2026/09/15 01:19:16.583, 0, 166761, 100, 13, 367.24
2026/09/15 01:19:16.586, 1, 166062, 100, 13, 366.75
2026/09/15 01:19:16.589, 2, 166062, 100, 13, 354.11
2026/09/15 01:19:16.592, 3, 165742, 100, 13, 365.58
2026/09/15 01:19:17.595, 0, 166761, 100, 13, 368.25
2026/09/15 01:19:17.598, 1, 166062, 100, 13, 367.23
2026/09/15 01:19:17.601, 2, 166062, 100, 13, 354.60
2026/09/15 01:19:17.604, 3, 165742, 100, 13, 366.40
2026/09/15 01:19:18.607, 0, 166761, 100, 13, 369.10
2026/09/15 01:19:18.610, 1, 166062, 100, 13, 367.93
2026/09/15 01:19:18.613, 2, 166062, 100, 13, 353.56
2026/09/15 01:19:18.616, 3, 165742, 100, 13, 367.62
2026/09/15 01:19:19.619, 0, 166761, 40, 1, 372.19
2026/09/15 01:19:19.622, 1, 166062, 18, 2, 341.59
2026/09/15 01:19:19.625, 2, 166062, 75, 1, 366.72
2026/09/15 01:19:19.627, 3, 165742, 65, 1, 372.92
2026/09/15 01:19:20.630, 0, 166761, 100, 13, 379.46
2026/09/15 01:19:20.633, 1, 166062, 100, 13, 359.35
2026/09/15 01:19:20.636, 2, 166062, 100, 13, 372.57
2026/09/15 01:19:20.639, 3, 165742, 100, 13, 386.48
2026/09/15 01:19:21.642, 0, 166761, 100, 13, 367.83
2026/09/15 01:19:21.645, 1, 166062, 100, 13, 366.30
2026/09/15 01:19:21.648, 2, 166062, 100, 13, 354.06
2026/09/15 01:19:21.651, 3, 165742, 100, 13, 363.33
2026/09/15 01:19:22.654, 0, 166761, 100, 13, 367.72
2026/09/15 01:19:22.657, 1, 166062, 100, 13, 365.52
2026/09/15 01:19:22.660, 2, 166062, 100, 13, 354.09
2026/09/15 01:19:22.663, 3, 165742, 100, 13, 366.23
2026/09/15 01:19:23.666, 0, 166761, 100, 13, 368.95
2026/09/15 01:19:23.669, 1, 166062, 100, 13, 367.11
2026/09/15 01:19:23.672, 2, 166062, 100, 13, 355.04
2026/09/15 01:19:23.675, 3, 165742, 100, 13, 367.29
2026/09/15 01:19:24.678, 0, 166761, 100, 13, 368.53
2026/09/15 01:19:24.681, 1, 166062, 100, 13, 367.70
2026/09/15 01:19:24.684, 2, 166062, 100, 13, 355.33
2026/09/15 01:19:24.687, 3, 165742, 100, 13, 367.88
2026/09/15 01:19:25.690, 0, 166761, 100, 14, 368.30
2026/09/15 01:19:25.693, 1, 166062, 100, 14, 368.81
2026/09/15 01:19:25.696, 2, 166062, 100, 14, 355.57
2026/09/15 01:19:25.698, 3, 165742, 100, 14, 367.18
2026/09/15 01:19:26.701, 0, 166761, 100, 13, 379.23
2026/09/15 01:19:26.705, 1, 166062, 100, 13, 344.53
2026/09/15 01:19:26.707, 2, 166062, 100, 13, 384.95
2026/09/15 01:19:26.710, 3, 165742, 100, 13, 393.02
2026/09/15 01:19:27.713, 0, 166761, 100, 13, 366.48
2026/09/15 01:19:27.716, 1, 166062, 100, 13, 365.72
2026/09/15 01:19:27.719, 2, 166062, 100, 13, 351.68
2026/09/15 01:19:27.722, 3, 165742, 100, 13, 364.57
2026/09/15 01:19:28.725, 0, 166761, 100, 13, 367.26
2026/09/15 01:19:28.728, 1, 166062, 100, 13, 366.60
2026/09/15 01:19:28.731, 2, 166062, 100, 13, 353.66
2026/09/15 01:19:28.734, 3, 165742, 100, 13, 365.34
2026/09/15 01:19:29.737, 0, 166761, 100, 13, 367.52
2026/09/15 01:19:29.740, 1, 166062, 100, 13, 366.81
2026/09/15 01:19:29.743, 2, 166062, 100, 13, 353.99
2026/09/15 01:19:29.746, 3, 165742, 100, 13, 366.43
2026/09/15 01:19:30.749, 0, 166761, 100, 13, 369.30
2026/09/15 01:19:30.752, 1, 166062, 100, 13, 367.39
2026/09/15 01:19:30.755, 2, 166062, 100, 13, 355.99
2026/09/15 01:19:30.758, 3, 165742, 100, 13, 367.68
2026/09/15 01:19:31.761, 0, 166761, 100, 14, 368.92
2026/09/15 01:19:31.764, 1, 166062, 100, 14, 368.68
2026/09/15 01:19:31.767, 2, 166062, 100, 14, 355.98
2026/09/15 01:19:31.769, 3, 165742, 100, 14, 368.20
2026/09/15 01:19:32.772, 0, 166761, 100, 13, 375.82
2026/09/15 01:19:32.775, 1, 166062, 100, 13, 334.06
2026/09/15 01:19:32.778, 2, 166062, 100, 13, 383.24
2026/09/15 01:19:32.781, 3, 165742, 100, 13, 387.00
2026/09/15 01:19:33.784, 0, 166761, 100, 13, 365.42
2026/09/15 01:19:33.787, 1, 166062, 100, 13, 364.27
2026/09/15 01:19:33.790, 2, 166062, 100, 13, 347.58
2026/09/15 01:19:33.793, 3, 165742, 100, 13, 364.12
2026/09/15 01:19:34.796, 0, 166761, 100, 13, 366.89
2026/09/15 01:19:34.799, 1, 166062, 100, 13, 367.30
2026/09/15 01:19:34.802, 2, 166062, 100, 13, 347.16
2026/09/15 01:19:34.805, 3, 165742, 100, 13, 365.36
2026/09/15 01:19:35.807, 0, 166761, 100, 13, 367.38
2026/09/15 01:19:35.811, 1, 166062, 100, 13, 367.31
2026/09/15 01:19:35.814, 2, 166062, 100, 13, 347.97
2026/09/15 01:19:35.816, 3, 165742, 100, 13, 365.96
2026/09/15 01:19:36.819, 0, 166761, 100, 13, 368.97
2026/09/15 01:19:36.822, 1, 166062, 100, 13, 367.99
2026/09/15 01:19:36.825, 2, 166062, 100, 13, 348.65
2026/09/15 01:19:36.828, 3, 165742, 100, 13, 367.61
2026/09/15 01:19:37.831, 0, 166761, 100, 14, 369.55
2026/09/15 01:19:37.834, 1, 166062, 100, 14, 369.01
2026/09/15 01:19:37.837, 2, 166062, 100, 14, 349.52
2026/09/15 01:19:37.840, 3, 165742, 100, 14, 368.16
2026/09/15 01:19:38.843, 0, 166761, 0, 0, 278.48
2026/09/15 01:19:38.847, 1, 166062, 0, 0, 275.13
2026/09/15 01:19:38.850, 2, 166062, 0, 0, 267.42
2026/09/15 01:19:38.853, 3, 165742, 0, 0, 284.55
2026/09/15 01:19:39.856, 0, 166761, 0, 0, 229.05
2026/09/15 01:19:39.859, 1, 166062, 0, 0, 227.27
2026/09/15 01:19:39.862, 2, 166062, 0, 0, 217.15
2026/09/15 01:19:39.865, 3, 165742, 0, 0, 232.64
2026/09/15 01:19:40.868, 0, 166761, 0, 0, 228.47
2026/09/15 01:19:40.872, 1, 166062, 0, 0, 227.11
2026/09/15 01:19:40.875, 2, 166062, 0, 0, 216.84
2026/09/15 01:19:40.878, 3, 165742, 0, 0, 232.65
2026/09/15 01:19:41.881, 0, 166761, 0, 0, 228.41
2026/09/15 01:19:41.884, 1, 166062, 0, 0, 227.27
2026/09/15 01:19:41.887, 2, 166062, 0, 0, 215.85
2026/09/15 01:19:41.890, 3, 165742, 0, 0, 232.64
2026/09/15 01:19:42.893, 0, 166761, 0, 0, 228.55
2026/09/15 01:19:42.896, 1, 166062, 0, 0, 227.27
2026/09/15 01:19:42.899, 2, 166062, 0, 0, 216.31
2026/09/15 01:19:42.902, 3, 165742, 0, 0, 232.66
2026/09/15 01:19:43.905, 0, 166761, 0, 0, 228.41
2026/09/15 01:19:43.908, 1, 166062, 0, 0, 227.27
2026/09/15 01:19:43.911, 2, 166062, 0, 0, 215.62
2026/09/15 01:19:43.914, 3, 165742, 0, 0, 232.66
2026/09/15 01:19:44.917, 0, 166761, 0, 0, 228.41
2026/09/15 01:19:44.921, 1, 166062, 0, 0, 227.27
2026/09/15 01:19:44.924, 2, 166062, 0, 0, 215.53
2026/09/15 01:19:44.927, 3, 165742, 0, 0, 232.64
2026/09/15 01:19:45.929, 0, 166761, 0, 0, 228.41
2026/09/15 01:19:45.933, 1, 166062, 0, 0, 227.27
2026/09/15 01:19:45.936, 2, 166062, 0, 0, 215.69
2026/09/15 01:19:45.939, 3, 165742, 0, 0, 232.65
2026/09/15 01:19:46.942, 0, 166761, 0, 0, 228.41
2026/09/15 01:19:46.946, 1, 166062, 0, 0, 227.27
2026/09/15 01:19:46.949, 2, 166062, 0, 0, 215.54
2026/09/15 01:19:46.952, 3, 165742, 0, 0, 232.65
2026/09/15 01:19:47.955, 0, 166761, 0, 0, 228.41
2026/09/15 01:19:47.959, 1, 166062, 0, 0, 227.27
2026/09/15 01:19:47.962, 2, 166062, 0, 0, 215.62
2026/09/15 01:19:47.965, 3, 165742, 0, 0, 232.64
2026/09/15 01:19:48.968, 0, 166761, 0, 0, 228.41
2026/09/15 01:19:48.972, 1, 166062, 0, 0, 227.27
2026/09/15 01:19:48.975, 2, 166062, 0, 0, 215.54
2026/09/15 01:19:48.978, 3, 165742, 0, 0, 232.64
2026/09/15 01:19:49.981, 0, 166761, 0, 0, 228.41
2026/09/15 01:19:49.984, 1, 166062, 0, 0, 227.27
2026/09/15 01:19:49.987, 2, 166062, 0, 0, 215.54
2026/09/15 01:19:49.990, 3, 165742, 0, 0, 232.65
2026/09/15 01:19:50.993, 0, 166761, 0, 0, 228.41
2026/09/15 01:19:50.997, 1, 166062, 0, 0, 227.27
2026/09/15 01:19:51.000, 2, 166062, 0, 0, 215.62
2026/09/15 01:19:51.003, 3, 165742, 0, 0, 232.65
2026/09/15 01:19:52.006, 0, 166839, 26, 3, 291.57
2026/09/15 01:19:52.009, 1, 166140, 100, 12, 329.56
2026/09/15 01:19:52.012, 2, 166140, 30, 4, 336.87
2026/09/15 01:19:52.015, 3, 165820, 34, 4, 350.78
2026/09/15 01:19:53.018, 0, 166839, 16, 0, 231.03
2026/09/15 01:19:53.021, 1, 166140, 0, 0, 228.82
2026/09/15 01:19:53.024, 2, 166140, 28, 0, 230.19
2026/09/15 01:19:53.027, 3, 166172, 24, 0, 242.60
2026/09/15 01:19:54.030, 0, 167347, 100, 12, 378.55
2026/09/15 01:19:54.033, 1, 166648, 100, 12, 402.51
2026/09/15 01:19:54.036, 2, 166648, 100, 12, 396.99
2026/09/15 01:19:54.039, 3, 166328, 100, 12, 400.47
2026/09/15 01:19:55.041, 0, 167347, 100, 12, 380.38
2026/09/15 01:19:55.045, 1, 166648, 100, 12, 381.46
2026/09/15 01:19:55.048, 2, 166648, 100, 12, 368.58
2026/09/15 01:19:55.050, 3, 166328, 100, 12, 379.18
2026/09/15 01:19:56.053, 0, 167347, 100, 13, 382.35
2026/09/15 01:19:56.057, 1, 166648, 100, 13, 381.39
2026/09/15 01:19:56.059, 2, 166648, 100, 13, 369.73
2026/09/15 01:19:56.062, 3, 166328, 100, 13, 378.87
2026/09/15 01:19:57.065, 0, 167347, 100, 13, 383.32
2026/09/15 01:19:57.068, 1, 166648, 100, 13, 382.68
2026/09/15 01:19:57.071, 2, 166648, 100, 13, 370.63
2026/09/15 01:19:57.074, 3, 166328, 100, 13, 381.45
2026/09/15 01:19:58.077, 0, 167347, 100, 13, 385.18
2026/09/15 01:19:58.080, 1, 166648, 100, 13, 384.73
2026/09/15 01:19:58.083, 2, 166648, 100, 13, 373.82
2026/09/15 01:19:58.086, 3, 166328, 100, 13, 381.73
2026/09/15 01:19:59.089, 0, 167347, 100, 13, 385.66
2026/09/15 01:19:59.092, 1, 166648, 100, 13, 386.13
2026/09/15 01:19:59.095, 2, 166648, 100, 13, 374.03
2026/09/15 01:19:59.098, 3, 166328, 100, 13, 383.90
2026/09/15 01:20:00.101, 0, 167347, 100, 14, 386.44
2026/09/15 01:20:00.104, 1, 166648, 100, 14, 387.20
2026/09/15 01:20:00.107, 2, 166648, 100, 14, 375.24
2026/09/15 01:20:00.110, 3, 166328, 100, 14, 384.70
2026/09/15 01:20:01.113, 0, 167699, 100, 12, 363.42
2026/09/15 01:20:01.116, 1, 167000, 100, 12, 358.30
2026/09/15 01:20:01.119, 2, 167000, 100, 12, 393.09
2026/09/15 01:20:01.122, 3, 166680, 100, 12, 401.38
2026/09/15 01:20:02.125, 0, 167699, 100, 12, 382.48
2026/09/15 01:20:02.128, 1, 167000, 100, 12, 381.46
2026/09/15 01:20:02.131, 2, 167000, 100, 12, 362.23
2026/09/15 01:20:02.134, 3, 166680, 100, 12, 373.73
2026/09/15 01:20:03.137, 0, 167699, 100, 13, 381.64
2026/09/15 01:20:03.140, 1, 167000, 100, 13, 381.72
2026/09/15 01:20:03.143, 2, 167000, 100, 12, 362.40
2026/09/15 01:20:03.146, 3, 166680, 100, 12, 378.61
2026/09/15 01:20:04.148, 0, 167699, 100, 13, 381.08
2026/09/15 01:20:04.152, 1, 167000, 100, 13, 382.85
2026/09/15 01:20:04.155, 2, 167000, 100, 13, 364.76
2026/09/15 01:20:04.157, 3, 166680, 100, 13, 375.65
2026/09/15 01:20:05.160, 0, 167699, 100, 13, 384.56
2026/09/15 01:20:05.164, 1, 167000, 100, 13, 385.20
2026/09/15 01:20:05.167, 2, 167000, 100, 13, 365.25
2026/09/15 01:20:05.169, 3, 166680, 100, 13, 376.39
2026/09/15 01:20:06.172, 0, 167699, 100, 13, 386.85
2026/09/15 01:20:06.176, 1, 167000, 100, 13, 386.49
2026/09/15 01:20:06.179, 2, 167000, 100, 13, 366.87
2026/09/15 01:20:06.181, 3, 166680, 100, 13, 378.36
2026/09/15 01:20:07.184, 0, 167699, 100, 13, 386.67
2026/09/15 01:20:07.188, 1, 167000, 100, 13, 387.18
2026/09/15 01:20:07.191, 2, 167000, 100, 13, 367.48
2026/09/15 01:20:07.193, 3, 166680, 100, 13, 379.21
2026/09/15 01:20:08.196, 0, 167699, 32, 11, 361.39
2026/09/15 01:20:08.200, 1, 167000, 52, 11, 378.70
2026/09/15 01:20:08.202, 2, 167000, 78, 11, 394.03
2026/09/15 01:20:08.205, 3, 166680, 72, 11, 400.86
2026/09/15 01:20:09.208, 0, 167699, 100, 12, 379.13
2026/09/15 01:20:09.211, 1, 167000, 100, 12, 379.01
2026/09/15 01:20:09.214, 2, 167000, 100, 12, 363.67
2026/09/15 01:20:09.217, 3, 166680, 100, 12, 375.03
2026/09/15 01:20:10.220, 0, 167699, 100, 12, 381.10
2026/09/15 01:20:10.223, 1, 167000, 100, 12, 381.56
2026/09/15 01:20:10.226, 2, 167000, 100, 12, 369.34
2026/09/15 01:20:10.229, 3, 166680, 100, 12, 372.82
2026/09/15 01:20:11.232, 0, 167699, 100, 13, 381.12
2026/09/15 01:20:11.235, 1, 167000, 100, 13, 381.04
2026/09/15 01:20:11.238, 2, 167000, 100, 13, 370.38
2026/09/15 01:20:11.241, 3, 166680, 100, 13, 379.28
2026/09/15 01:20:12.244, 0, 167699, 100, 13, 385.61
2026/09/15 01:20:12.247, 1, 167000, 100, 13, 382.75
2026/09/15 01:20:12.250, 2, 167000, 100, 13, 371.16
2026/09/15 01:20:12.253, 3, 166680, 100, 13, 381.35
2026/09/15 01:20:13.256, 0, 167699, 100, 13, 385.71
2026/09/15 01:20:13.259, 1, 167000, 100, 13, 385.41
2026/09/15 01:20:13.262, 2, 167000, 100, 13, 372.12
2026/09/15 01:20:13.265, 3, 166680, 100, 13, 383.04
2026/09/15 01:20:14.268, 0, 167699, 100, 13, 385.58
2026/09/15 01:20:14.271, 1, 167000, 100, 13, 385.85
2026/09/15 01:20:14.274, 2, 167000, 100, 13, 373.62
2026/09/15 01:20:14.277, 3, 166680, 100, 13, 383.64
2026/09/15 01:20:15.280, 0, 167699, 100, 14, 387.54
2026/09/15 01:20:15.283, 1, 167000, 100, 14, 387.73
2026/09/15 01:20:15.286, 2, 167000, 100, 14, 374.89
2026/09/15 01:20:15.289, 3, 166680, 100, 14, 382.11
2026/09/15 01:20:16.291, 0, 167699, 100, 12, 354.99
2026/09/15 01:20:16.295, 1, 167000, 100, 12, 390.68
2026/09/15 01:20:16.298, 2, 167000, 100, 12, 397.45
2026/09/15 01:20:16.301, 3, 166680, 100, 12, 403.47
2026/09/15 01:20:17.303, 0, 167699, 100, 12, 381.51
2026/09/15 01:20:17.307, 1, 167000, 100, 12, 381.14
2026/09/15 01:20:17.310, 2, 167000, 100, 12, 361.64
2026/09/15 01:20:17.313, 3, 166680, 100, 12, 377.66
2026/09/15 01:20:18.316, 0, 167699, 100, 13, 382.51
2026/09/15 01:20:18.319, 1, 167000, 100, 13, 384.73
2026/09/15 01:20:18.322, 2, 167000, 100, 13, 362.68
2026/09/15 01:20:18.325, 3, 166680, 100, 13, 377.56
2026/09/15 01:20:19.328, 0, 167699, 100, 13, 382.10
2026/09/15 01:20:19.331, 1, 167000, 100, 13, 384.45
2026/09/15 01:20:19.334, 2, 167000, 100, 13, 363.26
2026/09/15 01:20:19.337, 3, 166680, 100, 13, 380.31
2026/09/15 01:20:20.340, 0, 167699, 100, 13, 384.54
2026/09/15 01:20:20.343, 1, 167000, 100, 13, 384.56
2026/09/15 01:20:20.346, 2, 167000, 100, 13, 364.49
2026/09/15 01:20:20.349, 3, 166680, 100, 13, 382.15
2026/09/15 01:20:21.352, 0, 167699, 100, 13, 386.09
2026/09/15 01:20:21.355, 1, 167000, 100, 13, 385.88
2026/09/15 01:20:21.358, 2, 167000, 100, 13, 366.09
2026/09/15 01:20:21.361, 3, 166680, 100, 13, 382.96
2026/09/15 01:20:22.364, 0, 167699, 100, 14, 387.04
2026/09/15 01:20:22.367, 1, 167000, 100, 13, 386.85
2026/09/15 01:20:22.370, 2, 167000, 100, 14, 367.43
2026/09/15 01:20:22.372, 3, 166680, 100, 14, 384.33
2026/09/15 01:20:23.375, 0, 167699, 100, 12, 356.35
2026/09/15 01:20:23.379, 1, 167000, 100, 12, 389.84
2026/09/15 01:20:23.381, 2, 167000, 81, 11, 394.40
2026/09/15 01:20:23.384, 3, 166680, 82, 11, 404.21
2026/09/15 01:20:24.387, 0, 167699, 100, 12, 381.54
2026/09/15 01:20:24.391, 1, 167000, 100, 12, 381.62
2026/09/15 01:20:24.394, 2, 167000, 100, 12, 364.88
2026/09/15 01:20:24.396, 3, 166680, 100, 12, 377.84
2026/09/15 01:20:25.399, 0, 167699, 100, 12, 381.66
2026/09/15 01:20:25.402, 1, 167000, 100, 12, 381.40
2026/09/15 01:20:25.405, 2, 167000, 100, 12, 369.42
2026/09/15 01:20:25.408, 3, 166680, 100, 12, 376.82
2026/09/15 01:20:26.411, 0, 167699, 100, 13, 382.18
2026/09/15 01:20:26.414, 1, 167000, 100, 13, 385.89
2026/09/15 01:20:26.417, 2, 167000, 100, 13, 371.22
2026/09/15 01:20:26.420, 3, 166680, 100, 13, 381.09
2026/09/15 01:20:27.423, 0, 167699, 100, 13, 383.57
2026/09/15 01:20:27.426, 1, 167000, 100, 13, 385.20
2026/09/15 01:20:27.429, 2, 167000, 100, 13, 372.86
2026/09/15 01:20:27.432, 3, 166680, 100, 13, 382.09
2026/09/15 01:20:28.435, 0, 167699, 100, 13, 385.25
2026/09/15 01:20:28.438, 1, 167000, 100, 13, 386.30
2026/09/15 01:20:28.441, 2, 167000, 100, 13, 372.60
2026/09/15 01:20:28.444, 3, 166680, 100, 13, 382.88
2026/09/15 01:20:29.447, 0, 167699, 100, 13, 386.24
2026/09/15 01:20:29.450, 1, 167000, 100, 13, 386.62
2026/09/15 01:20:29.453, 2, 167000, 100, 13, 373.60
2026/09/15 01:20:29.456, 3, 166680, 100, 13, 383.92
2026/09/15 01:20:30.459, 0, 167699, 15, 0, 363.85
2026/09/15 01:20:30.462, 1, 167000, 10, 0, 360.10
2026/09/15 01:20:30.465, 2, 167000, 78, 0, 370.57
2026/09/15 01:20:30.468, 3, 166680, 66, 0, 376.17
2026/09/15 01:20:31.471, 0, 167699, 100, 12, 380.59
2026/09/15 01:20:31.474, 1, 167000, 100, 12, 392.59
2026/09/15 01:20:31.477, 2, 167000, 100, 12, 395.97
2026/09/15 01:20:31.480, 3, 166680, 100, 12, 401.53
2026/09/15 01:20:32.483, 0, 167699, 100, 12, 382.14
2026/09/15 01:20:32.486, 1, 167000, 100, 12, 381.42
2026/09/15 01:20:32.489, 2, 167000, 100, 12, 362.04
2026/09/15 01:20:32.492, 3, 166680, 100, 12, 373.29
2026/09/15 01:20:33.495, 0, 167699, 100, 13, 382.21
2026/09/15 01:20:33.498, 1, 167000, 100, 13, 384.13
2026/09/15 01:20:33.501, 2, 167000, 100, 13, 363.08
2026/09/15 01:20:33.504, 3, 166680, 100, 13, 373.74
2026/09/15 01:20:34.507, 0, 167699, 100, 13, 383.73
2026/09/15 01:20:34.510, 1, 167000, 100, 13, 385.60
2026/09/15 01:20:34.513, 2, 167000, 100, 13, 365.88
2026/09/15 01:20:34.516, 3, 166680, 100, 13, 377.01
2026/09/15 01:20:35.519, 0, 167699, 100, 13, 384.90
2026/09/15 01:20:35.522, 1, 167000, 100, 13, 385.52
2026/09/15 01:20:35.525, 2, 167000, 100, 13, 365.52
2026/09/15 01:20:35.528, 3, 166680, 100, 13, 377.03
2026/09/15 01:20:36.531, 0, 167699, 100, 13, 387.96
2026/09/15 01:20:36.534, 1, 167000, 100, 13, 386.31
2026/09/15 01:20:36.537, 2, 167000, 100, 13, 365.76
2026/09/15 01:20:36.540, 3, 166680, 100, 13, 378.88
2026/09/15 01:20:37.543, 0, 167699, 100, 14, 387.51
2026/09/15 01:20:37.546, 1, 167000, 100, 14, 388.08
2026/09/15 01:20:37.549, 2, 167000, 100, 14, 368.03
2026/09/15 01:20:37.552, 3, 166680, 100, 14, 379.64
2026/09/15 01:20:38.555, 0, 167699, 100, 12, 365.34
2026/09/15 01:20:38.558, 1, 167000, 100, 12, 369.42
2026/09/15 01:20:38.561, 2, 167000, 100, 12, 390.64
2026/09/15 01:20:38.564, 3, 166680, 100, 12, 401.71
2026/09/15 01:20:39.567, 0, 167699, 100, 12, 380.79
2026/09/15 01:20:39.571, 1, 167000, 100, 12, 381.66
2026/09/15 01:20:39.573, 2, 167000, 100, 12, 361.79
2026/09/15 01:20:39.576, 3, 166680, 100, 12, 373.91
2026/09/15 01:20:40.579, 0, 167699, 100, 13, 381.82
2026/09/15 01:20:40.583, 1, 167000, 100, 13, 383.30
2026/09/15 01:20:40.586, 2, 167000, 100, 12, 362.54
2026/09/15 01:20:40.589, 3, 166680, 100, 13, 372.57
2026/09/15 01:20:41.592, 0, 167699, 100, 13, 383.51
2026/09/15 01:20:41.595, 1, 167000, 100, 13, 386.67
2026/09/15 01:20:41.598, 2, 167000, 100, 13, 364.23
2026/09/15 01:20:41.601, 3, 166680, 100, 13, 375.44
2026/09/15 01:20:42.604, 0, 167699, 100, 13, 384.44
2026/09/15 01:20:42.607, 1, 167000, 100, 13, 385.67
2026/09/15 01:20:42.610, 2, 167000, 100, 13, 363.87
2026/09/15 01:20:42.613, 3, 166680, 100, 13, 376.78
2026/09/15 01:20:43.616, 0, 167699, 100, 13, 385.31
2026/09/15 01:20:43.619, 1, 167000, 100, 13, 385.29
2026/09/15 01:20:43.622, 2, 167000, 100, 13, 366.36
2026/09/15 01:20:43.625, 3, 166680, 100, 13, 378.23
2026/09/15 01:20:44.628, 0, 167699, 100, 14, 387.80
2026/09/15 01:20:44.632, 1, 167000, 100, 14, 387.88
2026/09/15 01:20:44.635, 2, 167000, 100, 14, 366.94
2026/09/15 01:20:44.637, 3, 166680, 100, 13, 379.39
2026/09/15 01:20:45.640, 0, 167699, 54, 11, 361.64
2026/09/15 01:20:45.644, 1, 167000, 70, 11, 390.33
2026/09/15 01:20:45.647, 2, 167000, 100, 12, 396.91
2026/09/15 01:20:45.650, 3, 166680, 100, 12, 408.83
2026/09/15 01:20:46.653, 0, 167699, 100, 12, 380.55
2026/09/15 01:20:46.656, 1, 167000, 100, 12, 376.74
2026/09/15 01:20:46.659, 2, 167000, 100, 12, 364.82
2026/09/15 01:20:46.662, 3, 166680, 100, 12, 376.81
2026/09/15 01:20:47.665, 0, 167699, 100, 12, 381.90
2026/09/15 01:20:47.668, 1, 167000, 100, 12, 378.27
2026/09/15 01:20:47.671, 2, 167000, 100, 12, 368.94
2026/09/15 01:20:47.674, 3, 166680, 100, 12, 383.10
2026/09/15 01:20:48.677, 0, 167699, 100, 13, 382.29
2026/09/15 01:20:48.681, 1, 167000, 100, 13, 380.53
2026/09/15 01:20:48.683, 2, 167000, 100, 13, 370.29
2026/09/15 01:20:48.686, 3, 166680, 100, 13, 381.55
2026/09/15 01:20:49.689, 0, 167699, 100, 13, 382.90
2026/09/15 01:20:49.693, 1, 167000, 100, 13, 381.31
2026/09/15 01:20:49.696, 2, 167000, 100, 13, 370.70
2026/09/15 01:20:49.699, 3, 166680, 100, 13, 381.84
2026/09/15 01:20:50.702, 0, 167699, 100, 13, 384.79
2026/09/15 01:20:50.705, 1, 167000, 100, 13, 383.10
2026/09/15 01:20:50.708, 2, 167000, 100, 13, 372.86
2026/09/15 01:20:50.711, 3, 166680, 100, 13, 383.58
2026/09/15 01:20:51.714, 0, 167699, 100, 14, 386.78
2026/09/15 01:20:51.718, 1, 167000, 100, 13, 382.99
2026/09/15 01:20:51.721, 2, 167000, 100, 13, 374.31
2026/09/15 01:20:51.724, 3, 166680, 100, 13, 384.10
2026/09/15 01:20:52.727, 0, 167699, 100, 14, 379.75
2026/09/15 01:20:52.730, 1, 167000, 61, 0, 373.40
2026/09/15 01:20:52.733, 2, 167000, 81, 10, 369.50
2026/09/15 01:20:52.736, 3, 166680, 80, 10, 379.38
2026/09/15 01:20:53.739, 0, 167699, 100, 12, 364.26
2026/09/15 01:20:53.742, 1, 167000, 100, 12, 394.58
2026/09/15 01:20:53.745, 2, 167000, 100, 12, 400.44
2026/09/15 01:20:53.748, 3, 166680, 100, 12, 409.90
2026/09/15 01:20:54.751, 0, 167699, 100, 12, 383.84
2026/09/15 01:20:54.754, 1, 167000, 100, 12, 381.38
2026/09/15 01:20:54.757, 2, 167000, 100, 12, 361.66
2026/09/15 01:20:54.760, 3, 166680, 100, 12, 378.90
2026/09/15 01:20:55.763, 0, 167699, 100, 13, 383.89
2026/09/15 01:20:55.766, 1, 167000, 100, 13, 384.09
2026/09/15 01:20:55.769, 2, 167000, 100, 13, 363.20
2026/09/15 01:20:55.772, 3, 166680, 100, 13, 379.93
2026/09/15 01:20:56.775, 0, 167699, 100, 13, 382.97
2026/09/15 01:20:56.778, 1, 167000, 100, 13, 382.91
2026/09/15 01:20:56.781, 2, 167000, 100, 13, 364.73
2026/09/15 01:20:56.784, 3, 166680, 100, 13, 381.38
2026/09/15 01:20:57.787, 0, 167699, 100, 13, 387.20
2026/09/15 01:20:57.791, 1, 167000, 100, 13, 385.75
2026/09/15 01:20:57.794, 2, 167000, 100, 13, 366.30
2026/09/15 01:20:57.797, 3, 166680, 100, 13, 382.67
2026/09/15 01:20:58.800, 0, 167699, 100, 13, 385.84
2026/09/15 01:20:58.803, 1, 167000, 100, 13, 386.40
2026/09/15 01:20:58.806, 2, 167000, 100, 13, 365.87
2026/09/15 01:20:58.809, 3, 166680, 100, 13, 383.12
2026/09/15 01:20:59.812, 0, 167699, 100, 14, 387.45
2026/09/15 01:20:59.815, 1, 167000, 100, 14, 386.70
2026/09/15 01:20:59.818, 2, 167000, 100, 14, 367.10
2026/09/15 01:20:59.821, 3, 166680, 100, 14, 385.67
2026/09/15 01:21:00.824, 0, 167699, 100, 12, 360.01
2026/09/15 01:21:00.827, 1, 167000, 100, 12, 394.67
2026/09/15 01:21:00.830, 2, 167000, 100, 12, 392.64
2026/09/15 01:21:00.833, 3, 166680, 100, 12, 404.93
2026/09/15 01:21:01.836, 0, 167699, 100, 12, 380.22
2026/09/15 01:21:01.840, 1, 167000, 100, 12, 381.88
2026/09/15 01:21:01.842, 2, 167000, 100, 12, 367.88
2026/09/15 01:21:01.845, 3, 166680, 100, 12, 379.12
2026/09/15 01:21:02.848, 0, 167699, 100, 12, 381.59
2026/09/15 01:21:02.852, 1, 167000, 100, 13, 381.67
2026/09/15 01:21:02.855, 2, 167000, 100, 13, 369.46
2026/09/15 01:21:02.857, 3, 166680, 100, 12, 381.48
2026/09/15 01:21:03.860, 0, 167699, 100, 13, 381.50
2026/09/15 01:21:03.864, 1, 167000, 100, 13, 382.62
2026/09/15 01:21:03.867, 2, 167000, 100, 13, 370.65
2026/09/15 01:21:03.870, 3, 166680, 100, 13, 381.38
2026/09/15 01:21:04.873, 0, 167699, 100, 13, 386.61
2026/09/15 01:21:04.876, 1, 167000, 100, 13, 385.58
2026/09/15 01:21:04.879, 2, 167000, 100, 13, 371.58
2026/09/15 01:21:04.882, 3, 166680, 100, 13, 382.64
2026/09/15 01:21:05.885, 0, 167699, 100, 13, 387.17
2026/09/15 01:21:05.888, 1, 167000, 100, 13, 385.89
2026/09/15 01:21:05.891, 2, 167000, 100, 13, 372.72
2026/09/15 01:21:05.894, 3, 166680, 100, 13, 382.96
2026/09/15 01:21:06.897, 0, 167699, 100, 13, 387.89
2026/09/15 01:21:06.900, 1, 167000, 100, 13, 387.34
2026/09/15 01:21:06.903, 2, 167000, 100, 13, 373.64
2026/09/15 01:21:06.906, 3, 166680, 100, 13, 384.48
2026/09/15 01:21:07.909, 0, 167699, 0, 0, 335.24
2026/09/15 01:21:07.913, 1, 167000, 0, 0, 338.41
2026/09/15 01:21:07.916, 2, 167000, 0, 0, 314.56
2026/09/15 01:21:07.919, 3, 166680, 0, 0, 326.32
2026/09/15 01:21:08.922, 0, 167699, 0, 0, 229.35
2026/09/15 01:21:08.926, 1, 167000, 0, 0, 227.27
2026/09/15 01:21:08.929, 2, 167000, 0, 0, 217.19
2026/09/15 01:21:08.932, 3, 166680, 0, 0, 232.71
2026/09/15 01:21:09.935, 0, 167699, 0, 0, 228.40
2026/09/15 01:21:09.939, 1, 167000, 0, 0, 227.03
2026/09/15 01:21:09.942, 2, 167000, 0, 0, 216.14
2026/09/15 01:21:09.945, 3, 166680, 0, 0, 232.67
2026/09/15 01:21:10.948, 0, 167699, 0, 0, 228.41
2026/09/15 01:21:10.951, 1, 167000, 0, 0, 227.27
2026/09/15 01:21:10.954, 2, 167000, 0, 0, 215.54
2026/09/15 01:21:10.957, 3, 166680, 0, 0, 232.65
2026/09/15 01:21:11.959, 0, 167699, 0, 0, 228.48
2026/09/15 01:21:11.970, 1, 167000, 0, 0, 227.27
2026/09/15 01:21:11.981, 2, 167000, 0, 0, 215.62
2026/09/15 01:21:11.992, 3, 166680, 0, 0, 232.64
2026/09/15 01:21:13.004, 0, 167699, 0, 0, 228.48
2026/09/15 01:21:13.008, 1, 167000, 0, 0, 227.27
2026/09/15 01:21:13.011, 2, 167000, 0, 0, 215.77
2026/09/15 01:21:13.014, 3, 166680, 0, 0, 232.67
2026/09/15 01:21:14.016, 0, 167699, 0, 0, 228.41
2026/09/15 01:21:14.020, 1, 167000, 0, 0, 227.27
2026/09/15 01:21:14.023, 2, 167000, 0, 0, 215.53
2026/09/15 01:21:14.026, 3, 166680, 0, 0, 232.64
2026/09/15 01:21:15.029, 0, 167699, 0, 0, 228.41
2026/09/15 01:21:15.032, 1, 167000, 0, 0, 227.27
2026/09/15 01:21:15.035, 2, 167000, 0, 0, 215.56
2026/09/15 01:21:15.038, 3, 166680, 0, 0, 232.68
2026/09/15 01:21:16.041, 0, 167699, 0, 0, 228.41
2026/09/15 01:21:16.044, 1, 167000, 0, 0, 227.27
2026/09/15 01:21:16.047, 2, 167000, 0, 0, 215.55
2026/09/15 01:21:16.050, 3, 166680, 0, 0, 232.69
2026/09/15 01:21:17.053, 0, 167699, 0, 0, 228.41
2026/09/15 01:21:17.056, 1, 167000, 0, 0, 227.27
2026/09/15 01:21:17.059, 2, 167000, 0, 0, 215.56
2026/09/15 01:21:17.062, 3, 166680, 0, 0, 232.70
2026/09/15 01:21:18.065, 0, 167699, 0, 0, 228.41
2026/09/15 01:21:18.068, 1, 167000, 0, 0, 227.27
2026/09/15 01:21:18.071, 2, 167000, 0, 0, 215.54
2026/09/15 01:21:18.074, 3, 166680, 0, 0, 232.71
2026/09/15 01:21:19.077, 0, 167699, 0, 0, 228.41
2026/09/15 01:21:19.081, 1, 167000, 0, 0, 227.27
2026/09/15 01:21:19.084, 2, 167000, 0, 0, 215.57
2026/09/15 01:21:19.086, 3, 166680, 0, 0, 232.70
2026/09/15 01:21:20.089, 0, 167699, 0, 0, 228.41
2026/09/15 01:21:20.093, 1, 167000, 0, 0, 227.27
2026/09/15 01:21:20.096, 2, 167000, 0, 0, 215.56
2026/09/15 01:21:20.099, 3, 166680, 0, 0, 232.71
2026/09/15 01:21:21.102, 0, 167699, 32, 11, 271.16
2026/09/15 01:21:21.106, 1, 167000, 63, 11, 282.42
2026/09/15 01:21:21.109, 2, 167000, 76, 11, 296.14
2026/09/15 01:21:21.112, 3, 166680, 69, 11, 325.57
2026/09/15 01:21:22.115, 0, 166839, 0, 0, 252.04
2026/09/15 01:21:22.118, 1, 166140, 0, 0, 256.63
2026/09/15 01:21:22.121, 2, 166140, 0, 0, 235.16
2026/09/15 01:21:22.124, 3, 165820, 0, 0, 250.23
2026/09/15 01:21:23.127, 0, 167347, 100, 12, 364.87
2026/09/15 01:21:23.130, 1, 166648, 100, 12, 322.12
2026/09/15 01:21:23.132, 2, 166648, 100, 12, 380.26
2026/09/15 01:21:23.135, 3, 166328, 100, 12, 384.75
2026/09/15 01:21:24.138, 0, 167347, 100, 12, 379.85
2026/09/15 01:21:24.142, 1, 166648, 100, 12, 380.55
2026/09/15 01:21:24.144, 2, 166648, 100, 12, 367.38
2026/09/15 01:21:24.147, 3, 166328, 100, 12, 376.61
2026/09/15 01:21:25.150, 0, 167347, 100, 12, 380.68
2026/09/15 01:21:25.153, 1, 166648, 100, 13, 381.35
2026/09/15 01:21:25.156, 2, 166648, 100, 13, 368.74
2026/09/15 01:21:25.159, 3, 166328, 100, 13, 379.15
2026/09/15 01:21:26.162, 0, 167347, 100, 13, 383.85
2026/09/15 01:21:26.165, 1, 166648, 100, 13, 385.80
2026/09/15 01:21:26.168, 2, 166648, 100, 13, 370.06
2026/09/15 01:21:26.171, 3, 166328, 100, 13, 380.27
2026/09/15 01:21:27.174, 0, 167347, 100, 13, 383.47
2026/09/15 01:21:27.177, 1, 166648, 100, 13, 384.49
2026/09/15 01:21:27.180, 2, 166648, 100, 13, 370.38
2026/09/15 01:21:27.183, 3, 166328, 100, 13, 382.32
2026/09/15 01:21:28.186, 0, 167347, 100, 13, 387.14
2026/09/15 01:21:28.189, 1, 166648, 100, 13, 385.03
2026/09/15 01:21:28.192, 2, 166648, 100, 13, 371.86
2026/09/15 01:21:28.195, 3, 166328, 100, 13, 383.62
2026/09/15 01:21:29.198, 0, 167347, 100, 14, 386.30
2026/09/15 01:21:29.201, 1, 166648, 100, 13, 386.20
2026/09/15 01:21:29.204, 2, 166648, 100, 13, 373.60
2026/09/15 01:21:29.207, 3, 166328, 100, 13, 385.28
2026/09/15 01:21:30.210, 0, 167699, 80, 11, 393.15
2026/09/15 01:21:30.213, 1, 167000, 61, 11, 355.69
2026/09/15 01:21:30.216, 2, 167000, 77, 10, 399.80
2026/09/15 01:21:30.219, 3, 166680, 100, 12, 405.14
2026/09/15 01:21:31.221, 0, 167699, 100, 12, 379.40
2026/09/15 01:21:31.225, 1, 167000, 100, 12, 380.64
2026/09/15 01:21:31.228, 2, 167000, 100, 12, 360.79
2026/09/15 01:21:31.231, 3, 166680, 100, 12, 376.99
2026/09/15 01:21:32.234, 0, 167699, 100, 12, 383.05
2026/09/15 01:21:32.237, 1, 167000, 100, 12, 382.76
2026/09/15 01:21:32.240, 2, 167000, 100, 12, 362.27
2026/09/15 01:21:32.242, 3, 166680, 100, 12, 381.56
2026/09/15 01:21:33.245, 0, 167699, 100, 13, 381.42
2026/09/15 01:21:33.249, 1, 167000, 100, 13, 380.43
2026/09/15 01:21:33.252, 2, 167000, 100, 13, 364.54
2026/09/15 01:21:33.255, 3, 166680, 100, 13, 379.90
2026/09/15 01:21:34.258, 0, 167699, 100, 13, 385.01
2026/09/15 01:21:34.261, 1, 167000, 100, 13, 384.18
2026/09/15 01:21:34.264, 2, 167000, 100, 13, 365.13
2026/09/15 01:21:34.267, 3, 166680, 100, 13, 381.94
2026/09/15 01:21:35.270, 0, 167699, 100, 13, 386.05
2026/09/15 01:21:35.273, 1, 167000, 100, 13, 386.28
2026/09/15 01:21:35.276, 2, 167000, 100, 13, 365.75
2026/09/15 01:21:35.279, 3, 166680, 100, 13, 383.08
2026/09/15 01:21:36.281, 0, 167699, 100, 13, 385.43
2026/09/15 01:21:36.285, 1, 167000, 100, 13, 386.50
2026/09/15 01:21:36.288, 2, 167000, 100, 13, 366.85
2026/09/15 01:21:36.291, 3, 166680, 100, 13, 383.66
2026/09/15 01:21:37.293, 0, 167699, 100, 14, 375.03
2026/09/15 01:21:37.297, 1, 167000, 100, 14, 381.93
2026/09/15 01:21:37.300, 2, 167000, 79, 8, 364.45
2026/09/15 01:21:37.302, 3, 166680, 78, 9, 381.77
2026/09/15 01:21:38.305, 0, 167699, 100, 12, 368.68
2026/09/15 01:21:38.309, 1, 167000, 100, 12, 395.98
2026/09/15 01:21:38.312, 2, 167000, 100, 12, 394.08
2026/09/15 01:21:38.314, 3, 166680, 100, 12, 402.56
2026/09/15 01:21:39.317, 0, 167699, 100, 12, 381.61
2026/09/15 01:21:39.321, 1, 167000, 100, 12, 382.41
2026/09/15 01:21:39.324, 2, 167000, 100, 12, 367.41
2026/09/15 01:21:39.326, 3, 166680, 100, 12, 380.52
2026/09/15 01:21:40.329, 0, 167699, 100, 13, 381.90
2026/09/15 01:21:40.333, 1, 167000, 100, 13, 380.84
2026/09/15 01:21:40.336, 2, 167000, 100, 13, 370.14
2026/09/15 01:21:40.338, 3, 166680, 100, 13, 380.72
2026/09/15 01:21:41.341, 0, 167699, 100, 13, 383.66
2026/09/15 01:21:41.345, 1, 167000, 100, 12, 386.46
2026/09/15 01:21:41.347, 2, 167000, 100, 13, 370.61
2026/09/15 01:21:41.350, 3, 166680, 100, 13, 380.68
2026/09/15 01:21:42.353, 0, 167699, 100, 13, 385.07
2026/09/15 01:21:42.357, 1, 167000, 100, 13, 382.64
2026/09/15 01:21:42.360, 2, 167000, 100, 13, 370.89
2026/09/15 01:21:42.363, 3, 166680, 100, 13, 382.47
2026/09/15 01:21:43.366, 0, 167699, 100, 13, 385.86
2026/09/15 01:21:43.369, 1, 167000, 100, 13, 386.71
2026/09/15 01:21:43.372, 2, 167000, 100, 13, 374.06
2026/09/15 01:21:43.375, 3, 166680, 100, 13, 383.19
2026/09/15 01:21:44.378, 0, 167699, 100, 14, 386.55
2026/09/15 01:21:44.381, 1, 167000, 100, 14, 387.02
2026/09/15 01:21:44.384, 2, 167000, 100, 14, 374.05
2026/09/15 01:21:44.387, 3, 166680, 100, 14, 384.35
2026/09/15 01:21:45.390, 0, 167699, 100, 12, 360.50
2026/09/15 01:21:45.393, 1, 167000, 100, 12, 391.33
2026/09/15 01:21:45.396, 2, 167000, 100, 12, 398.63
2026/09/15 01:21:45.399, 3, 166680, 100, 12, 399.36
2026/09/15 01:21:46.402, 0, 167699, 100, 12, 381.92
2026/09/15 01:21:46.405, 1, 167000, 100, 12, 381.64
2026/09/15 01:21:46.408, 2, 167000, 100, 12, 361.38
2026/09/15 01:21:46.411, 3, 166680, 100, 12, 377.60
2026/09/15 01:21:47.414, 0, 167699, 100, 12, 381.78
2026/09/15 01:21:47.417, 1, 167000, 100, 13, 381.93
2026/09/15 01:21:47.420, 2, 167000, 100, 12, 362.19
2026/09/15 01:21:47.423, 3, 166680, 100, 12, 377.62
2026/09/15 01:21:48.426, 0, 167699, 100, 13, 383.10
2026/09/15 01:21:48.429, 1, 167000, 100, 13, 384.65
2026/09/15 01:21:48.432, 2, 167000, 100, 13, 364.61
2026/09/15 01:21:48.435, 3, 166680, 100, 13, 379.92
2026/09/15 01:21:49.438, 0, 167699, 100, 13, 386.01
2026/09/15 01:21:49.441, 1, 167000, 100, 13, 383.23
2026/09/15 01:21:49.444, 2, 167000, 100, 13, 364.78
2026/09/15 01:21:49.447, 3, 166680, 100, 13, 382.00
2026/09/15 01:21:50.450, 0, 167699, 100, 13, 385.85
2026/09/15 01:21:50.453, 1, 167000, 100, 13, 385.74
2026/09/15 01:21:50.456, 2, 167000, 100, 13, 366.92
2026/09/15 01:21:50.459, 3, 166680, 100, 13, 382.99
2026/09/15 01:21:51.462, 0, 167699, 100, 14, 387.28
2026/09/15 01:21:51.466, 1, 167000, 100, 13, 387.38
2026/09/15 01:21:51.468, 2, 167000, 100, 13, 367.27
2026/09/15 01:21:51.471, 3, 166680, 100, 13, 383.87
2026/09/15 01:21:52.474, 0, 167699, 18, 4, 360.60
2026/09/15 01:21:52.478, 1, 167000, 54, 3, 395.23
2026/09/15 01:21:52.481, 2, 167000, 77, 11, 384.23
2026/09/15 01:21:52.484, 3, 166680, 75, 11, 397.51
2026/09/15 01:21:53.487, 0, 167699, 100, 12, 381.77
2026/09/15 01:21:53.490, 1, 167000, 100, 12, 388.20
2026/09/15 01:21:53.493, 2, 167000, 100, 12, 367.61
2026/09/15 01:21:53.496, 3, 166680, 100, 12, 385.60
2026/09/15 01:21:54.499, 0, 167699, 100, 12, 381.48
2026/09/15 01:21:54.502, 1, 167000, 100, 12, 380.71
2026/09/15 01:21:54.505, 2, 167000, 100, 12, 366.39
2026/09/15 01:21:54.508, 3, 166680, 100, 12, 377.29
2026/09/15 01:21:55.511, 0, 167699, 100, 13, 381.38
2026/09/15 01:21:55.515, 1, 167000, 100, 13, 384.03
2026/09/15 01:21:55.517, 2, 167000, 100, 13, 369.73
2026/09/15 01:21:55.520, 3, 166680, 100, 13, 379.16
2026/09/15 01:21:56.523, 0, 167699, 100, 13, 385.12
2026/09/15 01:21:56.527, 1, 167000, 100, 13, 383.91
2026/09/15 01:21:56.529, 2, 167000, 100, 13, 368.26
2026/09/15 01:21:56.532, 3, 166680, 100, 13, 381.30
2026/09/15 01:21:57.535, 0, 167699, 100, 13, 384.64
2026/09/15 01:21:57.539, 1, 167000, 100, 13, 385.16
2026/09/15 01:21:57.542, 2, 167000, 100, 13, 371.31
2026/09/15 01:21:57.545, 3, 166680, 100, 13, 383.52
2026/09/15 01:21:58.548, 0, 167699, 100, 13, 385.82
2026/09/15 01:21:58.551, 1, 167000, 100, 13, 385.65
2026/09/15 01:21:58.554, 2, 167000, 100, 13, 373.43
2026/09/15 01:21:58.557, 3, 166680, 100, 13, 383.67
2026/09/15 01:21:59.560, 0, 167699, 100, 14, 387.42
2026/09/15 01:21:59.563, 1, 167000, 100, 14, 387.88
2026/09/15 01:21:59.566, 2, 167000, 100, 14, 375.04
2026/09/15 01:21:59.569, 3, 166680, 100, 14, 385.20
2026/09/15 01:22:00.572, 0, 167699, 100, 12, 357.04
2026/09/15 01:22:00.575, 1, 167000, 100, 12, 380.18
2026/09/15 01:22:00.578, 2, 167000, 100, 12, 388.32
2026/09/15 01:22:00.581, 3, 166680, 100, 12, 389.03
2026/09/15 01:22:01.584, 0, 167699, 100, 12, 380.44
2026/09/15 01:22:01.587, 1, 167000, 100, 12, 382.81
2026/09/15 01:22:01.590, 2, 167000, 100, 12, 362.34
2026/09/15 01:22:01.593, 3, 166680, 100, 12, 379.44
2026/09/15 01:22:02.596, 0, 167699, 100, 13, 382.46
2026/09/15 01:22:02.599, 1, 167000, 100, 13, 383.20
2026/09/15 01:22:02.602, 2, 167000, 100, 13, 362.92
2026/09/15 01:22:02.605, 3, 166680, 100, 13, 378.11
2026/09/15 01:22:03.608, 0, 167699, 100, 13, 385.44
2026/09/15 01:22:03.611, 1, 167000, 100, 13, 383.74
2026/09/15 01:22:03.614, 2, 167000, 100, 13, 363.12
2026/09/15 01:22:03.617, 3, 166680, 100, 13, 380.98
2026/09/15 01:22:04.620, 0, 167699, 100, 13, 383.71
2026/09/15 01:22:04.624, 1, 167000, 100, 13, 385.10
2026/09/15 01:22:04.627, 2, 167000, 100, 13, 365.02
2026/09/15 01:22:04.630, 3, 166680, 100, 13, 381.80
2026/09/15 01:22:05.633, 0, 167699, 100, 13, 388.61
2026/09/15 01:22:05.636, 1, 167000, 100, 13, 386.98
2026/09/15 01:22:05.639, 2, 167000, 100, 13, 367.80
2026/09/15 01:22:05.642, 3, 166680, 100, 13, 383.87
2026/09/15 01:22:06.645, 0, 167699, 100, 13, 387.54
2026/09/15 01:22:06.648, 1, 167000, 100, 13, 386.88
2026/09/15 01:22:06.651, 2, 167000, 100, 14, 366.80
2026/09/15 01:22:06.654, 3, 166680, 100, 14, 383.70
2026/09/15 01:22:07.657, 0, 167699, 100, 12, 361.26
2026/09/15 01:22:07.660, 1, 167000, 100, 12, 363.19
2026/09/15 01:22:07.663, 2, 167000, 100, 12, 392.73
2026/09/15 01:22:07.666, 3, 166680, 100, 12, 403.59
2026/09/15 01:22:08.669, 0, 167699, 100, 12, 380.02
2026/09/15 01:22:08.672, 1, 167000, 100, 12, 381.88
2026/09/15 01:22:08.675, 2, 167000, 100, 12, 363.65
2026/09/15 01:22:08.678, 3, 166680, 100, 12, 377.17
2026/09/15 01:22:09.681, 0, 167699, 100, 12, 381.55
2026/09/15 01:22:09.685, 1, 167000, 100, 12, 382.55
2026/09/15 01:22:09.688, 2, 167000, 100, 12, 369.07
2026/09/15 01:22:09.691, 3, 166680, 100, 12, 381.73
2026/09/15 01:22:10.694, 0, 167699, 100, 13, 385.00
2026/09/15 01:22:10.697, 1, 167000, 100, 13, 382.41
2026/09/15 01:22:10.700, 2, 167000, 100, 13, 369.29
2026/09/15 01:22:10.703, 3, 166680, 100, 13, 380.38
2026/09/15 01:22:11.706, 0, 167699, 100, 13, 385.67
2026/09/15 01:22:11.709, 1, 167000, 100, 13, 385.92
2026/09/15 01:22:11.712, 2, 167000, 100, 13, 371.79
2026/09/15 01:22:11.715, 3, 166680, 100, 13, 381.64
2026/09/15 01:22:12.718, 0, 167699, 100, 13, 385.45
2026/09/15 01:22:12.721, 1, 167000, 100, 13, 385.30
2026/09/15 01:22:12.724, 2, 167000, 100, 13, 372.75
2026/09/15 01:22:12.727, 3, 166680, 100, 13, 382.70
2026/09/15 01:22:13.730, 0, 167699, 100, 13, 386.96
2026/09/15 01:22:13.734, 1, 167000, 100, 13, 386.73
2026/09/15 01:22:13.737, 2, 167000, 100, 13, 373.19
2026/09/15 01:22:13.740, 3, 166680, 100, 13, 384.17
2026/09/15 01:22:14.743, 0, 167699, 84, 11, 364.30
2026/09/15 01:22:14.746, 1, 167000, 85, 12, 367.31
2026/09/15 01:22:14.749, 2, 167000, 65, 0, 373.86
2026/09/15 01:22:14.752, 3, 166680, 56, 0, 381.21
2026/09/15 01:22:15.755, 0, 167699, 100, 12, 380.73
2026/09/15 01:22:15.758, 1, 167000, 100, 12, 395.93
2026/09/15 01:22:15.761, 2, 167000, 100, 12, 394.93
2026/09/15 01:22:15.764, 3, 166680, 100, 12, 405.01
2026/09/15 01:22:16.767, 0, 167699, 100, 12, 381.63
2026/09/15 01:22:16.770, 1, 167000, 100, 12, 381.80
2026/09/15 01:22:16.773, 2, 167000, 100, 12, 368.79
2026/09/15 01:22:16.776, 3, 166680, 100, 12, 378.33
2026/09/15 01:22:17.779, 0, 167699, 100, 13, 381.83
2026/09/15 01:22:17.782, 1, 167000, 100, 13, 382.13
2026/09/15 01:22:17.785, 2, 167000, 100, 13, 369.12
2026/09/15 01:22:17.788, 3, 166680, 100, 13, 378.84
2026/09/15 01:22:18.791, 0, 167699, 100, 13, 383.62
2026/09/15 01:22:18.794, 1, 167000, 100, 13, 383.61
2026/09/15 01:22:18.797, 2, 167000, 100, 13, 369.10
2026/09/15 01:22:18.800, 3, 166680, 100, 13, 381.30
2026/09/15 01:22:19.803, 0, 167699, 100, 13, 385.60
2026/09/15 01:22:19.806, 1, 167000, 100, 13, 385.99
2026/09/15 01:22:19.809, 2, 167000, 100, 13, 371.87
2026/09/15 01:22:19.812, 3, 166680, 100, 13, 382.35
2026/09/15 01:22:20.815, 0, 167699, 100, 13, 385.99
2026/09/15 01:22:20.819, 1, 167000, 100, 13, 385.73
2026/09/15 01:22:20.822, 2, 167000, 100, 13, 373.76
2026/09/15 01:22:20.825, 3, 166680, 100, 13, 383.43
2026/09/15 01:22:21.827, 0, 167699, 100, 14, 386.79
2026/09/15 01:22:21.831, 1, 167000, 100, 14, 387.02
2026/09/15 01:22:21.834, 2, 167000, 100, 14, 374.55
2026/09/15 01:22:21.837, 3, 166680, 100, 14, 384.85
2026/09/15 01:22:22.840, 0, 167699, 100, 12, 363.00
2026/09/15 01:22:22.843, 1, 167000, 100, 12, 367.11
2026/09/15 01:22:22.846, 2, 167000, 100, 12, 392.23
2026/09/15 01:22:22.849, 3, 166680, 100, 12, 402.87
2026/09/15 01:22:23.852, 0, 167699, 100, 12, 380.66
2026/09/15 01:22:23.855, 1, 167000, 100, 12, 382.23
2026/09/15 01:22:23.858, 2, 167000, 100, 12, 362.03
2026/09/15 01:22:23.861, 3, 166680, 100, 12, 379.17
2026/09/15 01:22:24.864, 0, 167699, 100, 13, 381.94
2026/09/15 01:22:24.867, 1, 167000, 100, 12, 382.54
2026/09/15 01:22:24.870, 2, 167000, 100, 13, 364.28
2026/09/15 01:22:24.873, 3, 166680, 100, 13, 384.54
2026/09/15 01:22:25.876, 0, 167699, 100, 13, 381.87
2026/09/15 01:22:25.879, 1, 167000, 100, 13, 384.49
2026/09/15 01:22:25.882, 2, 167000, 100, 13, 370.49
2026/09/15 01:22:25.885, 3, 166680, 100, 13, 380.12
2026/09/15 01:22:26.888, 0, 167699, 100, 13, 383.87
2026/09/15 01:22:26.891, 1, 167000, 100, 13, 383.77
2026/09/15 01:22:26.894, 2, 167000, 100, 13, 371.20
2026/09/15 01:22:26.897, 3, 166680, 100, 13, 381.95
2026/09/15 01:22:27.900, 0, 167699, 100, 13, 385.78
2026/09/15 01:22:27.903, 1, 167000, 100, 13, 386.50
2026/09/15 01:22:27.906, 2, 167000, 100, 13, 372.50
2026/09/15 01:22:27.909, 3, 166680, 100, 13, 383.15
2026/09/15 01:22:28.912, 0, 167699, 100, 13, 385.49
2026/09/15 01:22:28.916, 1, 167000, 100, 13, 386.63
2026/09/15 01:22:28.919, 2, 167000, 100, 13, 373.00
2026/09/15 01:22:28.921, 3, 166680, 100, 13, 383.89
2026/09/15 01:22:29.924, 0, 167699, 32, 10, 358.33
2026/09/15 01:22:29.928, 1, 167000, 49, 10, 391.79
2026/09/15 01:22:29.931, 2, 167000, 75, 11, 398.21
2026/09/15 01:22:29.934, 3, 166680, 70, 11, 400.53
2026/09/15 01:22:30.937, 0, 167699, 100, 12, 380.20
2026/09/15 01:22:30.940, 1, 167000, 100, 12, 380.20
2026/09/15 01:22:30.943, 2, 167000, 100, 12, 365.58
2026/09/15 01:22:30.946, 3, 166680, 100, 12, 375.71
2026/09/15 01:22:31.949, 0, 167699, 100, 12, 381.94
2026/09/15 01:22:31.952, 1, 167000, 100, 12, 381.25
2026/09/15 01:22:31.955, 2, 167000, 100, 12, 369.24
2026/09/15 01:22:31.958, 3, 166680, 100, 12, 382.39
2026/09/15 01:22:32.961, 0, 167699, 100, 13, 384.95
2026/09/15 01:22:32.964, 1, 167000, 100, 13, 385.38
2026/09/15 01:22:32.967, 2, 167000, 100, 13, 369.98
2026/09/15 01:22:32.970, 3, 166680, 100, 13, 381.53
2026/09/15 01:22:33.973, 0, 167699, 100, 13, 383.96
2026/09/15 01:22:33.976, 1, 167000, 100, 13, 382.90
2026/09/15 01:22:33.979, 2, 167000, 100, 13, 371.38
2026/09/15 01:22:33.982, 3, 166680, 100, 13, 382.10
2026/09/15 01:22:34.985, 0, 167699, 100, 13, 384.86
2026/09/15 01:22:34.988, 1, 167000, 100, 13, 385.26
2026/09/15 01:22:34.991, 2, 167000, 100, 13, 372.93
2026/09/15 01:22:34.994, 3, 166680, 100, 13, 382.53
2026/09/15 01:22:35.997, 0, 167699, 100, 13, 385.66
2026/09/15 01:22:36.000, 1, 167000, 100, 13, 386.05
2026/09/15 01:22:36.003, 2, 167000, 100, 13, 373.78
2026/09/15 01:22:36.006, 3, 166680, 100, 13, 383.22
2026/09/15 01:22:37.009, 0, 167699, 85, 12, 374.14
2026/09/15 01:22:37.012, 1, 167000, 87, 12, 378.36
2026/09/15 01:22:37.015, 2, 167000, 100, 14, 369.04
2026/09/15 01:22:37.018, 3, 166680, 100, 14, 380.48
2026/09/15 01:22:38.021, 0, 167699, 0, 0, 229.86
2026/09/15 01:22:38.025, 1, 167000, 0, 0, 227.35
2026/09/15 01:22:38.028, 2, 167000, 0, 0, 217.80
2026/09/15 01:22:38.031, 3, 166680, 0, 0, 233.47
2026/09/15 01:22:39.034, 0, 167699, 0, 0, 228.40
2026/09/15 01:22:39.037, 1, 167000, 0, 0, 227.10
2026/09/15 01:22:39.040, 2, 167000, 0, 0, 216.21
2026/09/15 01:22:39.043, 3, 166680, 0, 0, 232.65
2026/09/15 01:22:40.046, 0, 167699, 0, 0, 228.41
2026/09/15 01:22:40.049, 1, 167000, 0, 0, 227.11
2026/09/15 01:22:40.052, 2, 167000, 0, 0, 215.55
2026/09/15 01:22:40.055, 3, 166680, 0, 0, 232.65
2026/09/15 01:22:41.058, 0, 167699, 0, 0, 228.41
2026/09/15 01:22:41.061, 1, 167000, 0, 0, 227.27
2026/09/15 01:22:41.064, 2, 167000, 0, 0, 215.54
2026/09/15 01:22:41.067, 3, 166680, 0, 0, 232.66
2026/09/15 01:22:42.070, 0, 167699, 0, 0, 228.41
2026/09/15 01:22:42.073, 1, 167000, 0, 0, 227.27
2026/09/15 01:22:42.076, 2, 167000, 0, 0, 215.70
2026/09/15 01:22:42.079, 3, 166680, 0, 0, 232.65
2026/09/15 01:22:43.082, 0, 167699, 0, 0, 228.41
2026/09/15 01:22:43.085, 1, 167000, 0, 0, 227.19
2026/09/15 01:22:43.088, 2, 167000, 0, 0, 215.47
2026/09/15 01:22:43.091, 3, 166680, 0, 0, 232.69
2026/09/15 01:22:44.094, 0, 167699, 0, 0, 228.41
2026/09/15 01:22:44.098, 1, 167000, 0, 0, 227.27
2026/09/15 01:22:44.101, 2, 167000, 0, 0, 215.54
2026/09/15 01:22:44.104, 3, 166680, 0, 0, 232.66
2026/09/15 01:22:45.106, 0, 167699, 0, 0, 228.41
2026/09/15 01:22:45.110, 1, 167000, 0, 0, 227.27
2026/09/15 01:22:45.113, 2, 167000, 0, 0, 215.54
2026/09/15 01:22:45.116, 3, 166680, 0, 0, 232.67
2026/09/15 01:22:46.119, 0, 167699, 0, 0, 228.41
2026/09/15 01:22:46.122, 1, 167000, 0, 0, 227.27
2026/09/15 01:22:46.125, 2, 167000, 0, 0, 215.54
2026/09/15 01:22:46.128, 3, 166680, 0, 0, 232.68
2026/09/15 01:22:47.131, 0, 167699, 0, 0, 228.41
2026/09/15 01:22:47.134, 1, 167000, 0, 0, 227.27
2026/09/15 01:22:47.137, 2, 167000, 0, 0, 215.56
2026/09/15 01:22:47.140, 3, 166680, 0, 0, 232.67
2026/09/15 01:22:48.143, 0, 167699, 0, 0, 228.41
2026/09/15 01:22:48.146, 1, 167000, 0, 0, 227.27
2026/09/15 01:22:48.149, 2, 167000, 0, 0, 215.55
2026/09/15 01:22:48.152, 3, 166680, 0, 0, 232.68
2026/09/15 01:22:49.155, 0, 167699, 0, 0, 228.41
2026/09/15 01:22:49.159, 1, 167000, 0, 0, 227.27
2026/09/15 01:22:49.162, 2, 167000, 0, 0, 215.56
2026/09/15 01:22:49.165, 3, 166680, 0, 0, 232.68
2026/09/15 01:22:50.168, 0, 167699, 0, 0, 228.55
2026/09/15 01:22:50.172, 1, 167000, 0, 0, 228.04
2026/09/15 01:22:50.175, 2, 167000, 0, 0, 225.77
2026/09/15 01:22:50.178, 3, 166680, 0, 0, 243.52
2026/09/15 01:22:51.181, 0, 166839, 0, 0, 289.46
2026/09/15 01:22:51.184, 1, 166140, 0, 0, 322.98
2026/09/15 01:22:51.187, 2, 166140, 0, 0, 326.37
2026/09/15 01:22:51.190, 3, 165820, 0, 0, 340.81
2026/09/15 01:22:52.193, 0, 167347, 28, 9, 268.10
2026/09/15 01:22:52.196, 1, 166648, 97, 12, 311.61
2026/09/15 01:22:52.199, 2, 166648, 65, 11, 305.92
2026/09/15 01:22:52.201, 3, 166328, 76, 11, 330.09
2026/09/15 01:22:53.204, 0, 167347, 100, 12, 380.56
2026/09/15 01:22:53.207, 1, 166648, 100, 12, 380.17
2026/09/15 01:22:53.210, 2, 166648, 100, 12, 366.91
2026/09/15 01:22:53.213, 3, 166328, 100, 12, 378.04
2026/09/15 01:22:54.216, 0, 167347, 100, 12, 380.78
2026/09/15 01:22:54.219, 1, 166648, 100, 12, 381.40
2026/09/15 01:22:54.222, 2, 166648, 100, 12, 368.49
2026/09/15 01:22:54.225, 3, 166328, 100, 12, 382.84
2026/09/15 01:22:55.228, 0, 167347, 100, 13, 382.11
2026/09/15 01:22:55.231, 1, 166648, 100, 13, 380.66
2026/09/15 01:22:55.234, 2, 166648, 100, 13, 369.80
2026/09/15 01:22:55.237, 3, 166328, 100, 13, 380.56
2026/09/15 01:22:56.240, 0, 167347, 100, 13, 385.45
2026/09/15 01:22:56.243, 1, 166648, 100, 13, 383.21
2026/09/15 01:22:56.246, 2, 166648, 100, 13, 369.62
2026/09/15 01:22:56.249, 3, 166328, 100, 13, 382.13
2026/09/15 01:22:57.252, 0, 167347, 100, 13, 384.55
2026/09/15 01:22:57.255, 1, 166648, 100, 13, 384.75
2026/09/15 01:22:57.258, 2, 166648, 100, 13, 372.86
2026/09/15 01:22:57.261, 3, 166328, 100, 13, 382.38
2026/09/15 01:22:58.263, 0, 167347, 100, 13, 386.16
2026/09/15 01:22:58.266, 1, 166648, 100, 13, 385.54
2026/09/15 01:22:58.269, 2, 166648, 100, 13, 373.50
2026/09/15 01:22:58.272, 3, 166328, 100, 13, 383.22
2026/09/15 01:22:59.275, 0, 167347, 99, 14, 377.48
2026/09/15 01:22:59.278, 1, 166648, 100, 14, 373.84
2026/09/15 01:22:59.281, 2, 166648, 59, 2, 365.47
2026/09/15 01:22:59.284, 3, 166328, 69, 1, 379.30
2026/09/15 01:23:00.287, 0, 167699, 100, 12, 369.72
2026/09/15 01:23:00.290, 1, 167000, 100, 12, 378.31
2026/09/15 01:23:00.293, 2, 167000, 100, 12, 391.51
2026/09/15 01:23:00.296, 3, 166680, 100, 12, 410.91
2026/09/15 01:23:01.299, 0, 167699, 100, 12, 382.54
2026/09/15 01:23:01.302, 1, 167000, 100, 12, 381.27
2026/09/15 01:23:01.305, 2, 167000, 100, 12, 361.21
2026/09/15 01:23:01.307, 3, 166680, 100, 12, 377.97
2026/09/15 01:23:02.310, 0, 167699, 100, 13, 383.02
2026/09/15 01:23:02.313, 1, 167000, 100, 13, 381.17
2026/09/15 01:23:02.316, 2, 167000, 100, 13, 362.74
2026/09/15 01:23:02.319, 3, 166680, 100, 13, 379.93
2026/09/15 01:23:03.322, 0, 167699, 100, 13, 383.75
2026/09/15 01:23:03.325, 1, 167000, 100, 13, 383.17
2026/09/15 01:23:03.328, 2, 167000, 100, 13, 364.12
2026/09/15 01:23:03.331, 3, 166680, 100, 13, 381.03
2026/09/15 01:23:04.334, 0, 167699, 100, 13, 384.49
2026/09/15 01:23:04.337, 1, 167000, 100, 13, 383.20
2026/09/15 01:23:04.340, 2, 167000, 100, 13, 366.58
2026/09/15 01:23:04.343, 3, 166680, 100, 13, 381.89
2026/09/15 01:23:05.346, 0, 167699, 100, 13, 385.04
2026/09/15 01:23:05.349, 1, 167000, 100, 13, 386.03
2026/09/15 01:23:05.352, 2, 167000, 100, 13, 365.58
2026/09/15 01:23:05.355, 3, 166680, 100, 13, 382.59
2026/09/15 01:23:06.358, 0, 167699, 100, 13, 386.73
2026/09/15 01:23:06.361, 1, 167000, 100, 13, 387.41
2026/09/15 01:23:06.364, 2, 167000, 100, 14, 366.53
2026/09/15 01:23:06.366, 3, 166680, 100, 14, 383.78
2026/09/15 01:23:07.369, 0, 167699, 100, 12, 358.07
2026/09/15 01:23:07.372, 1, 167000, 100, 12, 392.42
2026/09/15 01:23:07.375, 2, 167000, 100, 12, 389.88
2026/09/15 01:23:07.378, 3, 166680, 100, 12, 410.50
2026/09/15 01:23:08.381, 0, 167699, 100, 12, 380.81
2026/09/15 01:23:08.384, 1, 167000, 100, 12, 379.79
2026/09/15 01:23:08.387, 2, 167000, 100, 12, 360.87
2026/09/15 01:23:08.390, 3, 166680, 100, 12, 374.91
2026/09/15 01:23:09.393, 0, 167699, 100, 12, 381.48
2026/09/15 01:23:09.396, 1, 167000, 100, 12, 382.90
2026/09/15 01:23:09.399, 2, 167000, 100, 12, 362.57
2026/09/15 01:23:09.402, 3, 166680, 100, 12, 379.69
2026/09/15 01:23:10.405, 0, 167699, 100, 13, 383.79
2026/09/15 01:23:10.408, 1, 167000, 100, 13, 381.49
2026/09/15 01:23:10.411, 2, 167000, 100, 13, 362.53
2026/09/15 01:23:10.414, 3, 166680, 100, 13, 380.07
2026/09/15 01:23:11.417, 0, 167699, 100, 13, 383.61
2026/09/15 01:23:11.420, 1, 167000, 100, 13, 382.63
2026/09/15 01:23:11.423, 2, 167000, 100, 13, 364.76
2026/09/15 01:23:11.425, 3, 166680, 100, 13, 382.03
2026/09/15 01:23:12.428, 0, 167699, 100, 13, 387.30
2026/09/15 01:23:12.431, 1, 167000, 100, 13, 386.02
2026/09/15 01:23:12.434, 2, 167000, 100, 13, 367.30
2026/09/15 01:23:12.437, 3, 166680, 100, 13, 382.67
2026/09/15 01:23:13.440, 0, 167699, 100, 13, 386.57
2026/09/15 01:23:13.443, 1, 167000, 100, 13, 386.49
2026/09/15 01:23:13.446, 2, 167000, 100, 13, 366.90
2026/09/15 01:23:13.449, 3, 166680, 100, 13, 383.35
2026/09/15 01:23:14.452, 0, 167699, 34, 9, 365.71
2026/09/15 01:23:14.455, 1, 167000, 34, 8, 372.35
2026/09/15 01:23:14.458, 2, 167000, 70, 0, 388.04
2026/09/15 01:23:14.461, 3, 166680, 79, 11, 411.64
2026/09/15 01:23:15.464, 0, 167699, 100, 12, 381.70
2026/09/15 01:23:15.467, 1, 167000, 100, 12, 379.55
2026/09/15 01:23:15.470, 2, 167000, 100, 12, 361.60
2026/09/15 01:23:15.473, 3, 166680, 100, 12, 376.31
2026/09/15 01:23:16.476, 0, 167699, 100, 12, 381.52
2026/09/15 01:23:16.479, 1, 167000, 100, 12, 382.21
2026/09/15 01:23:16.482, 2, 167000, 100, 12, 361.87
2026/09/15 01:23:16.485, 3, 166680, 100, 12, 376.47
2026/09/15 01:23:17.488, 0, 167699, 100, 13, 382.27
2026/09/15 01:23:17.491, 1, 167000, 100, 13, 380.89
2026/09/15 01:23:17.494, 2, 167000, 100, 13, 362.99
2026/09/15 01:23:17.497, 3, 166680, 100, 13, 379.26
2026/09/15 01:23:18.500, 0, 167699, 100, 13, 383.59
2026/09/15 01:23:18.503, 1, 167000, 100, 13, 383.06
2026/09/15 01:23:18.505, 2, 167000, 100, 13, 365.07
2026/09/15 01:23:18.508, 3, 166680, 100, 13, 380.75
2026/09/15 01:23:19.511, 0, 167699, 100, 13, 384.48
2026/09/15 01:23:19.514, 1, 167000, 100, 13, 385.29
2026/09/15 01:23:19.517, 2, 167000, 100, 13, 365.34
2026/09/15 01:23:19.520, 3, 166680, 100, 13, 382.04
2026/09/15 01:23:20.523, 0, 167699, 100, 13, 386.36
2026/09/15 01:23:20.526, 1, 167000, 100, 13, 385.72
2026/09/15 01:23:20.529, 2, 167000, 100, 13, 367.01
2026/09/15 01:23:20.532, 3, 166680, 100, 13, 383.13
2026/09/15 01:23:21.535, 0, 167699, 100, 14, 388.42
2026/09/15 01:23:21.538, 1, 167000, 100, 14, 388.12
2026/09/15 01:23:21.541, 2, 167000, 100, 14, 367.93
2026/09/15 01:23:21.544, 3, 166680, 100, 14, 384.79
2026/09/15 01:23:22.547, 0, 167699, 100, 12, 354.67
2026/09/15 01:23:22.550, 1, 167000, 100, 12, 390.45
2026/09/15 01:23:22.553, 2, 167000, 100, 12, 382.95
2026/09/15 01:23:22.556, 3, 166680, 100, 12, 405.90
2026/09/15 01:23:23.558, 0, 167699, 100, 12, 381.61
2026/09/15 01:23:23.562, 1, 167000, 100, 12, 381.24
2026/09/15 01:23:23.565, 2, 167000, 100, 12, 362.05
2026/09/15 01:23:23.568, 3, 166680, 100, 12, 377.93
2026/09/15 01:23:24.570, 0, 167699, 100, 13, 381.37
2026/09/15 01:23:24.574, 1, 167000, 100, 13, 382.70
2026/09/15 01:23:24.577, 2, 167000, 100, 12, 362.90
2026/09/15 01:23:24.580, 3, 166680, 100, 13, 377.60
2026/09/15 01:23:25.583, 0, 167699, 100, 13, 384.27
2026/09/15 01:23:25.586, 1, 167000, 100, 13, 384.18
2026/09/15 01:23:25.589, 2, 167000, 100, 13, 362.22
2026/09/15 01:23:25.592, 3, 166680, 100, 13, 380.47
2026/09/15 01:23:26.595, 0, 167699, 100, 13, 385.70
2026/09/15 01:23:26.598, 1, 167000, 100, 13, 384.98
2026/09/15 01:23:26.601, 2, 167000, 100, 13, 364.23
2026/09/15 01:23:26.604, 3, 166680, 100, 13, 382.13
2026/09/15 01:23:27.607, 0, 167699, 100, 13, 385.64
2026/09/15 01:23:27.610, 1, 167000, 100, 13, 385.98
2026/09/15 01:23:27.613, 2, 167000, 100, 13, 365.69
2026/09/15 01:23:27.616, 3, 166680, 100, 13, 383.33
2026/09/15 01:23:28.618, 0, 167699, 100, 14, 386.56
2026/09/15 01:23:28.622, 1, 167000, 100, 14, 386.46
2026/09/15 01:23:28.624, 2, 167000, 100, 13, 367.29
2026/09/15 01:23:28.627, 3, 166680, 100, 13, 384.42
2026/09/15 01:23:29.630, 0, 167699, 100, 12, 359.72
2026/09/15 01:23:29.634, 1, 167000, 100, 12, 392.77
2026/09/15 01:23:29.637, 2, 167000, 86, 11, 383.97
2026/09/15 01:23:29.639, 3, 166680, 88, 11, 409.11
2026/09/15 01:23:30.642, 0, 167699, 100, 12, 382.37
2026/09/15 01:23:30.646, 1, 167000, 100, 12, 382.39
2026/09/15 01:23:30.649, 2, 167000, 100, 12, 365.78
2026/09/15 01:23:30.652, 3, 166680, 100, 12, 377.33
2026/09/15 01:23:31.655, 0, 167699, 100, 12, 381.66
2026/09/15 01:23:31.658, 1, 167000, 100, 12, 382.02
2026/09/15 01:23:31.661, 2, 167000, 100, 12, 368.59
2026/09/15 01:23:31.664, 3, 166680, 100, 12, 376.70
2026/09/15 01:23:32.667, 0, 167699, 100, 13, 382.59
2026/09/15 01:23:32.670, 1, 167000, 100, 13, 381.69
2026/09/15 01:23:32.673, 2, 167000, 100, 13, 370.10
2026/09/15 01:23:32.676, 3, 166680, 100, 13, 382.09
2026/09/15 01:23:33.679, 0, 167699, 100, 13, 385.30
2026/09/15 01:23:33.682, 1, 167000, 100, 13, 386.46
2026/09/15 01:23:33.685, 2, 167000, 100, 13, 370.89
2026/09/15 01:23:33.688, 3, 166680, 100, 13, 380.81
2026/09/15 01:23:34.691, 0, 167699, 100, 13, 386.47
2026/09/15 01:23:34.694, 1, 167000, 100, 13, 386.24
2026/09/15 01:23:34.697, 2, 167000, 100, 13, 372.49
2026/09/15 01:23:34.700, 3, 166680, 100, 13, 383.15
2026/09/15 01:23:35.703, 0, 167699, 100, 13, 386.51
2026/09/15 01:23:35.707, 1, 167000, 100, 13, 386.32
2026/09/15 01:23:35.710, 2, 167000, 100, 13, 374.02
2026/09/15 01:23:35.713, 3, 166680, 100, 13, 384.42
2026/09/15 01:23:36.716, 0, 167699, 10, 0, 364.80
2026/09/15 01:23:36.719, 1, 167000, 42, 5, 368.46
2026/09/15 01:23:36.722, 2, 167000, 69, 0, 363.05
2026/09/15 01:23:36.725, 3, 166680, 79, 0, 378.64
2026/09/15 01:23:37.728, 0, 167699, 100, 12, 380.16
2026/09/15 01:23:37.731, 1, 167000, 100, 12, 394.59
2026/09/15 01:23:37.734, 2, 167000, 100, 12, 395.14
2026/09/15 01:23:37.737, 3, 166680, 100, 12, 408.39
2026/09/15 01:23:38.740, 0, 167699, 100, 12, 382.09
2026/09/15 01:23:38.743, 1, 167000, 100, 12, 382.11
2026/09/15 01:23:38.746, 2, 167000, 100, 12, 368.45
2026/09/15 01:23:38.749, 3, 166680, 100, 12, 378.95
2026/09/15 01:23:39.752, 0, 167699, 100, 13, 383.07
2026/09/15 01:23:39.755, 1, 167000, 100, 13, 383.31
2026/09/15 01:23:39.758, 2, 167000, 100, 13, 369.71
2026/09/15 01:23:39.761, 3, 166680, 100, 13, 379.64
2026/09/15 01:23:40.764, 0, 167699, 100, 13, 385.24
2026/09/15 01:23:40.767, 1, 167000, 100, 13, 382.80
2026/09/15 01:23:40.770, 2, 167000, 100, 13, 371.38
2026/09/15 01:23:40.773, 3, 166680, 100, 13, 381.66
2026/09/15 01:23:41.776, 0, 167699, 100, 13, 384.93
2026/09/15 01:23:41.779, 1, 167000, 100, 13, 384.93
2026/09/15 01:23:41.782, 2, 167000, 100, 13, 371.64
2026/09/15 01:23:41.785, 3, 166680, 100, 13, 382.99
2026/09/15 01:23:42.788, 0, 167699, 100, 13, 385.67
2026/09/15 01:23:42.791, 1, 167000, 100, 13, 385.74
2026/09/15 01:23:42.794, 2, 167000, 100, 13, 374.67
2026/09/15 01:23:42.797, 3, 166680, 100, 13, 383.47
2026/09/15 01:23:43.800, 0, 167699, 100, 14, 387.34
2026/09/15 01:23:43.804, 1, 167000, 100, 14, 387.86
2026/09/15 01:23:43.807, 2, 167000, 100, 14, 374.49
2026/09/15 01:23:43.810, 3, 166680, 100, 14, 385.03
2026/09/15 01:23:44.813, 0, 167699, 100, 12, 362.45
2026/09/15 01:23:44.816, 1, 167000, 100, 12, 367.34
2026/09/15 01:23:44.819, 2, 167000, 100, 12, 381.74
2026/09/15 01:23:44.822, 3, 166680, 100, 12, 404.02
2026/09/15 01:23:45.825, 0, 167699, 100, 12, 382.03
2026/09/15 01:23:45.828, 1, 167000, 100, 12, 381.97
2026/09/15 01:23:45.831, 2, 167000, 100, 12, 362.20
2026/09/15 01:23:45.834, 3, 166680, 100, 12, 379.55
2026/09/15 01:23:46.838, 0, 167699, 100, 12, 381.85
2026/09/15 01:23:46.841, 1, 167000, 100, 12, 381.31
2026/09/15 01:23:46.844, 2, 167000, 100, 13, 362.48
2026/09/15 01:23:46.847, 3, 166680, 100, 13, 382.08
2026/09/15 01:23:47.850, 0, 167699, 100, 13, 383.18
2026/09/15 01:23:47.853, 1, 167000, 100, 13, 385.28
2026/09/15 01:23:47.856, 2, 167000, 100, 13, 364.92
2026/09/15 01:23:47.859, 3, 166680, 100, 13, 381.07
2026/09/15 01:23:48.862, 0, 167699, 100, 13, 384.69
2026/09/15 01:23:48.865, 1, 167000, 100, 13, 384.74
2026/09/15 01:23:48.868, 2, 167000, 100, 13, 366.19
2026/09/15 01:23:48.871, 3, 166680, 100, 13, 381.62
2026/09/15 01:23:49.874, 0, 167699, 100, 13, 385.50
2026/09/15 01:23:49.877, 1, 167000, 100, 13, 385.59
2026/09/15 01:23:49.880, 2, 167000, 100, 13, 364.75
2026/09/15 01:23:49.883, 3, 166680, 100, 13, 382.75
2026/09/15 01:23:50.886, 0, 167699, 100, 13, 386.49
2026/09/15 01:23:50.889, 1, 167000, 100, 13, 386.99
2026/09/15 01:23:50.892, 2, 167000, 100, 13, 367.60
2026/09/15 01:23:50.895, 3, 166680, 100, 13, 383.85
2026/09/15 01:23:51.898, 0, 167699, 74, 11, 358.09
2026/09/15 01:23:51.902, 1, 167000, 67, 11, 383.73
2026/09/15 01:23:51.905, 2, 167000, 88, 11, 387.90
2026/09/15 01:23:51.908, 3, 166680, 88, 11, 409.87
2026/09/15 01:23:52.911, 0, 167699, 100, 12, 381.21
2026/09/15 01:23:52.914, 1, 167000, 100, 12, 380.44
2026/09/15 01:23:52.917, 2, 167000, 100, 12, 361.69
2026/09/15 01:23:52.920, 3, 166680, 100, 12, 378.36
2026/09/15 01:23:53.923, 0, 167699, 100, 13, 383.87
2026/09/15 01:23:53.926, 1, 167000, 100, 12, 382.70
2026/09/15 01:23:53.929, 2, 167000, 100, 12, 362.40
2026/09/15 01:23:53.932, 3, 166680, 100, 12, 380.88
2026/09/15 01:23:54.935, 0, 167699, 100, 13, 383.63
2026/09/15 01:23:54.938, 1, 167000, 100, 13, 382.39
2026/09/15 01:23:54.941, 2, 167000, 100, 13, 362.39
2026/09/15 01:23:54.944, 3, 166680, 100, 13, 382.02
2026/09/15 01:23:55.947, 0, 167699, 100, 13, 384.68
2026/09/15 01:23:55.951, 1, 167000, 100, 13, 383.62
2026/09/15 01:23:55.954, 2, 167000, 100, 13, 366.38
2026/09/15 01:23:55.957, 3, 166680, 100, 13, 381.70
2026/09/15 01:23:56.960, 0, 167699, 100, 13, 384.92
2026/09/15 01:23:56.963, 1, 167000, 100, 13, 385.43
2026/09/15 01:23:56.966, 2, 167000, 100, 13, 365.18
2026/09/15 01:23:56.969, 3, 166680, 100, 13, 382.73
2026/09/15 01:23:57.972, 0, 167699, 100, 14, 387.34
2026/09/15 01:23:57.975, 1, 167000, 100, 13, 386.99
2026/09/15 01:23:57.978, 2, 167000, 100, 13, 366.54
2026/09/15 01:23:57.981, 3, 166680, 100, 13, 383.72
2026/09/15 01:23:58.984, 0, 167699, 100, 14, 379.06
2026/09/15 01:23:58.988, 1, 167000, 100, 14, 379.49
2026/09/15 01:23:58.991, 2, 167000, 100, 14, 358.94
2026/09/15 01:23:58.993, 3, 166680, 100, 14, 378.58
2026/09/15 01:23:59.996, 0, 167699, 100, 12, 399.66
2026/09/15 01:24:00.000, 1, 167000, 100, 12, 358.12
2026/09/15 01:24:00.003, 2, 167000, 100, 12, 392.92
2026/09/15 01:24:00.006, 3, 166680, 100, 12, 409.38
2026/09/15 01:24:01.009, 0, 167699, 100, 12, 381.60
2026/09/15 01:24:01.012, 1, 167000, 100, 12, 380.98
2026/09/15 01:24:01.015, 2, 167000, 100, 12, 362.65
2026/09/15 01:24:01.018, 3, 166680, 100, 12, 373.75
2026/09/15 01:24:02.021, 0, 167699, 100, 13, 382.97
2026/09/15 01:24:02.024, 1, 167000, 100, 13, 384.77
2026/09/15 01:24:02.028, 2, 167000, 100, 13, 363.13
2026/09/15 01:24:02.031, 3, 166680, 100, 13, 374.70
2026/09/15 01:24:03.034, 0, 167699, 100, 13, 383.91
2026/09/15 01:24:03.037, 1, 167000, 100, 13, 382.83
2026/09/15 01:24:03.040, 2, 167000, 100, 13, 364.26
2026/09/15 01:24:03.043, 3, 166680, 100, 13, 375.43
2026/09/15 01:24:04.046, 0, 167699, 100, 13, 384.61
2026/09/15 01:24:04.049, 1, 167000, 100, 13, 387.45
2026/09/15 01:24:04.052, 2, 167000, 100, 13, 364.65
2026/09/15 01:24:04.055, 3, 166680, 100, 13, 377.21
2026/09/15 01:24:05.058, 0, 167699, 100, 13, 385.72
2026/09/15 01:24:05.062, 1, 167000, 100, 13, 386.49
2026/09/15 01:24:05.065, 2, 167000, 100, 13, 366.17
2026/09/15 01:24:05.068, 3, 166680, 100, 13, 378.28
2026/09/15 01:24:06.071, 0, 167699, 100, 14, 387.09
2026/09/15 01:24:06.074, 1, 167000, 100, 14, 387.51
2026/09/15 01:24:06.077, 2, 167000, 100, 13, 368.13
2026/09/15 01:24:06.080, 3, 166680, 100, 13, 379.57
2026/09/15 01:24:07.083, 0, 167699, 0, 0, 276.78
2026/09/15 01:24:07.087, 1, 167000, 0, 0, 279.75
2026/09/15 01:24:07.090, 2, 167000, 0, 0, 257.10
2026/09/15 01:24:07.093, 3, 166680, 0, 0, 269.06
2026/09/15 01:24:08.097, 0, 167699, 0, 0, 228.49
2026/09/15 01:24:08.100, 1, 167000, 0, 0, 227.27
2026/09/15 01:24:08.103, 2, 167000, 0, 0, 216.44
2026/09/15 01:24:08.107, 3, 166680, 0, 0, 232.64
2026/09/15 01:24:09.110, 0, 766, 0, 0, 235.54
2026/09/15 01:24:09.420, 1, 3, 0, 0, 233.34
2026/09/15 01:24:09.427, 2, 3, 0, 0, 218.45
2026/09/15 01:24:09.430, 3, 3, 0, 0, 239.20
